#VRML V2.0 utf8
DEF TXFM_1 Transform {
  center 0 0 0
  rotation 0 0 1 0
  scale 1 1 1
  scaleOrientation 0 0 1 0
  translation 0 0 0
 children [
DEF TXFM_2 Transform {
  center 0 0 0
  rotation 0 0 1 0
  scale 1 1 1
  scaleOrientation 0 0 1 0
  translation 0 0 0
 children [
DEF TXFM_3 Transform {
  center 0 0 0
  rotation 0 0 1 0
  scale 1 1 1
  scaleOrientation 0 0 1 0
  translation 0 0 0
 children [
DEF SHAPE_1 Shape {
 appearance DEF APP_1 Appearance {
  material Material {
   ambientIntensity 0.686634
   diffuseColor 0.148 0.145 0.145
   emissiveColor 0 0 0
   shininess 0.1
   specularColor 0.12 0.12 0.12
   transparency 0
} }
 geometry DEF FACE_1 IndexedFaceSet {
  coord DEF COORD_1 Coordinate { point [
  -0.5 0.5 0.51181102,-0.5 0.5 1.561811,
  -0.5 -9.5 1.561811,-0.5 -9.5 0.51181102] }
 coordIndex [
  3,1,0,-1,3,2,1,-1]
  normalPerVertex TRUE
  normal DEF NORM_1 Normal { vector [
  -1 0 0,-1 0 0,
  -1 0 0,-1 0 0] }
}
}
DEF SHAPE_2 Shape {
 appearance USE APP_1
 geometry DEF FACE_2 IndexedFaceSet {
  coord DEF COORD_2 Coordinate { point [
  0.68110236 0.5 0.51181102,-0.5 0.5 0.51181102,
  0.68110236 0.5 1.561811,-0.5 0.5 1.561811] }
 coordIndex [
  1,2,0,-1,1,3,2,-1]
  normalPerVertex TRUE
  normal DEF NORM_2 Normal { vector [
  0 1 0,0 1 0,
  0 1 0,0 1 0] }
}
}
DEF SHAPE_3 Shape {
 appearance USE APP_1
 geometry DEF FACE_3 IndexedFaceSet {
  coord DEF COORD_3 Coordinate { point [
  -0.5 -9.5 0.51181102,3.5 -9.5 0.51181102,
  -0.5 -9.5 1.561811,0.68110236 -9.5 1.561811,
  0.68110236 -9.5 1.036811,2.3188976 -9.5 1.036811,
  2.3188976 -9.5 1.561811,3.5 -9.5 1.561811] }
 coordIndex [
  4,2,0,-1,4,3,2,-1,7,6,5,-1,1,7,5,-1,1,5,0,-1,5,4,0,-1]
  normalPerVertex TRUE
  normal DEF NORM_3 Normal { vector [
  0 -1 0,0 -1 0,
  0 -1 0,0 -1 0,
  0 -1 0,0 -1 0,
  0 -1 0,0 -1 0] }
}
}
DEF SHAPE_4 Shape {
 appearance USE APP_1
 geometry DEF FACE_4 IndexedFaceSet {
  coord DEF COORD_4 Coordinate { point [
  -0.5 0.5 0.51181102,-0.5 -9.5 0.51181102,
  0.68110236 0.5 0.51181102,0.68110236 0.26377953 0.51181102,
  0.68603781 0.21997619 0.51181102,0.70059668 0.17836934 0.51181102,
  0.72404892 0.14104531 0.51181102,0.75521854 0.10987569 0.51181102,
  0.79254257 0.086423451 0.51181102,0.83414942 0.071864584 0.51181102,
  0.87795276 0.066929134 0.51181102,2.1220472 0.066929134 0.51181102,
  2.1658506 0.071864584 0.51181102,2.2074574 0.086423451 0.51181102,
  2.2447815 0.10987569 0.51181102,2.2759511 0.14104531 0.51181102,
  2.2994033 0.17836934 0.51181102,2.3139622 0.21997619 0.51181102,
  2.3188976 0.26377953 0.51181102,2.3188976 0.5 0.51181102,
  3.5 0.5 0.51181102,3.5 -9.5 0.51181102,
  3 -1.3393701 0.51181102,3.0878354 -1.3278063 0.51181102,
  3.169685 -1.2939031 0.51181102,3.2399709 -1.2399709 0.51181102,
  3.2939031 -1.169685 0.51181102,3.3278063 -1.0878354 0.51181102,
  3.3393701 -1 0.51181102,3.3278063 -0.91216456 0.51181102,
  3.2939031 -0.83031496 0.51181102,3.2399709 -0.76002912 0.51181102,
  3.169685 -0.70609689 0.51181102,3.0878354 -0.67219368 0.51181102,
  3 -0.66062992 0.51181102,2.9121646 -0.67219368 0.51181102,
  2.830315 -0.70609689 0.51181102,2.7600291 -0.76002912 0.51181102,
  2.7060969 -0.83031496 0.51181102,2.6721937 -0.91216456 0.51181102,
  2.6606299 -1 0.51181102,2.6721937 -1.0878354 0.51181102,
  2.7060969 -1.169685 0.51181102,2.7600291 -1.2399709 0.51181102,
  2.830315 -1.2939031 0.51181102,2.9121646 -1.3278063 0.51181102,
  3 -2.3393701 0.51181102,3.0878354 -2.3278063 0.51181102,
  3.169685 -2.2939031 0.51181102,3.2399709 -2.2399709 0.51181102,
  3.2939031 -2.169685 0.51181102,3.3278063 -2.0878354 0.51181102,
  3.3393701 -2 0.51181102,3.3278063 -1.9121646 0.51181102,
  3.2939031 -1.830315 0.51181102,3.2399709 -1.7600291 0.51181102,
  3.169685 -1.7060969 0.51181102,3.0878354 -1.6721937 0.51181102,
  3 -1.6606299 0.51181102,2.9121646 -1.6721937 0.51181102,
  2.830315 -1.7060969 0.51181102,2.7600291 -1.7600291 0.51181102,
  2.7060969 -1.830315 0.51181102,2.6721937 -1.9121646 0.51181102,
  2.6606299 -2 0.51181102,2.6721937 -2.0878354 0.51181102,
  2.7060969 -2.169685 0.51181102,2.7600291 -2.2399709 0.51181102,
  2.830315 -2.2939031 0.51181102,2.9121646 -2.3278063 0.51181102,
  3 -4.3393701 0.51181102,3.0878354 -4.3278063 0.51181102,
  3.169685 -4.2939031 0.51181102,3.2399709 -4.2399709 0.51181102,
  3.2939031 -4.169685 0.51181102,3.3278063 -4.0878354 0.51181102,
  3.3393701 -4 0.51181102,3.3278063 -3.9121646 0.51181102,
  3.2939031 -3.830315 0.51181102,3.2399709 -3.7600291 0.51181102,
  3.169685 -3.7060969 0.51181102,3.0878354 -3.6721937 0.51181102,
  3 -3.6606299 0.51181102,2.9121646 -3.6721937 0.51181102,
  2.830315 -3.7060969 0.51181102,2.7600291 -3.7600291 0.51181102,
  2.7060969 -3.830315 0.51181102,2.6721937 -3.9121646 0.51181102,
  2.6606299 -4 0.51181102,2.6721937 -4.0878354 0.51181102,
  2.7060969 -4.169685 0.51181102,2.7600291 -4.2399709 0.51181102,
  2.830315 -4.2939031 0.51181102,2.9121646 -4.3278063 0.51181102,
  3 -3.3393701 0.51181102,3.0878354 -3.3278063 0.51181102,
  3.169685 -3.2939031 0.51181102,3.2399709 -3.2399709 0.51181102,
  3.2939031 -3.169685 0.51181102,3.3278063 -3.0878354 0.51181102,
  3.3393701 -3 0.51181102,3.3278063 -2.9121646 0.51181102,
  3.2939031 -2.830315 0.51181102,3.2399709 -2.7600291 0.51181102,
  3.169685 -2.7060969 0.51181102,3.0878354 -2.6721937 0.51181102,
  3 -2.6606299 0.51181102,2.9121646 -2.6721937 0.51181102,
  2.830315 -2.7060969 0.51181102,2.7600291 -2.7600291 0.51181102,
  2.7060969 -2.830315 0.51181102,2.6721937 -2.9121646 0.51181102,
  2.6606299 -3 0.51181102,2.6721937 -3.0878354 0.51181102,
  2.7060969 -3.169685 0.51181102,2.7600291 -3.2399709 0.51181102,
  2.830315 -3.2939031 0.51181102,2.9121646 -3.3278063 0.51181102,
  0 -3.6606299 0.51181102,-0.08783544 -3.6721937 0.51181102,
  -0.16968504 -3.7060969 0.51181102,-0.23997088 -3.7600291 0.51181102,
  -0.29390311 -3.830315 0.51181102,-0.32780632 -3.9121646 0.51181102,
  -0.33937008 -4 0.51181102,-0.32780632 -4.0878354 0.51181102,
  -0.29390311 -4.169685 0.51181102,-0.23997088 -4.2399709 0.51181102,
  -0.16968504 -4.2939031 0.51181102,-0.08783544 -4.3278063 0.51181102,
  0 -4.3393701 0.51181102,0.08783544 -4.3278063 0.51181102,
  0.16968504 -4.2939031 0.51181102,0.23997088 -4.2399709 0.51181102,
  0.29390311 -4.169685 0.51181102,0.32780632 -4.0878354 0.51181102,
  0.33937008 -4 0.51181102,0.32780632 -3.9121646 0.51181102,
  0.29390311 -3.830315 0.51181102,0.23997088 -3.7600291 0.51181102,
  0.16968504 -3.7060969 0.51181102,0.08783544 -3.6721937 0.51181102,
  0 -2.6606299 0.51181102,-0.08783544 -2.6721937 0.51181102,
  -0.16968504 -2.7060969 0.51181102,-0.23997088 -2.7600291 0.51181102,
  -0.29390311 -2.830315 0.51181102,-0.32780632 -2.9121646 0.51181102,
  -0.33937008 -3 0.51181102,-0.32780632 -3.0878354 0.51181102,
  -0.29390311 -3.169685 0.51181102,-0.23997088 -3.2399709 0.51181102,
  -0.16968504 -3.2939031 0.51181102,-0.08783544 -3.3278063 0.51181102,
  0 -3.3393701 0.51181102,0.08783544 -3.3278063 0.51181102,
  0.16968504 -3.2939031 0.51181102,0.23997088 -3.2399709 0.51181102,
  0.29390311 -3.169685 0.51181102,0.32780632 -3.0878354 0.51181102,
  0.33937008 -3 0.51181102,0.32780632 -2.9121646 0.51181102,
  0.29390311 -2.830315 0.51181102,0.23997088 -2.7600291 0.51181102,
  0.16968504 -2.7060969 0.51181102,0.08783544 -2.6721937 0.51181102,
  0 -0.66062992 0.51181102,-0.08783544 -0.67219368 0.51181102,
  -0.16968504 -0.70609689 0.51181102,-0.23997088 -0.76002912 0.51181102,
  -0.29390311 -0.83031496 0.51181102,-0.32780632 -0.91216456 0.51181102,
  -0.33937008 -1 0.51181102,-0.32780632 -1.0878354 0.51181102,
  -0.29390311 -1.169685 0.51181102,-0.23997088 -1.2399709 0.51181102,
  -0.16968504 -1.2939031 0.51181102,-0.08783544 -1.3278063 0.51181102,
  0 -1.3393701 0.51181102,0.08783544 -1.3278063 0.51181102,
  0.16968504 -1.2939031 0.51181102,0.23997088 -1.2399709 0.51181102,
  0.29390311 -1.169685 0.51181102,0.32780632 -1.0878354 0.51181102,
  0.33937008 -1 0.51181102,0.32780632 -0.91216456 0.51181102,
  0.29390311 -0.83031496 0.51181102,0.23997088 -0.76002912 0.51181102,
  0.16968504 -0.70609689 0.51181102,0.08783544 -0.67219368 0.51181102,
  0 -1.6606299 0.51181102,-0.08783544 -1.6721937 0.51181102,
  -0.16968504 -1.7060969 0.51181102,-0.23997088 -1.7600291 0.51181102,
  -0.29390311 -1.830315 0.51181102,-0.32780632 -1.9121646 0.51181102,
  -0.33937008 -2 0.51181102,-0.32780632 -2.0878354 0.51181102,
  -0.29390311 -2.169685 0.51181102,-0.23997088 -2.2399709 0.51181102,
  -0.16968504 -2.2939031 0.51181102,-0.08783544 -2.3278063 0.51181102,
  0 -2.3393701 0.51181102,0.08783544 -2.3278063 0.51181102,
  0.16968504 -2.2939031 0.51181102,0.23997088 -2.2399709 0.51181102,
  0.29390311 -2.169685 0.51181102,0.32780632 -2.0878354 0.51181102,
  0.33937008 -2 0.51181102,0.32780632 -1.9121646 0.51181102,
  0.29390311 -1.830315 0.51181102,0.23997088 -1.7600291 0.51181102,
  0.16968504 -1.7060969 0.51181102,0.08783544 -1.6721937 0.51181102,
  2.3188976 -0.87795276 0.51181102,2.3188976 -4.1456693 0.51181102,
  2.1220472 -0.68110236 0.51181102,2.1729959 -0.68780988 0.51181102,
  2.2204724 -0.70747531 0.51181102,2.2612415 -0.73875851 0.51181102,
  2.2925247 -0.77952756 0.51181102,2.3121901 -0.82700412 0.51181102,
  0.87795276 -0.68110236 0.51181102,0.68110236 -0.87795276 0.51181102,
  0.68780988 -0.82700412 0.51181102,0.70747531 -0.77952756 0.51181102,
  0.73875851 -0.73875851 0.51181102,0.77952756 -0.70747531 0.51181102,
  0.82700412 -0.68780988 0.51181102,0.68110236 -4.1456693 0.51181102,
  0.87795276 -4.3425197 0.51181102,0.83414942 -4.3375842 0.51181102,
  0.79254257 -4.3230254 0.51181102,0.75521854 -4.2995731 0.51181102,
  0.72404892 -4.2684035 0.51181102,0.70059668 -4.2310795 0.51181102,
  0.68603781 -4.1894726 0.51181102,2.1220472 -4.3425197 0.51181102,
  2.3139622 -4.1894726 0.51181102,2.2994033 -4.2310795 0.51181102,
  2.2759511 -4.2684035 0.51181102,2.2447815 -4.2995731 0.51181102,
  2.2074574 -4.3230254 0.51181102,2.1658506 -4.3375842 0.51181102,
  3 -0.33937008 0.51181102,3.0878354 -0.32780632 0.51181102,
  3.169685 -0.29390311 0.51181102,3.2399709 -0.23997088 0.51181102,
  3.2939031 -0.16968504 0.51181102,3.3278063 -0.08783544 0.51181102,
  3.3393701 0 0.51181102,3.3278063 0.08783544 0.51181102,
  3.2939031 0.16968504 0.51181102,3.2399709 0.23997088 0.51181102,
  3.169685 0.29390311 0.51181102,3.0878354 0.32780632 0.51181102,
  3 0.33937008 0.51181102,2.9121646 0.32780632 0.51181102,
  2.830315 0.29390311 0.51181102,2.7600291 0.23997088 0.51181102,
  2.7060969 0.16968504 0.51181102,2.6721937 0.08783544 0.51181102,
  2.6606299 0 0.51181102,2.6721937 -0.08783544 0.51181102,
  2.7060969 -0.16968504 0.51181102,2.7600291 -0.23997088 0.51181102,
  2.830315 -0.29390311 0.51181102,2.9121646 -0.32780632 0.51181102,
  0 0.33937008 0.51181102,-0.08783544 0.32780632 0.51181102,
  -0.16968504 0.29390311 0.51181102,-0.23997088 0.23997088 0.51181102,
  -0.29390311 0.16968504 0.51181102,-0.32780632 0.08783544 0.51181102,
  -0.33937008 0 0.51181102,-0.32780632 -0.08783544 0.51181102,
  -0.29390311 -0.16968504 0.51181102,-0.23997088 -0.23997088 0.51181102,
  -0.16968504 -0.29390311 0.51181102,-0.08783544 -0.32780632 0.51181102,
  0 -0.33937008 0.51181102,0.08783544 -0.32780632 0.51181102,
  0.16968504 -0.29390311 0.51181102,0.23997088 -0.23997088 0.51181102,
  0.29390311 -0.16968504 0.51181102,0.32780632 -0.08783544 0.51181102,
  0.33937008 0 0.51181102,0.32780632 0.08783544 0.51181102,
  0.29390311 0.16968504 0.51181102,0.23997088 0.23997088 0.51181102,
  0.16968504 0.29390311 0.51181102,0.08783544 0.32780632 0.51181102,
  0 -8.6606299 0.51181102,-0.08783544 -8.6721937 0.51181102,
  -0.16968504 -8.7060969 0.51181102,-0.23997088 -8.7600291 0.51181102,
  -0.29390311 -8.830315 0.51181102,-0.32780632 -8.9121646 0.51181102,
  -0.33937008 -9 0.51181102,-0.32780632 -9.0878354 0.51181102,
  -0.29390311 -9.169685 0.51181102,-0.23997088 -9.2399709 0.51181102,
  -0.16968504 -9.2939031 0.51181102,-0.08783544 -9.3278063 0.51181102,
  0 -9.3393701 0.51181102,0.08783544 -9.3278063 0.51181102,
  0.16968504 -9.2939031 0.51181102,0.23997088 -9.2399709 0.51181102,
  0.29390311 -9.169685 0.51181102,0.32780632 -9.0878354 0.51181102,
  0.33937008 -9 0.51181102,0.32780632 -8.9121646 0.51181102,
  0.29390311 -8.830315 0.51181102,0.23997088 -8.7600291 0.51181102,
  0.16968504 -8.7060969 0.51181102,0.08783544 -8.6721937 0.51181102,
  0 -7.6606299 0.51181102,-0.08783544 -7.6721937 0.51181102,
  -0.16968504 -7.7060969 0.51181102,-0.23997088 -7.7600291 0.51181102,
  -0.29390311 -7.830315 0.51181102,-0.32780632 -7.9121646 0.51181102,
  -0.33937008 -8 0.51181102,-0.32780632 -8.0878354 0.51181102,
  -0.29390311 -8.169685 0.51181102,-0.23997088 -8.2399709 0.51181102,
  -0.16968504 -8.2939031 0.51181102,-0.08783544 -8.3278063 0.51181102,
  0 -8.3393701 0.51181102,0.08783544 -8.3278063 0.51181102,
  0.16968504 -8.2939031 0.51181102,0.23997088 -8.2399709 0.51181102,
  0.29390311 -8.169685 0.51181102,0.32780632 -8.0878354 0.51181102,
  0.33937008 -8 0.51181102,0.32780632 -7.9121646 0.51181102,
  0.29390311 -7.830315 0.51181102,0.23997088 -7.7600291 0.51181102,
  0.16968504 -7.7060969 0.51181102,0.08783544 -7.6721937 0.51181102,
  0 -6.6606299 0.51181102,-0.08783544 -6.6721937 0.51181102,
  -0.16968504 -6.7060969 0.51181102,-0.23997088 -6.7600291 0.51181102,
  -0.29390311 -6.830315 0.51181102,-0.32780632 -6.9121646 0.51181102,
  -0.33937008 -7 0.51181102,-0.32780632 -7.0878354 0.51181102,
  -0.29390311 -7.169685 0.51181102,-0.23997088 -7.2399709 0.51181102,
  -0.16968504 -7.2939031 0.51181102,-0.08783544 -7.3278063 0.51181102,
  0 -7.3393701 0.51181102,0.08783544 -7.3278063 0.51181102,
  0.16968504 -7.2939031 0.51181102,0.23997088 -7.2399709 0.51181102,
  0.29390311 -7.169685 0.51181102,0.32780632 -7.0878354 0.51181102,
  0.33937008 -7 0.51181102,0.32780632 -6.9121646 0.51181102,
  0.29390311 -6.830315 0.51181102,0.23997088 -6.7600291 0.51181102,
  0.16968504 -6.7060969 0.51181102,0.08783544 -6.6721937 0.51181102,
  3 -7.3393701 0.51181102,3.0878354 -7.3278063 0.51181102,
  3.169685 -7.2939031 0.51181102,3.2399709 -7.2399709 0.51181102,
  3.2939031 -7.169685 0.51181102,3.3278063 -7.0878354 0.51181102,
  3.3393701 -7 0.51181102,3.3278063 -6.9121646 0.51181102,
  3.2939031 -6.830315 0.51181102,3.2399709 -6.7600291 0.51181102,
  3.169685 -6.7060969 0.51181102,3.0878354 -6.6721937 0.51181102,
  3 -6.6606299 0.51181102,2.9121646 -6.6721937 0.51181102,
  2.830315 -6.7060969 0.51181102,2.7600291 -6.7600291 0.51181102,
  2.7060969 -6.830315 0.51181102,2.6721937 -6.9121646 0.51181102,
  2.6606299 -7 0.51181102,2.6721937 -7.0878354 0.51181102,
  2.7060969 -7.169685 0.51181102,2.7600291 -7.2399709 0.51181102,
  2.830315 -7.2939031 0.51181102,2.9121646 -7.3278063 0.51181102,
  3 -9.3393701 0.51181102,3.0878354 -9.3278063 0.51181102,
  3.169685 -9.2939031 0.51181102,3.2399709 -9.2399709 0.51181102,
  3.2939031 -9.169685 0.51181102,3.3278063 -9.0878354 0.51181102,
  3.3393701 -9 0.51181102,3.3278063 -8.9121646 0.51181102,
  3.2939031 -8.830315 0.51181102,3.2399709 -8.7600291 0.51181102,
  3.169685 -8.7060969 0.51181102,3.0878354 -8.6721937 0.51181102,
  3 -8.6606299 0.51181102,2.9121646 -8.6721937 0.51181102,
  2.830315 -8.7060969 0.51181102,2.7600291 -8.7600291 0.51181102,
  2.7060969 -8.830315 0.51181102,2.6721937 -8.9121646 0.51181102,
  2.6606299 -9 0.51181102,2.6721937 -9.0878354 0.51181102,
  2.7060969 -9.169685 0.51181102,2.7600291 -9.2399709 0.51181102,
  2.830315 -9.2939031 0.51181102,2.9121646 -9.3278063 0.51181102,
  3 -8.3393701 0.51181102,3.0878354 -8.3278063 0.51181102,
  3.169685 -8.2939031 0.51181102,3.2399709 -8.2399709 0.51181102,
  3.2939031 -8.169685 0.51181102,3.3278063 -8.0878354 0.51181102,
  3.3393701 -8 0.51181102,3.3278063 -7.9121646 0.51181102,
  3.2939031 -7.830315 0.51181102,3.2399709 -7.7600291 0.51181102,
  3.169685 -7.7060969 0.51181102,3.0878354 -7.6721937 0.51181102,
  3 -7.6606299 0.51181102,2.9121646 -7.6721937 0.51181102,
  2.830315 -7.7060969 0.51181102,2.7600291 -7.7600291 0.51181102,
  2.7060969 -7.830315 0.51181102,2.6721937 -7.9121646 0.51181102,
  2.6606299 -8 0.51181102,2.6721937 -8.0878354 0.51181102,
  2.7060969 -8.169685 0.51181102,2.7600291 -8.2399709 0.51181102,
  2.830315 -8.2939031 0.51181102,2.9121646 -8.3278063 0.51181102,
  3 -5.3393701 0.51181102,3.0878354 -5.3278063 0.51181102,
  3.169685 -5.2939031 0.51181102,3.2399709 -5.2399709 0.51181102,
  3.2939031 -5.169685 0.51181102,3.3278063 -5.0878354 0.51181102,
  3.3393701 -5 0.51181102,3.3278063 -4.9121646 0.51181102,
  3.2939031 -4.830315 0.51181102,3.2399709 -4.7600291 0.51181102,
  3.169685 -4.7060969 0.51181102,3.0878354 -4.6721937 0.51181102,
  3 -4.6606299 0.51181102,2.9121646 -4.6721937 0.51181102,
  2.830315 -4.7060969 0.51181102,2.7600291 -4.7600291 0.51181102,
  2.7060969 -4.830315 0.51181102,2.6721937 -4.9121646 0.51181102,
  2.6606299 -5 0.51181102,2.6721937 -5.0878354 0.51181102,
  2.7060969 -5.169685 0.51181102,2.7600291 -5.2399709 0.51181102,
  2.830315 -5.2939031 0.51181102,2.9121646 -5.3278063 0.51181102,
  0 -4.6606299 0.51181102,-0.08783544 -4.6721937 0.51181102,
  -0.16968504 -4.7060969 0.51181102,-0.23997088 -4.7600291 0.51181102,
  -0.29390311 -4.830315 0.51181102,-0.32780632 -4.9121646 0.51181102,
  -0.33937008 -5 0.51181102,-0.32780632 -5.0878354 0.51181102,
  -0.29390311 -5.169685 0.51181102,-0.23997088 -5.2399709 0.51181102,
  -0.16968504 -5.2939031 0.51181102,-0.08783544 -5.3278063 0.51181102,
  0 -5.3393701 0.51181102,0.08783544 -5.3278063 0.51181102,
  0.16968504 -5.2939031 0.51181102,0.23997088 -5.2399709 0.51181102,
  0.29390311 -5.169685 0.51181102,0.32780632 -5.0878354 0.51181102,
  0.33937008 -5 0.51181102,0.32780632 -4.9121646 0.51181102,
  0.29390311 -4.830315 0.51181102,0.23997088 -4.7600291 0.51181102,
  0.16968504 -4.7060969 0.51181102,0.08783544 -4.6721937 0.51181102,
  0 -5.6606299 0.51181102,-0.08783544 -5.6721937 0.51181102,
  -0.16968504 -5.7060969 0.51181102,-0.23997088 -5.7600291 0.51181102,
  -0.29390311 -5.830315 0.51181102,-0.32780632 -5.9121646 0.51181102,
  -0.33937008 -6 0.51181102,-0.32780632 -6.0878354 0.51181102,
  -0.29390311 -6.169685 0.51181102,-0.23997088 -6.2399709 0.51181102,
  -0.16968504 -6.2939031 0.51181102,-0.08783544 -6.3278063 0.51181102,
  0 -6.3393701 0.51181102,0.08783544 -6.3278063 0.51181102,
  0.16968504 -6.2939031 0.51181102,0.23997088 -6.2399709 0.51181102,
  0.29390311 -6.169685 0.51181102,0.32780632 -6.0878354 0.51181102,
  0.33937008 -6 0.51181102,0.32780632 -5.9121646 0.51181102,
  0.29390311 -5.830315 0.51181102,0.23997088 -5.7600291 0.51181102,
  0.16968504 -5.7060969 0.51181102,0.08783544 -5.6721937 0.51181102,
  0.87795276 -8.7519685 0.51181102,0.83414942 -8.7470331 0.51181102,
  0.79254257 -8.7324742 0.51181102,0.75521854 -8.7090219 0.51181102,
  0.72404892 -8.6778523 0.51181102,0.70059668 -8.6405283 0.51181102,
  0.68603781 -8.5989214 0.51181102,0.68110236 -8.5551181 0.51181102,
  2.1220472 -8.7519685 0.51181102,2.3188976 -8.5551181 0.51181102,
  2.3121901 -8.6060667 0.51181102,2.2925247 -8.6535433 0.51181102,
  2.2612415 -8.6943124 0.51181102,2.2204724 -8.7255956 0.51181102,
  2.1729959 -8.745261 0.51181102,2.3188976 -5.2874016 0.51181102,
  2.1220472 -5.0905512 0.51181102,2.1658506 -5.0954866 0.51181102,
  2.2074574 -5.1100455 0.51181102,2.2447815 -5.1334977 0.51181102,
  2.2759511 -5.1646674 0.51181102,2.2994033 -5.2019914 0.51181102,
  2.3139622 -5.2435982 0.51181102,0.87795276 -5.0905512 0.51181102,
  0.68110236 -5.2874016 0.51181102,0.68603781 -5.2435982 0.51181102,
  0.70059668 -5.2019914 0.51181102,0.72404892 -5.1646674 0.51181102,
  0.75521854 -5.1334977 0.51181102,0.79254257 -5.1100455 0.51181102,
  0.83414942 -5.0954866 0.51181102,3 -6.3393701 0.51181102,
  3.0878354 -6.3278063 0.51181102,3.169685 -6.2939031 0.51181102,
  3.2399709 -6.2399709 0.51181102,3.2939031 -6.169685 0.51181102,
  3.3278063 -6.0878354 0.51181102,3.3393701 -6 0.51181102,
  3.3278063 -5.9121646 0.51181102,3.2939031 -5.830315 0.51181102,
  3.2399709 -5.7600291 0.51181102,3.169685 -5.7060969 0.51181102,
  3.0878354 -5.6721937 0.51181102,3 -5.6606299 0.51181102,
  2.9121646 -5.6721937 0.51181102,2.830315 -5.7060969 0.51181102,
  2.7600291 -5.7600291 0.51181102,2.7060969 -5.830315 0.51181102,
  2.6721937 -5.9121646 0.51181102,2.6606299 -6 0.51181102,
  2.6721937 -6.0878354 0.51181102,2.7060969 -6.169685 0.51181102,
  2.7600291 -6.2399709 0.51181102,2.830315 -6.2939031 0.51181102,
  2.9121646 -6.3278063 0.51181102] }
 coordIndex [
  302,1,301,-1,300,301,1,-1,303,1,302,-1,299,300,1,-1,304,1,303,-1,298,299,1,-1,297,298,1,-1,305,1,304,-1,
  325,294,295,-1,325,295,296,-1,324,325,296,-1,326,294,325,-1,327,294,326,-1,327,293,294,-1,323,297,1,-1,323,324,296,-1,
  323,296,297,-1,322,323,1,-1,328,293,327,-1,328,292,293,-1,329,315,292,-1,329,292,328,-1,330,314,315,-1,330,315,329,-1,
  331,313,314,-1,331,314,330,-1,512,311,312,-1,511,310,311,-1,511,311,512,-1,513,512,312,-1,510,310,511,-1,514,312,313,-1,
  514,513,312,-1,509,309,310,-1,509,310,510,-1,515,331,332,-1,515,313,331,-1,515,514,313,-1,508,307,308,-1,508,308,309,-1,
  508,309,509,-1,333,515,332,-1,334,515,333,-1,335,515,334,-1,349,319,320,-1,350,318,319,-1,350,319,349,-1,348,349,320,-1,
  351,317,318,-1,351,318,350,-1,347,320,321,-1,347,348,320,-1,346,321,322,-1,346,322,1,-1,346,347,321,-1,352,316,317,-1,
  352,317,351,-1,353,339,316,-1,353,316,352,-1,354,338,339,-1,354,339,353,-1,355,337,338,-1,355,338,354,-1,356,336,337,-1,
  356,337,355,-1,357,336,356,-1,357,335,336,-1,409,508,516,-1,409,307,508,-1,492,493,343,-1,492,343,344,-1,494,343,493,-1,
  494,342,343,-1,410,306,307,-1,410,307,409,-1,408,409,516,-1,491,344,345,-1,491,492,344,-1,495,342,494,-1,495,340,341,-1,
  495,341,342,-1,411,305,306,-1,411,306,410,-1,407,516,522,-1,407,408,516,-1,490,345,346,-1,490,346,1,-1,490,491,345,-1,
  496,340,495,-1,496,363,340,-1,406,521,520,-1,406,522,521,-1,406,407,522,-1,497,363,496,-1,405,520,519,-1,405,406,520,-1,
  498,362,363,-1,498,363,497,-1,404,519,518,-1,404,405,519,-1,499,361,362,-1,499,362,498,-1,21,411,388,-1,21,305,411,-1,
  21,1,305,-1,21,388,389,-1,21,389,390,-1,391,21,390,-1,403,518,517,-1,403,404,518,-1,500,361,499,-1,500,359,360,-1,
  500,360,361,-1,392,21,391,-1,501,359,500,-1,393,21,392,-1,394,21,393,-1,395,21,394,-1,469,486,487,-1,433,403,517,-1,
  470,486,469,-1,468,469,487,-1,468,487,488,-1,434,403,433,-1,434,402,403,-1,432,433,517,-1,467,468,488,-1,467,488,489,-1,
  471,486,470,-1,471,484,485,-1,471,485,486,-1,435,402,434,-1,435,401,402,-1,431,432,517,-1,472,484,471,-1,466,467,489,-1,
  466,489,490,-1,430,431,517,-1,412,401,435,-1,412,399,400,-1,412,400,401,-1,473,507,484,-1,473,484,472,-1,429,430,517,-1,
  413,399,412,-1,474,506,507,-1,474,507,473,-1,414,399,413,-1,414,398,399,-1,475,505,506,-1,475,506,474,-1,415,398,414,-1,
  415,397,398,-1,416,397,415,-1,416,396,397,-1,417,21,395,-1,417,395,396,-1,417,396,416,-1,418,21,417,-1,532,504,505,-1,
  532,505,475,-1,532,475,476,-1,532,502,503,-1,532,503,504,-1,533,476,477,-1,533,532,476,-1,534,533,477,-1,127,463,464,-1,
  128,461,462,-1,128,462,463,-1,128,463,127,-1,126,127,464,-1,386,426,427,-1,386,427,385,-1,384,427,428,-1,384,385,427,-1,
  535,534,477,-1,535,477,478,-1,129,461,128,-1,125,464,465,-1,125,465,466,-1,125,126,464,-1,383,428,429,-1,383,384,428,-1,
  387,425,426,-1,387,426,386,-1,536,535,478,-1,536,478,479,-1,130,461,129,-1,130,460,461,-1,124,125,466,-1,364,424,425,-1,
  364,425,387,-1,537,536,479,-1,538,537,479,-1,131,483,460,-1,131,460,130,-1,365,423,424,-1,365,424,364,-1,132,483,131,-1,
  132,481,482,-1,132,482,483,-1,366,422,423,-1,366,423,365,-1,133,481,132,-1,367,421,422,-1,367,422,366,-1,368,419,420,-1,
  368,420,421,-1,368,421,367,-1,369,419,368,-1,370,419,369,-1,370,418,419,-1,233,480,481,-1,234,233,481,-1,234,481,133,-1,
  232,480,233,-1,235,133,134,-1,235,234,133,-1,231,480,232,-1,231,538,479,-1,231,479,480,-1,236,235,134,-1,236,134,135,-1,
  229,236,135,-1,229,135,136,-1,229,136,137,-1,229,137,138,-1,230,538,231,-1,230,531,538,-1,152,119,120,-1,152,120,121,-1,
  152,121,151,-1,150,121,122,-1,150,151,121,-1,561,379,560,-1,561,378,379,-1,559,560,379,-1,559,379,380,-1,153,119,152,-1,
  562,378,561,-1,562,377,378,-1,149,122,123,-1,149,150,122,-1,558,559,380,-1,558,380,381,-1,154,118,119,-1,154,141,118,-1,
  154,119,153,-1,148,123,124,-1,148,149,123,-1,539,376,377,-1,539,377,562,-1,155,141,154,-1,540,374,375,-1,540,375,376,-1,
  540,376,539,-1,156,141,155,-1,156,140,141,-1,541,374,540,-1,541,373,374,-1,157,139,140,-1,157,140,156,-1,542,373,541,-1,
  523,554,555,-1,523,555,556,-1,523,556,557,-1,158,138,139,-1,158,229,138,-1,158,139,157,-1,543,373,542,-1,543,371,372,-1,
  543,372,373,-1,159,229,158,-1,544,371,543,-1,544,370,371,-1,545,370,544,-1,457,554,523,-1,198,145,146,-1,198,199,145,-1,
  200,144,145,-1,200,145,199,-1,456,523,530,-1,456,457,523,-1,458,552,553,-1,458,553,554,-1,458,554,457,-1,197,198,146,-1,
  197,146,147,-1,201,142,143,-1,201,143,144,-1,201,144,200,-1,455,529,528,-1,455,530,529,-1,455,456,530,-1,459,552,458,-1,
  454,528,527,-1,454,455,528,-1,196,147,148,-1,196,197,147,-1,202,142,201,-1,202,165,142,-1,436,551,552,-1,436,552,459,-1,
  203,165,202,-1,437,550,551,-1,437,551,436,-1,453,526,525,-1,453,527,526,-1,453,454,527,-1,237,525,524,-1,237,524,531,-1,
  237,531,230,-1,243,453,525,-1,243,525,237,-1,452,453,243,-1,204,165,203,-1,204,164,165,-1,438,550,437,-1,438,549,550,-1,
  242,452,243,-1,241,452,242,-1,439,549,438,-1,439,548,549,-1,205,164,204,-1,205,163,164,-1,451,452,241,-1,240,451,241,-1,
  206,162,163,-1,206,163,205,-1,440,548,439,-1,440,547,548,-1,207,162,206,-1,207,161,162,-1,441,547,440,-1,441,546,547,-1,
  442,546,441,-1,442,545,546,-1,175,192,193,-1,175,193,194,-1,91,451,240,-1,91,240,239,-1,174,175,194,-1,176,192,175,-1,
  90,239,238,-1,90,91,239,-1,92,449,450,-1,92,450,451,-1,92,451,91,-1,93,449,92,-1,173,194,195,-1,173,174,194,-1,
  177,192,176,-1,177,191,192,-1,89,238,215,-1,89,90,238,-1,70,447,448,-1,70,448,449,-1,70,449,93,-1,88,89,215,-1,
  178,190,191,-1,178,191,177,-1,172,195,196,-1,172,173,195,-1,71,447,70,-1,87,88,215,-1,179,213,190,-1,179,190,178,-1,
  72,447,71,-1,72,446,447,-1,86,87,215,-1,180,212,213,-1,180,213,179,-1,73,445,446,-1,73,446,72,-1,181,211,212,-1,
  181,212,180,-1,74,445,73,-1,74,443,444,-1,74,444,445,-1,182,210,211,-1,182,211,181,-1,75,443,74,-1,76,442,443,-1,
  76,443,75,-1,277,169,170,-1,114,86,215,-1,114,115,85,-1,114,85,86,-1,116,85,115,-1,116,84,85,-1,276,277,170,-1,
  278,169,277,-1,278,168,169,-1,113,114,215,-1,117,82,83,-1,117,83,84,-1,117,84,116,-1,275,276,170,-1,275,170,171,-1,
  279,168,278,-1,279,167,168,-1,94,82,117,-1,280,166,167,-1,280,167,279,-1,95,81,82,-1,95,82,94,-1,281,188,189,-1,
  281,166,280,-1,281,189,166,-1,223,209,210,-1,223,210,182,-1,223,182,183,-1,223,183,184,-1,223,184,185,-1,224,223,185,-1,
  224,185,186,-1,96,80,81,-1,96,81,95,-1,282,188,281,-1,225,224,186,-1,225,186,187,-1,0,172,196,-1,0,275,171,-1,
  0,171,172,-1,0,272,273,-1,0,273,274,-1,0,274,275,-1,0,196,148,-1,97,80,96,-1,97,79,80,-1,226,225,187,-1,
  271,272,0,-1,283,226,187,-1,283,187,188,-1,283,188,282,-1,227,226,283,-1,98,79,97,-1,98,77,78,-1,98,78,79,-1,
  270,271,0,-1,284,227,283,-1,228,227,284,-1,99,77,98,-1,269,270,0,-1,100,77,99,-1,100,76,77,-1,268,269,0,-1,
  66,67,109,-1,66,109,110,-1,68,107,108,-1,68,109,67,-1,68,108,109,-1,69,107,68,-1,65,110,111,-1,65,66,110,-1,
  46,106,107,-1,46,107,69,-1,47,105,106,-1,47,106,46,-1,7,285,286,-1,6,7,286,-1,48,104,105,-1,48,105,47,-1,
  8,285,7,-1,8,284,285,-1,5,6,286,-1,5,286,287,-1,4,5,287,-1,4,287,288,-1,9,222,228,-1,9,228,284,-1,
  9,284,8,-1,3,4,288,-1,3,288,289,-1,10,222,9,-1,49,104,48,-1,49,103,104,-1,50,102,103,-1,50,103,49,-1,
  2,3,289,-1,2,268,0,-1,2,289,290,-1,2,290,291,-1,2,291,268,-1,51,101,102,-1,51,102,50,-1,52,100,101,-1,
  52,101,51,-1,214,62,63,-1,216,222,10,-1,43,61,62,-1,42,43,62,-1,42,62,214,-1,44,60,61,-1,44,61,43,-1,
  41,42,214,-1,45,59,60,-1,45,60,44,-1,40,41,214,-1,22,57,58,-1,22,58,59,-1,22,59,45,-1,39,214,221,-1,
  39,40,214,-1,23,57,22,-1,38,221,220,-1,38,39,221,-1,24,56,57,-1,24,57,23,-1,37,220,219,-1,37,38,220,-1,
  25,54,55,-1,25,55,56,-1,25,56,24,-1,26,54,25,-1,11,216,10,-1,12,217,216,-1,12,216,11,-1,27,52,53,-1,
  27,53,54,-1,27,54,26,-1,28,52,27,-1,265,219,218,-1,265,36,37,-1,265,37,219,-1,264,12,13,-1,264,218,217,-1,
  264,265,218,-1,264,217,12,-1,266,36,265,-1,263,264,13,-1,263,13,14,-1,267,35,36,-1,267,36,266,-1,244,35,267,-1,
  244,34,35,-1,262,14,15,-1,262,15,16,-1,262,263,14,-1,261,262,16,-1,261,16,17,-1,245,34,244,-1,245,32,33,-1,
  245,33,34,-1,260,17,18,-1,260,261,17,-1,246,32,245,-1,259,18,19,-1,259,260,18,-1,247,31,32,-1,247,32,246,-1,
  258,259,19,-1,248,29,30,-1,248,30,31,-1,248,31,247,-1,257,258,19,-1,249,29,248,-1,256,257,19,-1,20,28,29,-1,
  20,249,250,-1,20,250,251,-1,20,251,252,-1,20,252,253,-1,20,253,254,-1,20,254,255,-1,20,255,256,-1,20,29,249,-1,
  20,256,19,-1,1,0,490,-1,490,0,466,-1,466,0,124,-1,124,0,148,-1,20,21,418,-1,20,418,370,-1,20,370,545,-1,
  20,545,442,-1,20,442,76,-1,20,76,100,-1,20,100,52,-1,20,52,28,-1,215,214,112,-1,112,214,111,-1,111,214,65,-1,
  65,214,64,-1,64,214,63,-1,215,112,113,-1,223,229,208,-1,208,229,207,-1,207,229,161,-1,161,229,160,-1,160,229,159,-1,
  223,208,209,-1,517,523,557,-1,517,557,558,-1,517,558,381,-1,517,381,382,-1,517,382,383,-1,517,383,429,-1,532,515,502,-1,
  502,515,501,-1,501,515,359,-1,359,515,358,-1,358,515,357,-1,357,515,335,-1]
  normalPerVertex TRUE
  normal DEF NORM_4 Normal { vector [
  0 0 -1,0 0 -1,
  0 0 -1,0 0 -1,
  0 0 -1,0 0 -1,
  0 0 -1,0 0 -1,
  0 0 -1,0 0 -1,
  0 0 -1,0 0 -1,
  0 0 -1,0 0 -1,
  0 0 -1,0 0 -1,
  0 0 -1,0 0 -1,
  0 0 -1,0 0 -1,
  0 0 -1,0 0 -1,
  0 0 -1,0 0 -1,
  0 0 -1,0 0 -1,
  0 0 -1,0 0 -1,
  0 0 -1,0 0 -1,
  0 0 -1,0 0 -1,
  0 0 -1,0 0 -1,
  0 0 -1,0 0 -1,
  0 0 -1,0 0 -1,
  0 0 -1,0 0 -1,
  0 0 -1,0 0 -1,
  0 0 -1,0 0 -1,
  0 0 -1,0 0 -1,
  0 0 -1,0 0 -1,
  0 0 -1,0 0 -1,
  0 0 -1,0 0 -1,
  0 0 -1,0 0 -1,
  0 0 -1,0 0 -1,
  0 0 -1,0 0 -1,
  0 0 -1,0 0 -1,
  0 0 -1,0 0 -1,
  0 0 -1,0 0 -1,
  0 0 -1,0 0 -1,
  0 0 -1,0 0 -1,
  0 0 -1,0 0 -1,
  0 0 -1,0 0 -1,
  0 0 -1,0 0 -1,
  0 0 -1,0 0 -1,
  0 0 -1,0 0 -1,
  0 0 -1,0 0 -1,
  0 0 -1,0 0 -1,
  0 0 -1,0 0 -1,
  0 0 -1,0 0 -1,
  0 0 -1,0 0 -1,
  0 0 -1,0 0 -1,
  0 0 -1,0 0 -1,
  0 0 -1,0 0 -1,
  0 0 -1,0 0 -1,
  0 0 -1,0 0 -1,
  0 0 -1,0 0 -1,
  0 0 -1,0 0 -1,
  0 0 -1,0 0 -1,
  0 0 -1,0 0 -1,
  0 0 -1,0 0 -1,
  0 0 -1,0 0 -1,
  0 0 -1,0 0 -1,
  0 0 -1,0 0 -1,
  0 0 -1,0 0 -1,
  0 0 -1,0 0 -1,
  0 0 -1,0 0 -1,
  0 0 -1,0 0 -1,
  0 0 -1,0 0 -1,
  0 0 -1,0 0 -1,
  0 0 -1,0 0 -1,
  0 0 -1,0 0 -1,
  0 0 -1,0 0 -1,
  0 0 -1,0 0 -1,
  0 0 -1,0 0 -1,
  0 0 -1,0 0 -1,
  0 0 -1,0 0 -1,
  0 0 -1,0 0 -1,
  0 0 -1,0 0 -1,
  0 0 -1,0 0 -1,
  0 0 -1,0 0 -1,
  0 0 -1,0 0 -1,
  0 0 -1,0 0 -1,
  0 0 -1,0 0 -1,
  0 0 -1,0 0 -1,
  0 0 -1,0 0 -1,
  0 0 -1,0 0 -1,
  0 0 -1,0 0 -1,
  0 0 -1,0 0 -1,
  0 0 -1,0 0 -1,
  0 0 -1,0 0 -1,
  0 0 -1,0 0 -1,
  0 0 -1,0 0 -1,
  0 0 -1,0 0 -1,
  0 0 -1,0 0 -1,
  0 0 -1,0 0 -1,
  0 0 -1,0 0 -1,
  0 0 -1,0 0 -1,
  0 0 -1,0 0 -1,
  0 0 -1,0 0 -1,
  0 0 -1,0 0 -1,
  0 0 -1,0 0 -1,
  0 0 -1,0 0 -1,
  0 0 -1,0 0 -1,
  0 0 -1,0 0 -1,
  0 0 -1,0 0 -1,
  0 0 -1,0 0 -1,
  0 0 -1,0 0 -1,
  0 0 -1,0 0 -1,
  0 0 -1,0 0 -1,
  0 0 -1,0 0 -1,
  0 0 -1,0 0 -1,
  0 0 -1,0 0 -1,
  0 0 -1,0 0 -1,
  0 0 -1,0 0 -1,
  0 0 -1,0 0 -1,
  0 0 -1,0 0 -1,
  0 0 -1,0 0 -1,
  0 0 -1,0 0 -1,
  0 0 -1,0 0 -1,
  0 0 -1,0 0 -1,
  0 0 -1,0 0 -1,
  0 0 -1,0 0 -1,
  0 0 -1,0 0 -1,
  0 0 -1,0 0 -1,
  0 0 -1,0 0 -1,
  0 0 -1,0 0 -1,
  0 0 -1,0 0 -1,
  0 0 -1,0 0 -1,
  0 0 -1,0 0 -1,
  0 0 -1,0 0 -1,
  0 0 -1,0 0 -1,
  0 0 -1,0 0 -1,
  0 0 -1,0 0 -1,
  0 0 -1,0 0 -1,
  0 0 -1,0 0 -1,
  0 0 -1,0 0 -1,
  0 0 -1,0 0 -1,
  0 0 -1,0 0 -1,
  0 0 -1,0 0 -1,
  0 0 -1,0 0 -1,
  0 0 -1,0 0 -1,
  0 0 -1,0 0 -1,
  0 0 -1,0 0 -1,
  0 0 -1,0 0 -1,
  0 0 -1,0 0 -1,
  0 0 -1,0 0 -1,
  0 0 -1,0 0 -1,
  0 0 -1,0 0 -1,
  0 0 -1,0 0 -1,
  0 0 -1,0 0 -1,
  0 0 -1,0 0 -1,
  0 0 -1,0 0 -1,
  0 0 -1,0 0 -1,
  0 0 -1,0 0 -1,
  0 0 -1,0 0 -1,
  0 0 -1,0 0 -1,
  0 0 -1,0 0 -1,
  0 0 -1,0 0 -1,
  0 0 -1,0 0 -1,
  0 0 -1,0 0 -1,
  0 0 -1,0 0 -1,
  0 0 -1,0 0 -1,
  0 0 -1,0 0 -1,
  0 0 -1,0 0 -1,
  0 0 -1,0 0 -1,
  0 0 -1,0 0 -1,
  0 0 -1,0 0 -1,
  0 0 -1,0 0 -1,
  0 0 -1,0 0 -1,
  0 0 -1,0 0 -1,
  0 0 -1,0 0 -1,
  0 0 -1,0 0 -1,
  0 0 -1,0 0 -1,
  0 0 -1,0 0 -1,
  0 0 -1,0 0 -1,
  0 0 -1,0 0 -1,
  0 0 -1,0 0 -1,
  0 0 -1,0 0 -1,
  0 0 -1,0 0 -1,
  0 0 -1,0 0 -1,
  0 0 -1,0 0 -1,
  0 0 -1,0 0 -1,
  0 0 -1,0 0 -1,
  0 0 -1,0 0 -1,
  0 0 -1,0 0 -1,
  0 0 -1,0 0 -1,
  0 0 -1,0 0 -1,
  0 0 -1,0 0 -1,
  0 0 -1,0 0 -1,
  0 0 -1,0 0 -1,
  0 0 -1,0 0 -1,
  0 0 -1,0 0 -1,
  0 0 -1,0 0 -1,
  0 0 -1,0 0 -1,
  0 0 -1,0 0 -1,
  0 0 -1,0 0 -1,
  0 0 -1,0 0 -1,
  0 0 -1,0 0 -1,
  0 0 -1,0 0 -1,
  0 0 -1,0 0 -1,
  0 0 -1,0 0 -1,
  0 0 -1,0 0 -1,
  0 0 -1,0 0 -1,
  0 0 -1,0 0 -1,
  0 0 -1,0 0 -1,
  0 0 -1,0 0 -1,
  0 0 -1,0 0 -1,
  0 0 -1,0 0 -1,
  0 0 -1,0 0 -1,
  0 0 -1,0 0 -1,
  0 0 -1,0 0 -1,
  0 0 -1,0 0 -1,
  0 0 -1,0 0 -1,
  0 0 -1,0 0 -1,
  0 0 -1,0 0 -1,
  0 0 -1,0 0 -1,
  0 0 -1,0 0 -1,
  0 0 -1,0 0 -1,
  0 0 -1,0 0 -1,
  0 0 -1,0 0 -1,
  0 0 -1,0 0 -1,
  0 0 -1,0 0 -1,
  0 0 -1,0 0 -1,
  0 0 -1,0 0 -1,
  0 0 -1,0 0 -1,
  0 0 -1,0 0 -1,
  0 0 -1,0 0 -1,
  0 0 -1,0 0 -1,
  0 0 -1,0 0 -1,
  0 0 -1,0 0 -1,
  0 0 -1,0 0 -1,
  0 0 -1,0 0 -1,
  0 0 -1,0 0 -1,
  0 0 -1,0 0 -1,
  0 0 -1,0 0 -1,
  0 0 -1,0 0 -1,
  0 0 -1,0 0 -1,
  0 0 -1,0 0 -1,
  0 0 -1,0 0 -1,
  0 0 -1,0 0 -1,
  0 0 -1,0 0 -1,
  0 0 -1,0 0 -1,
  0 0 -1,0 0 -1,
  0 0 -1,0 0 -1,
  0 0 -1,0 0 -1,
  0 0 -1,0 0 -1,
  0 0 -1,0 0 -1,
  0 0 -1,0 0 -1,
  0 0 -1,0 0 -1,
  0 0 -1,0 0 -1,
  0 0 -1,0 0 -1,
  0 0 -1,0 0 -1,
  0 0 -1,0 0 -1,
  0 0 -1,0 0 -1,
  0 0 -1,0 0 -1,
  0 0 -1,0 0 -1,
  0 0 -1,0 0 -1,
  0 0 -1,0 0 -1,
  0 0 -1,0 0 -1,
  0 0 -1,0 0 -1,
  0 0 -1,0 0 -1,
  0 0 -1,0 0 -1,
  0 0 -1,0 0 -1,
  0 0 -1,0 0 -1,
  0 0 -1,0 0 -1,
  0 0 -1,0 0 -1,
  0 0 -1,0 0 -1,
  0 0 -1,0 0 -1,
  0 0 -1,0 0 -1,
  0 0 -1,0 0 -1,
  0 0 -1,0 0 -1,
  0 0 -1,0 0 -1,
  0 0 -1,0 0 -1,
  0 0 -1,0 0 -1,
  0 0 -1,0 0 -1,
  0 0 -1,0 0 -1,
  0 0 -1,0 0 -1,
  0 0 -1,0 0 -1,
  0 0 -1,0 0 -1,
  0 0 -1,0 0 -1,
  0 0 -1,0 0 -1,
  0 0 -1,0 0 -1,
  0 0 -1,0 0 -1,
  0 0 -1,0 0 -1,
  0 0 -1,0 0 -1,
  0 0 -1,0 0 -1,
  0 0 -1,0 0 -1,
  0 0 -1] }
}
}
DEF SHAPE_5 Shape {
 appearance USE APP_1
 geometry DEF FACE_5 IndexedFaceSet {
  coord DEF COORD_5 Coordinate { point [
  -0.5 0.5 1.561811,-0.5 -9.5 1.561811,
  0.68110236 0.5 1.561811,0.68110236 0.26377953 1.561811,
  0.68603781 0.21997619 1.561811,0.70059668 0.17836934 1.561811,
  0.72404892 0.14104531 1.561811,0.75521854 0.10987569 1.561811,
  0.79254257 0.086423451 1.561811,0.83414942 0.071864584 1.561811,
  0.87795276 0.066929134 1.561811,0.87795276 -0.68110236 1.561811,
  0.82700412 -0.68780988 1.561811,0.77952756 -0.70747531 1.561811,
  0.73875851 -0.73875851 1.561811,0.70747531 -0.77952756 1.561811,
  0.68780988 -0.82700412 1.561811,0.68110236 -0.87795276 1.561811,
  0.68110236 -8.5551181 1.561811,0.68780988 -8.6060667 1.561811,
  0.70747531 -8.6535433 1.561811,0.73875851 -8.6943124 1.561811,
  0.77952756 -8.7255956 1.561811,0.82700412 -8.745261 1.561811,
  0.87795276 -8.7519685 1.561811,0.87795276 -9.0669291 1.561811,
  0.68110236 -9.2637795 1.561811,0.68780988 -9.2128309 1.561811,
  0.70747531 -9.1653543 1.561811,0.73875851 -9.1245853 1.561811,
  0.77952756 -9.0933021 1.561811,0.82700412 -9.0736366 1.561811,
  0.68110236 -9.5 1.561811,0 -6.6606299 1.561811,
  0.08783544 -6.6721937 1.561811,0.16968504 -6.7060969 1.561811,
  0.23997088 -6.7600291 1.561811,0.29390311 -6.830315 1.561811,
  0.32780632 -6.9121646 1.561811,0.33937008 -7 1.561811,
  0.32780632 -7.0878354 1.561811,0.29390311 -7.169685 1.561811,
  0.23997088 -7.2399709 1.561811,0.16968504 -7.2939031 1.561811,
  0.08783544 -7.3278063 1.561811,0 -7.3393701 1.561811,
  -0.08783544 -7.3278063 1.561811,-0.16968504 -7.2939031 1.561811,
  -0.23997088 -7.2399709 1.561811,-0.29390311 -7.169685 1.561811,
  -0.32780632 -7.0878354 1.561811,-0.33937008 -7 1.561811,
  -0.32780632 -6.9121646 1.561811,-0.29390311 -6.830315 1.561811,
  -0.23997088 -6.7600291 1.561811,-0.16968504 -6.7060969 1.561811,
  -0.08783544 -6.6721937 1.561811,0 -5.6606299 1.561811,
  0.08783544 -5.6721937 1.561811,0.16968504 -5.7060969 1.561811,
  0.23997088 -5.7600291 1.561811,0.29390311 -5.830315 1.561811,
  0.32780632 -5.9121646 1.561811,0.33937008 -6 1.561811,
  0.32780632 -6.0878354 1.561811,0.29390311 -6.169685 1.561811,
  0.23997088 -6.2399709 1.561811,0.16968504 -6.2939031 1.561811,
  0.08783544 -6.3278063 1.561811,0 -6.3393701 1.561811,
  -0.08783544 -6.3278063 1.561811,-0.16968504 -6.2939031 1.561811,
  -0.23997088 -6.2399709 1.561811,-0.29390311 -6.169685 1.561811,
  -0.32780632 -6.0878354 1.561811,-0.33937008 -6 1.561811,
  -0.32780632 -5.9121646 1.561811,-0.29390311 -5.830315 1.561811,
  -0.23997088 -5.7600291 1.561811,-0.16968504 -5.7060969 1.561811,
  -0.08783544 -5.6721937 1.561811,0 -3.6606299 1.561811,
  0.08783544 -3.6721937 1.561811,0.16968504 -3.7060969 1.561811,
  0.23997088 -3.7600291 1.561811,0.29390311 -3.830315 1.561811,
  0.32780632 -3.9121646 1.561811,0.33937008 -4 1.561811,
  0.32780632 -4.0878354 1.561811,0.29390311 -4.169685 1.561811,
  0.23997088 -4.2399709 1.561811,0.16968504 -4.2939031 1.561811,
  0.08783544 -4.3278063 1.561811,0 -4.3393701 1.561811,
  -0.08783544 -4.3278063 1.561811,-0.16968504 -4.2939031 1.561811,
  -0.23997088 -4.2399709 1.561811,-0.29390311 -4.169685 1.561811,
  -0.32780632 -4.0878354 1.561811,-0.33937008 -4 1.561811,
  -0.32780632 -3.9121646 1.561811,-0.29390311 -3.830315 1.561811,
  -0.23997088 -3.7600291 1.561811,-0.16968504 -3.7060969 1.561811,
  -0.08783544 -3.6721937 1.561811,0 -4.6606299 1.561811,
  0.08783544 -4.6721937 1.561811,0.16968504 -4.7060969 1.561811,
  0.23997088 -4.7600291 1.561811,0.29390311 -4.830315 1.561811,
  0.32780632 -4.9121646 1.561811,0.33937008 -5 1.561811,
  0.32780632 -5.0878354 1.561811,0.29390311 -5.169685 1.561811,
  0.23997088 -5.2399709 1.561811,0.16968504 -5.2939031 1.561811,
  0.08783544 -5.3278063 1.561811,0 -5.3393701 1.561811,
  -0.08783544 -5.3278063 1.561811,-0.16968504 -5.2939031 1.561811,
  -0.23997088 -5.2399709 1.561811,-0.29390311 -5.169685 1.561811,
  -0.32780632 -5.0878354 1.561811,-0.33937008 -5 1.561811,
  -0.32780632 -4.9121646 1.561811,-0.29390311 -4.830315 1.561811,
  -0.23997088 -4.7600291 1.561811,-0.16968504 -4.7060969 1.561811,
  -0.08783544 -4.6721937 1.561811,0 -0.66062992 1.561811,
  0.08783544 -0.67219368 1.561811,0.16968504 -0.70609689 1.561811,
  0.23997088 -0.76002912 1.561811,0.29390311 -0.83031496 1.561811,
  0.32780632 -0.91216456 1.561811,0.33937008 -1 1.561811,
  0.32780632 -1.0878354 1.561811,0.29390311 -1.169685 1.561811,
  0.23997088 -1.2399709 1.561811,0.16968504 -1.2939031 1.561811,
  0.08783544 -1.3278063 1.561811,0 -1.3393701 1.561811,
  -0.08783544 -1.3278063 1.561811,-0.16968504 -1.2939031 1.561811,
  -0.23997088 -1.2399709 1.561811,-0.29390311 -1.169685 1.561811,
  -0.32780632 -1.0878354 1.561811,-0.33937008 -1 1.561811,
  -0.32780632 -0.91216456 1.561811,-0.29390311 -0.83031496 1.561811,
  -0.23997088 -0.76002912 1.561811,-0.16968504 -0.70609689 1.561811,
  -0.08783544 -0.67219368 1.561811,0 -1.6606299 1.561811,
  0.08783544 -1.6721937 1.561811,0.16968504 -1.7060969 1.561811,
  0.23997088 -1.7600291 1.561811,0.29390311 -1.830315 1.561811,
  0.32780632 -1.9121646 1.561811,0.33937008 -2 1.561811,
  0.32780632 -2.0878354 1.561811,0.29390311 -2.169685 1.561811,
  0.23997088 -2.2399709 1.561811,0.16968504 -2.2939031 1.561811,
  0.08783544 -2.3278063 1.561811,0 -2.3393701 1.561811,
  -0.08783544 -2.3278063 1.561811,-0.16968504 -2.2939031 1.561811,
  -0.23997088 -2.2399709 1.561811,-0.29390311 -2.169685 1.561811,
  -0.32780632 -2.0878354 1.561811,-0.33937008 -2 1.561811,
  -0.32780632 -1.9121646 1.561811,-0.29390311 -1.830315 1.561811,
  -0.23997088 -1.7600291 1.561811,-0.16968504 -1.7060969 1.561811,
  -0.08783544 -1.6721937 1.561811,0 -2.6606299 1.561811,
  0.08783544 -2.6721937 1.561811,0.16968504 -2.7060969 1.561811,
  0.23997088 -2.7600291 1.561811,0.29390311 -2.830315 1.561811,
  0.32780632 -2.9121646 1.561811,0.33937008 -3 1.561811,
  0.32780632 -3.0878354 1.561811,0.29390311 -3.169685 1.561811,
  0.23997088 -3.2399709 1.561811,0.16968504 -3.2939031 1.561811,
  0.08783544 -3.3278063 1.561811,0 -3.3393701 1.561811,
  -0.08783544 -3.3278063 1.561811,-0.16968504 -3.2939031 1.561811,
  -0.23997088 -3.2399709 1.561811,-0.29390311 -3.169685 1.561811,
  -0.32780632 -3.0878354 1.561811,-0.33937008 -3 1.561811,
  -0.32780632 -2.9121646 1.561811,-0.29390311 -2.830315 1.561811,
  -0.23997088 -2.7600291 1.561811,-0.16968504 -2.7060969 1.561811,
  -0.08783544 -2.6721937 1.561811,0 0.33937008 1.561811,
  0.08783544 0.32780632 1.561811,0.16968504 0.29390311 1.561811,
  0.23997088 0.23997088 1.561811,0.29390311 0.16968504 1.561811,
  0.32780632 0.08783544 1.561811,0.33937008 0 1.561811,
  0.32780632 -0.08783544 1.561811,0.29390311 -0.16968504 1.561811,
  0.23997088 -0.23997088 1.561811,0.16968504 -0.29390311 1.561811,
  0.08783544 -0.32780632 1.561811,0 -0.33937008 1.561811,
  -0.08783544 -0.32780632 1.561811,-0.16968504 -0.29390311 1.561811,
  -0.23997088 -0.23997088 1.561811,-0.29390311 -0.16968504 1.561811,
  -0.32780632 -0.08783544 1.561811,-0.33937008 0 1.561811,
  -0.32780632 0.08783544 1.561811,-0.29390311 0.16968504 1.561811,
  -0.23997088 0.23997088 1.561811,-0.16968504 0.29390311 1.561811,
  -0.08783544 0.32780632 1.561811,0 -8.6606299 1.561811,
  0.08783544 -8.6721937 1.561811,0.16968504 -8.7060969 1.561811,
  0.23997088 -8.7600291 1.561811,0.29390311 -8.830315 1.561811,
  0.32780632 -8.9121646 1.561811,0.33937008 -9 1.561811,
  0.32780632 -9.0878354 1.561811,0.29390311 -9.169685 1.561811,
  0.23997088 -9.2399709 1.561811,0.16968504 -9.2939031 1.561811,
  0.08783544 -9.3278063 1.561811,0 -9.3393701 1.561811,
  -0.08783544 -9.3278063 1.561811,-0.16968504 -9.2939031 1.561811,
  -0.23997088 -9.2399709 1.561811,-0.29390311 -9.169685 1.561811,
  -0.32780632 -9.0878354 1.561811,-0.33937008 -9 1.561811,
  -0.32780632 -8.9121646 1.561811,-0.29390311 -8.830315 1.561811,
  -0.23997088 -8.7600291 1.561811,-0.16968504 -8.7060969 1.561811,
  -0.08783544 -8.6721937 1.561811,0 -7.6606299 1.561811,
  0.08783544 -7.6721937 1.561811,0.16968504 -7.7060969 1.561811,
  0.23997088 -7.7600291 1.561811,0.29390311 -7.830315 1.561811,
  0.32780632 -7.9121646 1.561811,0.33937008 -8 1.561811,
  0.32780632 -8.0878354 1.561811,0.29390311 -8.169685 1.561811,
  0.23997088 -8.2399709 1.561811,0.16968504 -8.2939031 1.561811,
  0.08783544 -8.3278063 1.561811,0 -8.3393701 1.561811,
  -0.08783544 -8.3278063 1.561811,-0.16968504 -8.2939031 1.561811,
  -0.23997088 -8.2399709 1.561811,-0.29390311 -8.169685 1.561811,
  -0.32780632 -8.0878354 1.561811,-0.33937008 -8 1.561811,
  -0.32780632 -7.9121646 1.561811,-0.29390311 -7.830315 1.561811,
  -0.23997088 -7.7600291 1.561811,-0.16968504 -7.7060969 1.561811,
  -0.08783544 -7.6721937 1.561811] }
 coordIndex [
  239,240,1,-1,241,1,240,-1,238,239,1,-1,242,1,241,-1,237,238,1,-1,243,1,242,-1,244,1,243,-1,32,234,235,-1,
  32,235,236,-1,32,236,237,-1,32,237,1,-1,26,233,234,-1,26,234,32,-1,27,233,26,-1,27,232,233,-1,263,246,247,-1,
  263,264,246,-1,265,245,246,-1,265,246,264,-1,28,232,27,-1,28,231,232,-1,262,247,248,-1,262,263,247,-1,266,245,265,-1,
  266,244,245,-1,266,1,244,-1,29,230,231,-1,29,231,28,-1,261,262,248,-1,261,248,225,-1,267,1,266,-1,260,261,225,-1,
  260,225,226,-1,259,226,227,-1,259,260,226,-1,258,227,228,-1,258,259,227,-1,21,230,29,-1,22,21,29,-1,22,29,30,-1,
  20,229,230,-1,20,230,21,-1,19,228,229,-1,19,229,20,-1,23,30,31,-1,23,22,30,-1,24,31,25,-1,24,23,31,-1,
  18,258,228,-1,18,257,258,-1,18,228,19,-1,256,257,18,-1,255,256,18,-1,254,255,18,-1,47,48,270,-1,47,270,271,-1,
  49,270,48,-1,49,269,270,-1,46,47,271,-1,46,271,272,-1,50,269,49,-1,50,268,269,-1,45,46,272,-1,45,272,249,-1,
  51,1,267,-1,51,268,50,-1,51,267,268,-1,44,45,249,-1,44,249,250,-1,43,44,250,-1,43,250,251,-1,42,43,251,-1,
  42,251,252,-1,42,252,253,-1,41,42,253,-1,40,253,254,-1,40,41,253,-1,40,254,18,-1,71,72,54,-1,71,54,55,-1,
  73,54,72,-1,73,52,53,-1,73,53,54,-1,70,71,55,-1,70,55,56,-1,74,52,73,-1,69,56,33,-1,69,70,56,-1,
  75,1,51,-1,75,52,74,-1,75,51,52,-1,68,69,33,-1,68,33,34,-1,67,34,35,-1,67,68,34,-1,66,35,36,-1,
  66,36,37,-1,66,67,35,-1,65,66,37,-1,64,37,38,-1,64,38,39,-1,64,65,37,-1,63,64,39,-1,119,78,79,-1,
  119,120,78,-1,121,77,78,-1,121,78,120,-1,118,79,80,-1,118,80,57,-1,118,119,79,-1,122,77,121,-1,122,76,77,-1,
  117,57,58,-1,117,118,57,-1,123,76,122,-1,123,1,75,-1,123,75,76,-1,116,117,58,-1,115,116,58,-1,115,58,59,-1,
  114,115,59,-1,114,59,60,-1,114,60,61,-1,113,114,61,-1,112,113,61,-1,112,61,62,-1,111,112,62,-1,111,62,63,-1,
  96,125,126,-1,96,126,127,-1,95,96,127,-1,95,127,128,-1,97,125,96,-1,94,128,105,-1,94,95,128,-1,98,123,124,-1,
  98,124,125,-1,98,125,97,-1,93,94,105,-1,99,123,98,-1,92,105,106,-1,92,93,105,-1,91,106,107,-1,91,107,108,-1,
  91,92,106,-1,90,91,108,-1,89,108,109,-1,89,90,108,-1,88,109,110,-1,88,89,109,-1,87,110,111,-1,87,88,110,-1,
  191,102,103,-1,191,103,104,-1,191,192,102,-1,193,100,101,-1,193,101,102,-1,193,102,192,-1,190,191,104,-1,194,100,193,-1,
  189,104,81,-1,189,81,82,-1,189,190,104,-1,195,100,194,-1,195,99,100,-1,188,189,82,-1,187,82,83,-1,187,83,84,-1,
  187,188,82,-1,186,187,84,-1,186,84,85,-1,185,186,85,-1,184,85,86,-1,184,185,85,-1,183,184,86,-1,183,86,87,-1,
  168,198,199,-1,167,168,199,-1,169,198,168,-1,169,197,198,-1,166,167,199,-1,166,199,200,-1,170,197,169,-1,170,196,197,-1,
  165,166,200,-1,165,200,177,-1,171,196,170,-1,171,195,196,-1,164,165,177,-1,164,177,178,-1,163,164,178,-1,163,178,179,-1,
  162,163,179,-1,162,179,180,-1,162,180,181,-1,161,162,181,-1,161,181,182,-1,160,161,182,-1,144,174,175,-1,143,175,176,-1,
  143,144,175,-1,145,174,144,-1,145,173,174,-1,142,143,176,-1,146,172,173,-1,146,173,145,-1,141,176,153,-1,141,142,176,-1,
  147,171,172,-1,147,172,146,-1,140,153,154,-1,140,154,155,-1,140,141,153,-1,139,140,155,-1,138,155,156,-1,138,156,157,-1,
  138,139,155,-1,137,138,157,-1,215,216,150,-1,215,150,151,-1,215,151,152,-1,217,150,216,-1,217,149,150,-1,214,215,152,-1,
  218,149,217,-1,218,148,149,-1,213,214,152,-1,213,152,129,-1,212,129,130,-1,212,130,131,-1,212,213,129,-1,17,137,157,-1,
  17,134,135,-1,17,135,136,-1,17,136,137,-1,17,157,158,-1,17,158,159,-1,16,134,17,-1,16,133,134,-1,211,212,131,-1,
  15,133,16,-1,15,132,133,-1,14,132,15,-1,0,218,219,-1,0,219,220,-1,0,220,221,-1,0,148,218,-1,0,147,148,-1,
  0,123,99,-1,0,195,171,-1,0,99,195,-1,0,171,147,-1,0,1,123,-1,210,131,132,-1,210,211,131,-1,210,132,14,-1,
  222,0,221,-1,13,210,14,-1,209,210,13,-1,223,0,222,-1,12,209,13,-1,224,0,223,-1,201,0,224,-1,7,207,208,-1,
  6,207,7,-1,8,208,209,-1,8,7,208,-1,5,207,6,-1,5,206,207,-1,9,8,209,-1,9,12,11,-1,9,209,12,-1,
  4,205,206,-1,4,206,5,-1,3,204,205,-1,3,205,4,-1,10,9,11,-1,2,201,202,-1,2,202,203,-1,2,203,204,-1,
  2,0,201,-1,2,204,3,-1,17,159,18,-1,159,160,18,-1,160,183,18,-1,183,87,18,-1,87,111,18,-1,111,63,18,-1,
  63,39,18,-1,39,40,18,-1,160,182,183,-1]
  normalPerVertex TRUE
  normal DEF NORM_5 Normal { vector [
  0 0 1,0 0 1,
  0 0 1,0 0 1,
  0 0 1,0 0 1,
  0 0 1,0 0 1,
  0 0 1,0 0 1,
  0 0 1,0 0 1,
  0 0 1,0 0 1,
  0 0 1,0 0 1,
  0 0 1,0 0 1,
  0 0 1,0 0 1,
  0 0 1,0 0 1,
  0 0 1,0 0 1,
  0 0 1,0 0 1,
  0 0 1,0 0 1,
  0 0 1,0 0 1,
  0 0 1,0 0 1,
  0 0 1,0 0 1,
  0 0 1,0 0 1,
  0 0 1,0 0 1,
  0 0 1,0 0 1,
  0 0 1,0 0 1,
  0 0 1,0 0 1,
  0 0 1,0 0 1,
  0 0 1,0 0 1,
  0 0 1,0 0 1,
  0 0 1,0 0 1,
  0 0 1,0 0 1,
  0 0 1,0 0 1,
  0 0 1,0 0 1,
  0 0 1,0 0 1,
  0 0 1,0 0 1,
  0 0 1,0 0 1,
  0 0 1,0 0 1,
  0 0 1,0 0 1,
  0 0 1,0 0 1,
  0 0 1,0 0 1,
  0 0 1,0 0 1,
  0 0 1,0 0 1,
  0 0 1,0 0 1,
  0 0 1,0 0 1,
  0 0 1,0 0 1,
  0 0 1,0 0 1,
  0 0 1,0 0 1,
  0 0 1,0 0 1,
  0 0 1,0 0 1,
  0 0 1,0 0 1,
  0 0 1,0 0 1,
  0 0 1,0 0 1,
  0 0 1,0 0 1,
  0 0 1,0 0 1,
  0 0 1,0 0 1,
  0 0 1,0 0 1,
  0 0 1,0 0 1,
  0 0 1,0 0 1,
  0 0 1,0 0 1,
  0 0 1,0 0 1,
  0 0 1,0 0 1,
  0 0 1,0 0 1,
  0 0 1,0 0 1,
  0 0 1,0 0 1,
  0 0 1,0 0 1,
  0 0 1,0 0 1,
  0 0 1,0 0 1,
  0 0 1,0 0 1,
  0 0 1,0 0 1,
  0 0 1,0 0 1,
  0 0 1,0 0 1,
  0 0 1,0 0 1,
  0 0 1,0 0 1,
  0 0 1,0 0 1,
  0 0 1,0 0 1,
  0 0 1,0 0 1,
  0 0 1,0 0 1,
  0 0 1,0 0 1,
  0 0 1,0 0 1,
  0 0 1,0 0 1,
  0 0 1,0 0 1,
  0 0 1,0 0 1,
  0 0 1,0 0 1,
  0 0 1,0 0 1,
  0 0 1,0 0 1,
  0 0 1,0 0 1,
  0 0 1,0 0 1,
  0 0 1,0 0 1,
  0 0 1,0 0 1,
  0 0 1,0 0 1,
  0 0 1,0 0 1,
  0 0 1,0 0 1,
  0 0 1,0 0 1,
  0 0 1,0 0 1,
  0 0 1,0 0 1,
  0 0 1,0 0 1,
  0 0 1,0 0 1,
  0 0 1,0 0 1,
  0 0 1,0 0 1,
  0 0 1,0 0 1,
  0 0 1,0 0 1,
  0 0 1,0 0 1,
  0 0 1,0 0 1,
  0 0 1,0 0 1,
  0 0 1,0 0 1,
  0 0 1,0 0 1,
  0 0 1,0 0 1,
  0 0 1,0 0 1,
  0 0 1,0 0 1,
  0 0 1,0 0 1,
  0 0 1,0 0 1,
  0 0 1,0 0 1,
  0 0 1,0 0 1,
  0 0 1,0 0 1,
  0 0 1,0 0 1,
  0 0 1,0 0 1,
  0 0 1,0 0 1,
  0 0 1,0 0 1,
  0 0 1,0 0 1,
  0 0 1,0 0 1,
  0 0 1,0 0 1,
  0 0 1,0 0 1,
  0 0 1,0 0 1,
  0 0 1,0 0 1,
  0 0 1,0 0 1,
  0 0 1,0 0 1,
  0 0 1,0 0 1,
  0 0 1,0 0 1,
  0 0 1,0 0 1,
  0 0 1,0 0 1,
  0 0 1,0 0 1,
  0 0 1,0 0 1,
  0 0 1,0 0 1,
  0 0 1,0 0 1,
  0 0 1,0 0 1,
  0 0 1,0 0 1,
  0 0 1,0 0 1,
  0 0 1,0 0 1,
  0 0 1,0 0 1,
  0 0 1,0 0 1,
  0 0 1] }
}
}
DEF SHAPE_6 Shape {
 appearance USE APP_1
 geometry DEF FACE_6 IndexedFaceSet {
  coord DEF COORD_6 Coordinate { point [
  0.68110236 0.5 1.561811,0.68110236 0.5 0.51181102,
  0.68110236 0.26377953 0.51181102,0.68110236 0.26377953 1.561811] }
 coordIndex [
  3,1,0,-1,3,2,1,-1]
  normalPerVertex TRUE
  normal DEF NORM_6 Normal { vector [
  1 0 0,1 0 0,
  1 0 0,1 0 0] }
}
}
DEF SHAPE_7 Shape {
 appearance USE APP_1
 geometry DEF FACE_7 IndexedFaceSet {
  coord DEF COORD_7 Coordinate { point [
  3.5 -9.5 0.51181102,3.5 -9.5 1.561811,
  3.5 0.5 1.561811,3.5 0.5 0.51181102] }
 coordIndex [
  3,1,0,-1,3,2,1,-1]
  normalPerVertex TRUE
  normal DEF NORM_7 Normal { vector [
  1 0 0,1 0 0,
  1 0 0,1 0 0] }
}
}
DEF SHAPE_8 Shape {
 appearance USE APP_1
 geometry DEF FACE_8 IndexedFaceSet {
  coord DEF COORD_8 Coordinate { point [
  1.7440945 -0.68110236 1.561811,1.7440945 0.066929134 1.561811,
  2.1220472 0.066929134 1.561811,2.1658506 0.071864584 1.561811,
  2.2074574 0.086423451 1.561811,2.2447815 0.10987569 1.561811,
  2.2759511 0.14104531 1.561811,2.2994033 0.17836934 1.561811,
  2.3139622 0.21997619 1.561811,2.3188976 0.26377953 1.561811,
  2.3188976 0.5 1.561811,3.5 0.5 1.561811,
  3.5 -9.5 1.561811,2.3188976 -9.5 1.561811,
  2.3188976 -9.2637795 1.561811,2.1220472 -9.0669291 1.561811,
  2.1658506 -9.0718646 1.561811,2.2074574 -9.0864235 1.561811,
  2.2447815 -9.1098757 1.561811,2.2759511 -9.1410453 1.561811,
  2.2994033 -9.1783693 1.561811,2.3139622 -9.2199762 1.561811,
  1.7440945 -9.0669291 1.561811,1.7440945 -8.7519685 1.561811,
  2.1220472 -8.7519685 1.561811,2.1729959 -8.745261 1.561811,
  2.2204724 -8.7255956 1.561811,2.2612415 -8.6943124 1.561811,
  2.2925247 -8.6535433 1.561811,2.3121901 -8.6060667 1.561811,
  2.3188976 -8.5551181 1.561811,2.3188976 -0.87795276 1.561811,
  2.3121901 -0.82700412 1.561811,2.2925247 -0.77952756 1.561811,
  2.2612415 -0.73875851 1.561811,2.2204724 -0.70747531 1.561811,
  2.1729959 -0.68780988 1.561811,2.1220472 -0.68110236 1.561811,
  3 -2.3393701 1.561811,2.9121646 -2.3278063 1.561811,
  2.830315 -2.2939031 1.561811,2.7600291 -2.2399709 1.561811,
  2.7060969 -2.169685 1.561811,2.6721937 -2.0878354 1.561811,
  2.6606299 -2 1.561811,2.6721937 -1.9121646 1.561811,
  2.7060969 -1.830315 1.561811,2.7600291 -1.7600291 1.561811,
  2.830315 -1.7060969 1.561811,2.9121646 -1.6721937 1.561811,
  3 -1.6606299 1.561811,3.0878354 -1.6721937 1.561811,
  3.169685 -1.7060969 1.561811,3.2399709 -1.7600291 1.561811,
  3.2939031 -1.830315 1.561811,3.3278063 -1.9121646 1.561811,
  3.3393701 -2 1.561811,3.3278063 -2.0878354 1.561811,
  3.2939031 -2.169685 1.561811,3.2399709 -2.2399709 1.561811,
  3.169685 -2.2939031 1.561811,3.0878354 -2.3278063 1.561811,
  3 -1.3393701 1.561811,2.9121646 -1.3278063 1.561811,
  2.830315 -1.2939031 1.561811,2.7600291 -1.2399709 1.561811,
  2.7060969 -1.169685 1.561811,2.6721937 -1.0878354 1.561811,
  2.6606299 -1 1.561811,2.6721937 -0.91216456 1.561811,
  2.7060969 -0.83031496 1.561811,2.7600291 -0.76002912 1.561811,
  2.830315 -0.70609689 1.561811,2.9121646 -0.67219368 1.561811,
  3 -0.66062992 1.561811,3.0878354 -0.67219368 1.561811,
  3.169685 -0.70609689 1.561811,3.2399709 -0.76002912 1.561811,
  3.2939031 -0.83031496 1.561811,3.3278063 -0.91216456 1.561811,
  3.3393701 -1 1.561811,3.3278063 -1.0878354 1.561811,
  3.2939031 -1.169685 1.561811,3.2399709 -1.2399709 1.561811,
  3.169685 -1.2939031 1.561811,3.0878354 -1.3278063 1.561811,
  3 -4.3393701 1.561811,2.9121646 -4.3278063 1.561811,
  2.830315 -4.2939031 1.561811,2.7600291 -4.2399709 1.561811,
  2.7060969 -4.169685 1.561811,2.6721937 -4.0878354 1.561811,
  2.6606299 -4 1.561811,2.6721937 -3.9121646 1.561811,
  2.7060969 -3.830315 1.561811,2.7600291 -3.7600291 1.561811,
  2.830315 -3.7060969 1.561811,2.9121646 -3.6721937 1.561811,
  3 -3.6606299 1.561811,3.0878354 -3.6721937 1.561811,
  3.169685 -3.7060969 1.561811,3.2399709 -3.7600291 1.561811,
  3.2939031 -3.830315 1.561811,3.3278063 -3.9121646 1.561811,
  3.3393701 -4 1.561811,3.3278063 -4.0878354 1.561811,
  3.2939031 -4.169685 1.561811,3.2399709 -4.2399709 1.561811,
  3.169685 -4.2939031 1.561811,3.0878354 -4.3278063 1.561811,
  3 -3.3393701 1.561811,2.9121646 -3.3278063 1.561811,
  2.830315 -3.2939031 1.561811,2.7600291 -3.2399709 1.561811,
  2.7060969 -3.169685 1.561811,2.6721937 -3.0878354 1.561811,
  2.6606299 -3 1.561811,2.6721937 -2.9121646 1.561811,
  2.7060969 -2.830315 1.561811,2.7600291 -2.7600291 1.561811,
  2.830315 -2.7060969 1.561811,2.9121646 -2.6721937 1.561811,
  3 -2.6606299 1.561811,3.0878354 -2.6721937 1.561811,
  3.169685 -2.7060969 1.561811,3.2399709 -2.7600291 1.561811,
  3.2939031 -2.830315 1.561811,3.3278063 -2.9121646 1.561811,
  3.3393701 -3 1.561811,3.3278063 -3.0878354 1.561811,
  3.2939031 -3.169685 1.561811,3.2399709 -3.2399709 1.561811,
  3.169685 -3.2939031 1.561811,3.0878354 -3.3278063 1.561811,
  3 -9.3393701 1.561811,2.9121646 -9.3278063 1.561811,
  2.830315 -9.2939031 1.561811,2.7600291 -9.2399709 1.561811,
  2.7060969 -9.169685 1.561811,2.6721937 -9.0878354 1.561811,
  2.6606299 -9 1.561811,2.6721937 -8.9121646 1.561811,
  2.7060969 -8.830315 1.561811,2.7600291 -8.7600291 1.561811,
  2.830315 -8.7060969 1.561811,2.9121646 -8.6721937 1.561811,
  3 -8.6606299 1.561811,3.0878354 -8.6721937 1.561811,
  3.169685 -8.7060969 1.561811,3.2399709 -8.7600291 1.561811,
  3.2939031 -8.830315 1.561811,3.3278063 -8.9121646 1.561811,
  3.3393701 -9 1.561811,3.3278063 -9.0878354 1.561811,
  3.2939031 -9.169685 1.561811,3.2399709 -9.2399709 1.561811,
  3.169685 -9.2939031 1.561811,3.0878354 -9.3278063 1.561811,
  3 -8.3393701 1.561811,2.9121646 -8.3278063 1.561811,
  2.830315 -8.2939031 1.561811,2.7600291 -8.2399709 1.561811,
  2.7060969 -8.169685 1.561811,2.6721937 -8.0878354 1.561811,
  2.6606299 -8 1.561811,2.6721937 -7.9121646 1.561811,
  2.7060969 -7.830315 1.561811,2.7600291 -7.7600291 1.561811,
  2.830315 -7.7060969 1.561811,2.9121646 -7.6721937 1.561811,
  3 -7.6606299 1.561811,3.0878354 -7.6721937 1.561811,
  3.169685 -7.7060969 1.561811,3.2399709 -7.7600291 1.561811,
  3.2939031 -7.830315 1.561811,3.3278063 -7.9121646 1.561811,
  3.3393701 -8 1.561811,3.3278063 -8.0878354 1.561811,
  3.2939031 -8.169685 1.561811,3.2399709 -8.2399709 1.561811,
  3.169685 -8.2939031 1.561811,3.0878354 -8.3278063 1.561811,
  3 -7.3393701 1.561811,2.9121646 -7.3278063 1.561811,
  2.830315 -7.2939031 1.561811,2.7600291 -7.2399709 1.561811,
  2.7060969 -7.169685 1.561811,2.6721937 -7.0878354 1.561811,
  2.6606299 -7 1.561811,2.6721937 -6.9121646 1.561811,
  2.7060969 -6.830315 1.561811,2.7600291 -6.7600291 1.561811,
  2.830315 -6.7060969 1.561811,2.9121646 -6.6721937 1.561811,
  3 -6.6606299 1.561811,3.0878354 -6.6721937 1.561811,
  3.169685 -6.7060969 1.561811,3.2399709 -6.7600291 1.561811,
  3.2939031 -6.830315 1.561811,3.3278063 -6.9121646 1.561811,
  3.3393701 -7 1.561811,3.3278063 -7.0878354 1.561811,
  3.2939031 -7.169685 1.561811,3.2399709 -7.2399709 1.561811,
  3.169685 -7.2939031 1.561811,3.0878354 -7.3278063 1.561811,
  3 -5.3393701 1.561811,2.9121646 -5.3278063 1.561811,
  2.830315 -5.2939031 1.561811,2.7600291 -5.2399709 1.561811,
  2.7060969 -5.169685 1.561811,2.6721937 -5.0878354 1.561811,
  2.6606299 -5 1.561811,2.6721937 -4.9121646 1.561811,
  2.7060969 -4.830315 1.561811,2.7600291 -4.7600291 1.561811,
  2.830315 -4.7060969 1.561811,2.9121646 -4.6721937 1.561811,
  3 -4.6606299 1.561811,3.0878354 -4.6721937 1.561811,
  3.169685 -4.7060969 1.561811,3.2399709 -4.7600291 1.561811,
  3.2939031 -4.830315 1.561811,3.3278063 -4.9121646 1.561811,
  3.3393701 -5 1.561811,3.3278063 -5.0878354 1.561811,
  3.2939031 -5.169685 1.561811,3.2399709 -5.2399709 1.561811,
  3.169685 -5.2939031 1.561811,3.0878354 -5.3278063 1.561811,
  3 -6.3393701 1.561811,2.9121646 -6.3278063 1.561811,
  2.830315 -6.2939031 1.561811,2.7600291 -6.2399709 1.561811,
  2.7060969 -6.169685 1.561811,2.6721937 -6.0878354 1.561811,
  2.6606299 -6 1.561811,2.6721937 -5.9121646 1.561811,
  2.7060969 -5.830315 1.561811,2.7600291 -5.7600291 1.561811,
  2.830315 -5.7060969 1.561811,2.9121646 -5.6721937 1.561811,
  3 -5.6606299 1.561811,3.0878354 -5.6721937 1.561811,
  3.169685 -5.7060969 1.561811,3.2399709 -5.7600291 1.561811,
  3.2939031 -5.830315 1.561811,3.3278063 -5.9121646 1.561811,
  3.3393701 -6 1.561811,3.3278063 -6.0878354 1.561811,
  3.2939031 -6.169685 1.561811,3.2399709 -6.2399709 1.561811,
  3.169685 -6.2939031 1.561811,3.0878354 -6.3278063 1.561811,
  3 -0.33937008 1.561811,2.9121646 -0.32780632 1.561811,
  2.830315 -0.29390311 1.561811,2.7600291 -0.23997088 1.561811,
  2.7060969 -0.16968504 1.561811,2.6721937 -0.08783544 1.561811,
  2.6606299 0 1.561811,2.6721937 0.08783544 1.561811,
  2.7060969 0.16968504 1.561811,2.7600291 0.23997088 1.561811,
  2.830315 0.29390311 1.561811,2.9121646 0.32780632 1.561811,
  3 0.33937008 1.561811,3.0878354 0.32780632 1.561811,
  3.169685 0.29390311 1.561811,3.2399709 0.23997088 1.561811,
  3.2939031 0.16968504 1.561811,3.3278063 0.08783544 1.561811,
  3.3393701 0 1.561811,3.3278063 -0.08783544 1.561811,
  3.2939031 -0.16968504 1.561811,3.2399709 -0.23997088 1.561811,
  3.169685 -0.29390311 1.561811,3.0878354 -0.32780632 1.561811] }
 coordIndex [
  24,15,16,-1,24,22,15,-1,24,23,22,-1,25,24,16,-1,25,16,17,-1,26,25,17,-1,26,17,18,-1,137,14,13,-1,
  138,14,137,-1,138,21,14,-1,136,137,13,-1,27,26,18,-1,135,136,13,-1,139,21,138,-1,139,20,21,-1,140,20,139,-1,
  140,18,19,-1,140,19,20,-1,134,135,13,-1,141,27,18,-1,141,18,140,-1,141,28,27,-1,142,29,28,-1,142,28,141,-1,
  12,134,13,-1,12,156,157,-1,12,157,134,-1,143,30,29,-1,143,29,142,-1,155,156,12,-1,154,155,12,-1,153,154,12,-1,
  152,153,12,-1,151,152,12,-1,161,30,143,-1,162,30,161,-1,160,143,144,-1,160,161,143,-1,159,144,145,-1,159,160,144,-1,
  163,30,162,-1,158,145,146,-1,158,146,147,-1,158,159,145,-1,164,30,163,-1,165,30,164,-1,181,158,147,-1,180,147,148,-1,
  180,148,149,-1,180,181,147,-1,179,180,149,-1,178,149,150,-1,178,150,151,-1,178,179,149,-1,177,178,151,-1,177,151,12,-1,
  176,177,12,-1,186,167,185,-1,186,165,166,-1,186,166,167,-1,184,185,167,-1,184,167,168,-1,183,168,169,-1,183,169,170,-1,
  183,184,168,-1,187,165,186,-1,182,183,170,-1,205,182,170,-1,205,170,171,-1,204,171,172,-1,204,205,171,-1,203,204,172,-1,
  203,172,173,-1,202,203,173,-1,202,173,174,-1,202,174,175,-1,201,202,175,-1,200,201,175,-1,200,175,176,-1,234,191,233,-1,
  234,189,190,-1,234,190,191,-1,232,233,191,-1,232,191,192,-1,231,232,192,-1,231,192,193,-1,235,189,234,-1,230,231,193,-1,
  230,193,194,-1,230,194,195,-1,253,230,195,-1,252,253,195,-1,252,195,196,-1,251,252,196,-1,251,196,197,-1,250,251,197,-1,
  250,197,198,-1,250,198,199,-1,249,250,199,-1,248,249,199,-1,248,199,200,-1,210,239,209,-1,210,238,239,-1,208,209,239,-1,
  208,239,240,-1,211,237,238,-1,211,238,210,-1,207,240,241,-1,207,208,240,-1,206,207,241,-1,206,241,242,-1,206,242,243,-1,
  212,237,211,-1,212,236,237,-1,229,206,243,-1,228,229,243,-1,228,243,244,-1,228,244,245,-1,227,228,245,-1,226,227,245,-1,
  226,245,246,-1,225,246,247,-1,225,247,248,-1,225,226,246,-1,224,225,248,-1,90,214,215,-1,90,215,89,-1,88,215,216,-1,
  88,89,215,-1,87,216,217,-1,87,88,216,-1,91,212,213,-1,91,213,214,-1,91,214,90,-1,86,217,218,-1,86,87,217,-1,
  92,212,91,-1,109,218,219,-1,109,86,218,-1,108,219,220,-1,108,109,219,-1,107,220,221,-1,107,108,220,-1,106,221,222,-1,
  106,222,223,-1,106,107,221,-1,105,106,223,-1,104,223,224,-1,104,105,223,-1,112,113,95,-1,112,95,96,-1,114,95,113,-1,
  114,94,95,-1,111,112,96,-1,111,96,97,-1,115,94,114,-1,115,93,94,-1,110,111,97,-1,110,97,98,-1,110,98,99,-1,
  116,93,115,-1,116,92,93,-1,133,110,99,-1,132,133,99,-1,132,99,100,-1,131,100,101,-1,131,101,102,-1,131,132,100,-1,
  130,131,102,-1,129,102,103,-1,129,130,102,-1,128,103,104,-1,128,129,103,-1,41,119,120,-1,42,118,119,-1,42,119,41,-1,
  40,41,120,-1,43,117,118,-1,43,118,42,-1,39,120,121,-1,39,40,120,-1,38,121,122,-1,38,122,123,-1,38,39,121,-1,
  61,38,123,-1,60,123,124,-1,60,61,123,-1,59,124,125,-1,59,60,124,-1,58,125,126,-1,58,126,127,-1,58,59,125,-1,
  57,127,128,-1,57,58,127,-1,56,57,128,-1,31,45,46,-1,65,46,47,-1,64,47,48,-1,64,65,47,-1,66,46,65,-1,
  66,31,46,-1,63,64,48,-1,63,48,49,-1,67,31,66,-1,68,31,67,-1,62,63,49,-1,62,49,50,-1,62,50,51,-1,
  69,31,68,-1,69,32,31,-1,85,62,51,-1,85,51,52,-1,70,32,69,-1,70,33,32,-1,84,85,52,-1,71,33,70,-1,
  71,34,33,-1,83,84,52,-1,83,52,53,-1,82,83,53,-1,82,53,54,-1,2,1,0,-1,2,0,37,-1,3,37,36,-1,
  3,2,37,-1,81,54,55,-1,81,82,54,-1,80,81,55,-1,80,55,56,-1,257,35,34,-1,257,34,71,-1,256,257,71,-1,
  256,71,72,-1,258,4,3,-1,258,36,35,-1,258,3,36,-1,258,35,257,-1,255,72,73,-1,255,256,72,-1,259,5,4,-1,
  259,4,258,-1,260,6,5,-1,260,7,6,-1,260,5,259,-1,254,255,73,-1,254,73,74,-1,261,8,7,-1,261,7,260,-1,
  277,74,75,-1,277,254,74,-1,262,9,8,-1,262,8,261,-1,276,75,76,-1,276,277,75,-1,263,9,262,-1,263,10,9,-1,
  275,276,76,-1,275,76,77,-1,275,77,78,-1,264,10,263,-1,274,275,78,-1,274,78,79,-1,265,10,264,-1,273,274,79,-1,
  266,10,265,-1,11,273,79,-1,11,10,266,-1,11,266,267,-1,11,267,268,-1,11,268,269,-1,11,269,270,-1,11,270,271,-1,
  11,271,272,-1,11,272,273,-1,11,79,80,-1,11,176,12,-1,11,200,176,-1,11,248,200,-1,11,224,248,-1,11,104,224,-1,
  11,128,104,-1,11,56,128,-1,11,80,56,-1,30,92,31,-1,92,116,31,-1,116,117,31,-1,117,43,31,-1,43,44,31,-1,
  44,45,31,-1,30,212,92,-1,30,236,212,-1,30,235,236,-1,30,189,235,-1,30,188,189,-1,30,187,188,-1,30,165,187,-1]
  normalPerVertex TRUE
  normal DEF NORM_8 Normal { vector [
  0 0 1,0 0 1,
  0 0 1,0 0 1,
  0 0 1,0 0 1,
  0 0 1,0 0 1,
  0 0 1,0 0 1,
  0 0 1,0 0 1,
  0 0 1,0 0 1,
  0 0 1,0 0 1,
  0 0 1,0 0 1,
  0 0 1,0 0 1,
  0 0 1,0 0 1,
  0 0 1,0 0 1,
  0 0 1,0 0 1,
  0 0 1,0 0 1,
  0 0 1,0 0 1,
  0 0 1,0 0 1,
  0 0 1,0 0 1,
  0 0 1,0 0 1,
  0 0 1,0 0 1,
  0 0 1,0 0 1,
  0 0 1,0 0 1,
  0 0 1,0 0 1,
  0 0 1,0 0 1,
  0 0 1,0 0 1,
  0 0 1,0 0 1,
  0 0 1,0 0 1,
  0 0 1,0 0 1,
  0 0 1,0 0 1,
  0 0 1,0 0 1,
  0 0 1,0 0 1,
  0 0 1,0 0 1,
  0 0 1,0 0 1,
  0 0 1,0 0 1,
  0 0 1,0 0 1,
  0 0 1,0 0 1,
  0 0 1,0 0 1,
  0 0 1,0 0 1,
  0 0 1,0 0 1,
  0 0 1,0 0 1,
  0 0 1,0 0 1,
  0 0 1,0 0 1,
  0 0 1,0 0 1,
  0 0 1,0 0 1,
  0 0 1,0 0 1,
  0 0 1,0 0 1,
  0 0 1,0 0 1,
  0 0 1,0 0 1,
  0 0 1,0 0 1,
  0 0 1,0 0 1,
  0 0 1,0 0 1,
  0 0 1,0 0 1,
  0 0 1,0 0 1,
  0 0 1,0 0 1,
  0 0 1,0 0 1,
  0 0 1,0 0 1,
  0 0 1,0 0 1,
  0 0 1,0 0 1,
  0 0 1,0 0 1,
  0 0 1,0 0 1,
  0 0 1,0 0 1,
  0 0 1,0 0 1,
  0 0 1,0 0 1,
  0 0 1,0 0 1,
  0 0 1,0 0 1,
  0 0 1,0 0 1,
  0 0 1,0 0 1,
  0 0 1,0 0 1,
  0 0 1,0 0 1,
  0 0 1,0 0 1,
  0 0 1,0 0 1,
  0 0 1,0 0 1,
  0 0 1,0 0 1,
  0 0 1,0 0 1,
  0 0 1,0 0 1,
  0 0 1,0 0 1,
  0 0 1,0 0 1,
  0 0 1,0 0 1,
  0 0 1,0 0 1,
  0 0 1,0 0 1,
  0 0 1,0 0 1,
  0 0 1,0 0 1,
  0 0 1,0 0 1,
  0 0 1,0 0 1,
  0 0 1,0 0 1,
  0 0 1,0 0 1,
  0 0 1,0 0 1,
  0 0 1,0 0 1,
  0 0 1,0 0 1,
  0 0 1,0 0 1,
  0 0 1,0 0 1,
  0 0 1,0 0 1,
  0 0 1,0 0 1,
  0 0 1,0 0 1,
  0 0 1,0 0 1,
  0 0 1,0 0 1,
  0 0 1,0 0 1,
  0 0 1,0 0 1,
  0 0 1,0 0 1,
  0 0 1,0 0 1,
  0 0 1,0 0 1,
  0 0 1,0 0 1,
  0 0 1,0 0 1,
  0 0 1,0 0 1,
  0 0 1,0 0 1,
  0 0 1,0 0 1,
  0 0 1,0 0 1,
  0 0 1,0 0 1,
  0 0 1,0 0 1,
  0 0 1,0 0 1,
  0 0 1,0 0 1,
  0 0 1,0 0 1,
  0 0 1,0 0 1,
  0 0 1,0 0 1,
  0 0 1,0 0 1,
  0 0 1,0 0 1,
  0 0 1,0 0 1,
  0 0 1,0 0 1,
  0 0 1,0 0 1,
  0 0 1,0 0 1,
  0 0 1,0 0 1,
  0 0 1,0 0 1,
  0 0 1,0 0 1,
  0 0 1,0 0 1,
  0 0 1,0 0 1,
  0 0 1,0 0 1,
  0 0 1,0 0 1,
  0 0 1,0 0 1,
  0 0 1,0 0 1,
  0 0 1,0 0 1,
  0 0 1,0 0 1,
  0 0 1,0 0 1,
  0 0 1,0 0 1,
  0 0 1,0 0 1,
  0 0 1,0 0 1,
  0 0 1,0 0 1,
  0 0 1,0 0 1,
  0 0 1,0 0 1,
  0 0 1,0 0 1,
  0 0 1,0 0 1] }
}
}
DEF SHAPE_9 Shape {
 appearance USE APP_1
 geometry DEF FACE_9 IndexedFaceSet {
  coord DEF COORD_9 Coordinate { point [
  0.68110236 -9.5 1.561811,0.68110236 -9.5 1.036811,
  0.68110236 -9.2637795 1.036811,0.68110236 -9.2637795 1.561811] }
 coordIndex [
  3,0,1,-1,3,1,2,-1]
  normalPerVertex TRUE
  normal DEF NORM_9 Normal { vector [
  1 0 0,1 0 0,
  1 0 0,1 0 0] }
}
}
DEF SHAPE_10 Shape {
 appearance USE APP_1
 geometry DEF FACE_10 IndexedFaceSet {
  coord DEF COORD_10 Coordinate { point [
  2.3188976 -9.2637795 1.561811,2.3188976 -9.2637795 1.036811,
  2.3188976 -9.5 1.036811,2.3188976 -9.5 1.561811] }
 coordIndex [
  3,0,1,-1,3,1,2,-1]
  normalPerVertex TRUE
  normal DEF NORM_10 Normal { vector [
  -1 0 0,-1 0 0,
  -1 0 0,-1 0 0] }
}
}
DEF SHAPE_11 Shape {
 appearance USE APP_1
 geometry DEF FACE_11 IndexedFaceSet {
  coord DEF COORD_11 Coordinate { point [
  0.68110236 -9.5 1.036811,0.68110236 -9.2637795 1.036811,
  2.3188976 -9.5 1.036811,2.3188976 -9.2637795 1.036811,
  2.1220472 -9.0669291 1.036811,2.1658506 -9.0718646 1.036811,
  2.2074574 -9.0864235 1.036811,2.2447815 -9.1098757 1.036811,
  2.2759511 -9.1410453 1.036811,2.2994033 -9.1783693 1.036811,
  2.3139622 -9.2199762 1.036811,1.7440945 -9.0669291 1.036811,
  1.7440945 -8.7519685 1.036811,0.87795276 -8.7519685 1.036811,
  0.87795276 -9.0669291 1.036811,0.68780988 -9.2128309 1.036811,
  0.70747531 -9.1653543 1.036811,0.73875851 -9.1245853 1.036811,
  0.77952756 -9.0933021 1.036811,0.82700412 -9.0736366 1.036811] }
 coordIndex [
  15,17,16,-1,1,18,17,-1,1,17,15,-1,14,19,18,-1,14,18,1,-1,0,14,1,-1,12,13,14,-1,11,12,14,-1,
  11,14,0,-1,6,5,4,-1,7,6,4,-1,8,7,4,-1,9,8,4,-1,10,9,4,-1,3,10,4,-1,2,4,11,-1,
  2,11,0,-1,2,3,4,-1]
  normalPerVertex TRUE
  normal DEF NORM_11 Normal { vector [
  0 0 1,0 0 1,
  0 0 1,0 0 1,
  0 0 1,0 0 1,
  0 0 1,0 0 1,
  0 0 1,0 0 1,
  0 0 1,0 0 1,
  0 0 1,0 0 1,
  0 0 1,0 0 1,
  0 0 1,0 0 1,
  0 0 1,0 0 1] }
}
}
DEF SHAPE_12 Shape {
 appearance USE APP_1
 geometry DEF FACE_12 IndexedFaceSet {
  coord DEF COORD_12 Coordinate { point [
  0.68110236 0.26377953 1.561811,0.68110236 0.26377953 0.51181102,
  0.68603781 0.21997619 0.51181102,0.70059668 0.17836934 0.51181102,
  0.72404892 0.14104531 0.51181102,0.75521854 0.10987569 0.51181102,
  0.79254257 0.086423451 0.51181102,0.83414942 0.071864584 0.51181102,
  0.87795276 0.066929134 0.51181102,0.87795276 0.066929134 1.036811,
  0.87795276 0.066929134 1.561811,0.68603781 0.21997619 1.561811,
  0.70059668 0.17836934 1.561811,0.72404892 0.14104531 1.561811,
  0.75521854 0.10987569 1.561811,0.79254257 0.086423451 1.561811,
  0.83414942 0.071864584 1.561811] }
 coordIndex [
  11,1,0,-1,11,2,1,-1,12,3,2,-1,12,2,11,-1,13,4,3,-1,13,3,12,-1,14,5,4,-1,14,4,13,-1,
  15,6,5,-1,15,7,6,-1,15,5,14,-1,9,8,7,-1,16,7,15,-1,16,9,7,-1,10,9,16,-1]
  normalPerVertex TRUE
  normal DEF NORM_12 Normal { vector [
  0.99371221 0.11196448 0,0.99371221 0.11196448 0,
  0.96588956 0.25895436 0,0.88404993 0.46739248 0,
  0.75788034 0.65239359 0,0.59370746 0.80468096 0,
  0.43388374 0.90096887 0,0.23818265 0.97122038 0,
  0.11196448 0.99371221 0,0.11196448 0.99371221 0,
  0.11196448 0.99371221 0,0.98259251 0.18577396 0,
  0.91661827 0.39976362 0,0.80468096 0.59370746 0,
  0.65239359 0.75788034 0,0.43388374 0.90096887 0,
  0.20050043 0.97969361 0] }
}
}
DEF SHAPE_13 Shape {
 appearance USE APP_1
 geometry DEF FACE_13 IndexedFaceSet {
  coord DEF COORD_13 Coordinate { point [
  3.5 0.5 0.51181102,2.3188976 0.5 0.51181102,
  3.5 0.5 1.561811,2.3188976 0.5 1.561811] }
 coordIndex [
  1,2,0,-1,1,3,2,-1]
  normalPerVertex TRUE
  normal DEF NORM_13 Normal { vector [
  0 1 0,0 1 0,
  0 1 0,0 1 0] }
}
}
DEF SHAPE_14 Shape {
 appearance USE APP_1
 geometry DEF FACE_14 IndexedFaceSet {
  coord DEF COORD_14 Coordinate { point [
  0.87795276 0.066929134 1.036811,1.7440945 0.066929134 1.036811,
  0.87795276 0.066929134 0.51181102,2.1220472 0.066929134 0.51181102,
  2.1220472 0.066929134 1.561811,1.7440945 0.066929134 1.561811] }
 coordIndex [
  1,2,0,-1,1,3,2,-1,4,1,5,-1,4,3,1,-1]
  normalPerVertex TRUE
  normal DEF NORM_14 Normal { vector [
  0 1 0,0 1 0,
  0 1 0,0 1 0,
  0 1 0,0 1 0] }
}
}
DEF SHAPE_15 Shape {
 appearance USE APP_1
 geometry DEF FACE_15 IndexedFaceSet {
  coord DEF COORD_15 Coordinate { point [
  2.3188976 0.26377953 1.561811,2.3188976 0.26377953 0.51181102,
  2.3188976 0.5 0.51181102,2.3188976 0.5 1.561811] }
 coordIndex [
  3,1,0,-1,3,2,1,-1]
  normalPerVertex TRUE
  normal DEF NORM_15 Normal { vector [
  -1 0 0,-1 0 0,
  -1 0 0,-1 0 0] }
}
}
DEF SHAPE_16 Shape {
 appearance USE APP_1
 geometry DEF FACE_16 IndexedFaceSet {
  coord DEF COORD_16 Coordinate { point [
  2.1220472 0.066929134 1.561811,2.1220472 0.066929134 0.51181102,
  2.1658506 0.071864584 0.51181102,2.2074574 0.086423451 0.51181102,
  2.2447815 0.10987569 0.51181102,2.2759511 0.14104531 0.51181102,
  2.2994033 0.17836934 0.51181102,2.3139622 0.21997619 0.51181102,
  2.3188976 0.26377953 0.51181102,2.3188976 0.26377953 1.561811,
  2.1658506 0.071864584 1.561811,2.2074574 0.086423451 1.561811,
  2.2447815 0.10987569 1.561811,2.2759511 0.14104531 1.561811,
  2.2994033 0.17836934 1.561811,2.3139622 0.21997619 1.561811] }
 coordIndex [
  10,1,0,-1,10,2,1,-1,11,3,2,-1,11,4,3,-1,11,2,10,-1,12,4,11,-1,13,5,4,-1,13,4,12,-1,
  14,6,5,-1,14,7,6,-1,14,5,13,-1,15,7,14,-1,9,8,7,-1,9,7,15,-1]
  normalPerVertex TRUE
  normal DEF NORM_16 Normal { vector [
  -0.11196448 0.99371221 0,-0.11196448 0.99371221 0,
  -0.25895436 0.96588956 0,-0.43388374 0.90096887 0,
  -0.6234898 0.78183148 0,-0.80468096 0.59370746 0,
  -0.90096887 0.43388374 0,-0.97492791 0.22252093 0,
  -0.99371221 0.11196448 0,-0.99371221 0.11196448 0,
  -0.18577396 0.98259251 0,-0.43388374 0.90096887 0,
  -0.6234898 0.78183148 0,-0.75788034 0.65239359 0,
  -0.90096887 0.43388374 0,-0.97492791 0.22252093 0] }
}
}
DEF SHAPE_17 Shape {
 appearance DEF APP_2 Appearance {
  material Material {
   ambientIntensity 0.122244
   diffuseColor 0.824 0.81999999 0.78100002
   emissiveColor 0 0 0
   shininess 0.1
   specularColor 0.12 0.12 0.12
   transparency 0
} }
 geometry DEF FACE_17 IndexedFaceSet {
  coord DEF COORD_17 Coordinate { point [
  3 -1.3393701 0.51181102,3.0878354 -1.3278063 0.51181102,
  3.169685 -1.2939031 0.51181102,3.2399709 -1.2399709 0.51181102,
  3.2939031 -1.169685 0.51181102,3.3278063 -1.0878354 0.51181102,
  3.3393701 -1 0.51181102,3.3278063 -0.91216456 0.51181102,
  3.2939031 -0.83031496 0.51181102,3.2399709 -0.76002912 0.51181102,
  3.169685 -0.70609689 0.51181102,3.0878354 -0.67219368 0.51181102,
  3 -0.66062992 0.51181102,2.9121646 -0.67219368 0.51181102,
  2.830315 -0.70609689 0.51181102,2.7600291 -0.76002912 0.51181102,
  2.7060969 -0.83031496 0.51181102,2.6721937 -0.91216456 0.51181102,
  2.6606299 -1 0.51181102,2.6721937 -1.0878354 0.51181102,
  2.7060969 -1.169685 0.51181102,2.7600291 -1.2399709 0.51181102,
  2.830315 -1.2939031 0.51181102,2.9121646 -1.3278063 0.51181102,
  3 -1.3 0.51181102,3.0776457 -1.2897777 0.51181102,
  3.15 -1.2598076 0.51181102,3.212132 -1.212132 0.51181102,
  3.2598076 -1.15 0.51181102,3.2897777 -1.0776457 0.51181102,
  3.3 -1 0.51181102,3.2897777 -0.92235429 0.51181102,
  3.2598076 -0.85 0.51181102,3.212132 -0.78786797 0.51181102,
  3.15 -0.74019238 0.51181102,3.0776457 -0.71022225 0.51181102,
  3 -0.7 0.51181102,2.9223543 -0.71022225 0.51181102,
  2.85 -0.74019238 0.51181102,2.787868 -0.78786797 0.51181102,
  2.7401924 -0.85 0.51181102,2.7102223 -0.92235429 0.51181102,
  2.7 -1 0.51181102,2.7102223 -1.0776457 0.51181102,
  2.7401924 -1.15 0.51181102,2.787868 -1.212132 0.51181102,
  2.85 -1.2598076 0.51181102,2.9223543 -1.2897777 0.51181102] }
 coordIndex [
  46,22,21,-1,46,21,45,-1,44,21,20,-1,44,45,21,-1,47,23,22,-1,47,22,46,-1,43,20,19,-1,43,44,20,-1,
  24,0,23,-1,24,23,47,-1,42,19,18,-1,42,43,19,-1,41,18,17,-1,41,42,18,-1,25,1,0,-1,25,0,24,-1,
  2,1,25,-1,40,17,16,-1,40,41,17,-1,26,2,25,-1,39,16,15,-1,39,40,16,-1,27,3,2,-1,27,2,26,-1,
  28,3,27,-1,14,38,39,-1,14,39,15,-1,4,3,28,-1,5,4,28,-1,5,28,29,-1,13,38,14,-1,13,37,38,-1,
  12,37,13,-1,12,36,37,-1,6,5,29,-1,6,29,30,-1,35,36,12,-1,7,6,30,-1,7,30,31,-1,11,35,12,-1,
  8,31,32,-1,8,7,31,-1,10,33,34,-1,10,34,35,-1,10,35,11,-1,9,32,33,-1,9,8,32,-1,9,33,10,-1]
  normalPerVertex TRUE
  normal DEF NORM_17 Normal { vector [
  0 0 -1,0 0 -1,
  0 0 -1,0 0 -1,
  0 0 -1,0 0 -1,
  0 0 -1,0 0 -1,
  0 0 -1,0 0 -1,
  0 0 -1,0 0 -1,
  0 0 -1,0 0 -1,
  0 0 -1,0 0 -1,
  0 0 -1,0 0 -1,
  0 0 -1,0 0 -1,
  0 0 -1,0 0 -1,
  0 0 -1,0 0 -1,
  0 0 -1,0 0 -1,
  0 0 -1,0 0 -1,
  0 0 -1,0 0 -1,
  0 0 -1,0 0 -1,
  0 0 -1,0 0 -1,
  0 0 -1,0 0 -1,
  0 0 -1,0 0 -1,
  0 0 -1,0 0 -1,
  0 0 -1,0 0 -1,
  0 0 -1,0 0 -1,
  0 0 -1,0 0 -1,
  0 0 -1,0 0 -1] }
}
}
DEF SHAPE_18 Shape {
 appearance USE APP_2
 geometry DEF FACE_18 IndexedFaceSet {
  coord DEF COORD_18 Coordinate { point [
  3 -2.3393701 0.51181102,3.0878354 -2.3278063 0.51181102,
  3.169685 -2.2939031 0.51181102,3.2399709 -2.2399709 0.51181102,
  3.2939031 -2.169685 0.51181102,3.3278063 -2.0878354 0.51181102,
  3.3393701 -2 0.51181102,3.3278063 -1.9121646 0.51181102,
  3.2939031 -1.830315 0.51181102,3.2399709 -1.7600291 0.51181102,
  3.169685 -1.7060969 0.51181102,3.0878354 -1.6721937 0.51181102,
  3 -1.6606299 0.51181102,2.9121646 -1.6721937 0.51181102,
  2.830315 -1.7060969 0.51181102,2.7600291 -1.7600291 0.51181102,
  2.7060969 -1.830315 0.51181102,2.6721937 -1.9121646 0.51181102,
  2.6606299 -2 0.51181102,2.6721937 -2.0878354 0.51181102,
  2.7060969 -2.169685 0.51181102,2.7600291 -2.2399709 0.51181102,
  2.830315 -2.2939031 0.51181102,2.9121646 -2.3278063 0.51181102,
  3 -2.3 0.51181102,3.0776457 -2.2897777 0.51181102,
  3.15 -2.2598076 0.51181102,3.212132 -2.212132 0.51181102,
  3.2598076 -2.15 0.51181102,3.2897777 -2.0776457 0.51181102,
  3.3 -2 0.51181102,3.2897777 -1.9223543 0.51181102,
  3.2598076 -1.85 0.51181102,3.212132 -1.787868 0.51181102,
  3.15 -1.7401924 0.51181102,3.0776457 -1.7102223 0.51181102,
  3 -1.7 0.51181102,2.9223543 -1.7102223 0.51181102,
  2.85 -1.7401924 0.51181102,2.787868 -1.787868 0.51181102,
  2.7401924 -1.85 0.51181102,2.7102223 -1.9223543 0.51181102,
  2.7 -2 0.51181102,2.7102223 -2.0776457 0.51181102,
  2.7401924 -2.15 0.51181102,2.787868 -2.212132 0.51181102,
  2.85 -2.2598076 0.51181102,2.9223543 -2.2897777 0.51181102] }
 coordIndex [
  46,22,21,-1,46,21,45,-1,44,21,20,-1,44,45,21,-1,47,23,22,-1,47,22,46,-1,43,20,19,-1,43,44,20,-1,
  24,0,23,-1,24,23,47,-1,42,19,18,-1,42,43,19,-1,41,18,17,-1,41,42,18,-1,25,1,0,-1,25,0,24,-1,
  40,17,16,-1,40,41,17,-1,26,2,1,-1,26,1,25,-1,39,16,15,-1,39,40,16,-1,27,3,2,-1,27,2,26,-1,
  14,38,39,-1,14,39,15,-1,4,27,28,-1,4,3,27,-1,13,38,14,-1,13,37,38,-1,5,4,28,-1,5,28,29,-1,
  12,37,13,-1,12,36,37,-1,6,5,29,-1,6,29,30,-1,35,36,12,-1,7,6,30,-1,7,30,31,-1,11,35,12,-1,
  8,31,32,-1,8,7,31,-1,10,33,34,-1,10,34,35,-1,10,35,11,-1,9,32,33,-1,9,33,10,-1,9,8,32,-1]
  normalPerVertex TRUE
  normal DEF NORM_18 Normal { vector [
  0 0 -1,0 0 -1,
  0 0 -1,0 0 -1,
  0 0 -1,0 0 -1,
  0 0 -1,0 0 -1,
  0 0 -1,0 0 -1,
  0 0 -1,0 0 -1,
  0 0 -1,0 0 -1,
  0 0 -1,0 0 -1,
  0 0 -1,0 0 -1,
  0 0 -1,0 0 -1,
  0 0 -1,0 0 -1,
  0 0 -1,0 0 -1,
  0 0 -1,0 0 -1,
  0 0 -1,0 0 -1,
  0 0 -1,0 0 -1,
  0 0 -1,0 0 -1,
  0 0 -1,0 0 -1,
  0 0 -1,0 0 -1,
  0 0 -1,0 0 -1,
  0 0 -1,0 0 -1,
  0 0 -1,0 0 -1,
  0 0 -1,0 0 -1,
  0 0 -1,0 0 -1,
  0 0 -1,0 0 -1] }
}
}
DEF SHAPE_19 Shape {
 appearance USE APP_2
 geometry DEF FACE_19 IndexedFaceSet {
  coord DEF COORD_19 Coordinate { point [
  3 -4.3393701 0.51181102,3.0878354 -4.3278063 0.51181102,
  3.169685 -4.2939031 0.51181102,3.2399709 -4.2399709 0.51181102,
  3.2939031 -4.169685 0.51181102,3.3278063 -4.0878354 0.51181102,
  3.3393701 -4 0.51181102,3.3278063 -3.9121646 0.51181102,
  3.2939031 -3.830315 0.51181102,3.2399709 -3.7600291 0.51181102,
  3.169685 -3.7060969 0.51181102,3.0878354 -3.6721937 0.51181102,
  3 -3.6606299 0.51181102,2.9121646 -3.6721937 0.51181102,
  2.830315 -3.7060969 0.51181102,2.7600291 -3.7600291 0.51181102,
  2.7060969 -3.830315 0.51181102,2.6721937 -3.9121646 0.51181102,
  2.6606299 -4 0.51181102,2.6721937 -4.0878354 0.51181102,
  2.7060969 -4.169685 0.51181102,2.7600291 -4.2399709 0.51181102,
  2.830315 -4.2939031 0.51181102,2.9121646 -4.3278063 0.51181102,
  3 -4.3 0.51181102,3.0776457 -4.2897777 0.51181102,
  3.15 -4.2598076 0.51181102,3.212132 -4.212132 0.51181102,
  3.2598076 -4.15 0.51181102,3.2897777 -4.0776457 0.51181102,
  3.3 -4 0.51181102,3.2897777 -3.9223543 0.51181102,
  3.2598076 -3.85 0.51181102,3.212132 -3.787868 0.51181102,
  3.15 -3.7401924 0.51181102,3.0776457 -3.7102223 0.51181102,
  3 -3.7 0.51181102,2.9223543 -3.7102223 0.51181102,
  2.85 -3.7401924 0.51181102,2.787868 -3.787868 0.51181102,
  2.7401924 -3.85 0.51181102,2.7102223 -3.9223543 0.51181102,
  2.7 -4 0.51181102,2.7102223 -4.0776457 0.51181102,
  2.7401924 -4.15 0.51181102,2.787868 -4.212132 0.51181102,
  2.85 -4.2598076 0.51181102,2.9223543 -4.2897777 0.51181102] }
 coordIndex [
  46,22,21,-1,46,21,45,-1,44,21,20,-1,44,45,21,-1,47,23,22,-1,47,22,46,-1,43,20,19,-1,43,44,20,-1,
  24,0,23,-1,24,23,47,-1,42,19,18,-1,42,43,19,-1,41,18,17,-1,41,42,18,-1,25,1,0,-1,25,0,24,-1,
  40,17,16,-1,40,41,17,-1,26,2,1,-1,26,1,25,-1,39,16,15,-1,39,40,16,-1,27,3,2,-1,27,2,26,-1,
  14,38,39,-1,14,39,15,-1,4,27,28,-1,4,3,27,-1,13,38,14,-1,13,37,38,-1,5,4,28,-1,5,28,29,-1,
  12,37,13,-1,12,36,37,-1,6,5,29,-1,6,29,30,-1,35,36,12,-1,7,6,30,-1,7,30,31,-1,11,35,12,-1,
  8,31,32,-1,8,7,31,-1,10,33,34,-1,10,34,35,-1,10,35,11,-1,9,32,33,-1,9,33,10,-1,9,8,32,-1]
  normalPerVertex TRUE
  normal DEF NORM_19 Normal { vector [
  0 0 -1,0 0 -1,
  0 0 -1,0 0 -1,
  0 0 -1,0 0 -1,
  0 0 -1,0 0 -1,
  0 0 -1,0 0 -1,
  0 0 -1,0 0 -1,
  0 0 -1,0 0 -1,
  0 0 -1,0 0 -1,
  0 0 -1,0 0 -1,
  0 0 -1,0 0 -1,
  0 0 -1,0 0 -1,
  0 0 -1,0 0 -1,
  0 0 -1,0 0 -1,
  0 0 -1,0 0 -1,
  0 0 -1,0 0 -1,
  0 0 -1,0 0 -1,
  0 0 -1,0 0 -1,
  0 0 -1,0 0 -1,
  0 0 -1,0 0 -1,
  0 0 -1,0 0 -1,
  0 0 -1,0 0 -1,
  0 0 -1,0 0 -1,
  0 0 -1,0 0 -1,
  0 0 -1,0 0 -1] }
}
}
DEF SHAPE_20 Shape {
 appearance USE APP_2
 geometry DEF FACE_20 IndexedFaceSet {
  coord DEF COORD_20 Coordinate { point [
  3 -3.3393701 0.51181102,3.0878354 -3.3278063 0.51181102,
  3.169685 -3.2939031 0.51181102,3.2399709 -3.2399709 0.51181102,
  3.2939031 -3.169685 0.51181102,3.3278063 -3.0878354 0.51181102,
  3.3393701 -3 0.51181102,3.3278063 -2.9121646 0.51181102,
  3.2939031 -2.830315 0.51181102,3.2399709 -2.7600291 0.51181102,
  3.169685 -2.7060969 0.51181102,3.0878354 -2.6721937 0.51181102,
  3 -2.6606299 0.51181102,2.9121646 -2.6721937 0.51181102,
  2.830315 -2.7060969 0.51181102,2.7600291 -2.7600291 0.51181102,
  2.7060969 -2.830315 0.51181102,2.6721937 -2.9121646 0.51181102,
  2.6606299 -3 0.51181102,2.6721937 -3.0878354 0.51181102,
  2.7060969 -3.169685 0.51181102,2.7600291 -3.2399709 0.51181102,
  2.830315 -3.2939031 0.51181102,2.9121646 -3.3278063 0.51181102,
  3 -3.3 0.51181102,3.0776457 -3.2897777 0.51181102,
  3.15 -3.2598076 0.51181102,3.212132 -3.212132 0.51181102,
  3.2598076 -3.15 0.51181102,3.2897777 -3.0776457 0.51181102,
  3.3 -3 0.51181102,3.2897777 -2.9223543 0.51181102,
  3.2598076 -2.85 0.51181102,3.212132 -2.787868 0.51181102,
  3.15 -2.7401924 0.51181102,3.0776457 -2.7102223 0.51181102,
  3 -2.7 0.51181102,2.9223543 -2.7102223 0.51181102,
  2.85 -2.7401924 0.51181102,2.787868 -2.787868 0.51181102,
  2.7401924 -2.85 0.51181102,2.7102223 -2.9223543 0.51181102,
  2.7 -3 0.51181102,2.7102223 -3.0776457 0.51181102,
  2.7401924 -3.15 0.51181102,2.787868 -3.212132 0.51181102,
  2.85 -3.2598076 0.51181102,2.9223543 -3.2897777 0.51181102] }
 coordIndex [
  46,22,21,-1,46,21,45,-1,44,21,20,-1,44,45,21,-1,47,23,22,-1,47,22,46,-1,43,20,19,-1,43,44,20,-1,
  42,19,18,-1,42,43,19,-1,24,0,23,-1,24,23,47,-1,41,18,17,-1,41,42,18,-1,25,1,0,-1,25,0,24,-1,
  40,17,16,-1,40,41,17,-1,26,2,1,-1,26,1,25,-1,39,16,15,-1,39,40,16,-1,27,3,2,-1,27,2,26,-1,
  14,38,39,-1,14,39,15,-1,4,27,28,-1,4,3,27,-1,37,38,14,-1,29,4,28,-1,13,37,14,-1,5,4,29,-1,
  12,37,13,-1,12,36,37,-1,6,5,29,-1,6,29,30,-1,11,36,12,-1,11,34,35,-1,11,35,36,-1,7,6,30,-1,
  7,30,31,-1,8,31,32,-1,8,32,33,-1,8,7,31,-1,10,34,11,-1,9,33,34,-1,9,34,10,-1,9,8,33,-1]
  normalPerVertex TRUE
  normal DEF NORM_20 Normal { vector [
  0 0 -1,0 0 -1,
  0 0 -1,0 0 -1,
  0 0 -1,0 0 -1,
  0 0 -1,0 0 -1,
  0 0 -1,0 0 -1,
  0 0 -1,0 0 -1,
  0 0 -1,0 0 -1,
  0 0 -1,0 0 -1,
  0 0 -1,0 0 -1,
  0 0 -1,0 0 -1,
  0 0 -1,0 0 -1,
  0 0 -1,0 0 -1,
  0 0 -1,0 0 -1,
  0 0 -1,0 0 -1,
  0 0 -1,0 0 -1,
  0 0 -1,0 0 -1,
  0 0 -1,0 0 -1,
  0 0 -1,0 0 -1,
  0 0 -1,0 0 -1,
  0 0 -1,0 0 -1,
  0 0 -1,0 0 -1,
  0 0 -1,0 0 -1,
  0 0 -1,0 0 -1,
  0 0 -1,0 0 -1] }
}
}
DEF SHAPE_21 Shape {
 appearance USE APP_2
 geometry DEF FACE_21 IndexedFaceSet {
  coord DEF COORD_21 Coordinate { point [
  0 -3.6606299 0.51181102,-0.08783544 -3.6721937 0.51181102,
  -0.16968504 -3.7060969 0.51181102,-0.23997088 -3.7600291 0.51181102,
  -0.29390311 -3.830315 0.51181102,-0.32780632 -3.9121646 0.51181102,
  -0.33937008 -4 0.51181102,-0.32780632 -4.0878354 0.51181102,
  -0.29390311 -4.169685 0.51181102,-0.23997088 -4.2399709 0.51181102,
  -0.16968504 -4.2939031 0.51181102,-0.08783544 -4.3278063 0.51181102,
  0 -4.3393701 0.51181102,0.08783544 -4.3278063 0.51181102,
  0.16968504 -4.2939031 0.51181102,0.23997088 -4.2399709 0.51181102,
  0.29390311 -4.169685 0.51181102,0.32780632 -4.0878354 0.51181102,
  0.33937008 -4 0.51181102,0.32780632 -3.9121646 0.51181102,
  0.29390311 -3.830315 0.51181102,0.23997088 -3.7600291 0.51181102,
  0.16968504 -3.7060969 0.51181102,0.08783544 -3.6721937 0.51181102,
  0 -3.7 0.51181102,-0.077645714 -3.7102223 0.51181102,
  -0.15 -3.7401924 0.51181102,-0.21213203 -3.787868 0.51181102,
  -0.25980762 -3.85 0.51181102,-0.28977775 -3.9223543 0.51181102,
  -0.3 -4 0.51181102,-0.28977775 -4.0776457 0.51181102,
  -0.25980762 -4.15 0.51181102,-0.21213203 -4.212132 0.51181102,
  -0.15 -4.2598076 0.51181102,-0.077645714 -4.2897777 0.51181102,
  0 -4.3 0.51181102,0.077645714 -4.2897777 0.51181102,
  0.15 -4.2598076 0.51181102,0.21213203 -4.212132 0.51181102,
  0.25980762 -4.15 0.51181102,0.28977775 -4.0776457 0.51181102,
  0.3 -4 0.51181102,0.28977775 -3.9223543 0.51181102,
  0.25980762 -3.85 0.51181102,0.21213203 -3.787868 0.51181102,
  0.15 -3.7401924 0.51181102,0.077645714 -3.7102223 0.51181102] }
 coordIndex [
  46,22,21,-1,46,21,45,-1,44,21,20,-1,44,45,21,-1,47,23,22,-1,47,22,46,-1,43,20,19,-1,43,44,20,-1,
  24,0,23,-1,24,23,47,-1,42,19,18,-1,42,43,19,-1,41,18,17,-1,41,42,18,-1,25,1,0,-1,25,0,24,-1,
  2,1,25,-1,40,17,16,-1,40,41,17,-1,26,2,25,-1,39,16,15,-1,39,40,16,-1,27,3,2,-1,27,2,26,-1,
  28,3,27,-1,14,38,39,-1,14,39,15,-1,4,3,28,-1,29,4,28,-1,5,4,29,-1,13,38,14,-1,13,37,38,-1,
  12,37,13,-1,12,36,37,-1,6,5,29,-1,6,29,30,-1,7,6,30,-1,7,30,31,-1,11,35,36,-1,11,36,12,-1,
  8,31,32,-1,8,7,31,-1,10,34,35,-1,10,35,11,-1,9,32,33,-1,9,33,34,-1,9,8,32,-1,9,34,10,-1]
  normalPerVertex TRUE
  normal DEF NORM_21 Normal { vector [
  0 0 -1,0 0 -1,
  0 0 -1,0 0 -1,
  0 0 -1,0 0 -1,
  0 0 -1,0 0 -1,
  0 0 -1,0 0 -1,
  0 0 -1,0 0 -1,
  0 0 -1,0 0 -1,
  0 0 -1,0 0 -1,
  0 0 -1,0 0 -1,
  0 0 -1,0 0 -1,
  0 0 -1,0 0 -1,
  0 0 -1,0 0 -1,
  0 0 -1,0 0 -1,
  0 0 -1,0 0 -1,
  0 0 -1,0 0 -1,
  0 0 -1,0 0 -1,
  0 0 -1,0 0 -1,
  0 0 -1,0 0 -1,
  0 0 -1,0 0 -1,
  0 0 -1,0 0 -1,
  0 0 -1,0 0 -1,
  0 0 -1,0 0 -1,
  0 0 -1,0 0 -1,
  0 0 -1,0 0 -1] }
}
}
DEF SHAPE_22 Shape {
 appearance USE APP_2
 geometry DEF FACE_22 IndexedFaceSet {
  coord DEF COORD_22 Coordinate { point [
  0 -2.6606299 0.51181102,-0.08783544 -2.6721937 0.51181102,
  -0.16968504 -2.7060969 0.51181102,-0.23997088 -2.7600291 0.51181102,
  -0.29390311 -2.830315 0.51181102,-0.32780632 -2.9121646 0.51181102,
  -0.33937008 -3 0.51181102,-0.32780632 -3.0878354 0.51181102,
  -0.29390311 -3.169685 0.51181102,-0.23997088 -3.2399709 0.51181102,
  -0.16968504 -3.2939031 0.51181102,-0.08783544 -3.3278063 0.51181102,
  0 -3.3393701 0.51181102,0.08783544 -3.3278063 0.51181102,
  0.16968504 -3.2939031 0.51181102,0.23997088 -3.2399709 0.51181102,
  0.29390311 -3.169685 0.51181102,0.32780632 -3.0878354 0.51181102,
  0.33937008 -3 0.51181102,0.32780632 -2.9121646 0.51181102,
  0.29390311 -2.830315 0.51181102,0.23997088 -2.7600291 0.51181102,
  0.16968504 -2.7060969 0.51181102,0.08783544 -2.6721937 0.51181102,
  0 -2.7 0.51181102,-0.077645714 -2.7102223 0.51181102,
  -0.15 -2.7401924 0.51181102,-0.21213203 -2.787868 0.51181102,
  -0.25980762 -2.85 0.51181102,-0.28977775 -2.9223543 0.51181102,
  -0.3 -3 0.51181102,-0.28977775 -3.0776457 0.51181102,
  -0.25980762 -3.15 0.51181102,-0.21213203 -3.212132 0.51181102,
  -0.15 -3.2598076 0.51181102,-0.077645714 -3.2897777 0.51181102,
  0 -3.3 0.51181102,0.077645714 -3.2897777 0.51181102,
  0.15 -3.2598076 0.51181102,0.21213203 -3.212132 0.51181102,
  0.25980762 -3.15 0.51181102,0.28977775 -3.0776457 0.51181102,
  0.3 -3 0.51181102,0.28977775 -2.9223543 0.51181102,
  0.25980762 -2.85 0.51181102,0.21213203 -2.787868 0.51181102,
  0.15 -2.7401924 0.51181102,0.077645714 -2.7102223 0.51181102] }
 coordIndex [
  46,22,21,-1,46,21,45,-1,44,21,20,-1,44,45,21,-1,47,23,22,-1,47,22,46,-1,43,20,19,-1,43,44,20,-1,
  24,0,23,-1,24,23,47,-1,42,19,18,-1,42,43,19,-1,25,1,0,-1,25,0,24,-1,41,18,17,-1,41,42,18,-1,
  2,1,25,-1,40,17,16,-1,40,41,17,-1,26,2,25,-1,39,16,15,-1,39,40,16,-1,27,3,2,-1,27,2,26,-1,
  4,3,27,-1,4,27,28,-1,14,39,15,-1,14,38,39,-1,5,4,28,-1,5,28,29,-1,13,37,38,-1,13,38,14,-1,
  6,5,29,-1,6,29,30,-1,12,36,37,-1,12,37,13,-1,7,6,30,-1,7,30,31,-1,11,36,12,-1,11,35,36,-1,
  8,7,31,-1,8,31,32,-1,10,34,35,-1,10,35,11,-1,9,34,10,-1,9,32,33,-1,9,33,34,-1,9,8,32,-1]
  normalPerVertex TRUE
  normal DEF NORM_22 Normal { vector [
  0 0 -1,0 0 -1,
  0 0 -1,0 0 -1,
  0 0 -1,0 0 -1,
  0 0 -1,0 0 -1,
  0 0 -1,0 0 -1,
  0 0 -1,0 0 -1,
  0 0 -1,0 0 -1,
  0 0 -1,0 0 -1,
  0 0 -1,0 0 -1,
  0 0 -1,0 0 -1,
  0 0 -1,0 0 -1,
  0 0 -1,0 0 -1,
  0 0 -1,0 0 -1,
  0 0 -1,0 0 -1,
  0 0 -1,0 0 -1,
  0 0 -1,0 0 -1,
  0 0 -1,0 0 -1,
  0 0 -1,0 0 -1,
  0 0 -1,0 0 -1,
  0 0 -1,0 0 -1,
  0 0 -1,0 0 -1,
  0 0 -1,0 0 -1,
  0 0 -1,0 0 -1,
  0 0 -1,0 0 -1] }
}
}
DEF SHAPE_23 Shape {
 appearance USE APP_2
 geometry DEF FACE_23 IndexedFaceSet {
  coord DEF COORD_23 Coordinate { point [
  0 -0.66062992 0.51181102,-0.08783544 -0.67219368 0.51181102,
  -0.16968504 -0.70609689 0.51181102,-0.23997088 -0.76002912 0.51181102,
  -0.29390311 -0.83031496 0.51181102,-0.32780632 -0.91216456 0.51181102,
  -0.33937008 -1 0.51181102,-0.32780632 -1.0878354 0.51181102,
  -0.29390311 -1.169685 0.51181102,-0.23997088 -1.2399709 0.51181102,
  -0.16968504 -1.2939031 0.51181102,-0.08783544 -1.3278063 0.51181102,
  0 -1.3393701 0.51181102,0.08783544 -1.3278063 0.51181102,
  0.16968504 -1.2939031 0.51181102,0.23997088 -1.2399709 0.51181102,
  0.29390311 -1.169685 0.51181102,0.32780632 -1.0878354 0.51181102,
  0.33937008 -1 0.51181102,0.32780632 -0.91216456 0.51181102,
  0.29390311 -0.83031496 0.51181102,0.23997088 -0.76002912 0.51181102,
  0.16968504 -0.70609689 0.51181102,0.08783544 -0.67219368 0.51181102,
  0 -0.7 0.51181102,-0.077645714 -0.71022225 0.51181102,
  -0.15 -0.74019238 0.51181102,-0.21213203 -0.78786797 0.51181102,
  -0.25980762 -0.85 0.51181102,-0.28977775 -0.92235429 0.51181102,
  -0.3 -1 0.51181102,-0.28977775 -1.0776457 0.51181102,
  -0.25980762 -1.15 0.51181102,-0.21213203 -1.212132 0.51181102,
  -0.15 -1.2598076 0.51181102,-0.077645714 -1.2897777 0.51181102,
  0 -1.3 0.51181102,0.077645714 -1.2897777 0.51181102,
  0.15 -1.2598076 0.51181102,0.21213203 -1.212132 0.51181102,
  0.25980762 -1.15 0.51181102,0.28977775 -1.0776457 0.51181102,
  0.3 -1 0.51181102,0.28977775 -0.92235429 0.51181102,
  0.25980762 -0.85 0.51181102,0.21213203 -0.78786797 0.51181102,
  0.15 -0.74019238 0.51181102,0.077645714 -0.71022225 0.51181102] }
 coordIndex [
  46,22,21,-1,46,21,45,-1,44,21,20,-1,44,45,21,-1,47,23,22,-1,47,22,46,-1,43,20,19,-1,43,44,20,-1,
  24,0,23,-1,24,23,47,-1,42,19,18,-1,42,43,19,-1,25,1,0,-1,25,0,24,-1,41,18,17,-1,41,42,18,-1,
  40,17,16,-1,40,41,17,-1,26,2,1,-1,26,1,25,-1,39,16,15,-1,39,40,16,-1,27,3,2,-1,27,2,26,-1,
  14,38,39,-1,14,39,15,-1,4,27,28,-1,4,3,27,-1,5,28,29,-1,5,4,28,-1,13,38,14,-1,13,37,38,-1,
  12,37,13,-1,12,36,37,-1,6,5,29,-1,6,29,30,-1,7,6,30,-1,7,30,31,-1,11,36,12,-1,11,35,36,-1,
  8,31,32,-1,8,7,31,-1,10,34,35,-1,10,35,11,-1,9,32,33,-1,9,34,10,-1,9,33,34,-1,9,8,32,-1]
  normalPerVertex TRUE
  normal DEF NORM_23 Normal { vector [
  0 0 -1,0 0 -1,
  0 0 -1,0 0 -1,
  0 0 -1,0 0 -1,
  0 0 -1,0 0 -1,
  0 0 -1,0 0 -1,
  0 0 -1,0 0 -1,
  0 0 -1,0 0 -1,
  0 0 -1,0 0 -1,
  0 0 -1,0 0 -1,
  0 0 -1,0 0 -1,
  0 0 -1,0 0 -1,
  0 0 -1,0 0 -1,
  0 0 -1,0 0 -1,
  0 0 -1,0 0 -1,
  0 0 -1,0 0 -1,
  0 0 -1,0 0 -1,
  0 0 -1,0 0 -1,
  0 0 -1,0 0 -1,
  0 0 -1,0 0 -1,
  0 0 -1,0 0 -1,
  0 0 -1,0 0 -1,
  0 0 -1,0 0 -1,
  0 0 -1,0 0 -1,
  0 0 -1,0 0 -1] }
}
}
DEF SHAPE_24 Shape {
 appearance USE APP_2
 geometry DEF FACE_24 IndexedFaceSet {
  coord DEF COORD_24 Coordinate { point [
  0 -1.6606299 0.51181102,-0.08783544 -1.6721937 0.51181102,
  -0.16968504 -1.7060969 0.51181102,-0.23997088 -1.7600291 0.51181102,
  -0.29390311 -1.830315 0.51181102,-0.32780632 -1.9121646 0.51181102,
  -0.33937008 -2 0.51181102,-0.32780632 -2.0878354 0.51181102,
  -0.29390311 -2.169685 0.51181102,-0.23997088 -2.2399709 0.51181102,
  -0.16968504 -2.2939031 0.51181102,-0.08783544 -2.3278063 0.51181102,
  0 -2.3393701 0.51181102,0.08783544 -2.3278063 0.51181102,
  0.16968504 -2.2939031 0.51181102,0.23997088 -2.2399709 0.51181102,
  0.29390311 -2.169685 0.51181102,0.32780632 -2.0878354 0.51181102,
  0.33937008 -2 0.51181102,0.32780632 -1.9121646 0.51181102,
  0.29390311 -1.830315 0.51181102,0.23997088 -1.7600291 0.51181102,
  0.16968504 -1.7060969 0.51181102,0.08783544 -1.6721937 0.51181102,
  0 -1.7 0.51181102,-0.077645714 -1.7102223 0.51181102,
  -0.15 -1.7401924 0.51181102,-0.21213203 -1.787868 0.51181102,
  -0.25980762 -1.85 0.51181102,-0.28977775 -1.9223543 0.51181102,
  -0.3 -2 0.51181102,-0.28977775 -2.0776457 0.51181102,
  -0.25980762 -2.15 0.51181102,-0.21213203 -2.212132 0.51181102,
  -0.15 -2.2598076 0.51181102,-0.077645714 -2.2897777 0.51181102,
  0 -2.3 0.51181102,0.077645714 -2.2897777 0.51181102,
  0.15 -2.2598076 0.51181102,0.21213203 -2.212132 0.51181102,
  0.25980762 -2.15 0.51181102,0.28977775 -2.0776457 0.51181102,
  0.3 -2 0.51181102,0.28977775 -1.9223543 0.51181102,
  0.25980762 -1.85 0.51181102,0.21213203 -1.787868 0.51181102,
  0.15 -1.7401924 0.51181102,0.077645714 -1.7102223 0.51181102] }
 coordIndex [
  46,22,21,-1,46,21,45,-1,44,21,20,-1,44,45,21,-1,47,23,22,-1,47,22,46,-1,43,20,19,-1,43,44,20,-1,
  24,0,23,-1,24,23,47,-1,42,19,18,-1,42,43,19,-1,41,18,17,-1,41,42,18,-1,25,1,0,-1,25,0,24,-1,
  2,1,25,-1,40,17,16,-1,40,41,17,-1,26,2,25,-1,39,16,15,-1,39,40,16,-1,27,3,2,-1,27,2,26,-1,
  28,3,27,-1,14,38,39,-1,14,39,15,-1,4,3,28,-1,29,4,28,-1,5,4,29,-1,13,38,14,-1,13,37,38,-1,
  12,37,13,-1,12,36,37,-1,6,5,29,-1,6,29,30,-1,7,6,30,-1,7,30,31,-1,11,35,36,-1,11,36,12,-1,
  8,31,32,-1,8,7,31,-1,10,34,35,-1,10,35,11,-1,9,32,33,-1,9,33,34,-1,9,8,32,-1,9,34,10,-1]
  normalPerVertex TRUE
  normal DEF NORM_24 Normal { vector [
  0 0 -1,0 0 -1,
  0 0 -1,0 0 -1,
  0 0 -1,0 0 -1,
  0 0 -1,0 0 -1,
  0 0 -1,0 0 -1,
  0 0 -1,0 0 -1,
  0 0 -1,0 0 -1,
  0 0 -1,0 0 -1,
  0 0 -1,0 0 -1,
  0 0 -1,0 0 -1,
  0 0 -1,0 0 -1,
  0 0 -1,0 0 -1,
  0 0 -1,0 0 -1,
  0 0 -1,0 0 -1,
  0 0 -1,0 0 -1,
  0 0 -1,0 0 -1,
  0 0 -1,0 0 -1,
  0 0 -1,0 0 -1,
  0 0 -1,0 0 -1,
  0 0 -1,0 0 -1,
  0 0 -1,0 0 -1,
  0 0 -1,0 0 -1,
  0 0 -1,0 0 -1,
  0 0 -1,0 0 -1] }
}
}
DEF SHAPE_25 Shape {
 appearance USE APP_1
 geometry DEF FACE_25 IndexedFaceSet {
  coord DEF COORD_25 Coordinate { point [
  2.3188976 -5.2874016 0.51181102,2.3188976 -5.2874016 1.036811,
  2.3188976 -8.5551181 0.51181102,2.3188976 -8.5551181 1.561811,
  2.3188976 -0.87795276 1.561811,2.3188976 -0.87795276 0.51181102,
  2.3188976 -4.1456693 0.51181102,2.3188976 -4.1456693 1.036811] }
 coordIndex [
  7,4,5,-1,6,7,5,-1,2,1,0,-1,2,3,1,-1,3,4,7,-1,3,7,1,-1]
  normalPerVertex TRUE
  normal DEF NORM_25 Normal { vector [
  -1 0 0,-1 0 0,
  -1 0 0,-1 0 0,
  -1 0 0,-1 0 0,
  -1 0 0,-1 0 0] }
}
}
DEF SHAPE_26 Shape {
 appearance USE APP_1
 geometry DEF FACE_26 IndexedFaceSet {
  coord DEF COORD_26 Coordinate { point [
  2.3188976 -0.87795276 1.561811,2.3121901 -0.82700412 1.561811,
  2.2925247 -0.77952756 1.561811,2.2612415 -0.73875851 1.561811,
  2.2204724 -0.70747531 1.561811,2.1729959 -0.68780988 1.561811,
  2.1220472 -0.68110236 1.561811,2.3188976 -0.87795276 0.51181102,
  2.1220472 -0.68110236 0.51181102,2.1729959 -0.68780988 0.51181102,
  2.2204724 -0.70747531 0.51181102,2.2612415 -0.73875851 0.51181102,
  2.2925247 -0.77952756 0.51181102,2.3121901 -0.82700412 0.51181102] }
 coordIndex [
  8,5,6,-1,9,4,5,-1,9,5,8,-1,10,3,4,-1,10,4,9,-1,11,2,3,-1,11,3,10,-1,12,1,2,-1,
  12,2,11,-1,13,0,1,-1,13,1,12,-1,7,0,13,-1]
  normalPerVertex TRUE
  normal DEF NORM_26 Normal { vector [
  -0.99144486 -0.13052619 0,-0.95364993 -0.30091828 0,
  -0.84327172 -0.5374875 0,-0.67542593 -0.73742784 0,
  -0.46155098 -0.88711369 0,-0.21622209 -0.9763442 0,
  -0.13052619 -0.99144486 0,-0.99144486 -0.13052619 0,
  -0.13052619 -0.99144486 0,-0.30091828 -0.95364993 0,
  -0.5374875 -0.84327172 0,-0.73742784 -0.67542593 0,
  -0.88711369 -0.46155098 0,-0.9763442 -0.21622209 0] }
}
}
DEF SHAPE_27 Shape {
 appearance USE APP_1
 geometry DEF FACE_27 IndexedFaceSet {
  coord DEF COORD_27 Coordinate { point [
  2.3188976 -4.1456693 0.51181102,2.3188976 -4.1456693 1.036811,
  2.3139622 -4.1894726 1.036811,2.2994033 -4.2310795 1.036811,
  2.2759511 -4.2684035 1.036811,2.2447815 -4.2995731 1.036811,
  2.2074574 -4.3230254 1.036811,2.1658506 -4.3375842 1.036811,
  2.1220472 -4.3425197 1.036811,2.1220472 -4.3425197 0.51181102,
  2.3139622 -4.1894726 0.51181102,2.2994033 -4.2310795 0.51181102,
  2.2759511 -4.2684035 0.51181102,2.2447815 -4.2995731 0.51181102,
  2.2074574 -4.3230254 0.51181102,2.1658506 -4.3375842 0.51181102] }
 coordIndex [
  10,1,0,-1,10,2,1,-1,11,3,2,-1,11,2,10,-1,12,4,3,-1,12,3,11,-1,13,5,4,-1,13,4,12,-1,
  14,6,5,-1,14,5,13,-1,15,7,6,-1,15,6,14,-1,9,8,7,-1,9,7,15,-1]
  normalPerVertex TRUE
  normal DEF NORM_27 Normal { vector [
  -0.99371221 0.11196448 0,-0.99371221 0.11196448 0,
  -0.96588956 0.25895436 0,-0.88404993 0.46739248 0,
  -0.75788034 0.65239359 0,-0.59370746 0.80468096 0,
  -0.39976362 0.91661827 0,-0.18577396 0.98259251 0,
  -0.11196448 0.99371221 0,-0.11196448 0.99371221 0,
  -0.98259251 0.18577396 0,-0.91661827 0.39976362 0,
  -0.80468096 0.59370746 0,-0.65239359 0.75788034 0,
  -0.46739248 0.88404993 0,-0.25895436 0.96588956 0] }
}
}
DEF SHAPE_28 Shape {
 appearance USE APP_1
 geometry DEF FACE_28 IndexedFaceSet {
  coord DEF COORD_28 Coordinate { point [
  0.87795276 -0.68110236 1.036811,0.87795276 -0.68110236 0.51181102,
  2.1220472 -0.68110236 0.51181102,2.1220472 -0.68110236 1.561811,
  1.7440945 -0.68110236 1.561811,1.7440945 -0.68110236 1.036811] }
 coordIndex [
  3,5,2,-1,1,2,5,-1,4,5,3,-1,0,1,5,-1]
  normalPerVertex TRUE
  normal DEF NORM_28 Normal { vector [
  0 -1 0,0 -1 0,
  0 -1 0,0 -1 0,
  0 -1 0,0 -1 0] }
}
}
DEF SHAPE_29 Shape {
 appearance USE APP_1
 geometry DEF FACE_29 IndexedFaceSet {
  coord DEF COORD_29 Coordinate { point [
  2.1220472 -4.3425197 0.51181102,2.1220472 -4.3425197 1.036811,
  0.87795276 -4.3425197 1.036811,0.87795276 -4.3425197 0.51181102] }
 coordIndex [
  3,1,0,-1,3,2,1,-1]
  normalPerVertex TRUE
  normal DEF NORM_29 Normal { vector [
  0 1 0,0 1 0,
  0 1 0,0 1 0] }
}
}
DEF SHAPE_30 Shape {
 appearance USE APP_1
 geometry DEF FACE_30 IndexedFaceSet {
  coord DEF COORD_30 Coordinate { point [
  0.87795276 -0.68110236 1.561811,0.82700412 -0.68780988 1.561811,
  0.77952756 -0.70747531 1.561811,0.73875851 -0.73875851 1.561811,
  0.70747531 -0.77952756 1.561811,0.68780988 -0.82700412 1.561811,
  0.68110236 -0.87795276 1.561811,0.87795276 -0.68110236 1.036811,
  0.87795276 -0.68110236 0.51181102,0.68110236 -0.87795276 0.51181102,
  0.68780988 -0.82700412 0.51181102,0.70747531 -0.77952756 0.51181102,
  0.73875851 -0.73875851 0.51181102,0.77952756 -0.70747531 0.51181102,
  0.82700412 -0.68780988 0.51181102] }
 coordIndex [
  9,5,6,-1,10,4,5,-1,10,5,9,-1,11,3,4,-1,11,4,10,-1,12,2,3,-1,12,3,11,-1,13,1,2,-1,
  13,2,12,-1,14,1,13,-1,7,0,1,-1,7,1,14,-1,8,7,14,-1]
  normalPerVertex TRUE
  normal DEF NORM_30 Normal { vector [
  0.13052619 -0.99144486 0,0.27693672 -0.96088816 0,
  0.5374875 -0.84327172 0,0.73742784 -0.67542593 0,
  0.88711369 -0.46155098 0,0.9763442 -0.21622209 0,
  0.99144486 -0.13052619 0,0.13052619 -0.99144486 0,
  0.13052619 -0.99144486 0,0.99144486 -0.13052619 0,
  0.95364993 -0.30091828 0,0.84327172 -0.5374875 0,
  0.67542593 -0.73742784 0,0.46155098 -0.88711369 0,
  0.23330488 -0.97240364 0] }
}
}
DEF SHAPE_31 Shape {
 appearance USE APP_1
 geometry DEF FACE_31 IndexedFaceSet {
  coord DEF COORD_31 Coordinate { point [
  0.87795276 -4.3425197 0.51181102,0.87795276 -4.3425197 1.036811,
  0.83414942 -4.3375842 1.036811,0.79254257 -4.3230254 1.036811,
  0.75521854 -4.2995731 1.036811,0.72404892 -4.2684035 1.036811,
  0.70059668 -4.2310795 1.036811,0.68603781 -4.1894726 1.036811,
  0.68110236 -4.1456693 1.036811,0.68110236 -4.1456693 0.51181102,
  0.83414942 -4.3375842 0.51181102,0.79254257 -4.3230254 0.51181102,
  0.75521854 -4.2995731 0.51181102,0.72404892 -4.2684035 0.51181102,
  0.70059668 -4.2310795 0.51181102,0.68603781 -4.1894726 0.51181102] }
 coordIndex [
  10,1,0,-1,10,2,1,-1,11,3,2,-1,11,2,10,-1,12,4,3,-1,12,3,11,-1,13,5,4,-1,13,4,12,-1,
  14,6,5,-1,14,5,13,-1,15,7,6,-1,15,8,7,-1,15,6,14,-1,9,8,15,-1]
  normalPerVertex TRUE
  normal DEF NORM_31 Normal { vector [
  0.11196448 0.99371221 0,0.11196448 0.99371221 0,
  0.25895436 0.96588956 0,0.46739248 0.88404993 0,
  0.65239359 0.75788034 0,0.80468096 0.59370746 0,
  0.91661827 0.39976362 0,0.97492791 0.22252093 0,
  0.99371221 0.11196448 0,0.99371221 0.11196448 0,
  0.18577396 0.98259251 0,0.39976362 0.91661827 0,
  0.59370746 0.80468096 0,0.75788034 0.65239359 0,
  0.88404993 0.46739248 0,0.97492791 0.22252093 0] }
}
}
DEF SHAPE_32 Shape {
 appearance USE APP_1
 geometry DEF FACE_32 IndexedFaceSet {
  coord DEF COORD_32 Coordinate { point [
  0.68110236 -8.5551181 0.51181102,0.68110236 -5.2874016 0.51181102,
  0.68110236 -5.2874016 1.036811,0.68110236 -4.1456693 1.036811,
  0.68110236 -4.1456693 0.51181102,0.68110236 -0.87795276 0.51181102,
  0.68110236 -0.87795276 1.561811,0.68110236 -8.5551181 1.561811] }
 coordIndex [
  3,4,5,-1,3,5,6,-1,0,1,2,-1,7,0,2,-1,6,7,2,-1,6,2,3,-1]
  normalPerVertex TRUE
  normal DEF NORM_32 Normal { vector [
  1 0 0,1 0 0,
  1 0 0,1 0 0,
  1 0 0,1 0 0,
  1 0 0,1 0 0] }
}
}
DEF SHAPE_33 Shape {
 appearance USE APP_2
 geometry DEF FACE_33 IndexedFaceSet {
  coord DEF COORD_33 Coordinate { point [
  3 -0.33937008 0.51181102,3.0878354 -0.32780632 0.51181102,
  3.169685 -0.29390311 0.51181102,3.2399709 -0.23997088 0.51181102,
  3.2939031 -0.16968504 0.51181102,3.3278063 -0.08783544 0.51181102,
  3.3393701 0 0.51181102,3.3278063 0.08783544 0.51181102,
  3.2939031 0.16968504 0.51181102,3.2399709 0.23997088 0.51181102,
  3.169685 0.29390311 0.51181102,3.0878354 0.32780632 0.51181102,
  3 0.33937008 0.51181102,2.9121646 0.32780632 0.51181102,
  2.830315 0.29390311 0.51181102,2.7600291 0.23997088 0.51181102,
  2.7060969 0.16968504 0.51181102,2.6721937 0.08783544 0.51181102,
  2.6606299 0 0.51181102,2.6721937 -0.08783544 0.51181102,
  2.7060969 -0.16968504 0.51181102,2.7600291 -0.23997088 0.51181102,
  2.830315 -0.29390311 0.51181102,2.9121646 -0.32780632 0.51181102,
  3 -0.3 0.51181102,3.0776457 -0.28977775 0.51181102,
  3.15 -0.25980762 0.51181102,3.212132 -0.21213203 0.51181102,
  3.2598076 -0.15 0.51181102,3.2897777 -0.077645714 0.51181102,
  3.3 0 0.51181102,3.2897777 0.077645714 0.51181102,
  3.2598076 0.15 0.51181102,3.212132 0.21213203 0.51181102,
  3.15 0.25980762 0.51181102,3.0776457 0.28977775 0.51181102,
  3 0.3 0.51181102,2.9223543 0.28977775 0.51181102,
  2.85 0.25980762 0.51181102,2.787868 0.21213203 0.51181102,
  2.7401924 0.15 0.51181102,2.7102223 0.077645714 0.51181102,
  2.7 0 0.51181102,2.7102223 -0.077645714 0.51181102,
  2.7401924 -0.15 0.51181102,2.787868 -0.21213203 0.51181102,
  2.85 -0.25980762 0.51181102,2.9223543 -0.28977775 0.51181102] }
 coordIndex [
  46,22,21,-1,46,21,45,-1,44,21,20,-1,44,45,21,-1,47,23,22,-1,47,22,46,-1,43,20,19,-1,43,44,20,-1,
  24,0,23,-1,24,23,47,-1,42,19,18,-1,42,43,19,-1,25,1,0,-1,25,0,24,-1,41,18,17,-1,41,42,18,-1,
  26,2,1,-1,26,1,25,-1,40,17,16,-1,40,41,17,-1,27,3,2,-1,27,2,26,-1,39,16,15,-1,39,40,16,-1,
  28,3,27,-1,38,39,15,-1,4,3,28,-1,14,38,15,-1,5,4,28,-1,5,28,29,-1,13,38,14,-1,13,37,38,-1,
  36,37,13,-1,6,5,29,-1,6,29,30,-1,12,36,13,-1,7,6,30,-1,7,30,31,-1,11,36,12,-1,11,35,36,-1,
  8,31,32,-1,8,32,33,-1,8,7,31,-1,10,34,35,-1,10,35,11,-1,9,33,34,-1,9,34,10,-1,9,8,33,-1]
  normalPerVertex TRUE
  normal DEF NORM_33 Normal { vector [
  0 0 -1,0 0 -1,
  0 0 -1,0 0 -1,
  0 0 -1,0 0 -1,
  0 0 -1,0 0 -1,
  0 0 -1,0 0 -1,
  0 0 -1,0 0 -1,
  0 0 -1,0 0 -1,
  0 0 -1,0 0 -1,
  0 0 -1,0 0 -1,
  0 0 -1,0 0 -1,
  0 0 -1,0 0 -1,
  0 0 -1,0 0 -1,
  0 0 -1,0 0 -1,
  0 0 -1,0 0 -1,
  0 0 -1,0 0 -1,
  0 0 -1,0 0 -1,
  0 0 -1,0 0 -1,
  0 0 -1,0 0 -1,
  0 0 -1,0 0 -1,
  0 0 -1,0 0 -1,
  0 0 -1,0 0 -1,
  0 0 -1,0 0 -1,
  0 0 -1,0 0 -1,
  0 0 -1,0 0 -1] }
}
}
DEF SHAPE_34 Shape {
 appearance USE APP_2
 geometry DEF FACE_34 IndexedFaceSet {
  coord DEF COORD_34 Coordinate { point [
  0 0.33937008 0.51181102,-0.08783544 0.32780632 0.51181102,
  -0.16968504 0.29390311 0.51181102,-0.23997088 0.23997088 0.51181102,
  -0.29390311 0.16968504 0.51181102,-0.32780632 0.08783544 0.51181102,
  -0.33937008 0 0.51181102,-0.32780632 -0.08783544 0.51181102,
  -0.29390311 -0.16968504 0.51181102,-0.23997088 -0.23997088 0.51181102,
  -0.16968504 -0.29390311 0.51181102,-0.08783544 -0.32780632 0.51181102,
  0 -0.33937008 0.51181102,0.08783544 -0.32780632 0.51181102,
  0.16968504 -0.29390311 0.51181102,0.23997088 -0.23997088 0.51181102,
  0.29390311 -0.16968504 0.51181102,0.32780632 -0.08783544 0.51181102,
  0.33937008 0 0.51181102,0.32780632 0.08783544 0.51181102,
  0.29390311 0.16968504 0.51181102,0.23997088 0.23997088 0.51181102,
  0.16968504 0.29390311 0.51181102,0.08783544 0.32780632 0.51181102,
  0 0.3 0.51181102,-0.077645714 0.28977775 0.51181102,
  -0.15 0.25980762 0.51181102,-0.21213203 0.21213203 0.51181102,
  -0.25980762 0.15 0.51181102,-0.28977775 0.077645714 0.51181102,
  -0.3 0 0.51181102,-0.28977775 -0.077645714 0.51181102,
  -0.25980762 -0.15 0.51181102,-0.21213203 -0.21213203 0.51181102,
  -0.15 -0.25980762 0.51181102,-0.077645714 -0.28977775 0.51181102,
  0 -0.3 0.51181102,0.077645714 -0.28977775 0.51181102,
  0.15 -0.25980762 0.51181102,0.21213203 -0.21213203 0.51181102,
  0.25980762 -0.15 0.51181102,0.28977775 -0.077645714 0.51181102,
  0.3 0 0.51181102,0.28977775 0.077645714 0.51181102,
  0.25980762 0.15 0.51181102,0.21213203 0.21213203 0.51181102,
  0.15 0.25980762 0.51181102,0.077645714 0.28977775 0.51181102] }
 coordIndex [
  46,22,21,-1,46,21,45,-1,44,21,20,-1,44,45,21,-1,47,23,22,-1,47,22,46,-1,43,20,19,-1,43,44,20,-1,
  24,0,23,-1,24,23,47,-1,42,19,18,-1,42,43,19,-1,25,1,0,-1,25,0,24,-1,41,18,17,-1,41,42,18,-1,
  26,2,1,-1,26,1,25,-1,40,17,16,-1,40,41,17,-1,3,2,26,-1,27,3,26,-1,39,16,15,-1,39,40,16,-1,
  38,39,15,-1,4,3,27,-1,4,27,28,-1,14,38,15,-1,5,4,28,-1,5,28,29,-1,13,38,14,-1,13,37,38,-1,
  36,37,13,-1,6,5,29,-1,6,29,30,-1,12,36,13,-1,7,30,31,-1,7,6,30,-1,11,36,12,-1,11,35,36,-1,
  8,31,32,-1,8,32,33,-1,8,7,31,-1,10,33,34,-1,10,34,35,-1,10,35,11,-1,9,33,10,-1,9,8,33,-1]
  normalPerVertex TRUE
  normal DEF NORM_34 Normal { vector [
  0 0 -1,0 0 -1,
  0 0 -1,0 0 -1,
  0 0 -1,0 0 -1,
  0 0 -1,0 0 -1,
  0 0 -1,0 0 -1,
  0 0 -1,0 0 -1,
  0 0 -1,0 0 -1,
  0 0 -1,0 0 -1,
  0 0 -1,0 0 -1,
  0 0 -1,0 0 -1,
  0 0 -1,0 0 -1,
  0 0 -1,0 0 -1,
  0 0 -1,0 0 -1,
  0 0 -1,0 0 -1,
  0 0 -1,0 0 -1,
  0 0 -1,0 0 -1,
  0 0 -1,0 0 -1,
  0 0 -1,0 0 -1,
  0 0 -1,0 0 -1,
  0 0 -1,0 0 -1,
  0 0 -1,0 0 -1,
  0 0 -1,0 0 -1,
  0 0 -1,0 0 -1,
  0 0 -1,0 0 -1] }
}
}
DEF SHAPE_35 Shape {
 appearance USE APP_2
 geometry DEF FACE_35 IndexedFaceSet {
  coord DEF COORD_35 Coordinate { point [
  0 -8.6606299 0.51181102,-0.08783544 -8.6721937 0.51181102,
  -0.16968504 -8.7060969 0.51181102,-0.23997088 -8.7600291 0.51181102,
  -0.29390311 -8.830315 0.51181102,-0.32780632 -8.9121646 0.51181102,
  -0.33937008 -9 0.51181102,-0.32780632 -9.0878354 0.51181102,
  -0.29390311 -9.169685 0.51181102,-0.23997088 -9.2399709 0.51181102,
  -0.16968504 -9.2939031 0.51181102,-0.08783544 -9.3278063 0.51181102,
  0 -9.3393701 0.51181102,0.08783544 -9.3278063 0.51181102,
  0.16968504 -9.2939031 0.51181102,0.23997088 -9.2399709 0.51181102,
  0.29390311 -9.169685 0.51181102,0.32780632 -9.0878354 0.51181102,
  0.33937008 -9 0.51181102,0.32780632 -8.9121646 0.51181102,
  0.29390311 -8.830315 0.51181102,0.23997088 -8.7600291 0.51181102,
  0.16968504 -8.7060969 0.51181102,0.08783544 -8.6721937 0.51181102,
  0 -8.7 0.51181102,-0.077645714 -8.7102223 0.51181102,
  -0.15 -8.7401924 0.51181102,-0.21213203 -8.787868 0.51181102,
  -0.25980762 -8.85 0.51181102,-0.28977775 -8.9223543 0.51181102,
  -0.3 -9 0.51181102,-0.28977775 -9.0776457 0.51181102,
  -0.25980762 -9.15 0.51181102,-0.21213203 -9.212132 0.51181102,
  -0.15 -9.2598076 0.51181102,-0.077645714 -9.2897777 0.51181102,
  0 -9.3 0.51181102,0.077645714 -9.2897777 0.51181102,
  0.15 -9.2598076 0.51181102,0.21213203 -9.212132 0.51181102,
  0.25980762 -9.15 0.51181102,0.28977775 -9.0776457 0.51181102,
  0.3 -9 0.51181102,0.28977775 -8.9223543 0.51181102,
  0.25980762 -8.85 0.51181102,0.21213203 -8.787868 0.51181102,
  0.15 -8.7401924 0.51181102,0.077645714 -8.7102223 0.51181102] }
 coordIndex [
  46,22,21,-1,46,21,45,-1,44,21,20,-1,44,45,21,-1,47,23,22,-1,47,22,46,-1,43,20,19,-1,43,44,20,-1,
  24,0,23,-1,24,23,47,-1,42,19,18,-1,42,43,19,-1,41,18,17,-1,41,42,18,-1,25,1,0,-1,25,0,24,-1,
  2,1,25,-1,40,17,16,-1,40,41,17,-1,26,2,25,-1,39,16,15,-1,39,40,16,-1,27,3,2,-1,27,2,26,-1,
  14,38,39,-1,14,39,15,-1,4,27,28,-1,4,3,27,-1,5,4,28,-1,5,28,29,-1,13,37,38,-1,13,38,14,-1,
  12,37,13,-1,12,36,37,-1,6,5,29,-1,6,29,30,-1,7,6,30,-1,7,30,31,-1,11,34,35,-1,11,35,36,-1,
  11,36,12,-1,8,7,31,-1,8,31,32,-1,10,34,11,-1,9,32,33,-1,9,33,34,-1,9,8,32,-1,9,34,10,-1]
  normalPerVertex TRUE
  normal DEF NORM_35 Normal { vector [
  0 0 -1,0 0 -1,
  0 0 -1,0 0 -1,
  0 0 -1,0 0 -1,
  0 0 -1,0 0 -1,
  0 0 -1,0 0 -1,
  0 0 -1,0 0 -1,
  0 0 -1,0 0 -1,
  0 0 -1,0 0 -1,
  0 0 -1,0 0 -1,
  0 0 -1,0 0 -1,
  0 0 -1,0 0 -1,
  0 0 -1,0 0 -1,
  0 0 -1,0 0 -1,
  0 0 -1,0 0 -1,
  0 0 -1,0 0 -1,
  0 0 -1,0 0 -1,
  0 0 -1,0 0 -1,
  0 0 -1,0 0 -1,
  0 0 -1,0 0 -1,
  0 0 -1,0 0 -1,
  0 0 -1,0 0 -1,
  0 0 -1,0 0 -1,
  0 0 -1,0 0 -1,
  0 0 -1,0 0 -1] }
}
}
DEF SHAPE_36 Shape {
 appearance USE APP_2
 geometry DEF FACE_36 IndexedFaceSet {
  coord DEF COORD_36 Coordinate { point [
  0 -7.6606299 0.51181102,-0.08783544 -7.6721937 0.51181102,
  -0.16968504 -7.7060969 0.51181102,-0.23997088 -7.7600291 0.51181102,
  -0.29390311 -7.830315 0.51181102,-0.32780632 -7.9121646 0.51181102,
  -0.33937008 -8 0.51181102,-0.32780632 -8.0878354 0.51181102,
  -0.29390311 -8.169685 0.51181102,-0.23997088 -8.2399709 0.51181102,
  -0.16968504 -8.2939031 0.51181102,-0.08783544 -8.3278063 0.51181102,
  0 -8.3393701 0.51181102,0.08783544 -8.3278063 0.51181102,
  0.16968504 -8.2939031 0.51181102,0.23997088 -8.2399709 0.51181102,
  0.29390311 -8.169685 0.51181102,0.32780632 -8.0878354 0.51181102,
  0.33937008 -8 0.51181102,0.32780632 -7.9121646 0.51181102,
  0.29390311 -7.830315 0.51181102,0.23997088 -7.7600291 0.51181102,
  0.16968504 -7.7060969 0.51181102,0.08783544 -7.6721937 0.51181102,
  0 -7.7 0.51181102,-0.077645714 -7.7102223 0.51181102,
  -0.15 -7.7401924 0.51181102,-0.21213203 -7.787868 0.51181102,
  -0.25980762 -7.85 0.51181102,-0.28977775 -7.9223543 0.51181102,
  -0.3 -8 0.51181102,-0.28977775 -8.0776457 0.51181102,
  -0.25980762 -8.15 0.51181102,-0.21213203 -8.212132 0.51181102,
  -0.15 -8.2598076 0.51181102,-0.077645714 -8.2897777 0.51181102,
  0 -8.3 0.51181102,0.077645714 -8.2897777 0.51181102,
  0.15 -8.2598076 0.51181102,0.21213203 -8.212132 0.51181102,
  0.25980762 -8.15 0.51181102,0.28977775 -8.0776457 0.51181102,
  0.3 -8 0.51181102,0.28977775 -7.9223543 0.51181102,
  0.25980762 -7.85 0.51181102,0.21213203 -7.787868 0.51181102,
  0.15 -7.7401924 0.51181102,0.077645714 -7.7102223 0.51181102] }
 coordIndex [
  46,22,21,-1,46,21,45,-1,44,21,20,-1,44,45,21,-1,47,23,22,-1,47,22,46,-1,43,20,19,-1,43,44,20,-1,
  24,0,23,-1,24,23,47,-1,42,19,18,-1,42,43,19,-1,41,18,17,-1,41,42,18,-1,25,1,0,-1,25,0,24,-1,
  2,1,25,-1,40,17,16,-1,40,41,17,-1,26,2,25,-1,39,16,15,-1,39,40,16,-1,27,3,2,-1,27,2,26,-1,
  14,38,39,-1,14,39,15,-1,4,27,28,-1,4,3,27,-1,5,4,28,-1,5,28,29,-1,13,37,38,-1,13,38,14,-1,
  12,37,13,-1,12,36,37,-1,6,5,29,-1,6,29,30,-1,7,6,30,-1,7,30,31,-1,11,34,35,-1,11,35,36,-1,
  11,36,12,-1,8,7,31,-1,8,31,32,-1,10,34,11,-1,9,32,33,-1,9,33,34,-1,9,8,32,-1,9,34,10,-1]
  normalPerVertex TRUE
  normal DEF NORM_36 Normal { vector [
  0 0 -1,0 0 -1,
  0 0 -1,0 0 -1,
  0 0 -1,0 0 -1,
  0 0 -1,0 0 -1,
  0 0 -1,0 0 -1,
  0 0 -1,0 0 -1,
  0 0 -1,0 0 -1,
  0 0 -1,0 0 -1,
  0 0 -1,0 0 -1,
  0 0 -1,0 0 -1,
  0 0 -1,0 0 -1,
  0 0 -1,0 0 -1,
  0 0 -1,0 0 -1,
  0 0 -1,0 0 -1,
  0 0 -1,0 0 -1,
  0 0 -1,0 0 -1,
  0 0 -1,0 0 -1,
  0 0 -1,0 0 -1,
  0 0 -1,0 0 -1,
  0 0 -1,0 0 -1,
  0 0 -1,0 0 -1,
  0 0 -1,0 0 -1,
  0 0 -1,0 0 -1,
  0 0 -1,0 0 -1] }
}
}
DEF SHAPE_37 Shape {
 appearance USE APP_2
 geometry DEF FACE_37 IndexedFaceSet {
  coord DEF COORD_37 Coordinate { point [
  0 -6.6606299 0.51181102,-0.08783544 -6.6721937 0.51181102,
  -0.16968504 -6.7060969 0.51181102,-0.23997088 -6.7600291 0.51181102,
  -0.29390311 -6.830315 0.51181102,-0.32780632 -6.9121646 0.51181102,
  -0.33937008 -7 0.51181102,-0.32780632 -7.0878354 0.51181102,
  -0.29390311 -7.169685 0.51181102,-0.23997088 -7.2399709 0.51181102,
  -0.16968504 -7.2939031 0.51181102,-0.08783544 -7.3278063 0.51181102,
  0 -7.3393701 0.51181102,0.08783544 -7.3278063 0.51181102,
  0.16968504 -7.2939031 0.51181102,0.23997088 -7.2399709 0.51181102,
  0.29390311 -7.169685 0.51181102,0.32780632 -7.0878354 0.51181102,
  0.33937008 -7 0.51181102,0.32780632 -6.9121646 0.51181102,
  0.29390311 -6.830315 0.51181102,0.23997088 -6.7600291 0.51181102,
  0.16968504 -6.7060969 0.51181102,0.08783544 -6.6721937 0.51181102,
  0 -6.7 0.51181102,-0.077645714 -6.7102223 0.51181102,
  -0.15 -6.7401924 0.51181102,-0.21213203 -6.787868 0.51181102,
  -0.25980762 -6.85 0.51181102,-0.28977775 -6.9223543 0.51181102,
  -0.3 -7 0.51181102,-0.28977775 -7.0776457 0.51181102,
  -0.25980762 -7.15 0.51181102,-0.21213203 -7.212132 0.51181102,
  -0.15 -7.2598076 0.51181102,-0.077645714 -7.2897777 0.51181102,
  0 -7.3 0.51181102,0.077645714 -7.2897777 0.51181102,
  0.15 -7.2598076 0.51181102,0.21213203 -7.212132 0.51181102,
  0.25980762 -7.15 0.51181102,0.28977775 -7.0776457 0.51181102,
  0.3 -7 0.51181102,0.28977775 -6.9223543 0.51181102,
  0.25980762 -6.85 0.51181102,0.21213203 -6.787868 0.51181102,
  0.15 -6.7401924 0.51181102,0.077645714 -6.7102223 0.51181102] }
 coordIndex [
  46,22,21,-1,46,21,45,-1,44,21,20,-1,44,45,21,-1,47,23,22,-1,47,22,46,-1,43,20,19,-1,43,44,20,-1,
  24,0,23,-1,24,23,47,-1,42,19,18,-1,42,43,19,-1,41,18,17,-1,41,42,18,-1,25,1,0,-1,25,0,24,-1,
  2,1,25,-1,40,17,16,-1,40,41,17,-1,26,2,25,-1,39,16,15,-1,39,40,16,-1,27,3,2,-1,27,2,26,-1,
  14,38,39,-1,14,39,15,-1,4,27,28,-1,4,3,27,-1,5,4,28,-1,5,28,29,-1,13,37,38,-1,13,38,14,-1,
  12,37,13,-1,12,36,37,-1,6,5,29,-1,6,29,30,-1,7,6,30,-1,7,30,31,-1,11,34,35,-1,11,35,36,-1,
  11,36,12,-1,8,7,31,-1,8,31,32,-1,10,34,11,-1,9,32,33,-1,9,33,34,-1,9,8,32,-1,9,34,10,-1]
  normalPerVertex TRUE
  normal DEF NORM_37 Normal { vector [
  0 0 -1,0 0 -1,
  0 0 -1,0 0 -1,
  0 0 -1,0 0 -1,
  0 0 -1,0 0 -1,
  0 0 -1,0 0 -1,
  0 0 -1,0 0 -1,
  0 0 -1,0 0 -1,
  0 0 -1,0 0 -1,
  0 0 -1,0 0 -1,
  0 0 -1,0 0 -1,
  0 0 -1,0 0 -1,
  0 0 -1,0 0 -1,
  0 0 -1,0 0 -1,
  0 0 -1,0 0 -1,
  0 0 -1,0 0 -1,
  0 0 -1,0 0 -1,
  0 0 -1,0 0 -1,
  0 0 -1,0 0 -1,
  0 0 -1,0 0 -1,
  0 0 -1,0 0 -1,
  0 0 -1,0 0 -1,
  0 0 -1,0 0 -1,
  0 0 -1,0 0 -1,
  0 0 -1,0 0 -1] }
}
}
DEF SHAPE_38 Shape {
 appearance USE APP_2
 geometry DEF FACE_38 IndexedFaceSet {
  coord DEF COORD_38 Coordinate { point [
  3 -7.3393701 0.51181102,3.0878354 -7.3278063 0.51181102,
  3.169685 -7.2939031 0.51181102,3.2399709 -7.2399709 0.51181102,
  3.2939031 -7.169685 0.51181102,3.3278063 -7.0878354 0.51181102,
  3.3393701 -7 0.51181102,3.3278063 -6.9121646 0.51181102,
  3.2939031 -6.830315 0.51181102,3.2399709 -6.7600291 0.51181102,
  3.169685 -6.7060969 0.51181102,3.0878354 -6.6721937 0.51181102,
  3 -6.6606299 0.51181102,2.9121646 -6.6721937 0.51181102,
  2.830315 -6.7060969 0.51181102,2.7600291 -6.7600291 0.51181102,
  2.7060969 -6.830315 0.51181102,2.6721937 -6.9121646 0.51181102,
  2.6606299 -7 0.51181102,2.6721937 -7.0878354 0.51181102,
  2.7060969 -7.169685 0.51181102,2.7600291 -7.2399709 0.51181102,
  2.830315 -7.2939031 0.51181102,2.9121646 -7.3278063 0.51181102,
  3 -7.3 0.51181102,3.0776457 -7.2897777 0.51181102,
  3.15 -7.2598076 0.51181102,3.212132 -7.212132 0.51181102,
  3.2598076 -7.15 0.51181102,3.2897777 -7.0776457 0.51181102,
  3.3 -7 0.51181102,3.2897777 -6.9223543 0.51181102,
  3.2598076 -6.85 0.51181102,3.212132 -6.787868 0.51181102,
  3.15 -6.7401924 0.51181102,3.0776457 -6.7102223 0.51181102,
  3 -6.7 0.51181102,2.9223543 -6.7102223 0.51181102,
  2.85 -6.7401924 0.51181102,2.787868 -6.787868 0.51181102,
  2.7401924 -6.85 0.51181102,2.7102223 -6.9223543 0.51181102,
  2.7 -7 0.51181102,2.7102223 -7.0776457 0.51181102,
  2.7401924 -7.15 0.51181102,2.787868 -7.212132 0.51181102,
  2.85 -7.2598076 0.51181102,2.9223543 -7.2897777 0.51181102] }
 coordIndex [
  46,22,21,-1,46,21,45,-1,44,21,20,-1,44,45,21,-1,47,23,22,-1,47,22,46,-1,43,20,19,-1,43,44,20,-1,
  24,0,23,-1,24,23,47,-1,42,19,18,-1,42,43,19,-1,41,18,17,-1,41,42,18,-1,25,1,0,-1,25,0,24,-1,
  40,17,16,-1,40,41,17,-1,26,2,1,-1,26,1,25,-1,39,16,15,-1,39,40,16,-1,27,3,2,-1,27,2,26,-1,
  28,3,27,-1,14,38,39,-1,14,39,15,-1,4,3,28,-1,29,4,28,-1,13,38,14,-1,13,37,38,-1,5,4,29,-1,
  36,37,13,-1,12,36,13,-1,6,5,29,-1,6,29,30,-1,31,6,30,-1,35,36,12,-1,7,6,31,-1,11,35,12,-1,
  8,31,32,-1,8,7,31,-1,10,34,35,-1,10,35,11,-1,9,32,33,-1,9,33,34,-1,9,34,10,-1,9,8,32,-1]
  normalPerVertex TRUE
  normal DEF NORM_38 Normal { vector [
  0 0 -1,0 0 -1,
  0 0 -1,0 0 -1,
  0 0 -1,0 0 -1,
  0 0 -1,0 0 -1,
  0 0 -1,0 0 -1,
  0 0 -1,0 0 -1,
  0 0 -1,0 0 -1,
  0 0 -1,0 0 -1,
  0 0 -1,0 0 -1,
  0 0 -1,0 0 -1,
  0 0 -1,0 0 -1,
  0 0 -1,0 0 -1,
  0 0 -1,0 0 -1,
  0 0 -1,0 0 -1,
  0 0 -1,0 0 -1,
  0 0 -1,0 0 -1,
  0 0 -1,0 0 -1,
  0 0 -1,0 0 -1,
  0 0 -1,0 0 -1,
  0 0 -1,0 0 -1,
  0 0 -1,0 0 -1,
  0 0 -1,0 0 -1,
  0 0 -1,0 0 -1,
  0 0 -1,0 0 -1] }
}
}
DEF SHAPE_39 Shape {
 appearance USE APP_2
 geometry DEF FACE_39 IndexedFaceSet {
  coord DEF COORD_39 Coordinate { point [
  3 -9.3393701 0.51181102,3.0878354 -9.3278063 0.51181102,
  3.169685 -9.2939031 0.51181102,3.2399709 -9.2399709 0.51181102,
  3.2939031 -9.169685 0.51181102,3.3278063 -9.0878354 0.51181102,
  3.3393701 -9 0.51181102,3.3278063 -8.9121646 0.51181102,
  3.2939031 -8.830315 0.51181102,3.2399709 -8.7600291 0.51181102,
  3.169685 -8.7060969 0.51181102,3.0878354 -8.6721937 0.51181102,
  3 -8.6606299 0.51181102,2.9121646 -8.6721937 0.51181102,
  2.830315 -8.7060969 0.51181102,2.7600291 -8.7600291 0.51181102,
  2.7060969 -8.830315 0.51181102,2.6721937 -8.9121646 0.51181102,
  2.6606299 -9 0.51181102,2.6721937 -9.0878354 0.51181102,
  2.7060969 -9.169685 0.51181102,2.7600291 -9.2399709 0.51181102,
  2.830315 -9.2939031 0.51181102,2.9121646 -9.3278063 0.51181102,
  3 -9.3 0.51181102,3.0776457 -9.2897777 0.51181102,
  3.15 -9.2598076 0.51181102,3.212132 -9.212132 0.51181102,
  3.2598076 -9.15 0.51181102,3.2897777 -9.0776457 0.51181102,
  3.3 -9 0.51181102,3.2897777 -8.9223543 0.51181102,
  3.2598076 -8.85 0.51181102,3.212132 -8.787868 0.51181102,
  3.15 -8.7401924 0.51181102,3.0776457 -8.7102223 0.51181102,
  3 -8.7 0.51181102,2.9223543 -8.7102223 0.51181102,
  2.85 -8.7401924 0.51181102,2.787868 -8.787868 0.51181102,
  2.7401924 -8.85 0.51181102,2.7102223 -8.9223543 0.51181102,
  2.7 -9 0.51181102,2.7102223 -9.0776457 0.51181102,
  2.7401924 -9.15 0.51181102,2.787868 -9.212132 0.51181102,
  2.85 -9.2598076 0.51181102,2.9223543 -9.2897777 0.51181102] }
 coordIndex [
  46,22,21,-1,46,21,45,-1,44,21,20,-1,44,45,21,-1,47,23,22,-1,47,22,46,-1,43,20,19,-1,43,44,20,-1,
  24,0,23,-1,24,23,47,-1,42,19,18,-1,42,43,19,-1,41,18,17,-1,41,42,18,-1,25,1,0,-1,25,0,24,-1,
  40,17,16,-1,40,41,17,-1,26,2,1,-1,26,1,25,-1,39,16,15,-1,39,40,16,-1,27,3,2,-1,27,2,26,-1,
  28,3,27,-1,14,38,39,-1,14,39,15,-1,4,3,28,-1,29,4,28,-1,13,38,14,-1,13,37,38,-1,5,4,29,-1,
  36,37,13,-1,12,36,13,-1,6,5,29,-1,6,29,30,-1,31,6,30,-1,35,36,12,-1,7,6,31,-1,11,35,12,-1,
  8,31,32,-1,8,7,31,-1,10,34,35,-1,10,35,11,-1,9,32,33,-1,9,33,34,-1,9,34,10,-1,9,8,32,-1]
  normalPerVertex TRUE
  normal DEF NORM_39 Normal { vector [
  0 0 -1,0 0 -1,
  0 0 -1,0 0 -1,
  0 0 -1,0 0 -1,
  0 0 -1,0 0 -1,
  0 0 -1,0 0 -1,
  0 0 -1,0 0 -1,
  0 0 -1,0 0 -1,
  0 0 -1,0 0 -1,
  0 0 -1,0 0 -1,
  0 0 -1,0 0 -1,
  0 0 -1,0 0 -1,
  0 0 -1,0 0 -1,
  0 0 -1,0 0 -1,
  0 0 -1,0 0 -1,
  0 0 -1,0 0 -1,
  0 0 -1,0 0 -1,
  0 0 -1,0 0 -1,
  0 0 -1,0 0 -1,
  0 0 -1,0 0 -1,
  0 0 -1,0 0 -1,
  0 0 -1,0 0 -1,
  0 0 -1,0 0 -1,
  0 0 -1,0 0 -1,
  0 0 -1,0 0 -1] }
}
}
DEF SHAPE_40 Shape {
 appearance USE APP_2
 geometry DEF FACE_40 IndexedFaceSet {
  coord DEF COORD_40 Coordinate { point [
  3 -8.3393701 0.51181102,3.0878354 -8.3278063 0.51181102,
  3.169685 -8.2939031 0.51181102,3.2399709 -8.2399709 0.51181102,
  3.2939031 -8.169685 0.51181102,3.3278063 -8.0878354 0.51181102,
  3.3393701 -8 0.51181102,3.3278063 -7.9121646 0.51181102,
  3.2939031 -7.830315 0.51181102,3.2399709 -7.7600291 0.51181102,
  3.169685 -7.7060969 0.51181102,3.0878354 -7.6721937 0.51181102,
  3 -7.6606299 0.51181102,2.9121646 -7.6721937 0.51181102,
  2.830315 -7.7060969 0.51181102,2.7600291 -7.7600291 0.51181102,
  2.7060969 -7.830315 0.51181102,2.6721937 -7.9121646 0.51181102,
  2.6606299 -8 0.51181102,2.6721937 -8.0878354 0.51181102,
  2.7060969 -8.169685 0.51181102,2.7600291 -8.2399709 0.51181102,
  2.830315 -8.2939031 0.51181102,2.9121646 -8.3278063 0.51181102,
  3 -8.3 0.51181102,3.0776457 -8.2897777 0.51181102,
  3.15 -8.2598076 0.51181102,3.212132 -8.212132 0.51181102,
  3.2598076 -8.15 0.51181102,3.2897777 -8.0776457 0.51181102,
  3.3 -8 0.51181102,3.2897777 -7.9223543 0.51181102,
  3.2598076 -7.85 0.51181102,3.212132 -7.787868 0.51181102,
  3.15 -7.7401924 0.51181102,3.0776457 -7.7102223 0.51181102,
  3 -7.7 0.51181102,2.9223543 -7.7102223 0.51181102,
  2.85 -7.7401924 0.51181102,2.787868 -7.787868 0.51181102,
  2.7401924 -7.85 0.51181102,2.7102223 -7.9223543 0.51181102,
  2.7 -8 0.51181102,2.7102223 -8.0776457 0.51181102,
  2.7401924 -8.15 0.51181102,2.787868 -8.212132 0.51181102,
  2.85 -8.2598076 0.51181102,2.9223543 -8.2897777 0.51181102] }
 coordIndex [
  46,22,21,-1,46,21,45,-1,44,21,20,-1,44,45,21,-1,47,23,22,-1,47,22,46,-1,43,20,19,-1,43,44,20,-1,
  24,0,23,-1,24,23,47,-1,42,19,18,-1,42,43,19,-1,41,18,17,-1,41,42,18,-1,25,1,0,-1,25,0,24,-1,
  40,17,16,-1,40,41,17,-1,26,2,1,-1,26,1,25,-1,39,16,15,-1,39,40,16,-1,27,3,2,-1,27,2,26,-1,
  28,3,27,-1,14,38,39,-1,14,39,15,-1,4,3,28,-1,29,4,28,-1,13,38,14,-1,13,37,38,-1,5,4,29,-1,
  36,37,13,-1,12,36,13,-1,6,5,29,-1,6,29,30,-1,31,6,30,-1,35,36,12,-1,7,6,31,-1,11,35,12,-1,
  8,31,32,-1,8,7,31,-1,10,34,35,-1,10,35,11,-1,9,32,33,-1,9,33,34,-1,9,34,10,-1,9,8,32,-1]
  normalPerVertex TRUE
  normal DEF NORM_40 Normal { vector [
  0 0 -1,0 0 -1,
  0 0 -1,0 0 -1,
  0 0 -1,0 0 -1,
  0 0 -1,0 0 -1,
  0 0 -1,0 0 -1,
  0 0 -1,0 0 -1,
  0 0 -1,0 0 -1,
  0 0 -1,0 0 -1,
  0 0 -1,0 0 -1,
  0 0 -1,0 0 -1,
  0 0 -1,0 0 -1,
  0 0 -1,0 0 -1,
  0 0 -1,0 0 -1,
  0 0 -1,0 0 -1,
  0 0 -1,0 0 -1,
  0 0 -1,0 0 -1,
  0 0 -1,0 0 -1,
  0 0 -1,0 0 -1,
  0 0 -1,0 0 -1,
  0 0 -1,0 0 -1,
  0 0 -1,0 0 -1,
  0 0 -1,0 0 -1,
  0 0 -1,0 0 -1,
  0 0 -1,0 0 -1] }
}
}
DEF SHAPE_41 Shape {
 appearance USE APP_2
 geometry DEF FACE_41 IndexedFaceSet {
  coord DEF COORD_41 Coordinate { point [
  3 -5.3393701 0.51181102,3.0878354 -5.3278063 0.51181102,
  3.169685 -5.2939031 0.51181102,3.2399709 -5.2399709 0.51181102,
  3.2939031 -5.169685 0.51181102,3.3278063 -5.0878354 0.51181102,
  3.3393701 -5 0.51181102,3.3278063 -4.9121646 0.51181102,
  3.2939031 -4.830315 0.51181102,3.2399709 -4.7600291 0.51181102,
  3.169685 -4.7060969 0.51181102,3.0878354 -4.6721937 0.51181102,
  3 -4.6606299 0.51181102,2.9121646 -4.6721937 0.51181102,
  2.830315 -4.7060969 0.51181102,2.7600291 -4.7600291 0.51181102,
  2.7060969 -4.830315 0.51181102,2.6721937 -4.9121646 0.51181102,
  2.6606299 -5 0.51181102,2.6721937 -5.0878354 0.51181102,
  2.7060969 -5.169685 0.51181102,2.7600291 -5.2399709 0.51181102,
  2.830315 -5.2939031 0.51181102,2.9121646 -5.3278063 0.51181102,
  3 -5.3 0.51181102,3.0776457 -5.2897777 0.51181102,
  3.15 -5.2598076 0.51181102,3.212132 -5.212132 0.51181102,
  3.2598076 -5.15 0.51181102,3.2897777 -5.0776457 0.51181102,
  3.3 -5 0.51181102,3.2897777 -4.9223543 0.51181102,
  3.2598076 -4.85 0.51181102,3.212132 -4.787868 0.51181102,
  3.15 -4.7401924 0.51181102,3.0776457 -4.7102223 0.51181102,
  3 -4.7 0.51181102,2.9223543 -4.7102223 0.51181102,
  2.85 -4.7401924 0.51181102,2.787868 -4.787868 0.51181102,
  2.7401924 -4.85 0.51181102,2.7102223 -4.9223543 0.51181102,
  2.7 -5 0.51181102,2.7102223 -5.0776457 0.51181102,
  2.7401924 -5.15 0.51181102,2.787868 -5.212132 0.51181102,
  2.85 -5.2598076 0.51181102,2.9223543 -5.2897777 0.51181102] }
 coordIndex [
  46,22,21,-1,46,21,45,-1,44,21,20,-1,44,45,21,-1,47,23,22,-1,47,22,46,-1,43,20,19,-1,43,44,20,-1,
  24,0,23,-1,24,23,47,-1,42,19,18,-1,42,43,19,-1,41,18,17,-1,41,42,18,-1,25,1,0,-1,25,0,24,-1,
  40,17,16,-1,40,41,17,-1,26,2,1,-1,26,1,25,-1,39,16,15,-1,39,40,16,-1,27,3,2,-1,27,2,26,-1,
  14,38,39,-1,14,39,15,-1,4,27,28,-1,4,3,27,-1,13,38,14,-1,13,37,38,-1,5,4,28,-1,5,28,29,-1,
  12,37,13,-1,12,36,37,-1,6,5,29,-1,6,29,30,-1,35,36,12,-1,7,6,30,-1,7,30,31,-1,11,35,12,-1,
  8,31,32,-1,8,7,31,-1,10,33,34,-1,10,34,35,-1,10,35,11,-1,9,32,33,-1,9,33,10,-1,9,8,32,-1]
  normalPerVertex TRUE
  normal DEF NORM_41 Normal { vector [
  0 0 -1,0 0 -1,
  0 0 -1,0 0 -1,
  0 0 -1,0 0 -1,
  0 0 -1,0 0 -1,
  0 0 -1,0 0 -1,
  0 0 -1,0 0 -1,
  0 0 -1,0 0 -1,
  0 0 -1,0 0 -1,
  0 0 -1,0 0 -1,
  0 0 -1,0 0 -1,
  0 0 -1,0 0 -1,
  0 0 -1,0 0 -1,
  0 0 -1,0 0 -1,
  0 0 -1,0 0 -1,
  0 0 -1,0 0 -1,
  0 0 -1,0 0 -1,
  0 0 -1,0 0 -1,
  0 0 -1,0 0 -1,
  0 0 -1,0 0 -1,
  0 0 -1,0 0 -1,
  0 0 -1,0 0 -1,
  0 0 -1,0 0 -1,
  0 0 -1,0 0 -1,
  0 0 -1,0 0 -1] }
}
}
DEF SHAPE_42 Shape {
 appearance USE APP_2
 geometry DEF FACE_42 IndexedFaceSet {
  coord DEF COORD_42 Coordinate { point [
  0 -4.6606299 0.51181102,-0.08783544 -4.6721937 0.51181102,
  -0.16968504 -4.7060969 0.51181102,-0.23997088 -4.7600291 0.51181102,
  -0.29390311 -4.830315 0.51181102,-0.32780632 -4.9121646 0.51181102,
  -0.33937008 -5 0.51181102,-0.32780632 -5.0878354 0.51181102,
  -0.29390311 -5.169685 0.51181102,-0.23997088 -5.2399709 0.51181102,
  -0.16968504 -5.2939031 0.51181102,-0.08783544 -5.3278063 0.51181102,
  0 -5.3393701 0.51181102,0.08783544 -5.3278063 0.51181102,
  0.16968504 -5.2939031 0.51181102,0.23997088 -5.2399709 0.51181102,
  0.29390311 -5.169685 0.51181102,0.32780632 -5.0878354 0.51181102,
  0.33937008 -5 0.51181102,0.32780632 -4.9121646 0.51181102,
  0.29390311 -4.830315 0.51181102,0.23997088 -4.7600291 0.51181102,
  0.16968504 -4.7060969 0.51181102,0.08783544 -4.6721937 0.51181102,
  0 -4.7 0.51181102,-0.077645714 -4.7102223 0.51181102,
  -0.15 -4.7401924 0.51181102,-0.21213203 -4.787868 0.51181102,
  -0.25980762 -4.85 0.51181102,-0.28977775 -4.9223543 0.51181102,
  -0.3 -5 0.51181102,-0.28977775 -5.0776457 0.51181102,
  -0.25980762 -5.15 0.51181102,-0.21213203 -5.212132 0.51181102,
  -0.15 -5.2598076 0.51181102,-0.077645714 -5.2897777 0.51181102,
  0 -5.3 0.51181102,0.077645714 -5.2897777 0.51181102,
  0.15 -5.2598076 0.51181102,0.21213203 -5.212132 0.51181102,
  0.25980762 -5.15 0.51181102,0.28977775 -5.0776457 0.51181102,
  0.3 -5 0.51181102,0.28977775 -4.9223543 0.51181102,
  0.25980762 -4.85 0.51181102,0.21213203 -4.787868 0.51181102,
  0.15 -4.7401924 0.51181102,0.077645714 -4.7102223 0.51181102] }
 coordIndex [
  46,22,21,-1,46,21,45,-1,44,21,20,-1,44,45,21,-1,47,23,22,-1,47,22,46,-1,43,20,19,-1,43,44,20,-1,
  24,0,23,-1,24,23,47,-1,42,19,18,-1,42,43,19,-1,41,18,17,-1,41,42,18,-1,25,1,0,-1,25,0,24,-1,
  2,1,25,-1,40,17,16,-1,40,41,17,-1,26,2,25,-1,39,16,15,-1,39,40,16,-1,27,3,2,-1,27,2,26,-1,
  28,3,27,-1,14,38,39,-1,14,39,15,-1,4,3,28,-1,29,4,28,-1,5,4,29,-1,13,38,14,-1,13,37,38,-1,
  12,37,13,-1,12,36,37,-1,6,5,29,-1,6,29,30,-1,7,6,30,-1,7,30,31,-1,11,35,36,-1,11,36,12,-1,
  8,31,32,-1,8,7,31,-1,10,34,35,-1,10,35,11,-1,9,32,33,-1,9,33,34,-1,9,8,32,-1,9,34,10,-1]
  normalPerVertex TRUE
  normal DEF NORM_42 Normal { vector [
  0 0 -1,0 0 -1,
  0 0 -1,0 0 -1,
  0 0 -1,0 0 -1,
  0 0 -1,0 0 -1,
  0 0 -1,0 0 -1,
  0 0 -1,0 0 -1,
  0 0 -1,0 0 -1,
  0 0 -1,0 0 -1,
  0 0 -1,0 0 -1,
  0 0 -1,0 0 -1,
  0 0 -1,0 0 -1,
  0 0 -1,0 0 -1,
  0 0 -1,0 0 -1,
  0 0 -1,0 0 -1,
  0 0 -1,0 0 -1,
  0 0 -1,0 0 -1,
  0 0 -1,0 0 -1,
  0 0 -1,0 0 -1,
  0 0 -1,0 0 -1,
  0 0 -1,0 0 -1,
  0 0 -1,0 0 -1,
  0 0 -1,0 0 -1,
  0 0 -1,0 0 -1,
  0 0 -1,0 0 -1] }
}
}
DEF SHAPE_43 Shape {
 appearance USE APP_2
 geometry DEF FACE_43 IndexedFaceSet {
  coord DEF COORD_43 Coordinate { point [
  0 -5.6606299 0.51181102,-0.08783544 -5.6721937 0.51181102,
  -0.16968504 -5.7060969 0.51181102,-0.23997088 -5.7600291 0.51181102,
  -0.29390311 -5.830315 0.51181102,-0.32780632 -5.9121646 0.51181102,
  -0.33937008 -6 0.51181102,-0.32780632 -6.0878354 0.51181102,
  -0.29390311 -6.169685 0.51181102,-0.23997088 -6.2399709 0.51181102,
  -0.16968504 -6.2939031 0.51181102,-0.08783544 -6.3278063 0.51181102,
  0 -6.3393701 0.51181102,0.08783544 -6.3278063 0.51181102,
  0.16968504 -6.2939031 0.51181102,0.23997088 -6.2399709 0.51181102,
  0.29390311 -6.169685 0.51181102,0.32780632 -6.0878354 0.51181102,
  0.33937008 -6 0.51181102,0.32780632 -5.9121646 0.51181102,
  0.29390311 -5.830315 0.51181102,0.23997088 -5.7600291 0.51181102,
  0.16968504 -5.7060969 0.51181102,0.08783544 -5.6721937 0.51181102,
  0 -5.7 0.51181102,-0.077645714 -5.7102223 0.51181102,
  -0.15 -5.7401924 0.51181102,-0.21213203 -5.787868 0.51181102,
  -0.25980762 -5.85 0.51181102,-0.28977775 -5.9223543 0.51181102,
  -0.3 -6 0.51181102,-0.28977775 -6.0776457 0.51181102,
  -0.25980762 -6.15 0.51181102,-0.21213203 -6.212132 0.51181102,
  -0.15 -6.2598076 0.51181102,-0.077645714 -6.2897777 0.51181102,
  0 -6.3 0.51181102,0.077645714 -6.2897777 0.51181102,
  0.15 -6.2598076 0.51181102,0.21213203 -6.212132 0.51181102,
  0.25980762 -6.15 0.51181102,0.28977775 -6.0776457 0.51181102,
  0.3 -6 0.51181102,0.28977775 -5.9223543 0.51181102,
  0.25980762 -5.85 0.51181102,0.21213203 -5.787868 0.51181102,
  0.15 -5.7401924 0.51181102,0.077645714 -5.7102223 0.51181102] }
 coordIndex [
  46,22,21,-1,46,21,45,-1,44,21,20,-1,44,45,21,-1,47,23,22,-1,47,22,46,-1,43,20,19,-1,43,44,20,-1,
  24,0,23,-1,24,23,47,-1,42,19,18,-1,42,43,19,-1,41,18,17,-1,41,42,18,-1,25,1,0,-1,25,0,24,-1,
  16,41,17,-1,40,41,16,-1,26,2,1,-1,26,1,25,-1,39,16,15,-1,39,40,16,-1,27,3,2,-1,27,2,26,-1,
  14,38,39,-1,14,39,15,-1,4,27,28,-1,4,3,27,-1,13,38,14,-1,13,37,38,-1,5,28,29,-1,5,4,28,-1,
  30,5,29,-1,12,37,13,-1,12,36,37,-1,6,5,30,-1,7,6,30,-1,7,30,31,-1,11,36,12,-1,11,35,36,-1,
  8,31,32,-1,8,7,31,-1,10,34,35,-1,10,35,11,-1,9,32,33,-1,9,33,34,-1,9,8,32,-1,9,34,10,-1]
  normalPerVertex TRUE
  normal DEF NORM_43 Normal { vector [
  0 0 -1,0 0 -1,
  0 0 -1,0 0 -1,
  0 0 -1,0 0 -1,
  0 0 -1,0 0 -1,
  0 0 -1,0 0 -1,
  0 0 -1,0 0 -1,
  0 0 -1,0 0 -1,
  0 0 -1,0 0 -1,
  0 0 -1,0 0 -1,
  0 0 -1,0 0 -1,
  0 0 -1,0 0 -1,
  0 0 -1,0 0 -1,
  0 0 -1,0 0 -1,
  0 0 -1,0 0 -1,
  0 0 -1,0 0 -1,
  0 0 -1,0 0 -1,
  0 0 -1,0 0 -1,
  0 0 -1,0 0 -1,
  0 0 -1,0 0 -1,
  0 0 -1,0 0 -1,
  0 0 -1,0 0 -1,
  0 0 -1,0 0 -1,
  0 0 -1,0 0 -1,
  0 0 -1,0 0 -1] }
}
}
DEF SHAPE_44 Shape {
 appearance USE APP_1
 geometry DEF FACE_44 IndexedFaceSet {
  coord DEF COORD_44 Coordinate { point [
  0.68110236 -8.5551181 1.561811,0.68780988 -8.6060667 1.561811,
  0.70747531 -8.6535433 1.561811,0.73875851 -8.6943124 1.561811,
  0.77952756 -8.7255956 1.561811,0.82700412 -8.745261 1.561811,
  0.87795276 -8.7519685 1.561811,0.68110236 -8.5551181 0.51181102,
  0.87795276 -8.7519685 0.51181102,0.83414942 -8.7470331 0.51181102,
  0.79254257 -8.7324742 0.51181102,0.75521854 -8.7090219 0.51181102,
  0.72404892 -8.6778523 0.51181102,0.70059668 -8.6405283 0.51181102,
  0.68603781 -8.5989214 0.51181102,0.87795276 -8.7519685 1.036811] }
 coordIndex [
  5,6,15,-1,9,15,8,-1,9,5,15,-1,10,4,5,-1,10,5,9,-1,11,3,4,-1,11,4,10,-1,12,2,3,-1,
  12,3,11,-1,13,1,2,-1,13,2,12,-1,14,0,1,-1,14,1,13,-1,7,0,14,-1]
  normalPerVertex TRUE
  normal DEF NORM_44 Normal { vector [
  0.9925348 0.12196104 -0.00042256545,0.95983546 0.280563 -0.00053978504,
  0.86032368 0.50974766 -0.00069759073,0.70710658 0.70710658 -0.00075018615,
  0.50974766 0.86032368 -0.00069759073,0.25887209 0.9659115 -0.00046973352,
  0.13052619 0.99144486 0,0.99371221 0.11196448 0,
  0.11196448 0.99371221 0,0.20181318 0.97942403 -0.00010144826,
  0.41510651 0.90977282 5.5947356e-05,0.6180697 0.78612329 0.00012525961,
  0.78612329 0.6180697 0.00012525961,0.90977282 0.41510651 5.5947356e-05,
  0.9820345 0.18870143 -8.2715753e-05,0.12196104 0.9925348 -0.00042256545] }
}
}
DEF SHAPE_45 Shape {
 appearance USE APP_1
 geometry DEF FACE_45 IndexedFaceSet {
  coord DEF COORD_45 Coordinate { point [
  2.1220472 -8.7519685 1.561811,2.1220472 -8.7519685 0.51181102,
  0.87795276 -8.7519685 0.51181102,0.87795276 -8.7519685 1.036811,
  1.7440945 -8.7519685 1.036811,1.7440945 -8.7519685 1.561811] }
 coordIndex [
  4,5,0,-1,1,4,0,-1,2,3,4,-1,2,4,1,-1]
  normalPerVertex TRUE
  normal DEF NORM_45 Normal { vector [
  0 1 0,0 1 0,
  0 1 0,0 1 0,
  0 1 0,0 1 0] }
}
}
DEF SHAPE_46 Shape {
 appearance USE APP_1
 geometry DEF FACE_46 IndexedFaceSet {
  coord DEF COORD_46 Coordinate { point [
  2.1220472 -8.7519685 1.561811,2.1729959 -8.745261 1.561811,
  2.2204724 -8.7255956 1.561811,2.2612415 -8.6943124 1.561811,
  2.2925247 -8.6535433 1.561811,2.3121901 -8.6060667 1.561811,
  2.3188976 -8.5551181 1.561811,2.1220472 -8.7519685 0.51181102,
  2.3188976 -8.5551181 0.51181102,2.3121901 -8.6060667 0.51181102,
  2.2925247 -8.6535433 0.51181102,2.2612415 -8.6943124 0.51181102,
  2.2204724 -8.7255956 0.51181102,2.1729959 -8.745261 0.51181102] }
 coordIndex [
  8,5,6,-1,9,4,5,-1,9,5,8,-1,10,3,4,-1,10,4,9,-1,11,2,3,-1,11,3,10,-1,12,1,2,-1,
  12,2,11,-1,13,0,1,-1,13,1,12,-1,7,0,13,-1]
  normalPerVertex TRUE
  normal DEF NORM_46 Normal { vector [
  -0.13052619 0.99144486 0,-0.30091828 0.95364993 0,
  -0.5374875 0.84327172 0,-0.73742784 0.67542593 0,
  -0.88711369 0.46155098 0,-0.9763442 0.21622209 0,
  -0.99144486 0.13052619 0,-0.13052619 0.99144486 0,
  -0.99144486 0.13052619 0,-0.95364993 0.30091828 0,
  -0.84327172 0.5374875 0,-0.67542593 0.73742784 0,
  -0.46155098 0.88711369 0,-0.21622209 0.9763442 0] }
}
}
DEF SHAPE_47 Shape {
 appearance USE APP_1
 geometry DEF FACE_47 IndexedFaceSet {
  coord DEF COORD_47 Coordinate { point [
  0.68110236 -5.2874016 0.51181102,0.68110236 -5.2874016 1.036811,
  0.68603781 -5.2435982 1.036811,0.70059668 -5.2019914 1.036811,
  0.72404892 -5.1646674 1.036811,0.75521854 -5.1334977 1.036811,
  0.79254257 -5.1100455 1.036811,0.83414942 -5.0954866 1.036811,
  0.87795276 -5.0905512 1.036811,0.87795276 -5.0905512 0.51181102,
  0.68603781 -5.2435982 0.51181102,0.70059668 -5.2019914 0.51181102,
  0.72404892 -5.1646674 0.51181102,0.75521854 -5.1334977 0.51181102,
  0.79254257 -5.1100455 0.51181102,0.83414942 -5.0954866 0.51181102] }
 coordIndex [
  10,1,0,-1,10,2,1,-1,11,3,2,-1,11,2,10,-1,12,4,3,-1,12,3,11,-1,13,5,4,-1,13,4,12,-1,
  14,6,5,-1,14,5,13,-1,15,7,6,-1,15,6,14,-1,9,8,7,-1,9,7,15,-1]
  normalPerVertex TRUE
  normal DEF NORM_47 Normal { vector [
  0.99371221 -0.11196448 0,0.99371221 -0.11196448 0,
  0.96588956 -0.25895436 0,0.88404993 -0.46739248 0,
  0.75788034 -0.65239359 0,0.59370746 -0.80468096 0,
  0.39976362 -0.91661827 0,0.18577396 -0.98259251 0,
  0.11196448 -0.99371221 0,0.11196448 -0.99371221 0,
  0.98259251 -0.18577396 0,0.91661827 -0.39976362 0,
  0.80468096 -0.59370746 0,0.65239359 -0.75788034 0,
  0.46739248 -0.88404993 0,0.25895436 -0.96588956 0] }
}
}
DEF SHAPE_48 Shape {
 appearance USE APP_1
 geometry DEF FACE_48 IndexedFaceSet {
  coord DEF COORD_48 Coordinate { point [
  0.87795276 -5.0905512 0.51181102,0.87795276 -5.0905512 1.036811,
  2.1220472 -5.0905512 1.036811,2.1220472 -5.0905512 0.51181102] }
 coordIndex [
  3,1,0,-1,3,2,1,-1]
  normalPerVertex TRUE
  normal DEF NORM_48 Normal { vector [
  0 -1 0,0 -1 0,
  0 -1 0,0 -1 0] }
}
}
DEF SHAPE_49 Shape {
 appearance USE APP_1
 geometry DEF FACE_49 IndexedFaceSet {
  coord DEF COORD_49 Coordinate { point [
  2.1220472 -5.0905512 0.51181102,2.1220472 -5.0905512 1.036811,
  2.1658506 -5.0954866 1.036811,2.2074574 -5.1100455 1.036811,
  2.2447815 -5.1334977 1.036811,2.2759511 -5.1646674 1.036811,
  2.2994033 -5.2019914 1.036811,2.3139622 -5.2435982 1.036811,
  2.3188976 -5.2874016 1.036811,2.3188976 -5.2874016 0.51181102,
  2.1658506 -5.0954866 0.51181102,2.2074574 -5.1100455 0.51181102,
  2.2447815 -5.1334977 0.51181102,2.2759511 -5.1646674 0.51181102,
  2.2994033 -5.2019914 0.51181102,2.3139622 -5.2435982 0.51181102] }
 coordIndex [
  10,1,0,-1,10,2,1,-1,11,3,2,-1,11,2,10,-1,12,4,3,-1,12,3,11,-1,13,5,4,-1,13,4,12,-1,
  14,6,5,-1,14,7,6,-1,14,5,13,-1,15,7,14,-1,9,8,7,-1,9,7,15,-1]
  normalPerVertex TRUE
  normal DEF NORM_49 Normal { vector [
  -0.11196448 -0.99371221 0,-0.11196448 -0.99371221 0,
  -0.25895436 -0.96588956 0,-0.46739248 -0.88404993 0,
  -0.65239359 -0.75788034 0,-0.80468096 -0.59370746 0,
  -0.90096887 -0.43388374 0,-0.97492791 -0.22252093 0,
  -0.99371221 -0.11196448 0,-0.99371221 -0.11196448 0,
  -0.18577396 -0.98259251 0,-0.39976362 -0.91661827 0,
  -0.59370746 -0.80468096 0,-0.75788034 -0.65239359 0,
  -0.90096887 -0.43388374 0,-0.97492791 -0.22252093 0] }
}
}
DEF SHAPE_50 Shape {
 appearance USE APP_2
 geometry DEF FACE_50 IndexedFaceSet {
  coord DEF COORD_50 Coordinate { point [
  3 -6.3393701 0.51181102,3.0878354 -6.3278063 0.51181102,
  3.169685 -6.2939031 0.51181102,3.2399709 -6.2399709 0.51181102,
  3.2939031 -6.169685 0.51181102,3.3278063 -6.0878354 0.51181102,
  3.3393701 -6 0.51181102,3.3278063 -5.9121646 0.51181102,
  3.2939031 -5.830315 0.51181102,3.2399709 -5.7600291 0.51181102,
  3.169685 -5.7060969 0.51181102,3.0878354 -5.6721937 0.51181102,
  3 -5.6606299 0.51181102,2.9121646 -5.6721937 0.51181102,
  2.830315 -5.7060969 0.51181102,2.7600291 -5.7600291 0.51181102,
  2.7060969 -5.830315 0.51181102,2.6721937 -5.9121646 0.51181102,
  2.6606299 -6 0.51181102,2.6721937 -6.0878354 0.51181102,
  2.7060969 -6.169685 0.51181102,2.7600291 -6.2399709 0.51181102,
  2.830315 -6.2939031 0.51181102,2.9121646 -6.3278063 0.51181102,
  3 -6.3 0.51181102,3.0776457 -6.2897777 0.51181102,
  3.15 -6.2598076 0.51181102,3.212132 -6.212132 0.51181102,
  3.2598076 -6.15 0.51181102,3.2897777 -6.0776457 0.51181102,
  3.3 -6 0.51181102,3.2897777 -5.9223543 0.51181102,
  3.2598076 -5.85 0.51181102,3.212132 -5.787868 0.51181102,
  3.15 -5.7401924 0.51181102,3.0776457 -5.7102223 0.51181102,
  3 -5.7 0.51181102,2.9223543 -5.7102223 0.51181102,
  2.85 -5.7401924 0.51181102,2.787868 -5.787868 0.51181102,
  2.7401924 -5.85 0.51181102,2.7102223 -5.9223543 0.51181102,
  2.7 -6 0.51181102,2.7102223 -6.0776457 0.51181102,
  2.7401924 -6.15 0.51181102,2.787868 -6.212132 0.51181102,
  2.85 -6.2598076 0.51181102,2.9223543 -6.2897777 0.51181102] }
 coordIndex [
  46,22,21,-1,46,21,45,-1,44,21,20,-1,44,45,21,-1,47,23,22,-1,47,22,46,-1,43,20,19,-1,43,44,20,-1,
  42,19,18,-1,42,43,19,-1,24,0,23,-1,24,23,47,-1,41,18,17,-1,41,42,18,-1,25,1,0,-1,25,0,24,-1,
  16,41,17,-1,40,41,16,-1,26,2,1,-1,26,1,25,-1,39,16,15,-1,39,40,16,-1,27,3,2,-1,27,2,26,-1,
  38,39,15,-1,28,3,27,-1,14,38,15,-1,4,3,28,-1,13,38,14,-1,13,37,38,-1,5,4,28,-1,5,28,29,-1,
  12,37,13,-1,12,36,37,-1,6,5,29,-1,6,29,30,-1,7,6,30,-1,7,30,31,-1,11,36,12,-1,11,35,36,-1,
  8,31,32,-1,8,7,31,-1,10,33,34,-1,10,34,35,-1,10,35,11,-1,9,32,33,-1,9,33,10,-1,9,8,32,-1]
  normalPerVertex TRUE
  normal DEF NORM_50 Normal { vector [
  0 0 -1,0 0 -1,
  0 0 -1,0 0 -1,
  0 0 -1,0 0 -1,
  0 0 -1,0 0 -1,
  0 0 -1,0 0 -1,
  0 0 -1,0 0 -1,
  0 0 -1,0 0 -1,
  0 0 -1,0 0 -1,
  0 0 -1,0 0 -1,
  0 0 -1,0 0 -1,
  0 0 -1,0 0 -1,
  0 0 -1,0 0 -1,
  0 0 -1,0 0 -1,
  0 0 -1,0 0 -1,
  0 0 -1,0 0 -1,
  0 0 -1,0 0 -1,
  0 0 -1,0 0 -1,
  0 0 -1,0 0 -1,
  0 0 -1,0 0 -1,
  0 0 -1,0 0 -1,
  0 0 -1,0 0 -1,
  0 0 -1,0 0 -1,
  0 0 -1,0 0 -1,
  0 0 -1,0 0 -1] }
}
}
DEF SHAPE_51 Shape {
 appearance USE APP_1
 geometry DEF FACE_51 IndexedFaceSet {
  coord DEF COORD_51 Coordinate { point [
  0.68110236 -9.2637795 1.561811,0.68780988 -9.2128309 1.561811,
  0.70747531 -9.1653543 1.561811,0.73875851 -9.1245853 1.561811,
  0.77952756 -9.0933021 1.561811,0.82700412 -9.0736366 1.561811,
  0.87795276 -9.0669291 1.561811,0.87795276 -9.0669291 1.036811,
  0.68110236 -9.2637795 1.036811,0.68780988 -9.2128309 1.036811,
  0.70747531 -9.1653543 1.036811,0.73875851 -9.1245853 1.036811,
  0.77952756 -9.0933021 1.036811,0.82700412 -9.0736366 1.036811] }
 coordIndex [
  5,7,6,-1,5,13,7,-1,4,12,13,-1,4,13,5,-1,3,11,12,-1,3,12,4,-1,2,10,11,-1,2,11,3,-1,
  1,9,10,-1,1,10,2,-1,0,8,9,-1,0,9,1,-1]
  normalPerVertex TRUE
  normal DEF NORM_51 Normal { vector [
  0.99144486 -0.13052619 0,0.95364993 -0.30091828 0,
  0.84327172 -0.5374875 0,0.67542593 -0.73742784 0,
  0.46155098 -0.88711369 0,0.21622209 -0.9763442 0,
  0.13052619 -0.99144486 0,0.13052619 -0.99144486 0,
  0.99144486 -0.13052619 0,0.9763442 -0.21622209 0,
  0.88711369 -0.46155098 0,0.73742784 -0.67542593 0,
  0.5374875 -0.84327172 0,0.30091828 -0.95364993 0] }
}
}
DEF SHAPE_52 Shape {
 appearance USE APP_1
 geometry DEF FACE_52 IndexedFaceSet {
  coord DEF COORD_52 Coordinate { point [
  0.87795276 0.066929134 1.561811,0.87795276 -0.68110236 1.561811,
  0.87795276 0.066929134 1.036811,0.87795276 -0.68110236 1.036811] }
 coordIndex [
  1,2,0,-1,1,3,2,-1]
  normalPerVertex TRUE
  normal DEF NORM_52 Normal { vector [
  1 0 0,1 0 0,
  1 0 0,1 0 0] }
}
}
DEF SHAPE_53 Shape {
 appearance USE APP_1
 geometry DEF FACE_53 IndexedFaceSet {
  coord DEF COORD_53 Coordinate { point [
  0.87795276 -8.7519685 1.561811,0.87795276 -9.0669291 1.561811,
  0.87795276 -8.7519685 1.036811,0.87795276 -9.0669291 1.036811] }
 coordIndex [
  1,2,0,-1,1,3,2,-1]
  normalPerVertex TRUE
  normal DEF NORM_53 Normal { vector [
  1 0 0,1 0 0,
  1 0 0,1 0 0] }
}
}
DEF SHAPE_54 Shape {
 appearance USE APP_2
 geometry DEF FACE_54 IndexedFaceSet {
  coord DEF COORD_54 Coordinate { point [
  0 -6.6606299 1.561811,0 -6.6606299 1.5775591,
  0 -6.6606299 1.5775591,-0.08783544 -6.6721937 1.5775591,
  -0.16968504 -6.7060969 1.5775591,-0.23997088 -6.7600291 1.5775591,
  -0.29390311 -6.830315 1.5775591,-0.32780632 -6.9121646 1.5775591,
  -0.33937008 -7 1.5775591,-0.32780632 -7.0878354 1.5775591,
  -0.29390311 -7.169685 1.5775591,-0.23997088 -7.2399709 1.5775591,
  -0.16968504 -7.2939031 1.5775591,-0.08783544 -7.3278063 1.5775591,
  0 -7.3393701 1.5775591,0.08783544 -7.3278063 1.5775591,
  0.16968504 -7.2939031 1.5775591,0.23997088 -7.2399709 1.5775591,
  0.29390311 -7.169685 1.5775591,0.32780632 -7.0878354 1.5775591,
  0.33937008 -7 1.5775591,0.32780632 -6.9121646 1.5775591,
  0.29390311 -6.830315 1.5775591,0.23997088 -6.7600291 1.5775591,
  0.16968504 -6.7060969 1.5775591,0.08783544 -6.6721937 1.5775591,
  0 -6.6606299 1.561811,0.08783544 -6.6721937 1.561811,
  0.16968504 -6.7060969 1.561811,0.23997088 -6.7600291 1.561811,
  0.29390311 -6.830315 1.561811,0.32780632 -6.9121646 1.561811,
  0.33937008 -7 1.561811,0.32780632 -7.0878354 1.561811,
  0.29390311 -7.169685 1.561811,0.23997088 -7.2399709 1.561811,
  0.16968504 -7.2939031 1.561811,0.08783544 -7.3278063 1.561811,
  0 -7.3393701 1.561811,-0.08783544 -7.3278063 1.561811,
  -0.16968504 -7.2939031 1.561811,-0.23997088 -7.2399709 1.561811,
  -0.29390311 -7.169685 1.561811,-0.32780632 -7.0878354 1.561811,
  -0.33937008 -7 1.561811,-0.32780632 -6.9121646 1.561811,
  -0.29390311 -6.830315 1.561811,-0.23997088 -6.7600291 1.561811,
  -0.16968504 -6.7060969 1.561811,-0.08783544 -6.6721937 1.561811] }
 coordIndex [
  27,0,1,-1,27,1,25,-1,28,25,24,-1,28,27,25,-1,29,24,23,-1,29,28,24,-1,30,23,22,-1,30,29,23,-1,
  31,22,21,-1,31,30,22,-1,32,21,20,-1,32,31,21,-1,33,20,19,-1,33,32,20,-1,34,19,18,-1,34,33,19,-1,
  35,18,17,-1,35,34,18,-1,36,17,16,-1,36,35,17,-1,37,16,15,-1,37,36,16,-1,38,37,15,-1,38,15,14,-1,
  39,38,14,-1,39,14,13,-1,40,39,13,-1,40,13,12,-1,41,12,11,-1,41,40,12,-1,42,11,10,-1,42,41,11,-1,
  43,10,9,-1,43,42,10,-1,44,9,8,-1,44,43,9,-1,45,8,7,-1,45,44,8,-1,46,7,6,-1,46,45,7,-1,
  47,6,5,-1,47,46,6,-1,48,5,4,-1,48,47,5,-1,49,3,2,-1,49,4,3,-1,49,48,4,-1,26,49,2,-1]
  normalPerVertex TRUE
  normal DEF NORM_54 Normal { vector [
  0.13052619 0.99144486 0,0.13052619 0.99144486 0,
  -0.13052619 0.99144486 0,-0.25881905 0.96592583 0,
  -0.46155098 0.88711369 0,-0.67542593 0.73742784 0,
  -0.84327172 0.5374875 0,-0.95364993 0.30091828 0,
  -0.99903848 0.04384197 0,-0.9763442 -0.21622209 0,
  -0.88711369 -0.46155098 0,-0.73742784 -0.67542593 0,
  -0.5374875 -0.84327172 0,-0.30091828 -0.95364993 0,
  -0.04384197 -0.99903848 0,0.21622209 -0.9763442 0,
  0.46155098 -0.88711369 0,0.67542593 -0.73742784 0,
  0.84327172 -0.5374875 0,0.95364993 -0.30091828 0,
  0.99903848 -0.04384197 0,0.9763442 0.21622209 0,
  0.88711369 0.46155098 0,0.73742784 0.67542593 0,
  0.5374875 0.84327172 0,0.30091828 0.95364993 0,
  -0.13052619 0.99144486 0,0.21622209 0.9763442 0,
  0.46155098 0.88711369 0,0.67542593 0.73742784 0,
  0.84327172 0.5374875 0,0.95364993 0.30091828 0,
  0.99903848 0.04384197 0,0.9763442 -0.21622209 0,
  0.88711369 -0.46155098 0,0.73742784 -0.67542593 0,
  0.5374875 -0.84327172 0,0.30091828 -0.95364993 0,
  0.04384197 -0.99903848 0,-0.21622209 -0.9763442 0,
  -0.46155098 -0.88711369 0,-0.67542593 -0.73742784 0,
  -0.84327172 -0.5374875 0,-0.95364993 -0.30091828 0,
  -0.99903848 -0.04384197 0,-0.9763442 0.21622209 0,
  -0.88711369 0.46155098 0,-0.73742784 0.67542593 0,
  -0.5374875 0.84327172 0,-0.25881905 0.96592583 0] }
}
}
DEF SHAPE_55 Shape {
 appearance USE APP_2
 geometry DEF FACE_55 IndexedFaceSet {
  coord DEF COORD_55 Coordinate { point [
  0 -5.6606299 1.561811,0 -5.6606299 1.5775591,
  0 -5.6606299 1.5775591,-0.08783544 -5.6721937 1.5775591,
  -0.16968504 -5.7060969 1.5775591,-0.23997088 -5.7600291 1.5775591,
  -0.29390311 -5.830315 1.5775591,-0.32780632 -5.9121646 1.5775591,
  -0.33937008 -6 1.5775591,-0.32780632 -6.0878354 1.5775591,
  -0.29390311 -6.169685 1.5775591,-0.23997088 -6.2399709 1.5775591,
  -0.16968504 -6.2939031 1.5775591,-0.08783544 -6.3278063 1.5775591,
  0 -6.3393701 1.5775591,0.08783544 -6.3278063 1.5775591,
  0.16968504 -6.2939031 1.5775591,0.23997088 -6.2399709 1.5775591,
  0.29390311 -6.169685 1.5775591,0.32780632 -6.0878354 1.5775591,
  0.33937008 -6 1.5775591,0.32780632 -5.9121646 1.5775591,
  0.29390311 -5.830315 1.5775591,0.23997088 -5.7600291 1.5775591,
  0.16968504 -5.7060969 1.5775591,0.08783544 -5.6721937 1.5775591,
  0 -5.6606299 1.561811,0.08783544 -5.6721937 1.561811,
  0.16968504 -5.7060969 1.561811,0.23997088 -5.7600291 1.561811,
  0.29390311 -5.830315 1.561811,0.32780632 -5.9121646 1.561811,
  0.33937008 -6 1.561811,0.32780632 -6.0878354 1.561811,
  0.29390311 -6.169685 1.561811,0.23997088 -6.2399709 1.561811,
  0.16968504 -6.2939031 1.561811,0.08783544 -6.3278063 1.561811,
  0 -6.3393701 1.561811,-0.08783544 -6.3278063 1.561811,
  -0.16968504 -6.2939031 1.561811,-0.23997088 -6.2399709 1.561811,
  -0.29390311 -6.169685 1.561811,-0.32780632 -6.0878354 1.561811,
  -0.33937008 -6 1.561811,-0.32780632 -5.9121646 1.561811,
  -0.29390311 -5.830315 1.561811,-0.23997088 -5.7600291 1.561811,
  -0.16968504 -5.7060969 1.561811,-0.08783544 -5.6721937 1.561811] }
 coordIndex [
  27,0,1,-1,27,1,25,-1,28,25,24,-1,28,27,25,-1,29,24,23,-1,29,28,24,-1,30,23,22,-1,30,29,23,-1,
  31,22,21,-1,31,30,22,-1,32,21,20,-1,32,31,21,-1,33,20,19,-1,33,32,20,-1,34,19,18,-1,34,33,19,-1,
  35,18,17,-1,35,34,18,-1,36,17,16,-1,36,35,17,-1,37,16,15,-1,37,36,16,-1,38,37,15,-1,38,15,14,-1,
  39,38,14,-1,39,14,13,-1,40,39,13,-1,40,13,12,-1,41,12,11,-1,41,40,12,-1,42,11,10,-1,42,41,11,-1,
  43,10,9,-1,43,42,10,-1,44,9,8,-1,44,43,9,-1,45,8,7,-1,45,44,8,-1,46,7,6,-1,46,45,7,-1,
  47,6,5,-1,47,46,6,-1,48,5,4,-1,48,47,5,-1,49,3,2,-1,49,4,3,-1,49,48,4,-1,26,49,2,-1]
  normalPerVertex TRUE
  normal DEF NORM_55 Normal { vector [
  0.13052619 0.99144486 0,0.13052619 0.99144486 0,
  -0.13052619 0.99144486 0,-0.25881905 0.96592583 0,
  -0.46155098 0.88711369 0,-0.67542593 0.73742784 0,
  -0.84327172 0.5374875 0,-0.95364993 0.30091828 0,
  -0.99903848 0.04384197 0,-0.9763442 -0.21622209 0,
  -0.88711369 -0.46155098 0,-0.73742784 -0.67542593 0,
  -0.5374875 -0.84327172 0,-0.30091828 -0.95364993 0,
  -0.04384197 -0.99903848 0,0.21622209 -0.9763442 0,
  0.46155098 -0.88711369 0,0.67542593 -0.73742784 0,
  0.84327172 -0.5374875 0,0.95364993 -0.30091828 0,
  0.99903848 -0.04384197 0,0.9763442 0.21622209 0,
  0.88711369 0.46155098 0,0.73742784 0.67542593 0,
  0.5374875 0.84327172 0,0.30091828 0.95364993 0,
  -0.13052619 0.99144486 0,0.21622209 0.9763442 0,
  0.46155098 0.88711369 0,0.67542593 0.73742784 0,
  0.84327172 0.5374875 0,0.95364993 0.30091828 0,
  0.99903848 0.04384197 0,0.9763442 -0.21622209 0,
  0.88711369 -0.46155098 0,0.73742784 -0.67542593 0,
  0.5374875 -0.84327172 0,0.30091828 -0.95364993 0,
  0.04384197 -0.99903848 0,-0.21622209 -0.9763442 0,
  -0.46155098 -0.88711369 0,-0.67542593 -0.73742784 0,
  -0.84327172 -0.5374875 0,-0.95364993 -0.30091828 0,
  -0.99903848 -0.04384197 0,-0.9763442 0.21622209 0,
  -0.88711369 0.46155098 0,-0.73742784 0.67542593 0,
  -0.5374875 0.84327172 0,-0.25881905 0.96592583 0] }
}
}
DEF SHAPE_56 Shape {
 appearance USE APP_2
 geometry DEF FACE_56 IndexedFaceSet {
  coord DEF COORD_56 Coordinate { point [
  0 -3.6606299 1.561811,0 -3.6606299 1.5775591,
  0 -3.6606299 1.5775591,-0.08783544 -3.6721937 1.5775591,
  -0.16968504 -3.7060969 1.5775591,-0.23997088 -3.7600291 1.5775591,
  -0.29390311 -3.830315 1.5775591,-0.32780632 -3.9121646 1.5775591,
  -0.33937008 -4 1.5775591,-0.32780632 -4.0878354 1.5775591,
  -0.29390311 -4.169685 1.5775591,-0.23997088 -4.2399709 1.5775591,
  -0.16968504 -4.2939031 1.5775591,-0.08783544 -4.3278063 1.5775591,
  0 -4.3393701 1.5775591,0.08783544 -4.3278063 1.5775591,
  0.16968504 -4.2939031 1.5775591,0.23997088 -4.2399709 1.5775591,
  0.29390311 -4.169685 1.5775591,0.32780632 -4.0878354 1.5775591,
  0.33937008 -4 1.5775591,0.32780632 -3.9121646 1.5775591,
  0.29390311 -3.830315 1.5775591,0.23997088 -3.7600291 1.5775591,
  0.16968504 -3.7060969 1.5775591,0.08783544 -3.6721937 1.5775591,
  0 -3.6606299 1.561811,0.08783544 -3.6721937 1.561811,
  0.16968504 -3.7060969 1.561811,0.23997088 -3.7600291 1.561811,
  0.29390311 -3.830315 1.561811,0.32780632 -3.9121646 1.561811,
  0.33937008 -4 1.561811,0.32780632 -4.0878354 1.561811,
  0.29390311 -4.169685 1.561811,0.23997088 -4.2399709 1.561811,
  0.16968504 -4.2939031 1.561811,0.08783544 -4.3278063 1.561811,
  0 -4.3393701 1.561811,-0.08783544 -4.3278063 1.561811,
  -0.16968504 -4.2939031 1.561811,-0.23997088 -4.2399709 1.561811,
  -0.29390311 -4.169685 1.561811,-0.32780632 -4.0878354 1.561811,
  -0.33937008 -4 1.561811,-0.32780632 -3.9121646 1.561811,
  -0.29390311 -3.830315 1.561811,-0.23997088 -3.7600291 1.561811,
  -0.16968504 -3.7060969 1.561811,-0.08783544 -3.6721937 1.561811] }
 coordIndex [
  27,0,1,-1,27,1,25,-1,28,25,24,-1,28,27,25,-1,29,24,23,-1,29,28,24,-1,30,23,22,-1,30,29,23,-1,
  31,22,21,-1,31,30,22,-1,32,21,20,-1,32,31,21,-1,33,20,19,-1,33,32,20,-1,34,19,18,-1,34,33,19,-1,
  35,18,17,-1,35,34,18,-1,36,17,16,-1,36,35,17,-1,37,16,15,-1,37,36,16,-1,38,37,15,-1,38,15,14,-1,
  39,38,14,-1,39,14,13,-1,40,39,13,-1,40,13,12,-1,41,12,11,-1,41,40,12,-1,42,11,10,-1,42,41,11,-1,
  43,10,9,-1,43,42,10,-1,44,9,8,-1,44,43,9,-1,45,8,7,-1,45,44,8,-1,46,7,6,-1,46,45,7,-1,
  47,6,5,-1,47,46,6,-1,48,5,4,-1,48,47,5,-1,49,3,2,-1,49,4,3,-1,49,48,4,-1,26,49,2,-1]
  normalPerVertex TRUE
  normal DEF NORM_56 Normal { vector [
  0.13052619 0.99144486 0,0.13052619 0.99144486 0,
  -0.13052619 0.99144486 0,-0.25881905 0.96592583 0,
  -0.46155098 0.88711369 0,-0.67542593 0.73742784 0,
  -0.84327172 0.5374875 0,-0.95364993 0.30091828 0,
  -0.99903848 0.04384197 0,-0.9763442 -0.21622209 0,
  -0.88711369 -0.46155098 0,-0.73742784 -0.67542593 0,
  -0.5374875 -0.84327172 0,-0.30091828 -0.95364993 0,
  -0.04384197 -0.99903848 0,0.21622209 -0.9763442 0,
  0.46155098 -0.88711369 0,0.67542593 -0.73742784 0,
  0.84327172 -0.5374875 0,0.95364993 -0.30091828 0,
  0.99903848 -0.04384197 0,0.9763442 0.21622209 0,
  0.88711369 0.46155098 0,0.73742784 0.67542593 0,
  0.5374875 0.84327172 0,0.30091828 0.95364993 0,
  -0.13052619 0.99144486 0,0.21622209 0.9763442 0,
  0.46155098 0.88711369 0,0.67542593 0.73742784 0,
  0.84327172 0.5374875 0,0.95364993 0.30091828 0,
  0.99903848 0.04384197 0,0.9763442 -0.21622209 0,
  0.88711369 -0.46155098 0,0.73742784 -0.67542593 0,
  0.5374875 -0.84327172 0,0.30091828 -0.95364993 0,
  0.04384197 -0.99903848 0,-0.21622209 -0.9763442 0,
  -0.46155098 -0.88711369 0,-0.67542593 -0.73742784 0,
  -0.84327172 -0.5374875 0,-0.95364993 -0.30091828 0,
  -0.99903848 -0.04384197 0,-0.9763442 0.21622209 0,
  -0.88711369 0.46155098 0,-0.73742784 0.67542593 0,
  -0.5374875 0.84327172 0,-0.25881905 0.96592583 0] }
}
}
DEF SHAPE_57 Shape {
 appearance USE APP_2
 geometry DEF FACE_57 IndexedFaceSet {
  coord DEF COORD_57 Coordinate { point [
  0 -4.6606299 1.561811,0 -4.6606299 1.5775591,
  0 -4.6606299 1.5775591,-0.08783544 -4.6721937 1.5775591,
  -0.16968504 -4.7060969 1.5775591,-0.23997088 -4.7600291 1.5775591,
  -0.29390311 -4.830315 1.5775591,-0.32780632 -4.9121646 1.5775591,
  -0.33937008 -5 1.5775591,-0.32780632 -5.0878354 1.5775591,
  -0.29390311 -5.169685 1.5775591,-0.23997088 -5.2399709 1.5775591,
  -0.16968504 -5.2939031 1.5775591,-0.08783544 -5.3278063 1.5775591,
  0 -5.3393701 1.5775591,0.08783544 -5.3278063 1.5775591,
  0.16968504 -5.2939031 1.5775591,0.23997088 -5.2399709 1.5775591,
  0.29390311 -5.169685 1.5775591,0.32780632 -5.0878354 1.5775591,
  0.33937008 -5 1.5775591,0.32780632 -4.9121646 1.5775591,
  0.29390311 -4.830315 1.5775591,0.23997088 -4.7600291 1.5775591,
  0.16968504 -4.7060969 1.5775591,0.08783544 -4.6721937 1.5775591,
  0 -4.6606299 1.561811,0.08783544 -4.6721937 1.561811,
  0.16968504 -4.7060969 1.561811,0.23997088 -4.7600291 1.561811,
  0.29390311 -4.830315 1.561811,0.32780632 -4.9121646 1.561811,
  0.33937008 -5 1.561811,0.32780632 -5.0878354 1.561811,
  0.29390311 -5.169685 1.561811,0.23997088 -5.2399709 1.561811,
  0.16968504 -5.2939031 1.561811,0.08783544 -5.3278063 1.561811,
  0 -5.3393701 1.561811,-0.08783544 -5.3278063 1.561811,
  -0.16968504 -5.2939031 1.561811,-0.23997088 -5.2399709 1.561811,
  -0.29390311 -5.169685 1.561811,-0.32780632 -5.0878354 1.561811,
  -0.33937008 -5 1.561811,-0.32780632 -4.9121646 1.561811,
  -0.29390311 -4.830315 1.561811,-0.23997088 -4.7600291 1.561811,
  -0.16968504 -4.7060969 1.561811,-0.08783544 -4.6721937 1.561811] }
 coordIndex [
  27,0,1,-1,27,1,25,-1,28,25,24,-1,28,27,25,-1,29,24,23,-1,29,28,24,-1,30,23,22,-1,30,29,23,-1,
  31,22,21,-1,31,30,22,-1,32,21,20,-1,32,31,21,-1,33,20,19,-1,33,32,20,-1,34,19,18,-1,34,33,19,-1,
  35,18,17,-1,35,34,18,-1,36,17,16,-1,36,35,17,-1,37,16,15,-1,37,36,16,-1,38,37,15,-1,38,15,14,-1,
  39,38,14,-1,39,14,13,-1,40,39,13,-1,40,13,12,-1,41,12,11,-1,41,40,12,-1,42,11,10,-1,42,41,11,-1,
  43,10,9,-1,43,42,10,-1,44,9,8,-1,44,43,9,-1,45,8,7,-1,45,44,8,-1,46,7,6,-1,46,45,7,-1,
  47,6,5,-1,47,46,6,-1,48,5,4,-1,48,47,5,-1,49,3,2,-1,49,4,3,-1,49,48,4,-1,26,49,2,-1]
  normalPerVertex TRUE
  normal DEF NORM_57 Normal { vector [
  0.13052619 0.99144486 0,0.13052619 0.99144486 0,
  -0.13052619 0.99144486 0,-0.25881905 0.96592583 0,
  -0.46155098 0.88711369 0,-0.67542593 0.73742784 0,
  -0.84327172 0.5374875 0,-0.95364993 0.30091828 0,
  -0.99903848 0.04384197 0,-0.9763442 -0.21622209 0,
  -0.88711369 -0.46155098 0,-0.73742784 -0.67542593 0,
  -0.5374875 -0.84327172 0,-0.30091828 -0.95364993 0,
  -0.04384197 -0.99903848 0,0.21622209 -0.9763442 0,
  0.46155098 -0.88711369 0,0.67542593 -0.73742784 0,
  0.84327172 -0.5374875 0,0.95364993 -0.30091828 0,
  0.99903848 -0.04384197 0,0.9763442 0.21622209 0,
  0.88711369 0.46155098 0,0.73742784 0.67542593 0,
  0.5374875 0.84327172 0,0.30091828 0.95364993 0,
  -0.13052619 0.99144486 0,0.21622209 0.9763442 0,
  0.46155098 0.88711369 0,0.67542593 0.73742784 0,
  0.84327172 0.5374875 0,0.95364993 0.30091828 0,
  0.99903848 0.04384197 0,0.9763442 -0.21622209 0,
  0.88711369 -0.46155098 0,0.73742784 -0.67542593 0,
  0.5374875 -0.84327172 0,0.30091828 -0.95364993 0,
  0.04384197 -0.99903848 0,-0.21622209 -0.9763442 0,
  -0.46155098 -0.88711369 0,-0.67542593 -0.73742784 0,
  -0.84327172 -0.5374875 0,-0.95364993 -0.30091828 0,
  -0.99903848 -0.04384197 0,-0.9763442 0.21622209 0,
  -0.88711369 0.46155098 0,-0.73742784 0.67542593 0,
  -0.5374875 0.84327172 0,-0.25881905 0.96592583 0] }
}
}
DEF SHAPE_58 Shape {
 appearance USE APP_2
 geometry DEF FACE_58 IndexedFaceSet {
  coord DEF COORD_58 Coordinate { point [
  0 -0.66062992 1.561811,0 -0.66062992 1.5775591,
  0 -0.66062992 1.5775591,-0.08783544 -0.67219368 1.5775591,
  -0.16968504 -0.70609689 1.5775591,-0.23997088 -0.76002912 1.5775591,
  -0.29390311 -0.83031496 1.5775591,-0.32780632 -0.91216456 1.5775591,
  -0.33937008 -1 1.5775591,-0.32780632 -1.0878354 1.5775591,
  -0.29390311 -1.169685 1.5775591,-0.23997088 -1.2399709 1.5775591,
  -0.16968504 -1.2939031 1.5775591,-0.08783544 -1.3278063 1.5775591,
  0 -1.3393701 1.5775591,0.08783544 -1.3278063 1.5775591,
  0.16968504 -1.2939031 1.5775591,0.23997088 -1.2399709 1.5775591,
  0.29390311 -1.169685 1.5775591,0.32780632 -1.0878354 1.5775591,
  0.33937008 -1 1.5775591,0.32780632 -0.91216456 1.5775591,
  0.29390311 -0.83031496 1.5775591,0.23997088 -0.76002912 1.5775591,
  0.16968504 -0.70609689 1.5775591,0.08783544 -0.67219368 1.5775591,
  0 -0.66062992 1.561811,0.08783544 -0.67219368 1.561811,
  0.16968504 -0.70609689 1.561811,0.23997088 -0.76002912 1.561811,
  0.29390311 -0.83031496 1.561811,0.32780632 -0.91216456 1.561811,
  0.33937008 -1 1.561811,0.32780632 -1.0878354 1.561811,
  0.29390311 -1.169685 1.561811,0.23997088 -1.2399709 1.561811,
  0.16968504 -1.2939031 1.561811,0.08783544 -1.3278063 1.561811,
  0 -1.3393701 1.561811,-0.08783544 -1.3278063 1.561811,
  -0.16968504 -1.2939031 1.561811,-0.23997088 -1.2399709 1.561811,
  -0.29390311 -1.169685 1.561811,-0.32780632 -1.0878354 1.561811,
  -0.33937008 -1 1.561811,-0.32780632 -0.91216456 1.561811,
  -0.29390311 -0.83031496 1.561811,-0.23997088 -0.76002912 1.561811,
  -0.16968504 -0.70609689 1.561811,-0.08783544 -0.67219368 1.561811] }
 coordIndex [
  27,0,1,-1,27,1,25,-1,28,25,24,-1,28,27,25,-1,29,24,23,-1,29,28,24,-1,30,23,22,-1,30,29,23,-1,
  31,22,21,-1,31,30,22,-1,32,21,20,-1,32,31,21,-1,33,20,19,-1,33,32,20,-1,34,19,18,-1,34,33,19,-1,
  35,18,17,-1,35,34,18,-1,36,17,16,-1,36,35,17,-1,37,16,15,-1,37,36,16,-1,38,37,15,-1,38,15,14,-1,
  39,38,14,-1,39,14,13,-1,40,39,13,-1,40,13,12,-1,41,12,11,-1,41,40,12,-1,42,11,10,-1,42,41,11,-1,
  43,10,9,-1,43,42,10,-1,44,9,8,-1,44,43,9,-1,45,8,7,-1,45,44,8,-1,46,7,6,-1,46,45,7,-1,
  47,6,5,-1,47,46,6,-1,48,5,4,-1,48,47,5,-1,49,3,2,-1,49,4,3,-1,49,48,4,-1,26,49,2,-1]
  normalPerVertex TRUE
  normal DEF NORM_58 Normal { vector [
  0.13052619 0.99144486 0,0.13052619 0.99144486 0,
  -0.13052619 0.99144486 0,-0.25881905 0.96592583 0,
  -0.46155098 0.88711369 0,-0.67542593 0.73742784 0,
  -0.84327172 0.5374875 0,-0.95364993 0.30091828 0,
  -0.99903848 0.04384197 0,-0.9763442 -0.21622209 0,
  -0.88711369 -0.46155098 0,-0.73742784 -0.67542593 0,
  -0.5374875 -0.84327172 0,-0.30091828 -0.95364993 0,
  -0.04384197 -0.99903848 0,0.21622209 -0.9763442 0,
  0.46155098 -0.88711369 0,0.67542593 -0.73742784 0,
  0.84327172 -0.5374875 0,0.95364993 -0.30091828 0,
  0.99903848 -0.04384197 0,0.9763442 0.21622209 0,
  0.88711369 0.46155098 0,0.73742784 0.67542593 0,
  0.5374875 0.84327172 0,0.30091828 0.95364993 0,
  -0.13052619 0.99144486 0,0.21622209 0.9763442 0,
  0.46155098 0.88711369 0,0.67542593 0.73742784 0,
  0.84327172 0.5374875 0,0.95364993 0.30091828 0,
  0.99903848 0.04384197 0,0.9763442 -0.21622209 0,
  0.88711369 -0.46155098 0,0.73742784 -0.67542593 0,
  0.5374875 -0.84327172 0,0.30091828 -0.95364993 0,
  0.04384197 -0.99903848 0,-0.21622209 -0.9763442 0,
  -0.46155098 -0.88711369 0,-0.67542593 -0.73742784 0,
  -0.84327172 -0.5374875 0,-0.95364993 -0.30091828 0,
  -0.99903848 -0.04384197 0,-0.9763442 0.21622209 0,
  -0.88711369 0.46155098 0,-0.73742784 0.67542593 0,
  -0.5374875 0.84327172 0,-0.25881905 0.96592583 0] }
}
}
DEF SHAPE_59 Shape {
 appearance USE APP_2
 geometry DEF FACE_59 IndexedFaceSet {
  coord DEF COORD_59 Coordinate { point [
  0 -1.6606299 1.561811,0 -1.6606299 1.5775591,
  0 -1.6606299 1.5775591,-0.08783544 -1.6721937 1.5775591,
  -0.16968504 -1.7060969 1.5775591,-0.23997088 -1.7600291 1.5775591,
  -0.29390311 -1.830315 1.5775591,-0.32780632 -1.9121646 1.5775591,
  -0.33937008 -2 1.5775591,-0.32780632 -2.0878354 1.5775591,
  -0.29390311 -2.169685 1.5775591,-0.23997088 -2.2399709 1.5775591,
  -0.16968504 -2.2939031 1.5775591,-0.08783544 -2.3278063 1.5775591,
  0 -2.3393701 1.5775591,0.08783544 -2.3278063 1.5775591,
  0.16968504 -2.2939031 1.5775591,0.23997088 -2.2399709 1.5775591,
  0.29390311 -2.169685 1.5775591,0.32780632 -2.0878354 1.5775591,
  0.33937008 -2 1.5775591,0.32780632 -1.9121646 1.5775591,
  0.29390311 -1.830315 1.5775591,0.23997088 -1.7600291 1.5775591,
  0.16968504 -1.7060969 1.5775591,0.08783544 -1.6721937 1.5775591,
  0 -1.6606299 1.561811,0.08783544 -1.6721937 1.561811,
  0.16968504 -1.7060969 1.561811,0.23997088 -1.7600291 1.561811,
  0.29390311 -1.830315 1.561811,0.32780632 -1.9121646 1.561811,
  0.33937008 -2 1.561811,0.32780632 -2.0878354 1.561811,
  0.29390311 -2.169685 1.561811,0.23997088 -2.2399709 1.561811,
  0.16968504 -2.2939031 1.561811,0.08783544 -2.3278063 1.561811,
  0 -2.3393701 1.561811,-0.08783544 -2.3278063 1.561811,
  -0.16968504 -2.2939031 1.561811,-0.23997088 -2.2399709 1.561811,
  -0.29390311 -2.169685 1.561811,-0.32780632 -2.0878354 1.561811,
  -0.33937008 -2 1.561811,-0.32780632 -1.9121646 1.561811,
  -0.29390311 -1.830315 1.561811,-0.23997088 -1.7600291 1.561811,
  -0.16968504 -1.7060969 1.561811,-0.08783544 -1.6721937 1.561811] }
 coordIndex [
  27,0,1,-1,27,1,25,-1,28,25,24,-1,28,27,25,-1,29,24,23,-1,29,28,24,-1,30,23,22,-1,30,29,23,-1,
  31,22,21,-1,31,30,22,-1,32,21,20,-1,32,31,21,-1,33,20,19,-1,33,32,20,-1,34,19,18,-1,34,33,19,-1,
  35,18,17,-1,35,34,18,-1,36,17,16,-1,36,35,17,-1,37,16,15,-1,37,36,16,-1,38,37,15,-1,38,15,14,-1,
  39,38,14,-1,39,14,13,-1,40,39,13,-1,40,13,12,-1,41,12,11,-1,41,40,12,-1,42,11,10,-1,42,41,11,-1,
  43,10,9,-1,43,42,10,-1,44,9,8,-1,44,43,9,-1,45,8,7,-1,45,44,8,-1,46,7,6,-1,46,45,7,-1,
  47,6,5,-1,47,46,6,-1,48,5,4,-1,48,47,5,-1,49,3,2,-1,49,4,3,-1,49,48,4,-1,26,49,2,-1]
  normalPerVertex TRUE
  normal DEF NORM_59 Normal { vector [
  0.13052619 0.99144486 0,0.13052619 0.99144486 0,
  -0.13052619 0.99144486 0,-0.25881905 0.96592583 0,
  -0.46155098 0.88711369 0,-0.67542593 0.73742784 0,
  -0.84327172 0.5374875 0,-0.95364993 0.30091828 0,
  -0.99903848 0.04384197 0,-0.9763442 -0.21622209 0,
  -0.88711369 -0.46155098 0,-0.73742784 -0.67542593 0,
  -0.5374875 -0.84327172 0,-0.30091828 -0.95364993 0,
  -0.04384197 -0.99903848 0,0.21622209 -0.9763442 0,
  0.46155098 -0.88711369 0,0.67542593 -0.73742784 0,
  0.84327172 -0.5374875 0,0.95364993 -0.30091828 0,
  0.99903848 -0.04384197 0,0.9763442 0.21622209 0,
  0.88711369 0.46155098 0,0.73742784 0.67542593 0,
  0.5374875 0.84327172 0,0.30091828 0.95364993 0,
  -0.13052619 0.99144486 0,0.21622209 0.9763442 0,
  0.46155098 0.88711369 0,0.67542593 0.73742784 0,
  0.84327172 0.5374875 0,0.95364993 0.30091828 0,
  0.99903848 0.04384197 0,0.9763442 -0.21622209 0,
  0.88711369 -0.46155098 0,0.73742784 -0.67542593 0,
  0.5374875 -0.84327172 0,0.30091828 -0.95364993 0,
  0.04384197 -0.99903848 0,-0.21622209 -0.9763442 0,
  -0.46155098 -0.88711369 0,-0.67542593 -0.73742784 0,
  -0.84327172 -0.5374875 0,-0.95364993 -0.30091828 0,
  -0.99903848 -0.04384197 0,-0.9763442 0.21622209 0,
  -0.88711369 0.46155098 0,-0.73742784 0.67542593 0,
  -0.5374875 0.84327172 0,-0.25881905 0.96592583 0] }
}
}
DEF SHAPE_60 Shape {
 appearance USE APP_2
 geometry DEF FACE_60 IndexedFaceSet {
  coord DEF COORD_60 Coordinate { point [
  0 -2.6606299 1.561811,0 -2.6606299 1.5775591,
  0 -2.6606299 1.5775591,-0.08783544 -2.6721937 1.5775591,
  -0.16968504 -2.7060969 1.5775591,-0.23997088 -2.7600291 1.5775591,
  -0.29390311 -2.830315 1.5775591,-0.32780632 -2.9121646 1.5775591,
  -0.33937008 -3 1.5775591,-0.32780632 -3.0878354 1.5775591,
  -0.29390311 -3.169685 1.5775591,-0.23997088 -3.2399709 1.5775591,
  -0.16968504 -3.2939031 1.5775591,-0.08783544 -3.3278063 1.5775591,
  0 -3.3393701 1.5775591,0.08783544 -3.3278063 1.5775591,
  0.16968504 -3.2939031 1.5775591,0.23997088 -3.2399709 1.5775591,
  0.29390311 -3.169685 1.5775591,0.32780632 -3.0878354 1.5775591,
  0.33937008 -3 1.5775591,0.32780632 -2.9121646 1.5775591,
  0.29390311 -2.830315 1.5775591,0.23997088 -2.7600291 1.5775591,
  0.16968504 -2.7060969 1.5775591,0.08783544 -2.6721937 1.5775591,
  0 -2.6606299 1.561811,0.08783544 -2.6721937 1.561811,
  0.16968504 -2.7060969 1.561811,0.23997088 -2.7600291 1.561811,
  0.29390311 -2.830315 1.561811,0.32780632 -2.9121646 1.561811,
  0.33937008 -3 1.561811,0.32780632 -3.0878354 1.561811,
  0.29390311 -3.169685 1.561811,0.23997088 -3.2399709 1.561811,
  0.16968504 -3.2939031 1.561811,0.08783544 -3.3278063 1.561811,
  0 -3.3393701 1.561811,-0.08783544 -3.3278063 1.561811,
  -0.16968504 -3.2939031 1.561811,-0.23997088 -3.2399709 1.561811,
  -0.29390311 -3.169685 1.561811,-0.32780632 -3.0878354 1.561811,
  -0.33937008 -3 1.561811,-0.32780632 -2.9121646 1.561811,
  -0.29390311 -2.830315 1.561811,-0.23997088 -2.7600291 1.561811,
  -0.16968504 -2.7060969 1.561811,-0.08783544 -2.6721937 1.561811] }
 coordIndex [
  27,0,1,-1,27,1,25,-1,28,25,24,-1,28,27,25,-1,29,24,23,-1,29,28,24,-1,30,23,22,-1,30,29,23,-1,
  31,22,21,-1,31,30,22,-1,32,21,20,-1,32,31,21,-1,33,20,19,-1,33,32,20,-1,34,19,18,-1,34,33,19,-1,
  35,18,17,-1,35,34,18,-1,36,17,16,-1,36,35,17,-1,37,16,15,-1,37,36,16,-1,38,37,15,-1,38,15,14,-1,
  39,38,14,-1,39,14,13,-1,40,39,13,-1,40,13,12,-1,41,12,11,-1,41,40,12,-1,42,11,10,-1,42,41,11,-1,
  43,10,9,-1,43,42,10,-1,44,9,8,-1,44,43,9,-1,45,8,7,-1,45,44,8,-1,46,7,6,-1,46,45,7,-1,
  47,6,5,-1,47,46,6,-1,48,5,4,-1,48,47,5,-1,49,3,2,-1,49,4,3,-1,49,48,4,-1,26,49,2,-1]
  normalPerVertex TRUE
  normal DEF NORM_60 Normal { vector [
  0.13052619 0.99144486 0,0.13052619 0.99144486 0,
  -0.13052619 0.99144486 0,-0.25881905 0.96592583 0,
  -0.46155098 0.88711369 0,-0.67542593 0.73742784 0,
  -0.84327172 0.5374875 0,-0.95364993 0.30091828 0,
  -0.99903848 0.04384197 0,-0.9763442 -0.21622209 0,
  -0.88711369 -0.46155098 0,-0.73742784 -0.67542593 0,
  -0.5374875 -0.84327172 0,-0.30091828 -0.95364993 0,
  -0.04384197 -0.99903848 0,0.21622209 -0.9763442 0,
  0.46155098 -0.88711369 0,0.67542593 -0.73742784 0,
  0.84327172 -0.5374875 0,0.95364993 -0.30091828 0,
  0.99903848 -0.04384197 0,0.9763442 0.21622209 0,
  0.88711369 0.46155098 0,0.73742784 0.67542593 0,
  0.5374875 0.84327172 0,0.30091828 0.95364993 0,
  -0.13052619 0.99144486 0,0.21622209 0.9763442 0,
  0.46155098 0.88711369 0,0.67542593 0.73742784 0,
  0.84327172 0.5374875 0,0.95364993 0.30091828 0,
  0.99903848 0.04384197 0,0.9763442 -0.21622209 0,
  0.88711369 -0.46155098 0,0.73742784 -0.67542593 0,
  0.5374875 -0.84327172 0,0.30091828 -0.95364993 0,
  0.04384197 -0.99903848 0,-0.21622209 -0.9763442 0,
  -0.46155098 -0.88711369 0,-0.67542593 -0.73742784 0,
  -0.84327172 -0.5374875 0,-0.95364993 -0.30091828 0,
  -0.99903848 -0.04384197 0,-0.9763442 0.21622209 0,
  -0.88711369 0.46155098 0,-0.73742784 0.67542593 0,
  -0.5374875 0.84327172 0,-0.25881905 0.96592583 0] }
}
}
DEF SHAPE_61 Shape {
 appearance USE APP_2
 geometry DEF FACE_61 IndexedFaceSet {
  coord DEF COORD_61 Coordinate { point [
  0 0.33937008 1.561811,0 0.33937008 1.5775591,
  0 0.33937008 1.5775591,-0.08783544 0.32780632 1.5775591,
  -0.16968504 0.29390311 1.5775591,-0.23997088 0.23997088 1.5775591,
  -0.29390311 0.16968504 1.5775591,-0.32780632 0.08783544 1.5775591,
  -0.33937008 0 1.5775591,-0.32780632 -0.08783544 1.5775591,
  -0.29390311 -0.16968504 1.5775591,-0.23997088 -0.23997088 1.5775591,
  -0.16968504 -0.29390311 1.5775591,-0.08783544 -0.32780632 1.5775591,
  0 -0.33937008 1.5775591,0.08783544 -0.32780632 1.5775591,
  0.16968504 -0.29390311 1.5775591,0.23997088 -0.23997088 1.5775591,
  0.29390311 -0.16968504 1.5775591,0.32780632 -0.08783544 1.5775591,
  0.33937008 0 1.5775591,0.32780632 0.08783544 1.5775591,
  0.29390311 0.16968504 1.5775591,0.23997088 0.23997088 1.5775591,
  0.16968504 0.29390311 1.5775591,0.08783544 0.32780632 1.5775591,
  0 0.33937008 1.561811,0.08783544 0.32780632 1.561811,
  0.16968504 0.29390311 1.561811,0.23997088 0.23997088 1.561811,
  0.29390311 0.16968504 1.561811,0.32780632 0.08783544 1.561811,
  0.33937008 0 1.561811,0.32780632 -0.08783544 1.561811,
  0.29390311 -0.16968504 1.561811,0.23997088 -0.23997088 1.561811,
  0.16968504 -0.29390311 1.561811,0.08783544 -0.32780632 1.561811,
  0 -0.33937008 1.561811,-0.08783544 -0.32780632 1.561811,
  -0.16968504 -0.29390311 1.561811,-0.23997088 -0.23997088 1.561811,
  -0.29390311 -0.16968504 1.561811,-0.32780632 -0.08783544 1.561811,
  -0.33937008 0 1.561811,-0.32780632 0.08783544 1.561811,
  -0.29390311 0.16968504 1.561811,-0.23997088 0.23997088 1.561811,
  -0.16968504 0.29390311 1.561811,-0.08783544 0.32780632 1.561811] }
 coordIndex [
  27,0,1,-1,27,1,25,-1,28,25,24,-1,28,27,25,-1,29,24,23,-1,29,28,24,-1,30,23,22,-1,30,29,23,-1,
  31,22,21,-1,31,30,22,-1,32,21,20,-1,32,31,21,-1,33,20,19,-1,33,32,20,-1,34,19,18,-1,34,33,19,-1,
  35,18,17,-1,35,34,18,-1,36,17,16,-1,36,35,17,-1,37,16,15,-1,37,36,16,-1,38,37,15,-1,38,15,14,-1,
  39,38,14,-1,39,14,13,-1,40,39,13,-1,40,13,12,-1,41,12,11,-1,41,40,12,-1,42,11,10,-1,42,41,11,-1,
  43,10,9,-1,43,42,10,-1,44,9,8,-1,44,43,9,-1,45,8,7,-1,45,44,8,-1,46,7,6,-1,46,45,7,-1,
  47,6,5,-1,47,46,6,-1,48,5,4,-1,48,47,5,-1,49,3,2,-1,49,4,3,-1,49,48,4,-1,26,49,2,-1]
  normalPerVertex TRUE
  normal DEF NORM_61 Normal { vector [
  0.13052619 0.99144486 0,0.13052619 0.99144486 0,
  -0.13052619 0.99144486 0,-0.25881905 0.96592583 0,
  -0.46155098 0.88711369 0,-0.67542593 0.73742784 0,
  -0.84327172 0.5374875 0,-0.95364993 0.30091828 0,
  -0.99903848 0.04384197 0,-0.9763442 -0.21622209 0,
  -0.88711369 -0.46155098 0,-0.73742784 -0.67542593 0,
  -0.5374875 -0.84327172 0,-0.30091828 -0.95364993 0,
  -0.04384197 -0.99903848 0,0.21622209 -0.9763442 0,
  0.46155098 -0.88711369 0,0.67542593 -0.73742784 0,
  0.84327172 -0.5374875 0,0.95364993 -0.30091828 0,
  0.99903848 -0.04384197 0,0.9763442 0.21622209 0,
  0.88711369 0.46155098 0,0.73742784 0.67542593 0,
  0.5374875 0.84327172 0,0.30091828 0.95364993 0,
  -0.13052619 0.99144486 0,0.21622209 0.9763442 0,
  0.46155098 0.88711369 0,0.67542593 0.73742784 0,
  0.84327172 0.5374875 0,0.95364993 0.30091828 0,
  0.99903848 0.04384197 0,0.9763442 -0.21622209 0,
  0.88711369 -0.46155098 0,0.73742784 -0.67542593 0,
  0.5374875 -0.84327172 0,0.30091828 -0.95364993 0,
  0.04384197 -0.99903848 0,-0.21622209 -0.9763442 0,
  -0.46155098 -0.88711369 0,-0.67542593 -0.73742784 0,
  -0.84327172 -0.5374875 0,-0.95364993 -0.30091828 0,
  -0.99903848 -0.04384197 0,-0.9763442 0.21622209 0,
  -0.88711369 0.46155098 0,-0.73742784 0.67542593 0,
  -0.5374875 0.84327172 0,-0.25881905 0.96592583 0] }
}
}
DEF SHAPE_62 Shape {
 appearance USE APP_2
 geometry DEF FACE_62 IndexedFaceSet {
  coord DEF COORD_62 Coordinate { point [
  0 -8.6606299 1.561811,0 -8.6606299 1.5775591,
  0 -8.6606299 1.5775591,-0.08783544 -8.6721937 1.5775591,
  -0.16968504 -8.7060969 1.5775591,-0.23997088 -8.7600291 1.5775591,
  -0.29390311 -8.830315 1.5775591,-0.32780632 -8.9121646 1.5775591,
  -0.33937008 -9 1.5775591,-0.32780632 -9.0878354 1.5775591,
  -0.29390311 -9.169685 1.5775591,-0.23997088 -9.2399709 1.5775591,
  -0.16968504 -9.2939031 1.5775591,-0.08783544 -9.3278063 1.5775591,
  0 -9.3393701 1.5775591,0.08783544 -9.3278063 1.5775591,
  0.16968504 -9.2939031 1.5775591,0.23997088 -9.2399709 1.5775591,
  0.29390311 -9.169685 1.5775591,0.32780632 -9.0878354 1.5775591,
  0.33937008 -9 1.5775591,0.32780632 -8.9121646 1.5775591,
  0.29390311 -8.830315 1.5775591,0.23997088 -8.7600291 1.5775591,
  0.16968504 -8.7060969 1.5775591,0.08783544 -8.6721937 1.5775591,
  0 -8.6606299 1.561811,0.08783544 -8.6721937 1.561811,
  0.16968504 -8.7060969 1.561811,0.23997088 -8.7600291 1.561811,
  0.29390311 -8.830315 1.561811,0.32780632 -8.9121646 1.561811,
  0.33937008 -9 1.561811,0.32780632 -9.0878354 1.561811,
  0.29390311 -9.169685 1.561811,0.23997088 -9.2399709 1.561811,
  0.16968504 -9.2939031 1.561811,0.08783544 -9.3278063 1.561811,
  0 -9.3393701 1.561811,-0.08783544 -9.3278063 1.561811,
  -0.16968504 -9.2939031 1.561811,-0.23997088 -9.2399709 1.561811,
  -0.29390311 -9.169685 1.561811,-0.32780632 -9.0878354 1.561811,
  -0.33937008 -9 1.561811,-0.32780632 -8.9121646 1.561811,
  -0.29390311 -8.830315 1.561811,-0.23997088 -8.7600291 1.561811,
  -0.16968504 -8.7060969 1.561811,-0.08783544 -8.6721937 1.561811] }
 coordIndex [
  27,0,1,-1,27,1,25,-1,28,25,24,-1,28,27,25,-1,29,24,23,-1,29,28,24,-1,30,23,22,-1,30,29,23,-1,
  31,22,21,-1,31,30,22,-1,32,21,20,-1,32,31,21,-1,33,20,19,-1,33,32,20,-1,34,19,18,-1,34,33,19,-1,
  35,18,17,-1,35,34,18,-1,36,17,16,-1,36,35,17,-1,37,16,15,-1,37,36,16,-1,38,37,15,-1,38,15,14,-1,
  39,38,14,-1,39,14,13,-1,40,39,13,-1,40,13,12,-1,41,12,11,-1,41,40,12,-1,42,11,10,-1,42,41,11,-1,
  43,10,9,-1,43,42,10,-1,44,9,8,-1,44,43,9,-1,45,8,7,-1,45,44,8,-1,46,7,6,-1,46,45,7,-1,
  47,6,5,-1,47,46,6,-1,48,5,4,-1,48,47,5,-1,49,3,2,-1,49,4,3,-1,49,48,4,-1,26,49,2,-1]
  normalPerVertex TRUE
  normal DEF NORM_62 Normal { vector [
  0.13052619 0.99144486 0,0.13052619 0.99144486 0,
  -0.13052619 0.99144486 0,-0.25881905 0.96592583 0,
  -0.46155098 0.88711369 0,-0.67542593 0.73742784 0,
  -0.84327172 0.5374875 0,-0.95364993 0.30091828 0,
  -0.99903848 0.04384197 0,-0.9763442 -0.21622209 0,
  -0.88711369 -0.46155098 0,-0.73742784 -0.67542593 0,
  -0.5374875 -0.84327172 0,-0.30091828 -0.95364993 0,
  -0.04384197 -0.99903848 0,0.21622209 -0.9763442 0,
  0.46155098 -0.88711369 0,0.67542593 -0.73742784 0,
  0.84327172 -0.5374875 0,0.95364993 -0.30091828 0,
  0.99903848 -0.04384197 0,0.9763442 0.21622209 0,
  0.88711369 0.46155098 0,0.73742784 0.67542593 0,
  0.5374875 0.84327172 0,0.30091828 0.95364993 0,
  -0.13052619 0.99144486 0,0.21622209 0.9763442 0,
  0.46155098 0.88711369 0,0.67542593 0.73742784 0,
  0.84327172 0.5374875 0,0.95364993 0.30091828 0,
  0.99903848 0.04384197 0,0.9763442 -0.21622209 0,
  0.88711369 -0.46155098 0,0.73742784 -0.67542593 0,
  0.5374875 -0.84327172 0,0.30091828 -0.95364993 0,
  0.04384197 -0.99903848 0,-0.21622209 -0.9763442 0,
  -0.46155098 -0.88711369 0,-0.67542593 -0.73742784 0,
  -0.84327172 -0.5374875 0,-0.95364993 -0.30091828 0,
  -0.99903848 -0.04384197 0,-0.9763442 0.21622209 0,
  -0.88711369 0.46155098 0,-0.73742784 0.67542593 0,
  -0.5374875 0.84327172 0,-0.25881905 0.96592583 0] }
}
}
DEF SHAPE_63 Shape {
 appearance USE APP_2
 geometry DEF FACE_63 IndexedFaceSet {
  coord DEF COORD_63 Coordinate { point [
  0 -7.6606299 1.561811,0 -7.6606299 1.5775591,
  0 -7.6606299 1.5775591,-0.08783544 -7.6721937 1.5775591,
  -0.16968504 -7.7060969 1.5775591,-0.23997088 -7.7600291 1.5775591,
  -0.29390311 -7.830315 1.5775591,-0.32780632 -7.9121646 1.5775591,
  -0.33937008 -8 1.5775591,-0.32780632 -8.0878354 1.5775591,
  -0.29390311 -8.169685 1.5775591,-0.23997088 -8.2399709 1.5775591,
  -0.16968504 -8.2939031 1.5775591,-0.08783544 -8.3278063 1.5775591,
  0 -8.3393701 1.5775591,0.08783544 -8.3278063 1.5775591,
  0.16968504 -8.2939031 1.5775591,0.23997088 -8.2399709 1.5775591,
  0.29390311 -8.169685 1.5775591,0.32780632 -8.0878354 1.5775591,
  0.33937008 -8 1.5775591,0.32780632 -7.9121646 1.5775591,
  0.29390311 -7.830315 1.5775591,0.23997088 -7.7600291 1.5775591,
  0.16968504 -7.7060969 1.5775591,0.08783544 -7.6721937 1.5775591,
  0 -7.6606299 1.561811,0.08783544 -7.6721937 1.561811,
  0.16968504 -7.7060969 1.561811,0.23997088 -7.7600291 1.561811,
  0.29390311 -7.830315 1.561811,0.32780632 -7.9121646 1.561811,
  0.33937008 -8 1.561811,0.32780632 -8.0878354 1.561811,
  0.29390311 -8.169685 1.561811,0.23997088 -8.2399709 1.561811,
  0.16968504 -8.2939031 1.561811,0.08783544 -8.3278063 1.561811,
  0 -8.3393701 1.561811,-0.08783544 -8.3278063 1.561811,
  -0.16968504 -8.2939031 1.561811,-0.23997088 -8.2399709 1.561811,
  -0.29390311 -8.169685 1.561811,-0.32780632 -8.0878354 1.561811,
  -0.33937008 -8 1.561811,-0.32780632 -7.9121646 1.561811,
  -0.29390311 -7.830315 1.561811,-0.23997088 -7.7600291 1.561811,
  -0.16968504 -7.7060969 1.561811,-0.08783544 -7.6721937 1.561811] }
 coordIndex [
  27,0,1,-1,27,1,25,-1,28,25,24,-1,28,27,25,-1,29,24,23,-1,29,28,24,-1,30,23,22,-1,30,29,23,-1,
  31,22,21,-1,31,30,22,-1,32,21,20,-1,32,31,21,-1,33,20,19,-1,33,32,20,-1,34,19,18,-1,34,33,19,-1,
  35,18,17,-1,35,34,18,-1,36,17,16,-1,36,35,17,-1,37,16,15,-1,37,36,16,-1,38,37,15,-1,38,15,14,-1,
  39,38,14,-1,39,14,13,-1,40,39,13,-1,40,13,12,-1,41,12,11,-1,41,40,12,-1,42,11,10,-1,42,41,11,-1,
  43,10,9,-1,43,42,10,-1,44,9,8,-1,44,43,9,-1,45,8,7,-1,45,44,8,-1,46,7,6,-1,46,45,7,-1,
  47,6,5,-1,47,46,6,-1,48,5,4,-1,48,47,5,-1,49,3,2,-1,49,4,3,-1,49,48,4,-1,26,49,2,-1]
  normalPerVertex TRUE
  normal DEF NORM_63 Normal { vector [
  0.13052619 0.99144486 0,0.13052619 0.99144486 0,
  -0.13052619 0.99144486 0,-0.25881905 0.96592583 0,
  -0.46155098 0.88711369 0,-0.67542593 0.73742784 0,
  -0.84327172 0.5374875 0,-0.95364993 0.30091828 0,
  -0.99903848 0.04384197 0,-0.9763442 -0.21622209 0,
  -0.88711369 -0.46155098 0,-0.73742784 -0.67542593 0,
  -0.5374875 -0.84327172 0,-0.30091828 -0.95364993 0,
  -0.04384197 -0.99903848 0,0.21622209 -0.9763442 0,
  0.46155098 -0.88711369 0,0.67542593 -0.73742784 0,
  0.84327172 -0.5374875 0,0.95364993 -0.30091828 0,
  0.99903848 -0.04384197 0,0.9763442 0.21622209 0,
  0.88711369 0.46155098 0,0.73742784 0.67542593 0,
  0.5374875 0.84327172 0,0.30091828 0.95364993 0,
  -0.13052619 0.99144486 0,0.21622209 0.9763442 0,
  0.46155098 0.88711369 0,0.67542593 0.73742784 0,
  0.84327172 0.5374875 0,0.95364993 0.30091828 0,
  0.99903848 0.04384197 0,0.9763442 -0.21622209 0,
  0.88711369 -0.46155098 0,0.73742784 -0.67542593 0,
  0.5374875 -0.84327172 0,0.30091828 -0.95364993 0,
  0.04384197 -0.99903848 0,-0.21622209 -0.9763442 0,
  -0.46155098 -0.88711369 0,-0.67542593 -0.73742784 0,
  -0.84327172 -0.5374875 0,-0.95364993 -0.30091828 0,
  -0.99903848 -0.04384197 0,-0.9763442 0.21622209 0,
  -0.88711369 0.46155098 0,-0.73742784 0.67542593 0,
  -0.5374875 0.84327172 0,-0.25881905 0.96592583 0] }
}
}
DEF SHAPE_64 Shape {
 appearance USE APP_1
 geometry DEF FACE_64 IndexedFaceSet {
  coord DEF COORD_64 Coordinate { point [
  1.7440945 -0.68110236 1.561811,1.7440945 0.066929134 1.561811,
  1.7440945 -0.68110236 1.036811,1.7440945 0.066929134 1.036811] }
 coordIndex [
  1,2,0,-1,1,3,2,-1]
  normalPerVertex TRUE
  normal DEF NORM_64 Normal { vector [
  -1 0 0,-1 0 0,
  -1 0 0,-1 0 0] }
}
}
DEF SHAPE_65 Shape {
 appearance USE APP_1
 geometry DEF FACE_65 IndexedFaceSet {
  coord DEF COORD_65 Coordinate { point [
  1.7440945 -9.0669291 1.561811,1.7440945 -8.7519685 1.561811,
  1.7440945 -9.0669291 1.036811,1.7440945 -8.7519685 1.036811] }
 coordIndex [
  1,2,0,-1,1,3,2,-1]
  normalPerVertex TRUE
  normal DEF NORM_65 Normal { vector [
  -1 0 0,-1 0 0,
  -1 0 0,-1 0 0] }
}
}
DEF SHAPE_66 Shape {
 appearance USE APP_1
 geometry DEF FACE_66 IndexedFaceSet {
  coord DEF COORD_66 Coordinate { point [
  1.7440945 -9.0669291 1.561811,2.1220472 -9.0669291 1.561811,
  1.7440945 -9.0669291 1.036811,2.1220472 -9.0669291 1.036811] }
 coordIndex [
  1,0,2,-1,1,2,3,-1]
  normalPerVertex TRUE
  normal DEF NORM_66 Normal { vector [
  0 -1 0,0 -1 0,
  0 -1 0,0 -1 0] }
}
}
DEF SHAPE_67 Shape {
 appearance USE APP_1
 geometry DEF FACE_67 IndexedFaceSet {
  coord DEF COORD_67 Coordinate { point [
  2.1220472 -9.0669291 1.561811,2.1658506 -9.0718646 1.561811,
  2.2074574 -9.0864235 1.561811,2.2447815 -9.1098757 1.561811,
  2.2759511 -9.1410453 1.561811,2.2994033 -9.1783693 1.561811,
  2.3139622 -9.2199762 1.561811,2.3188976 -9.2637795 1.561811,
  2.3188976 -9.2637795 1.036811,2.1220472 -9.0669291 1.036811,
  2.1658506 -9.0718646 1.036811,2.2074574 -9.0864235 1.036811,
  2.2447815 -9.1098757 1.036811,2.2759511 -9.1410453 1.036811,
  2.2994033 -9.1783693 1.036811,2.3139622 -9.2199762 1.036811] }
 coordIndex [
  6,8,7,-1,6,15,8,-1,5,14,15,-1,5,15,6,-1,4,13,14,-1,4,14,5,-1,3,12,13,-1,3,13,4,-1,
  2,10,11,-1,2,11,12,-1,2,12,3,-1,1,10,2,-1,0,9,10,-1,0,10,1,-1]
  normalPerVertex TRUE
  normal DEF NORM_67 Normal { vector [
  -0.11196448 -0.99371221 0,-0.22252093 -0.97492791 0,
  -0.43388374 -0.90096887 0,-0.65239359 -0.75788034 0,
  -0.80468096 -0.59370746 0,-0.91661827 -0.39976362 0,
  -0.98259251 -0.18577396 0,-0.99371221 -0.11196448 0,
  -0.99371221 -0.11196448 0,-0.11196448 -0.99371221 0,
  -0.22252093 -0.97492791 0,-0.43388374 -0.90096887 0,
  -0.59370746 -0.80468096 0,-0.75788034 -0.65239359 0,
  -0.88404993 -0.46739248 0,-0.96588956 -0.25895436 0] }
}
}
DEF SHAPE_68 Shape {
 appearance USE APP_2
 geometry DEF FACE_68 IndexedFaceSet {
  coord DEF COORD_68 Coordinate { point [
  3 -2.3393701 1.561811,3 -2.3393701 1.5775591,
  3 -2.3393701 1.5775591,3.0878354 -2.3278063 1.5775591,
  3.169685 -2.2939031 1.5775591,3.2399709 -2.2399709 1.5775591,
  3.2939031 -2.169685 1.5775591,3.3278063 -2.0878354 1.5775591,
  3.3393701 -2 1.5775591,3.3278063 -1.9121646 1.5775591,
  3.2939031 -1.830315 1.5775591,3.2399709 -1.7600291 1.5775591,
  3.169685 -1.7060969 1.5775591,3.0878354 -1.6721937 1.5775591,
  3 -1.6606299 1.5775591,2.9121646 -1.6721937 1.5775591,
  2.830315 -1.7060969 1.5775591,2.7600291 -1.7600291 1.5775591,
  2.7060969 -1.830315 1.5775591,2.6721937 -1.9121646 1.5775591,
  2.6606299 -2 1.5775591,2.6721937 -2.0878354 1.5775591,
  2.7060969 -2.169685 1.5775591,2.7600291 -2.2399709 1.5775591,
  2.830315 -2.2939031 1.5775591,2.9121646 -2.3278063 1.5775591,
  3 -2.3393701 1.561811,2.9121646 -2.3278063 1.561811,
  2.830315 -2.2939031 1.561811,2.7600291 -2.2399709 1.561811,
  2.7060969 -2.169685 1.561811,2.6721937 -2.0878354 1.561811,
  2.6606299 -2 1.561811,2.6721937 -1.9121646 1.561811,
  2.7060969 -1.830315 1.561811,2.7600291 -1.7600291 1.561811,
  2.830315 -1.7060969 1.561811,2.9121646 -1.6721937 1.561811,
  3 -1.6606299 1.561811,3.0878354 -1.6721937 1.561811,
  3.169685 -1.7060969 1.561811,3.2399709 -1.7600291 1.561811,
  3.2939031 -1.830315 1.561811,3.3278063 -1.9121646 1.561811,
  3.3393701 -2 1.561811,3.3278063 -2.0878354 1.561811,
  3.2939031 -2.169685 1.561811,3.2399709 -2.2399709 1.561811,
  3.169685 -2.2939031 1.561811,3.0878354 -2.3278063 1.561811] }
 coordIndex [
  27,0,1,-1,27,1,25,-1,28,25,24,-1,28,27,25,-1,29,24,23,-1,29,28,24,-1,30,23,22,-1,30,29,23,-1,
  31,22,21,-1,31,30,22,-1,32,21,20,-1,32,31,21,-1,33,20,19,-1,33,32,20,-1,34,19,18,-1,34,33,19,-1,
  35,18,17,-1,35,34,18,-1,36,17,16,-1,36,35,17,-1,37,16,15,-1,37,36,16,-1,38,37,15,-1,38,15,14,-1,
  39,38,14,-1,39,14,13,-1,40,39,13,-1,40,13,12,-1,41,12,11,-1,41,40,12,-1,42,11,10,-1,42,41,11,-1,
  43,10,9,-1,43,42,10,-1,44,9,8,-1,44,43,9,-1,45,8,7,-1,45,44,8,-1,46,7,6,-1,46,45,7,-1,
  47,6,5,-1,47,46,6,-1,48,5,4,-1,48,47,5,-1,49,3,2,-1,49,4,3,-1,49,48,4,-1,26,49,2,-1]
  normalPerVertex TRUE
  normal DEF NORM_68 Normal { vector [
  -0.13052619 -0.99144486 0,-0.13052619 -0.99144486 0,
  0.13052619 -0.99144486 0,0.25881905 -0.96592583 0,
  0.46155098 -0.88711369 0,0.67542593 -0.73742784 0,
  0.84327172 -0.5374875 0,0.95364993 -0.30091828 0,
  0.99903848 -0.04384197 0,0.9763442 0.21622209 0,
  0.88711369 0.46155098 0,0.73742784 0.67542593 0,
  0.5374875 0.84327172 0,0.30091828 0.95364993 0,
  0.04384197 0.99903848 0,-0.21622209 0.9763442 0,
  -0.46155098 0.88711369 0,-0.67542593 0.73742784 0,
  -0.84327172 0.5374875 0,-0.95364993 0.30091828 0,
  -0.99903848 0.04384197 0,-0.9763442 -0.21622209 0,
  -0.88711369 -0.46155098 0,-0.73742784 -0.67542593 0,
  -0.5374875 -0.84327172 0,-0.30091828 -0.95364993 0,
  0.13052619 -0.99144486 0,-0.21622209 -0.9763442 0,
  -0.46155098 -0.88711369 0,-0.67542593 -0.73742784 0,
  -0.84327172 -0.5374875 0,-0.95364993 -0.30091828 0,
  -0.99903848 -0.04384197 0,-0.9763442 0.21622209 0,
  -0.88711369 0.46155098 0,-0.73742784 0.67542593 0,
  -0.5374875 0.84327172 0,-0.30091828 0.95364993 0,
  -0.04384197 0.99903848 0,0.21622209 0.9763442 0,
  0.46155098 0.88711369 0,0.67542593 0.73742784 0,
  0.84327172 0.5374875 0,0.95364993 0.30091828 0,
  0.99903848 0.04384197 0,0.9763442 -0.21622209 0,
  0.88711369 -0.46155098 0,0.73742784 -0.67542593 0,
  0.5374875 -0.84327172 0,0.25881905 -0.96592583 0] }
}
}
DEF SHAPE_69 Shape {
 appearance USE APP_2
 geometry DEF FACE_69 IndexedFaceSet {
  coord DEF COORD_69 Coordinate { point [
  3 -1.3393701 1.561811,3 -1.3393701 1.5775591,
  3 -1.3393701 1.5775591,3.0878354 -1.3278063 1.5775591,
  3.169685 -1.2939031 1.5775591,3.2399709 -1.2399709 1.5775591,
  3.2939031 -1.169685 1.5775591,3.3278063 -1.0878354 1.5775591,
  3.3393701 -1 1.5775591,3.3278063 -0.91216456 1.5775591,
  3.2939031 -0.83031496 1.5775591,3.2399709 -0.76002912 1.5775591,
  3.169685 -0.70609689 1.5775591,3.0878354 -0.67219368 1.5775591,
  3 -0.66062992 1.5775591,2.9121646 -0.67219368 1.5775591,
  2.830315 -0.70609689 1.5775591,2.7600291 -0.76002912 1.5775591,
  2.7060969 -0.83031496 1.5775591,2.6721937 -0.91216456 1.5775591,
  2.6606299 -1 1.5775591,2.6721937 -1.0878354 1.5775591,
  2.7060969 -1.169685 1.5775591,2.7600291 -1.2399709 1.5775591,
  2.830315 -1.2939031 1.5775591,2.9121646 -1.3278063 1.5775591,
  3 -1.3393701 1.561811,2.9121646 -1.3278063 1.561811,
  2.830315 -1.2939031 1.561811,2.7600291 -1.2399709 1.561811,
  2.7060969 -1.169685 1.561811,2.6721937 -1.0878354 1.561811,
  2.6606299 -1 1.561811,2.6721937 -0.91216456 1.561811,
  2.7060969 -0.83031496 1.561811,2.7600291 -0.76002912 1.561811,
  2.830315 -0.70609689 1.561811,2.9121646 -0.67219368 1.561811,
  3 -0.66062992 1.561811,3.0878354 -0.67219368 1.561811,
  3.169685 -0.70609689 1.561811,3.2399709 -0.76002912 1.561811,
  3.2939031 -0.83031496 1.561811,3.3278063 -0.91216456 1.561811,
  3.3393701 -1 1.561811,3.3278063 -1.0878354 1.561811,
  3.2939031 -1.169685 1.561811,3.2399709 -1.2399709 1.561811,
  3.169685 -1.2939031 1.561811,3.0878354 -1.3278063 1.561811] }
 coordIndex [
  27,0,1,-1,27,1,25,-1,28,25,24,-1,28,27,25,-1,29,24,23,-1,29,28,24,-1,30,23,22,-1,30,29,23,-1,
  31,22,21,-1,31,30,22,-1,32,21,20,-1,32,31,21,-1,33,20,19,-1,33,32,20,-1,34,19,18,-1,34,33,19,-1,
  35,18,17,-1,35,34,18,-1,36,17,16,-1,36,35,17,-1,37,16,15,-1,37,36,16,-1,38,37,15,-1,38,15,14,-1,
  39,38,14,-1,39,14,13,-1,40,39,13,-1,40,13,12,-1,41,12,11,-1,41,40,12,-1,42,11,10,-1,42,41,11,-1,
  43,10,9,-1,43,42,10,-1,44,9,8,-1,44,43,9,-1,45,8,7,-1,45,44,8,-1,46,7,6,-1,46,45,7,-1,
  47,6,5,-1,47,46,6,-1,48,5,4,-1,48,47,5,-1,49,3,2,-1,49,4,3,-1,49,48,4,-1,26,49,2,-1]
  normalPerVertex TRUE
  normal DEF NORM_69 Normal { vector [
  -0.13052619 -0.99144486 0,-0.13052619 -0.99144486 0,
  0.13052619 -0.99144486 0,0.25881905 -0.96592583 0,
  0.46155098 -0.88711369 0,0.67542593 -0.73742784 0,
  0.84327172 -0.5374875 0,0.95364993 -0.30091828 0,
  0.99903848 -0.04384197 0,0.9763442 0.21622209 0,
  0.88711369 0.46155098 0,0.73742784 0.67542593 0,
  0.5374875 0.84327172 0,0.30091828 0.95364993 0,
  0.04384197 0.99903848 0,-0.21622209 0.9763442 0,
  -0.46155098 0.88711369 0,-0.67542593 0.73742784 0,
  -0.84327172 0.5374875 0,-0.95364993 0.30091828 0,
  -0.99903848 0.04384197 0,-0.9763442 -0.21622209 0,
  -0.88711369 -0.46155098 0,-0.73742784 -0.67542593 0,
  -0.5374875 -0.84327172 0,-0.30091828 -0.95364993 0,
  0.13052619 -0.99144486 0,-0.21622209 -0.9763442 0,
  -0.46155098 -0.88711369 0,-0.67542593 -0.73742784 0,
  -0.84327172 -0.5374875 0,-0.95364993 -0.30091828 0,
  -0.99903848 -0.04384197 0,-0.9763442 0.21622209 0,
  -0.88711369 0.46155098 0,-0.73742784 0.67542593 0,
  -0.5374875 0.84327172 0,-0.30091828 0.95364993 0,
  -0.04384197 0.99903848 0,0.21622209 0.9763442 0,
  0.46155098 0.88711369 0,0.67542593 0.73742784 0,
  0.84327172 0.5374875 0,0.95364993 0.30091828 0,
  0.99903848 0.04384197 0,0.9763442 -0.21622209 0,
  0.88711369 -0.46155098 0,0.73742784 -0.67542593 0,
  0.5374875 -0.84327172 0,0.25881905 -0.96592583 0] }
}
}
DEF SHAPE_70 Shape {
 appearance USE APP_2
 geometry DEF FACE_70 IndexedFaceSet {
  coord DEF COORD_70 Coordinate { point [
  3 -4.3393701 1.561811,3 -4.3393701 1.5775591,
  3 -4.3393701 1.5775591,3.0878354 -4.3278063 1.5775591,
  3.169685 -4.2939031 1.5775591,3.2399709 -4.2399709 1.5775591,
  3.2939031 -4.169685 1.5775591,3.3278063 -4.0878354 1.5775591,
  3.3393701 -4 1.5775591,3.3278063 -3.9121646 1.5775591,
  3.2939031 -3.830315 1.5775591,3.2399709 -3.7600291 1.5775591,
  3.169685 -3.7060969 1.5775591,3.0878354 -3.6721937 1.5775591,
  3 -3.6606299 1.5775591,2.9121646 -3.6721937 1.5775591,
  2.830315 -3.7060969 1.5775591,2.7600291 -3.7600291 1.5775591,
  2.7060969 -3.830315 1.5775591,2.6721937 -3.9121646 1.5775591,
  2.6606299 -4 1.5775591,2.6721937 -4.0878354 1.5775591,
  2.7060969 -4.169685 1.5775591,2.7600291 -4.2399709 1.5775591,
  2.830315 -4.2939031 1.5775591,2.9121646 -4.3278063 1.5775591,
  3 -4.3393701 1.561811,2.9121646 -4.3278063 1.561811,
  2.830315 -4.2939031 1.561811,2.7600291 -4.2399709 1.561811,
  2.7060969 -4.169685 1.561811,2.6721937 -4.0878354 1.561811,
  2.6606299 -4 1.561811,2.6721937 -3.9121646 1.561811,
  2.7060969 -3.830315 1.561811,2.7600291 -3.7600291 1.561811,
  2.830315 -3.7060969 1.561811,2.9121646 -3.6721937 1.561811,
  3 -3.6606299 1.561811,3.0878354 -3.6721937 1.561811,
  3.169685 -3.7060969 1.561811,3.2399709 -3.7600291 1.561811,
  3.2939031 -3.830315 1.561811,3.3278063 -3.9121646 1.561811,
  3.3393701 -4 1.561811,3.3278063 -4.0878354 1.561811,
  3.2939031 -4.169685 1.561811,3.2399709 -4.2399709 1.561811,
  3.169685 -4.2939031 1.561811,3.0878354 -4.3278063 1.561811] }
 coordIndex [
  27,0,1,-1,27,1,25,-1,28,25,24,-1,28,27,25,-1,29,24,23,-1,29,28,24,-1,30,23,22,-1,30,29,23,-1,
  31,22,21,-1,31,30,22,-1,32,21,20,-1,32,31,21,-1,33,20,19,-1,33,32,20,-1,34,19,18,-1,34,33,19,-1,
  35,18,17,-1,35,34,18,-1,36,17,16,-1,36,35,17,-1,37,16,15,-1,37,36,16,-1,38,37,15,-1,38,15,14,-1,
  39,38,14,-1,39,14,13,-1,40,39,13,-1,40,13,12,-1,41,12,11,-1,41,40,12,-1,42,11,10,-1,42,41,11,-1,
  43,10,9,-1,43,42,10,-1,44,9,8,-1,44,43,9,-1,45,8,7,-1,45,44,8,-1,46,7,6,-1,46,45,7,-1,
  47,6,5,-1,47,46,6,-1,48,5,4,-1,48,47,5,-1,49,3,2,-1,49,4,3,-1,49,48,4,-1,26,49,2,-1]
  normalPerVertex TRUE
  normal DEF NORM_70 Normal { vector [
  -0.13052619 -0.99144486 0,-0.13052619 -0.99144486 0,
  0.13052619 -0.99144486 0,0.25881905 -0.96592583 0,
  0.46155098 -0.88711369 0,0.67542593 -0.73742784 0,
  0.84327172 -0.5374875 0,0.95364993 -0.30091828 0,
  0.99903848 -0.04384197 0,0.9763442 0.21622209 0,
  0.88711369 0.46155098 0,0.73742784 0.67542593 0,
  0.5374875 0.84327172 0,0.30091828 0.95364993 0,
  0.04384197 0.99903848 0,-0.21622209 0.9763442 0,
  -0.46155098 0.88711369 0,-0.67542593 0.73742784 0,
  -0.84327172 0.5374875 0,-0.95364993 0.30091828 0,
  -0.99903848 0.04384197 0,-0.9763442 -0.21622209 0,
  -0.88711369 -0.46155098 0,-0.73742784 -0.67542593 0,
  -0.5374875 -0.84327172 0,-0.30091828 -0.95364993 0,
  0.13052619 -0.99144486 0,-0.21622209 -0.9763442 0,
  -0.46155098 -0.88711369 0,-0.67542593 -0.73742784 0,
  -0.84327172 -0.5374875 0,-0.95364993 -0.30091828 0,
  -0.99903848 -0.04384197 0,-0.9763442 0.21622209 0,
  -0.88711369 0.46155098 0,-0.73742784 0.67542593 0,
  -0.5374875 0.84327172 0,-0.30091828 0.95364993 0,
  -0.04384197 0.99903848 0,0.21622209 0.9763442 0,
  0.46155098 0.88711369 0,0.67542593 0.73742784 0,
  0.84327172 0.5374875 0,0.95364993 0.30091828 0,
  0.99903848 0.04384197 0,0.9763442 -0.21622209 0,
  0.88711369 -0.46155098 0,0.73742784 -0.67542593 0,
  0.5374875 -0.84327172 0,0.25881905 -0.96592583 0] }
}
}
DEF SHAPE_71 Shape {
 appearance USE APP_2
 geometry DEF FACE_71 IndexedFaceSet {
  coord DEF COORD_71 Coordinate { point [
  3 -3.3393701 1.561811,3 -3.3393701 1.5775591,
  3 -3.3393701 1.5775591,3.0878354 -3.3278063 1.5775591,
  3.169685 -3.2939031 1.5775591,3.2399709 -3.2399709 1.5775591,
  3.2939031 -3.169685 1.5775591,3.3278063 -3.0878354 1.5775591,
  3.3393701 -3 1.5775591,3.3278063 -2.9121646 1.5775591,
  3.2939031 -2.830315 1.5775591,3.2399709 -2.7600291 1.5775591,
  3.169685 -2.7060969 1.5775591,3.0878354 -2.6721937 1.5775591,
  3 -2.6606299 1.5775591,2.9121646 -2.6721937 1.5775591,
  2.830315 -2.7060969 1.5775591,2.7600291 -2.7600291 1.5775591,
  2.7060969 -2.830315 1.5775591,2.6721937 -2.9121646 1.5775591,
  2.6606299 -3 1.5775591,2.6721937 -3.0878354 1.5775591,
  2.7060969 -3.169685 1.5775591,2.7600291 -3.2399709 1.5775591,
  2.830315 -3.2939031 1.5775591,2.9121646 -3.3278063 1.5775591,
  3 -3.3393701 1.561811,2.9121646 -3.3278063 1.561811,
  2.830315 -3.2939031 1.561811,2.7600291 -3.2399709 1.561811,
  2.7060969 -3.169685 1.561811,2.6721937 -3.0878354 1.561811,
  2.6606299 -3 1.561811,2.6721937 -2.9121646 1.561811,
  2.7060969 -2.830315 1.561811,2.7600291 -2.7600291 1.561811,
  2.830315 -2.7060969 1.561811,2.9121646 -2.6721937 1.561811,
  3 -2.6606299 1.561811,3.0878354 -2.6721937 1.561811,
  3.169685 -2.7060969 1.561811,3.2399709 -2.7600291 1.561811,
  3.2939031 -2.830315 1.561811,3.3278063 -2.9121646 1.561811,
  3.3393701 -3 1.561811,3.3278063 -3.0878354 1.561811,
  3.2939031 -3.169685 1.561811,3.2399709 -3.2399709 1.561811,
  3.169685 -3.2939031 1.561811,3.0878354 -3.3278063 1.561811] }
 coordIndex [
  27,0,1,-1,27,1,25,-1,28,25,24,-1,28,27,25,-1,29,24,23,-1,29,28,24,-1,30,23,22,-1,30,29,23,-1,
  31,22,21,-1,31,30,22,-1,32,21,20,-1,32,31,21,-1,33,20,19,-1,33,32,20,-1,34,19,18,-1,34,33,19,-1,
  35,18,17,-1,35,34,18,-1,36,17,16,-1,36,35,17,-1,37,16,15,-1,37,36,16,-1,38,37,15,-1,38,15,14,-1,
  39,38,14,-1,39,14,13,-1,40,39,13,-1,40,13,12,-1,41,12,11,-1,41,40,12,-1,42,11,10,-1,42,41,11,-1,
  43,10,9,-1,43,42,10,-1,44,9,8,-1,44,43,9,-1,45,8,7,-1,45,44,8,-1,46,7,6,-1,46,45,7,-1,
  47,6,5,-1,47,46,6,-1,48,5,4,-1,48,47,5,-1,49,3,2,-1,49,4,3,-1,49,48,4,-1,26,49,2,-1]
  normalPerVertex TRUE
  normal DEF NORM_71 Normal { vector [
  -0.13052619 -0.99144486 0,-0.13052619 -0.99144486 0,
  0.13052619 -0.99144486 0,0.25881905 -0.96592583 0,
  0.46155098 -0.88711369 0,0.67542593 -0.73742784 0,
  0.84327172 -0.5374875 0,0.95364993 -0.30091828 0,
  0.99903848 -0.04384197 0,0.9763442 0.21622209 0,
  0.88711369 0.46155098 0,0.73742784 0.67542593 0,
  0.5374875 0.84327172 0,0.30091828 0.95364993 0,
  0.04384197 0.99903848 0,-0.21622209 0.9763442 0,
  -0.46155098 0.88711369 0,-0.67542593 0.73742784 0,
  -0.84327172 0.5374875 0,-0.95364993 0.30091828 0,
  -0.99903848 0.04384197 0,-0.9763442 -0.21622209 0,
  -0.88711369 -0.46155098 0,-0.73742784 -0.67542593 0,
  -0.5374875 -0.84327172 0,-0.30091828 -0.95364993 0,
  0.13052619 -0.99144486 0,-0.21622209 -0.9763442 0,
  -0.46155098 -0.88711369 0,-0.67542593 -0.73742784 0,
  -0.84327172 -0.5374875 0,-0.95364993 -0.30091828 0,
  -0.99903848 -0.04384197 0,-0.9763442 0.21622209 0,
  -0.88711369 0.46155098 0,-0.73742784 0.67542593 0,
  -0.5374875 0.84327172 0,-0.30091828 0.95364993 0,
  -0.04384197 0.99903848 0,0.21622209 0.9763442 0,
  0.46155098 0.88711369 0,0.67542593 0.73742784 0,
  0.84327172 0.5374875 0,0.95364993 0.30091828 0,
  0.99903848 0.04384197 0,0.9763442 -0.21622209 0,
  0.88711369 -0.46155098 0,0.73742784 -0.67542593 0,
  0.5374875 -0.84327172 0,0.25881905 -0.96592583 0] }
}
}
DEF SHAPE_72 Shape {
 appearance USE APP_2
 geometry DEF FACE_72 IndexedFaceSet {
  coord DEF COORD_72 Coordinate { point [
  3 -9.3393701 1.561811,3 -9.3393701 1.5775591,
  3 -9.3393701 1.5775591,3.0878354 -9.3278063 1.5775591,
  3.169685 -9.2939031 1.5775591,3.2399709 -9.2399709 1.5775591,
  3.2939031 -9.169685 1.5775591,3.3278063 -9.0878354 1.5775591,
  3.3393701 -9 1.5775591,3.3278063 -8.9121646 1.5775591,
  3.2939031 -8.830315 1.5775591,3.2399709 -8.7600291 1.5775591,
  3.169685 -8.7060969 1.5775591,3.0878354 -8.6721937 1.5775591,
  3 -8.6606299 1.5775591,2.9121646 -8.6721937 1.5775591,
  2.830315 -8.7060969 1.5775591,2.7600291 -8.7600291 1.5775591,
  2.7060969 -8.830315 1.5775591,2.6721937 -8.9121646 1.5775591,
  2.6606299 -9 1.5775591,2.6721937 -9.0878354 1.5775591,
  2.7060969 -9.169685 1.5775591,2.7600291 -9.2399709 1.5775591,
  2.830315 -9.2939031 1.5775591,2.9121646 -9.3278063 1.5775591,
  3 -9.3393701 1.561811,2.9121646 -9.3278063 1.561811,
  2.830315 -9.2939031 1.561811,2.7600291 -9.2399709 1.561811,
  2.7060969 -9.169685 1.561811,2.6721937 -9.0878354 1.561811,
  2.6606299 -9 1.561811,2.6721937 -8.9121646 1.561811,
  2.7060969 -8.830315 1.561811,2.7600291 -8.7600291 1.561811,
  2.830315 -8.7060969 1.561811,2.9121646 -8.6721937 1.561811,
  3 -8.6606299 1.561811,3.0878354 -8.6721937 1.561811,
  3.169685 -8.7060969 1.561811,3.2399709 -8.7600291 1.561811,
  3.2939031 -8.830315 1.561811,3.3278063 -8.9121646 1.561811,
  3.3393701 -9 1.561811,3.3278063 -9.0878354 1.561811,
  3.2939031 -9.169685 1.561811,3.2399709 -9.2399709 1.561811,
  3.169685 -9.2939031 1.561811,3.0878354 -9.3278063 1.561811] }
 coordIndex [
  27,0,1,-1,27,1,25,-1,28,25,24,-1,28,27,25,-1,29,24,23,-1,29,28,24,-1,30,23,22,-1,30,29,23,-1,
  31,22,21,-1,31,30,22,-1,32,21,20,-1,32,31,21,-1,33,20,19,-1,33,32,20,-1,34,19,18,-1,34,33,19,-1,
  35,18,17,-1,35,34,18,-1,36,17,16,-1,36,35,17,-1,37,16,15,-1,37,36,16,-1,38,37,15,-1,38,15,14,-1,
  39,38,14,-1,39,14,13,-1,40,39,13,-1,40,13,12,-1,41,12,11,-1,41,40,12,-1,42,11,10,-1,42,41,11,-1,
  43,10,9,-1,43,42,10,-1,44,9,8,-1,44,43,9,-1,45,8,7,-1,45,44,8,-1,46,7,6,-1,46,45,7,-1,
  47,6,5,-1,47,46,6,-1,48,5,4,-1,48,47,5,-1,49,3,2,-1,49,4,3,-1,49,48,4,-1,26,49,2,-1]
  normalPerVertex TRUE
  normal DEF NORM_72 Normal { vector [
  -0.13052619 -0.99144486 0,-0.13052619 -0.99144486 0,
  0.13052619 -0.99144486 0,0.25881905 -0.96592583 0,
  0.46155098 -0.88711369 0,0.67542593 -0.73742784 0,
  0.84327172 -0.5374875 0,0.95364993 -0.30091828 0,
  0.99903848 -0.04384197 0,0.9763442 0.21622209 0,
  0.88711369 0.46155098 0,0.73742784 0.67542593 0,
  0.5374875 0.84327172 0,0.30091828 0.95364993 0,
  0.04384197 0.99903848 0,-0.21622209 0.9763442 0,
  -0.46155098 0.88711369 0,-0.67542593 0.73742784 0,
  -0.84327172 0.5374875 0,-0.95364993 0.30091828 0,
  -0.99903848 0.04384197 0,-0.9763442 -0.21622209 0,
  -0.88711369 -0.46155098 0,-0.73742784 -0.67542593 0,
  -0.5374875 -0.84327172 0,-0.30091828 -0.95364993 0,
  0.13052619 -0.99144486 0,-0.21622209 -0.9763442 0,
  -0.46155098 -0.88711369 0,-0.67542593 -0.73742784 0,
  -0.84327172 -0.5374875 0,-0.95364993 -0.30091828 0,
  -0.99903848 -0.04384197 0,-0.9763442 0.21622209 0,
  -0.88711369 0.46155098 0,-0.73742784 0.67542593 0,
  -0.5374875 0.84327172 0,-0.30091828 0.95364993 0,
  -0.04384197 0.99903848 0,0.21622209 0.9763442 0,
  0.46155098 0.88711369 0,0.67542593 0.73742784 0,
  0.84327172 0.5374875 0,0.95364993 0.30091828 0,
  0.99903848 0.04384197 0,0.9763442 -0.21622209 0,
  0.88711369 -0.46155098 0,0.73742784 -0.67542593 0,
  0.5374875 -0.84327172 0,0.25881905 -0.96592583 0] }
}
}
DEF SHAPE_73 Shape {
 appearance USE APP_2
 geometry DEF FACE_73 IndexedFaceSet {
  coord DEF COORD_73 Coordinate { point [
  3 -8.3393701 1.561811,3 -8.3393701 1.5775591,
  3 -8.3393701 1.5775591,3.0878354 -8.3278063 1.5775591,
  3.169685 -8.2939031 1.5775591,3.2399709 -8.2399709 1.5775591,
  3.2939031 -8.169685 1.5775591,3.3278063 -8.0878354 1.5775591,
  3.3393701 -8 1.5775591,3.3278063 -7.9121646 1.5775591,
  3.2939031 -7.830315 1.5775591,3.2399709 -7.7600291 1.5775591,
  3.169685 -7.7060969 1.5775591,3.0878354 -7.6721937 1.5775591,
  3 -7.6606299 1.5775591,2.9121646 -7.6721937 1.5775591,
  2.830315 -7.7060969 1.5775591,2.7600291 -7.7600291 1.5775591,
  2.7060969 -7.830315 1.5775591,2.6721937 -7.9121646 1.5775591,
  2.6606299 -8 1.5775591,2.6721937 -8.0878354 1.5775591,
  2.7060969 -8.169685 1.5775591,2.7600291 -8.2399709 1.5775591,
  2.830315 -8.2939031 1.5775591,2.9121646 -8.3278063 1.5775591,
  3 -8.3393701 1.561811,2.9121646 -8.3278063 1.561811,
  2.830315 -8.2939031 1.561811,2.7600291 -8.2399709 1.561811,
  2.7060969 -8.169685 1.561811,2.6721937 -8.0878354 1.561811,
  2.6606299 -8 1.561811,2.6721937 -7.9121646 1.561811,
  2.7060969 -7.830315 1.561811,2.7600291 -7.7600291 1.561811,
  2.830315 -7.7060969 1.561811,2.9121646 -7.6721937 1.561811,
  3 -7.6606299 1.561811,3.0878354 -7.6721937 1.561811,
  3.169685 -7.7060969 1.561811,3.2399709 -7.7600291 1.561811,
  3.2939031 -7.830315 1.561811,3.3278063 -7.9121646 1.561811,
  3.3393701 -8 1.561811,3.3278063 -8.0878354 1.561811,
  3.2939031 -8.169685 1.561811,3.2399709 -8.2399709 1.561811,
  3.169685 -8.2939031 1.561811,3.0878354 -8.3278063 1.561811] }
 coordIndex [
  27,0,1,-1,27,1,25,-1,28,25,24,-1,28,27,25,-1,29,24,23,-1,29,28,24,-1,30,23,22,-1,30,29,23,-1,
  31,22,21,-1,31,30,22,-1,32,21,20,-1,32,31,21,-1,33,20,19,-1,33,32,20,-1,34,19,18,-1,34,33,19,-1,
  35,18,17,-1,35,34,18,-1,36,17,16,-1,36,35,17,-1,37,16,15,-1,37,36,16,-1,38,37,15,-1,38,15,14,-1,
  39,38,14,-1,39,14,13,-1,40,39,13,-1,40,13,12,-1,41,12,11,-1,41,40,12,-1,42,11,10,-1,42,41,11,-1,
  43,10,9,-1,43,42,10,-1,44,9,8,-1,44,43,9,-1,45,8,7,-1,45,44,8,-1,46,7,6,-1,46,45,7,-1,
  47,6,5,-1,47,46,6,-1,48,5,4,-1,48,47,5,-1,49,3,2,-1,49,4,3,-1,49,48,4,-1,26,49,2,-1]
  normalPerVertex TRUE
  normal DEF NORM_73 Normal { vector [
  -0.13052619 -0.99144486 0,-0.13052619 -0.99144486 0,
  0.13052619 -0.99144486 0,0.25881905 -0.96592583 0,
  0.46155098 -0.88711369 0,0.67542593 -0.73742784 0,
  0.84327172 -0.5374875 0,0.95364993 -0.30091828 0,
  0.99903848 -0.04384197 0,0.9763442 0.21622209 0,
  0.88711369 0.46155098 0,0.73742784 0.67542593 0,
  0.5374875 0.84327172 0,0.30091828 0.95364993 0,
  0.04384197 0.99903848 0,-0.21622209 0.9763442 0,
  -0.46155098 0.88711369 0,-0.67542593 0.73742784 0,
  -0.84327172 0.5374875 0,-0.95364993 0.30091828 0,
  -0.99903848 0.04384197 0,-0.9763442 -0.21622209 0,
  -0.88711369 -0.46155098 0,-0.73742784 -0.67542593 0,
  -0.5374875 -0.84327172 0,-0.30091828 -0.95364993 0,
  0.13052619 -0.99144486 0,-0.21622209 -0.9763442 0,
  -0.46155098 -0.88711369 0,-0.67542593 -0.73742784 0,
  -0.84327172 -0.5374875 0,-0.95364993 -0.30091828 0,
  -0.99903848 -0.04384197 0,-0.9763442 0.21622209 0,
  -0.88711369 0.46155098 0,-0.73742784 0.67542593 0,
  -0.5374875 0.84327172 0,-0.30091828 0.95364993 0,
  -0.04384197 0.99903848 0,0.21622209 0.9763442 0,
  0.46155098 0.88711369 0,0.67542593 0.73742784 0,
  0.84327172 0.5374875 0,0.95364993 0.30091828 0,
  0.99903848 0.04384197 0,0.9763442 -0.21622209 0,
  0.88711369 -0.46155098 0,0.73742784 -0.67542593 0,
  0.5374875 -0.84327172 0,0.25881905 -0.96592583 0] }
}
}
DEF SHAPE_74 Shape {
 appearance USE APP_2
 geometry DEF FACE_74 IndexedFaceSet {
  coord DEF COORD_74 Coordinate { point [
  3 -7.3393701 1.561811,3 -7.3393701 1.5775591,
  3 -7.3393701 1.5775591,3.0878354 -7.3278063 1.5775591,
  3.169685 -7.2939031 1.5775591,3.2399709 -7.2399709 1.5775591,
  3.2939031 -7.169685 1.5775591,3.3278063 -7.0878354 1.5775591,
  3.3393701 -7 1.5775591,3.3278063 -6.9121646 1.5775591,
  3.2939031 -6.830315 1.5775591,3.2399709 -6.7600291 1.5775591,
  3.169685 -6.7060969 1.5775591,3.0878354 -6.6721937 1.5775591,
  3 -6.6606299 1.5775591,2.9121646 -6.6721937 1.5775591,
  2.830315 -6.7060969 1.5775591,2.7600291 -6.7600291 1.5775591,
  2.7060969 -6.830315 1.5775591,2.6721937 -6.9121646 1.5775591,
  2.6606299 -7 1.5775591,2.6721937 -7.0878354 1.5775591,
  2.7060969 -7.169685 1.5775591,2.7600291 -7.2399709 1.5775591,
  2.830315 -7.2939031 1.5775591,2.9121646 -7.3278063 1.5775591,
  3 -7.3393701 1.561811,2.9121646 -7.3278063 1.561811,
  2.830315 -7.2939031 1.561811,2.7600291 -7.2399709 1.561811,
  2.7060969 -7.169685 1.561811,2.6721937 -7.0878354 1.561811,
  2.6606299 -7 1.561811,2.6721937 -6.9121646 1.561811,
  2.7060969 -6.830315 1.561811,2.7600291 -6.7600291 1.561811,
  2.830315 -6.7060969 1.561811,2.9121646 -6.6721937 1.561811,
  3 -6.6606299 1.561811,3.0878354 -6.6721937 1.561811,
  3.169685 -6.7060969 1.561811,3.2399709 -6.7600291 1.561811,
  3.2939031 -6.830315 1.561811,3.3278063 -6.9121646 1.561811,
  3.3393701 -7 1.561811,3.3278063 -7.0878354 1.561811,
  3.2939031 -7.169685 1.561811,3.2399709 -7.2399709 1.561811,
  3.169685 -7.2939031 1.561811,3.0878354 -7.3278063 1.561811] }
 coordIndex [
  27,0,1,-1,27,1,25,-1,28,25,24,-1,28,27,25,-1,29,24,23,-1,29,28,24,-1,30,23,22,-1,30,29,23,-1,
  31,22,21,-1,31,30,22,-1,32,21,20,-1,32,31,21,-1,33,20,19,-1,33,32,20,-1,34,19,18,-1,34,33,19,-1,
  35,18,17,-1,35,34,18,-1,36,17,16,-1,36,35,17,-1,37,16,15,-1,37,36,16,-1,38,37,15,-1,38,15,14,-1,
  39,38,14,-1,39,14,13,-1,40,39,13,-1,40,13,12,-1,41,12,11,-1,41,40,12,-1,42,11,10,-1,42,41,11,-1,
  43,10,9,-1,43,42,10,-1,44,9,8,-1,44,43,9,-1,45,8,7,-1,45,44,8,-1,46,7,6,-1,46,45,7,-1,
  47,6,5,-1,47,46,6,-1,48,5,4,-1,48,47,5,-1,49,3,2,-1,49,4,3,-1,49,48,4,-1,26,49,2,-1]
  normalPerVertex TRUE
  normal DEF NORM_74 Normal { vector [
  -0.13052619 -0.99144486 0,-0.13052619 -0.99144486 0,
  0.13052619 -0.99144486 0,0.25881905 -0.96592583 0,
  0.46155098 -0.88711369 0,0.67542593 -0.73742784 0,
  0.84327172 -0.5374875 0,0.95364993 -0.30091828 0,
  0.99903848 -0.04384197 0,0.9763442 0.21622209 0,
  0.88711369 0.46155098 0,0.73742784 0.67542593 0,
  0.5374875 0.84327172 0,0.30091828 0.95364993 0,
  0.04384197 0.99903848 0,-0.21622209 0.9763442 0,
  -0.46155098 0.88711369 0,-0.67542593 0.73742784 0,
  -0.84327172 0.5374875 0,-0.95364993 0.30091828 0,
  -0.99903848 0.04384197 0,-0.9763442 -0.21622209 0,
  -0.88711369 -0.46155098 0,-0.73742784 -0.67542593 0,
  -0.5374875 -0.84327172 0,-0.30091828 -0.95364993 0,
  0.13052619 -0.99144486 0,-0.21622209 -0.9763442 0,
  -0.46155098 -0.88711369 0,-0.67542593 -0.73742784 0,
  -0.84327172 -0.5374875 0,-0.95364993 -0.30091828 0,
  -0.99903848 -0.04384197 0,-0.9763442 0.21622209 0,
  -0.88711369 0.46155098 0,-0.73742784 0.67542593 0,
  -0.5374875 0.84327172 0,-0.30091828 0.95364993 0,
  -0.04384197 0.99903848 0,0.21622209 0.9763442 0,
  0.46155098 0.88711369 0,0.67542593 0.73742784 0,
  0.84327172 0.5374875 0,0.95364993 0.30091828 0,
  0.99903848 0.04384197 0,0.9763442 -0.21622209 0,
  0.88711369 -0.46155098 0,0.73742784 -0.67542593 0,
  0.5374875 -0.84327172 0,0.25881905 -0.96592583 0] }
}
}
DEF SHAPE_75 Shape {
 appearance USE APP_2
 geometry DEF FACE_75 IndexedFaceSet {
  coord DEF COORD_75 Coordinate { point [
  3 -5.3393701 1.561811,3 -5.3393701 1.5775591,
  3 -5.3393701 1.5775591,3.0878354 -5.3278063 1.5775591,
  3.169685 -5.2939031 1.5775591,3.2399709 -5.2399709 1.5775591,
  3.2939031 -5.169685 1.5775591,3.3278063 -5.0878354 1.5775591,
  3.3393701 -5 1.5775591,3.3278063 -4.9121646 1.5775591,
  3.2939031 -4.830315 1.5775591,3.2399709 -4.7600291 1.5775591,
  3.169685 -4.7060969 1.5775591,3.0878354 -4.6721937 1.5775591,
  3 -4.6606299 1.5775591,2.9121646 -4.6721937 1.5775591,
  2.830315 -4.7060969 1.5775591,2.7600291 -4.7600291 1.5775591,
  2.7060969 -4.830315 1.5775591,2.6721937 -4.9121646 1.5775591,
  2.6606299 -5 1.5775591,2.6721937 -5.0878354 1.5775591,
  2.7060969 -5.169685 1.5775591,2.7600291 -5.2399709 1.5775591,
  2.830315 -5.2939031 1.5775591,2.9121646 -5.3278063 1.5775591,
  3 -5.3393701 1.561811,2.9121646 -5.3278063 1.561811,
  2.830315 -5.2939031 1.561811,2.7600291 -5.2399709 1.561811,
  2.7060969 -5.169685 1.561811,2.6721937 -5.0878354 1.561811,
  2.6606299 -5 1.561811,2.6721937 -4.9121646 1.561811,
  2.7060969 -4.830315 1.561811,2.7600291 -4.7600291 1.561811,
  2.830315 -4.7060969 1.561811,2.9121646 -4.6721937 1.561811,
  3 -4.6606299 1.561811,3.0878354 -4.6721937 1.561811,
  3.169685 -4.7060969 1.561811,3.2399709 -4.7600291 1.561811,
  3.2939031 -4.830315 1.561811,3.3278063 -4.9121646 1.561811,
  3.3393701 -5 1.561811,3.3278063 -5.0878354 1.561811,
  3.2939031 -5.169685 1.561811,3.2399709 -5.2399709 1.561811,
  3.169685 -5.2939031 1.561811,3.0878354 -5.3278063 1.561811] }
 coordIndex [
  27,0,1,-1,27,1,25,-1,28,25,24,-1,28,27,25,-1,29,24,23,-1,29,28,24,-1,30,23,22,-1,30,29,23,-1,
  31,22,21,-1,31,30,22,-1,32,21,20,-1,32,31,21,-1,33,20,19,-1,33,32,20,-1,34,19,18,-1,34,33,19,-1,
  35,18,17,-1,35,34,18,-1,36,17,16,-1,36,35,17,-1,37,16,15,-1,37,36,16,-1,38,37,15,-1,38,15,14,-1,
  39,38,14,-1,39,14,13,-1,40,39,13,-1,40,13,12,-1,41,12,11,-1,41,40,12,-1,42,11,10,-1,42,41,11,-1,
  43,10,9,-1,43,42,10,-1,44,9,8,-1,44,43,9,-1,45,8,7,-1,45,44,8,-1,46,7,6,-1,46,45,7,-1,
  47,6,5,-1,47,46,6,-1,48,5,4,-1,48,47,5,-1,49,3,2,-1,49,4,3,-1,49,48,4,-1,26,49,2,-1]
  normalPerVertex TRUE
  normal DEF NORM_75 Normal { vector [
  -0.13052619 -0.99144486 0,-0.13052619 -0.99144486 0,
  0.13052619 -0.99144486 0,0.25881905 -0.96592583 0,
  0.46155098 -0.88711369 0,0.67542593 -0.73742784 0,
  0.84327172 -0.5374875 0,0.95364993 -0.30091828 0,
  0.99903848 -0.04384197 0,0.9763442 0.21622209 0,
  0.88711369 0.46155098 0,0.73742784 0.67542593 0,
  0.5374875 0.84327172 0,0.30091828 0.95364993 0,
  0.04384197 0.99903848 0,-0.21622209 0.9763442 0,
  -0.46155098 0.88711369 0,-0.67542593 0.73742784 0,
  -0.84327172 0.5374875 0,-0.95364993 0.30091828 0,
  -0.99903848 0.04384197 0,-0.9763442 -0.21622209 0,
  -0.88711369 -0.46155098 0,-0.73742784 -0.67542593 0,
  -0.5374875 -0.84327172 0,-0.30091828 -0.95364993 0,
  0.13052619 -0.99144486 0,-0.21622209 -0.9763442 0,
  -0.46155098 -0.88711369 0,-0.67542593 -0.73742784 0,
  -0.84327172 -0.5374875 0,-0.95364993 -0.30091828 0,
  -0.99903848 -0.04384197 0,-0.9763442 0.21622209 0,
  -0.88711369 0.46155098 0,-0.73742784 0.67542593 0,
  -0.5374875 0.84327172 0,-0.30091828 0.95364993 0,
  -0.04384197 0.99903848 0,0.21622209 0.9763442 0,
  0.46155098 0.88711369 0,0.67542593 0.73742784 0,
  0.84327172 0.5374875 0,0.95364993 0.30091828 0,
  0.99903848 0.04384197 0,0.9763442 -0.21622209 0,
  0.88711369 -0.46155098 0,0.73742784 -0.67542593 0,
  0.5374875 -0.84327172 0,0.25881905 -0.96592583 0] }
}
}
DEF SHAPE_76 Shape {
 appearance USE APP_2
 geometry DEF FACE_76 IndexedFaceSet {
  coord DEF COORD_76 Coordinate { point [
  3 -6.3393701 1.561811,3 -6.3393701 1.5775591,
  3 -6.3393701 1.5775591,3.0878354 -6.3278063 1.5775591,
  3.169685 -6.2939031 1.5775591,3.2399709 -6.2399709 1.5775591,
  3.2939031 -6.169685 1.5775591,3.3278063 -6.0878354 1.5775591,
  3.3393701 -6 1.5775591,3.3278063 -5.9121646 1.5775591,
  3.2939031 -5.830315 1.5775591,3.2399709 -5.7600291 1.5775591,
  3.169685 -5.7060969 1.5775591,3.0878354 -5.6721937 1.5775591,
  3 -5.6606299 1.5775591,2.9121646 -5.6721937 1.5775591,
  2.830315 -5.7060969 1.5775591,2.7600291 -5.7600291 1.5775591,
  2.7060969 -5.830315 1.5775591,2.6721937 -5.9121646 1.5775591,
  2.6606299 -6 1.5775591,2.6721937 -6.0878354 1.5775591,
  2.7060969 -6.169685 1.5775591,2.7600291 -6.2399709 1.5775591,
  2.830315 -6.2939031 1.5775591,2.9121646 -6.3278063 1.5775591,
  3 -6.3393701 1.561811,2.9121646 -6.3278063 1.561811,
  2.830315 -6.2939031 1.561811,2.7600291 -6.2399709 1.561811,
  2.7060969 -6.169685 1.561811,2.6721937 -6.0878354 1.561811,
  2.6606299 -6 1.561811,2.6721937 -5.9121646 1.561811,
  2.7060969 -5.830315 1.561811,2.7600291 -5.7600291 1.561811,
  2.830315 -5.7060969 1.561811,2.9121646 -5.6721937 1.561811,
  3 -5.6606299 1.561811,3.0878354 -5.6721937 1.561811,
  3.169685 -5.7060969 1.561811,3.2399709 -5.7600291 1.561811,
  3.2939031 -5.830315 1.561811,3.3278063 -5.9121646 1.561811,
  3.3393701 -6 1.561811,3.3278063 -6.0878354 1.561811,
  3.2939031 -6.169685 1.561811,3.2399709 -6.2399709 1.561811,
  3.169685 -6.2939031 1.561811,3.0878354 -6.3278063 1.561811] }
 coordIndex [
  27,0,1,-1,27,1,25,-1,28,25,24,-1,28,27,25,-1,29,24,23,-1,29,28,24,-1,30,23,22,-1,30,29,23,-1,
  31,22,21,-1,31,30,22,-1,32,21,20,-1,32,31,21,-1,33,20,19,-1,33,32,20,-1,34,19,18,-1,34,33,19,-1,
  35,18,17,-1,35,34,18,-1,36,17,16,-1,36,35,17,-1,37,16,15,-1,37,36,16,-1,38,37,15,-1,38,15,14,-1,
  39,38,14,-1,39,14,13,-1,40,39,13,-1,40,13,12,-1,41,12,11,-1,41,40,12,-1,42,11,10,-1,42,41,11,-1,
  43,10,9,-1,43,42,10,-1,44,9,8,-1,44,43,9,-1,45,8,7,-1,45,44,8,-1,46,7,6,-1,46,45,7,-1,
  47,6,5,-1,47,46,6,-1,48,5,4,-1,48,47,5,-1,49,3,2,-1,49,4,3,-1,49,48,4,-1,26,49,2,-1]
  normalPerVertex TRUE
  normal DEF NORM_76 Normal { vector [
  -0.13052619 -0.99144486 0,-0.13052619 -0.99144486 0,
  0.13052619 -0.99144486 0,0.25881905 -0.96592583 0,
  0.46155098 -0.88711369 0,0.67542593 -0.73742784 0,
  0.84327172 -0.5374875 0,0.95364993 -0.30091828 0,
  0.99903848 -0.04384197 0,0.9763442 0.21622209 0,
  0.88711369 0.46155098 0,0.73742784 0.67542593 0,
  0.5374875 0.84327172 0,0.30091828 0.95364993 0,
  0.04384197 0.99903848 0,-0.21622209 0.9763442 0,
  -0.46155098 0.88711369 0,-0.67542593 0.73742784 0,
  -0.84327172 0.5374875 0,-0.95364993 0.30091828 0,
  -0.99903848 0.04384197 0,-0.9763442 -0.21622209 0,
  -0.88711369 -0.46155098 0,-0.73742784 -0.67542593 0,
  -0.5374875 -0.84327172 0,-0.30091828 -0.95364993 0,
  0.13052619 -0.99144486 0,-0.21622209 -0.9763442 0,
  -0.46155098 -0.88711369 0,-0.67542593 -0.73742784 0,
  -0.84327172 -0.5374875 0,-0.95364993 -0.30091828 0,
  -0.99903848 -0.04384197 0,-0.9763442 0.21622209 0,
  -0.88711369 0.46155098 0,-0.73742784 0.67542593 0,
  -0.5374875 0.84327172 0,-0.30091828 0.95364993 0,
  -0.04384197 0.99903848 0,0.21622209 0.9763442 0,
  0.46155098 0.88711369 0,0.67542593 0.73742784 0,
  0.84327172 0.5374875 0,0.95364993 0.30091828 0,
  0.99903848 0.04384197 0,0.9763442 -0.21622209 0,
  0.88711369 -0.46155098 0,0.73742784 -0.67542593 0,
  0.5374875 -0.84327172 0,0.25881905 -0.96592583 0] }
}
}
DEF SHAPE_77 Shape {
 appearance USE APP_2
 geometry DEF FACE_77 IndexedFaceSet {
  coord DEF COORD_77 Coordinate { point [
  3 -0.33937008 1.561811,3 -0.33937008 1.5775591,
  3 -0.33937008 1.5775591,3.0878354 -0.32780632 1.5775591,
  3.169685 -0.29390311 1.5775591,3.2399709 -0.23997088 1.5775591,
  3.2939031 -0.16968504 1.5775591,3.3278063 -0.08783544 1.5775591,
  3.3393701 0 1.5775591,3.3278063 0.08783544 1.5775591,
  3.2939031 0.16968504 1.5775591,3.2399709 0.23997088 1.5775591,
  3.169685 0.29390311 1.5775591,3.0878354 0.32780632 1.5775591,
  3 0.33937008 1.5775591,2.9121646 0.32780632 1.5775591,
  2.830315 0.29390311 1.5775591,2.7600291 0.23997088 1.5775591,
  2.7060969 0.16968504 1.5775591,2.6721937 0.08783544 1.5775591,
  2.6606299 0 1.5775591,2.6721937 -0.08783544 1.5775591,
  2.7060969 -0.16968504 1.5775591,2.7600291 -0.23997088 1.5775591,
  2.830315 -0.29390311 1.5775591,2.9121646 -0.32780632 1.5775591,
  3 -0.33937008 1.561811,2.9121646 -0.32780632 1.561811,
  2.830315 -0.29390311 1.561811,2.7600291 -0.23997088 1.561811,
  2.7060969 -0.16968504 1.561811,2.6721937 -0.08783544 1.561811,
  2.6606299 0 1.561811,2.6721937 0.08783544 1.561811,
  2.7060969 0.16968504 1.561811,2.7600291 0.23997088 1.561811,
  2.830315 0.29390311 1.561811,2.9121646 0.32780632 1.561811,
  3 0.33937008 1.561811,3.0878354 0.32780632 1.561811,
  3.169685 0.29390311 1.561811,3.2399709 0.23997088 1.561811,
  3.2939031 0.16968504 1.561811,3.3278063 0.08783544 1.561811,
  3.3393701 0 1.561811,3.3278063 -0.08783544 1.561811,
  3.2939031 -0.16968504 1.561811,3.2399709 -0.23997088 1.561811,
  3.169685 -0.29390311 1.561811,3.0878354 -0.32780632 1.561811] }
 coordIndex [
  27,0,1,-1,27,1,25,-1,28,25,24,-1,28,27,25,-1,29,24,23,-1,29,28,24,-1,30,23,22,-1,30,29,23,-1,
  31,22,21,-1,31,30,22,-1,32,21,20,-1,32,31,21,-1,33,20,19,-1,33,32,20,-1,34,19,18,-1,34,33,19,-1,
  35,18,17,-1,35,34,18,-1,36,17,16,-1,36,35,17,-1,37,16,15,-1,37,36,16,-1,38,37,15,-1,38,15,14,-1,
  39,38,14,-1,39,14,13,-1,40,39,13,-1,40,13,12,-1,41,12,11,-1,41,40,12,-1,42,11,10,-1,42,41,11,-1,
  43,10,9,-1,43,42,10,-1,44,9,8,-1,44,43,9,-1,45,8,7,-1,45,44,8,-1,46,7,6,-1,46,45,7,-1,
  47,6,5,-1,47,46,6,-1,48,5,4,-1,48,47,5,-1,49,3,2,-1,49,4,3,-1,49,48,4,-1,26,49,2,-1]
  normalPerVertex TRUE
  normal DEF NORM_77 Normal { vector [
  -0.13052619 -0.99144486 0,-0.13052619 -0.99144486 0,
  0.13052619 -0.99144486 0,0.25881905 -0.96592583 0,
  0.46155098 -0.88711369 0,0.67542593 -0.73742784 0,
  0.84327172 -0.5374875 0,0.95364993 -0.30091828 0,
  0.99903848 -0.04384197 0,0.9763442 0.21622209 0,
  0.88711369 0.46155098 0,0.73742784 0.67542593 0,
  0.5374875 0.84327172 0,0.30091828 0.95364993 0,
  0.04384197 0.99903848 0,-0.21622209 0.9763442 0,
  -0.46155098 0.88711369 0,-0.67542593 0.73742784 0,
  -0.84327172 0.5374875 0,-0.95364993 0.30091828 0,
  -0.99903848 0.04384197 0,-0.9763442 -0.21622209 0,
  -0.88711369 -0.46155098 0,-0.73742784 -0.67542593 0,
  -0.5374875 -0.84327172 0,-0.30091828 -0.95364993 0,
  0.13052619 -0.99144486 0,-0.21622209 -0.9763442 0,
  -0.46155098 -0.88711369 0,-0.67542593 -0.73742784 0,
  -0.84327172 -0.5374875 0,-0.95364993 -0.30091828 0,
  -0.99903848 -0.04384197 0,-0.9763442 0.21622209 0,
  -0.88711369 0.46155098 0,-0.73742784 0.67542593 0,
  -0.5374875 0.84327172 0,-0.30091828 0.95364993 0,
  -0.04384197 0.99903848 0,0.21622209 0.9763442 0,
  0.46155098 0.88711369 0,0.67542593 0.73742784 0,
  0.84327172 0.5374875 0,0.95364993 0.30091828 0,
  0.99903848 0.04384197 0,0.9763442 -0.21622209 0,
  0.88711369 -0.46155098 0,0.73742784 -0.67542593 0,
  0.5374875 -0.84327172 0,0.25881905 -0.96592583 0] }
}
}
DEF SHAPE_78 Shape {
 appearance USE APP_1
 geometry DEF FACE_78 IndexedFaceSet {
  coord DEF COORD_78 Coordinate { point [
  0.87795276 -0.68110236 1.036811,1.7440945 -0.68110236 1.036811,
  0.87795276 0.066929134 1.036811,1.7440945 0.066929134 1.036811] }
 coordIndex [
  1,2,0,-1,3,2,1,-1]
  normalPerVertex TRUE
  normal DEF NORM_78 Normal { vector [
  0 0 1,0 0 1,
  0 0 1,0 0 1] }
}
}
DEF SHAPE_79 Shape {
 appearance USE APP_2
 geometry DEF FACE_79 IndexedFaceSet {
  coord DEF COORD_79 Coordinate { point [
  3 -1.3 0.51181102,3 -1.3 0.11811024,
  3.0776457 -1.2897777 0.11811024,3.15 -1.2598076 0.11811024,
  3.212132 -1.212132 0.11811024,3.2598076 -1.15 0.11811024,
  3.2897777 -1.0776457 0.11811024,3.3 -1 0.11811024,
  3.2897777 -0.92235429 0.11811024,3.2598076 -0.85 0.11811024,
  3.212132 -0.78786797 0.11811024,3.15 -0.74019238 0.11811024,
  3.0776457 -0.71022225 0.11811024,3 -0.7 0.11811024,
  2.9223543 -0.71022225 0.11811024,2.85 -0.74019238 0.11811024,
  2.787868 -0.78786797 0.11811024,2.7401924 -0.85 0.11811024,
  2.7102223 -0.92235429 0.11811024,2.7 -1 0.11811024,
  2.7102223 -1.0776457 0.11811024,2.7401924 -1.15 0.11811024,
  2.787868 -1.212132 0.11811024,2.85 -1.2598076 0.11811024,
  2.9223543 -1.2897777 0.11811024,3 -1.3 0.11811024,
  3 -1.3 0.51181102,3.0776457 -1.2897777 0.51181102,
  3.15 -1.2598076 0.51181102,3.212132 -1.212132 0.51181102,
  3.2598076 -1.15 0.51181102,3.2897777 -1.0776457 0.51181102,
  3.3 -1 0.51181102,3.2897777 -0.92235429 0.51181102,
  3.2598076 -0.85 0.51181102,3.212132 -0.78786797 0.51181102,
  3.15 -0.74019238 0.51181102,3.0776457 -0.71022225 0.51181102,
  3 -0.7 0.51181102,2.9223543 -0.71022225 0.51181102,
  2.85 -0.74019238 0.51181102,2.787868 -0.78786797 0.51181102,
  2.7401924 -0.85 0.51181102,2.7102223 -0.92235429 0.51181102,
  2.7 -1 0.51181102,2.7102223 -1.0776457 0.51181102,
  2.7401924 -1.15 0.51181102,2.787868 -1.212132 0.51181102,
  2.85 -1.2598076 0.51181102,2.9223543 -1.2897777 0.51181102] }
 coordIndex [
  27,0,1,-1,27,1,2,-1,28,2,3,-1,28,27,2,-1,29,3,4,-1,29,28,3,-1,30,4,5,-1,30,29,4,-1,
  31,5,6,-1,31,30,5,-1,32,6,7,-1,32,31,6,-1,33,7,8,-1,33,32,7,-1,34,8,9,-1,34,33,8,-1,
  35,9,10,-1,35,34,9,-1,36,10,11,-1,36,35,10,-1,37,11,12,-1,37,36,11,-1,38,37,12,-1,38,12,13,-1,
  39,38,13,-1,39,13,14,-1,39,14,15,-1,40,39,15,-1,41,15,16,-1,41,40,15,-1,42,16,17,-1,42,41,16,-1,
  43,17,18,-1,43,42,17,-1,44,18,19,-1,44,19,20,-1,44,43,18,-1,45,44,20,-1,46,20,21,-1,46,45,20,-1,
  47,21,22,-1,47,46,21,-1,48,22,23,-1,48,47,22,-1,49,23,24,-1,49,48,23,-1,26,24,25,-1,26,49,24,-1]
  normalPerVertex TRUE
  normal DEF NORM_79 Normal { vector [
  0.13052619 -0.99144486 0,0.13052619 -0.99144486 0,
  0.30091828 -0.95364993 0,0.5374875 -0.84327172 0,
  0.73742784 -0.67542593 0,0.88711369 -0.46155098 0,
  0.9763442 -0.21622209 0,0.99903848 0.04384197 0,
  0.95364993 0.30091828 0,0.84327172 0.5374875 0,
  0.67542593 0.73742784 0,0.46155098 0.88711369 0,
  0.21622209 0.9763442 0,-0.04384197 0.99903848 0,
  -0.25881905 0.96592583 0,-0.5 0.8660254 0,
  -0.73742784 0.67542593 0,-0.88711369 0.46155098 0,
  -0.9763442 0.21622209 0,-1 0 0,
  -0.96592583 -0.25881905 0,-0.84327172 -0.5374875 0,
  -0.67542593 -0.73742784 0,-0.46155098 -0.88711369 0,
  -0.21622209 -0.9763442 0,-0.13052619 -0.99144486 0,
  -0.13052619 -0.99144486 0,0.21622209 -0.9763442 0,
  0.46155098 -0.88711369 0,0.67542593 -0.73742784 0,
  0.84327172 -0.5374875 0,0.95364993 -0.30091828 0,
  0.99903848 -0.04384197 0,0.9763442 0.21622209 0,
  0.88711369 0.46155098 0,0.73742784 0.67542593 0,
  0.5374875 0.84327172 0,0.30091828 0.95364993 0,
  0.04384197 0.99903848 0,-0.25881905 0.96592583 0,
  -0.5 0.8660254 0,-0.67542593 0.73742784 0,
  -0.84327172 0.5374875 0,-0.95364993 0.30091828 0,
  -1 0 0,-0.96592583 -0.25881905 0,
  -0.88711369 -0.46155098 0,-0.73742784 -0.67542593 0,
  -0.5374875 -0.84327172 0,-0.30091828 -0.95364993 0] }
}
}
DEF SHAPE_80 Shape {
 appearance USE APP_2
 geometry DEF FACE_80 IndexedFaceSet {
  coord DEF COORD_80 Coordinate { point [
  3 -2.3 0.51181102,3 -2.3 0.11811024,
  3.0776457 -2.2897777 0.11811024,3.15 -2.2598076 0.11811024,
  3.212132 -2.212132 0.11811024,3.2598076 -2.15 0.11811024,
  3.2897777 -2.0776457 0.11811024,3.3 -2 0.11811024,
  3.2897777 -1.9223543 0.11811024,3.2598076 -1.85 0.11811024,
  3.212132 -1.787868 0.11811024,3.15 -1.7401924 0.11811024,
  3.0776457 -1.7102223 0.11811024,3 -1.7 0.11811024,
  2.9223543 -1.7102223 0.11811024,2.85 -1.7401924 0.11811024,
  2.787868 -1.787868 0.11811024,2.7401924 -1.85 0.11811024,
  2.7102223 -1.9223543 0.11811024,2.7 -2 0.11811024,
  2.7102223 -2.0776457 0.11811024,2.7401924 -2.15 0.11811024,
  2.787868 -2.212132 0.11811024,2.85 -2.2598076 0.11811024,
  2.9223543 -2.2897777 0.11811024,3 -2.3 0.11811024,
  3 -2.3 0.51181102,3.0776457 -2.2897777 0.51181102,
  3.15 -2.2598076 0.51181102,3.212132 -2.212132 0.51181102,
  3.2598076 -2.15 0.51181102,3.2897777 -2.0776457 0.51181102,
  3.3 -2 0.51181102,3.2897777 -1.9223543 0.51181102,
  3.2598076 -1.85 0.51181102,3.212132 -1.787868 0.51181102,
  3.15 -1.7401924 0.51181102,3.0776457 -1.7102223 0.51181102,
  3 -1.7 0.51181102,2.9223543 -1.7102223 0.51181102,
  2.85 -1.7401924 0.51181102,2.787868 -1.787868 0.51181102,
  2.7401924 -1.85 0.51181102,2.7102223 -1.9223543 0.51181102,
  2.7 -2 0.51181102,2.7102223 -2.0776457 0.51181102,
  2.7401924 -2.15 0.51181102,2.787868 -2.212132 0.51181102,
  2.85 -2.2598076 0.51181102,2.9223543 -2.2897777 0.51181102] }
 coordIndex [
  27,0,1,-1,27,1,2,-1,28,2,3,-1,28,27,2,-1,29,3,4,-1,29,28,3,-1,30,4,5,-1,30,29,4,-1,
  31,5,6,-1,31,30,5,-1,32,6,7,-1,32,31,6,-1,33,7,8,-1,33,32,7,-1,34,8,9,-1,34,33,8,-1,
  35,9,10,-1,35,34,9,-1,36,10,11,-1,36,35,10,-1,37,11,12,-1,37,36,11,-1,38,37,12,-1,38,12,13,-1,
  39,38,13,-1,39,13,14,-1,39,14,15,-1,40,39,15,-1,41,15,16,-1,41,40,15,-1,42,16,17,-1,42,41,16,-1,
  43,17,18,-1,43,42,17,-1,44,18,19,-1,44,19,20,-1,44,43,18,-1,45,44,20,-1,46,20,21,-1,46,45,20,-1,
  47,21,22,-1,47,46,21,-1,48,22,23,-1,48,47,22,-1,49,23,24,-1,49,48,23,-1,26,24,25,-1,26,49,24,-1]
  normalPerVertex TRUE
  normal DEF NORM_80 Normal { vector [
  0.13052619 -0.99144486 0,0.13052619 -0.99144486 0,
  0.30091828 -0.95364993 0,0.5374875 -0.84327172 0,
  0.73742784 -0.67542593 0,0.88711369 -0.46155098 0,
  0.9763442 -0.21622209 0,0.99903848 0.04384197 0,
  0.95364993 0.30091828 0,0.84327172 0.5374875 0,
  0.67542593 0.73742784 0,0.46155098 0.88711369 0,
  0.21622209 0.9763442 0,-0.04384197 0.99903848 0,
  -0.25881905 0.96592583 0,-0.5 0.8660254 0,
  -0.73742784 0.67542593 0,-0.88711369 0.46155098 0,
  -0.9763442 0.21622209 0,-1 0 0,
  -0.96592583 -0.25881905 0,-0.84327172 -0.5374875 0,
  -0.67542593 -0.73742784 0,-0.46155098 -0.88711369 0,
  -0.21622209 -0.9763442 0,-0.13052619 -0.99144486 0,
  -0.13052619 -0.99144486 0,0.21622209 -0.9763442 0,
  0.46155098 -0.88711369 0,0.67542593 -0.73742784 0,
  0.84327172 -0.5374875 0,0.95364993 -0.30091828 0,
  0.99903848 -0.04384197 0,0.9763442 0.21622209 0,
  0.88711369 0.46155098 0,0.73742784 0.67542593 0,
  0.5374875 0.84327172 0,0.30091828 0.95364993 0,
  0.04384197 0.99903848 0,-0.25881905 0.96592583 0,
  -0.5 0.8660254 0,-0.67542593 0.73742784 0,
  -0.84327172 0.5374875 0,-0.95364993 0.30091828 0,
  -1 0 0,-0.96592583 -0.25881905 0,
  -0.88711369 -0.46155098 0,-0.73742784 -0.67542593 0,
  -0.5374875 -0.84327172 0,-0.30091828 -0.95364993 0] }
}
}
DEF SHAPE_81 Shape {
 appearance USE APP_2
 geometry DEF FACE_81 IndexedFaceSet {
  coord DEF COORD_81 Coordinate { point [
  3 -4.3 0.51181102,3 -4.3 0.11811024,
  3.0776457 -4.2897777 0.11811024,3.15 -4.2598076 0.11811024,
  3.212132 -4.212132 0.11811024,3.2598076 -4.15 0.11811024,
  3.2897777 -4.0776457 0.11811024,3.3 -4 0.11811024,
  3.2897777 -3.9223543 0.11811024,3.2598076 -3.85 0.11811024,
  3.212132 -3.787868 0.11811024,3.15 -3.7401924 0.11811024,
  3.0776457 -3.7102223 0.11811024,3 -3.7 0.11811024,
  2.9223543 -3.7102223 0.11811024,2.85 -3.7401924 0.11811024,
  2.787868 -3.787868 0.11811024,2.7401924 -3.85 0.11811024,
  2.7102223 -3.9223543 0.11811024,2.7 -4 0.11811024,
  2.7102223 -4.0776457 0.11811024,2.7401924 -4.15 0.11811024,
  2.787868 -4.212132 0.11811024,2.85 -4.2598076 0.11811024,
  2.9223543 -4.2897777 0.11811024,3 -4.3 0.11811024,
  3 -4.3 0.51181102,3.0776457 -4.2897777 0.51181102,
  3.15 -4.2598076 0.51181102,3.212132 -4.212132 0.51181102,
  3.2598076 -4.15 0.51181102,3.2897777 -4.0776457 0.51181102,
  3.3 -4 0.51181102,3.2897777 -3.9223543 0.51181102,
  3.2598076 -3.85 0.51181102,3.212132 -3.787868 0.51181102,
  3.15 -3.7401924 0.51181102,3.0776457 -3.7102223 0.51181102,
  3 -3.7 0.51181102,2.9223543 -3.7102223 0.51181102,
  2.85 -3.7401924 0.51181102,2.787868 -3.787868 0.51181102,
  2.7401924 -3.85 0.51181102,2.7102223 -3.9223543 0.51181102,
  2.7 -4 0.51181102,2.7102223 -4.0776457 0.51181102,
  2.7401924 -4.15 0.51181102,2.787868 -4.212132 0.51181102,
  2.85 -4.2598076 0.51181102,2.9223543 -4.2897777 0.51181102] }
 coordIndex [
  27,0,1,-1,27,1,2,-1,28,2,3,-1,28,27,2,-1,29,3,4,-1,29,28,3,-1,30,4,5,-1,30,29,4,-1,
  31,5,6,-1,31,30,5,-1,32,6,7,-1,32,31,6,-1,33,7,8,-1,33,32,7,-1,34,8,9,-1,34,33,8,-1,
  35,9,10,-1,35,34,9,-1,36,10,11,-1,36,35,10,-1,37,11,12,-1,37,36,11,-1,38,37,12,-1,38,12,13,-1,
  39,38,13,-1,39,13,14,-1,39,14,15,-1,40,39,15,-1,41,15,16,-1,41,40,15,-1,42,16,17,-1,42,41,16,-1,
  43,17,18,-1,43,42,17,-1,44,18,19,-1,44,19,20,-1,44,43,18,-1,45,44,20,-1,46,20,21,-1,46,45,20,-1,
  47,21,22,-1,47,46,21,-1,48,22,23,-1,48,47,22,-1,49,23,24,-1,49,48,23,-1,26,24,25,-1,26,49,24,-1]
  normalPerVertex TRUE
  normal DEF NORM_81 Normal { vector [
  0.13052619 -0.99144486 0,0.13052619 -0.99144486 0,
  0.30091828 -0.95364993 0,0.5374875 -0.84327172 0,
  0.73742784 -0.67542593 0,0.88711369 -0.46155098 0,
  0.9763442 -0.21622209 0,0.99903848 0.04384197 0,
  0.95364993 0.30091828 0,0.84327172 0.5374875 0,
  0.67542593 0.73742784 0,0.46155098 0.88711369 0,
  0.21622209 0.9763442 0,-0.04384197 0.99903848 0,
  -0.25881905 0.96592583 0,-0.5 0.8660254 0,
  -0.73742784 0.67542593 0,-0.88711369 0.46155098 0,
  -0.9763442 0.21622209 0,-1 0 0,
  -0.96592583 -0.25881905 0,-0.84327172 -0.5374875 0,
  -0.67542593 -0.73742784 0,-0.46155098 -0.88711369 0,
  -0.21622209 -0.9763442 0,-0.13052619 -0.99144486 0,
  -0.13052619 -0.99144486 0,0.21622209 -0.9763442 0,
  0.46155098 -0.88711369 0,0.67542593 -0.73742784 0,
  0.84327172 -0.5374875 0,0.95364993 -0.30091828 0,
  0.99903848 -0.04384197 0,0.9763442 0.21622209 0,
  0.88711369 0.46155098 0,0.73742784 0.67542593 0,
  0.5374875 0.84327172 0,0.30091828 0.95364993 0,
  0.04384197 0.99903848 0,-0.25881905 0.96592583 0,
  -0.5 0.8660254 0,-0.67542593 0.73742784 0,
  -0.84327172 0.5374875 0,-0.95364993 0.30091828 0,
  -1 0 0,-0.96592583 -0.25881905 0,
  -0.88711369 -0.46155098 0,-0.73742784 -0.67542593 0,
  -0.5374875 -0.84327172 0,-0.30091828 -0.95364993 0] }
}
}
DEF SHAPE_82 Shape {
 appearance USE APP_2
 geometry DEF FACE_82 IndexedFaceSet {
  coord DEF COORD_82 Coordinate { point [
  3 -3.3 0.51181102,3 -3.3 0.11811024,
  3.0776457 -3.2897777 0.11811024,3.15 -3.2598076 0.11811024,
  3.212132 -3.212132 0.11811024,3.2598076 -3.15 0.11811024,
  3.2897777 -3.0776457 0.11811024,3.3 -3 0.11811024,
  3.2897777 -2.9223543 0.11811024,3.2598076 -2.85 0.11811024,
  3.212132 -2.787868 0.11811024,3.15 -2.7401924 0.11811024,
  3.0776457 -2.7102223 0.11811024,3 -2.7 0.11811024,
  2.9223543 -2.7102223 0.11811024,2.85 -2.7401924 0.11811024,
  2.787868 -2.787868 0.11811024,2.7401924 -2.85 0.11811024,
  2.7102223 -2.9223543 0.11811024,2.7 -3 0.11811024,
  2.7102223 -3.0776457 0.11811024,2.7401924 -3.15 0.11811024,
  2.787868 -3.212132 0.11811024,2.85 -3.2598076 0.11811024,
  2.9223543 -3.2897777 0.11811024,3 -3.3 0.11811024,
  3 -3.3 0.51181102,3.0776457 -3.2897777 0.51181102,
  3.15 -3.2598076 0.51181102,3.212132 -3.212132 0.51181102,
  3.2598076 -3.15 0.51181102,3.2897777 -3.0776457 0.51181102,
  3.3 -3 0.51181102,3.2897777 -2.9223543 0.51181102,
  3.2598076 -2.85 0.51181102,3.212132 -2.787868 0.51181102,
  3.15 -2.7401924 0.51181102,3.0776457 -2.7102223 0.51181102,
  3 -2.7 0.51181102,2.9223543 -2.7102223 0.51181102,
  2.85 -2.7401924 0.51181102,2.787868 -2.787868 0.51181102,
  2.7401924 -2.85 0.51181102,2.7102223 -2.9223543 0.51181102,
  2.7 -3 0.51181102,2.7102223 -3.0776457 0.51181102,
  2.7401924 -3.15 0.51181102,2.787868 -3.212132 0.51181102,
  2.85 -3.2598076 0.51181102,2.9223543 -3.2897777 0.51181102] }
 coordIndex [
  27,0,1,-1,27,1,2,-1,28,2,3,-1,28,27,2,-1,29,3,4,-1,29,28,3,-1,30,4,5,-1,30,29,4,-1,
  31,5,6,-1,31,30,5,-1,32,6,7,-1,32,31,6,-1,33,7,8,-1,33,32,7,-1,34,8,9,-1,34,33,8,-1,
  35,9,10,-1,35,34,9,-1,36,10,11,-1,36,35,10,-1,37,11,12,-1,37,36,11,-1,38,37,12,-1,38,12,13,-1,
  39,38,13,-1,39,13,14,-1,39,14,15,-1,40,39,15,-1,41,15,16,-1,41,40,15,-1,42,16,17,-1,42,41,16,-1,
  43,17,18,-1,43,42,17,-1,44,18,19,-1,44,19,20,-1,44,43,18,-1,45,44,20,-1,46,20,21,-1,46,45,20,-1,
  47,21,22,-1,47,46,21,-1,48,22,23,-1,48,47,22,-1,49,23,24,-1,49,48,23,-1,26,24,25,-1,26,49,24,-1]
  normalPerVertex TRUE
  normal DEF NORM_82 Normal { vector [
  0.13052619 -0.99144486 0,0.13052619 -0.99144486 0,
  0.30091828 -0.95364993 0,0.5374875 -0.84327172 0,
  0.73742784 -0.67542593 0,0.88711369 -0.46155098 0,
  0.9763442 -0.21622209 0,0.99903848 0.04384197 0,
  0.95364993 0.30091828 0,0.84327172 0.5374875 0,
  0.67542593 0.73742784 0,0.46155098 0.88711369 0,
  0.21622209 0.9763442 0,-0.04384197 0.99903848 0,
  -0.25881905 0.96592583 0,-0.5 0.8660254 0,
  -0.73742784 0.67542593 0,-0.88711369 0.46155098 0,
  -0.9763442 0.21622209 0,-1 0 0,
  -0.96592583 -0.25881905 0,-0.84327172 -0.5374875 0,
  -0.67542593 -0.73742784 0,-0.46155098 -0.88711369 0,
  -0.21622209 -0.9763442 0,-0.13052619 -0.99144486 0,
  -0.13052619 -0.99144486 0,0.21622209 -0.9763442 0,
  0.46155098 -0.88711369 0,0.67542593 -0.73742784 0,
  0.84327172 -0.5374875 0,0.95364993 -0.30091828 0,
  0.99903848 -0.04384197 0,0.9763442 0.21622209 0,
  0.88711369 0.46155098 0,0.73742784 0.67542593 0,
  0.5374875 0.84327172 0,0.30091828 0.95364993 0,
  0.04384197 0.99903848 0,-0.25881905 0.96592583 0,
  -0.5 0.8660254 0,-0.67542593 0.73742784 0,
  -0.84327172 0.5374875 0,-0.95364993 0.30091828 0,
  -1 0 0,-0.96592583 -0.25881905 0,
  -0.88711369 -0.46155098 0,-0.73742784 -0.67542593 0,
  -0.5374875 -0.84327172 0,-0.30091828 -0.95364993 0] }
}
}
DEF SHAPE_83 Shape {
 appearance USE APP_2
 geometry DEF FACE_83 IndexedFaceSet {
  coord DEF COORD_83 Coordinate { point [
  0 -3.7 0.51181102,0 -3.7 0.11811024,
  -0.077645714 -3.7102223 0.11811024,-0.15 -3.7401924 0.11811024,
  -0.21213203 -3.787868 0.11811024,-0.25980762 -3.85 0.11811024,
  -0.28977775 -3.9223543 0.11811024,-0.3 -4 0.11811024,
  -0.28977775 -4.0776457 0.11811024,-0.25980762 -4.15 0.11811024,
  -0.21213203 -4.212132 0.11811024,-0.15 -4.2598076 0.11811024,
  -0.077645714 -4.2897777 0.11811024,0 -4.3 0.11811024,
  0.077645714 -4.2897777 0.11811024,0.15 -4.2598076 0.11811024,
  0.21213203 -4.212132 0.11811024,0.25980762 -4.15 0.11811024,
  0.28977775 -4.0776457 0.11811024,0.3 -4 0.11811024,
  0.28977775 -3.9223543 0.11811024,0.25980762 -3.85 0.11811024,
  0.21213203 -3.787868 0.11811024,0.15 -3.7401924 0.11811024,
  0.077645714 -3.7102223 0.11811024,0 -3.7 0.11811024,
  0 -3.7 0.51181102,-0.077645714 -3.7102223 0.51181102,
  -0.15 -3.7401924 0.51181102,-0.21213203 -3.787868 0.51181102,
  -0.25980762 -3.85 0.51181102,-0.28977775 -3.9223543 0.51181102,
  -0.3 -4 0.51181102,-0.28977775 -4.0776457 0.51181102,
  -0.25980762 -4.15 0.51181102,-0.21213203 -4.212132 0.51181102,
  -0.15 -4.2598076 0.51181102,-0.077645714 -4.2897777 0.51181102,
  0 -4.3 0.51181102,0.077645714 -4.2897777 0.51181102,
  0.15 -4.2598076 0.51181102,0.21213203 -4.212132 0.51181102,
  0.25980762 -4.15 0.51181102,0.28977775 -4.0776457 0.51181102,
  0.3 -4 0.51181102,0.28977775 -3.9223543 0.51181102,
  0.25980762 -3.85 0.51181102,0.21213203 -3.787868 0.51181102,
  0.15 -3.7401924 0.51181102,0.077645714 -3.7102223 0.51181102] }
 coordIndex [
  27,0,1,-1,27,1,2,-1,28,2,3,-1,28,27,2,-1,29,3,4,-1,29,28,3,-1,30,4,5,-1,30,29,4,-1,
  31,5,6,-1,31,30,5,-1,32,6,7,-1,32,31,6,-1,33,7,8,-1,33,32,7,-1,34,8,9,-1,34,33,8,-1,
  35,9,10,-1,35,34,9,-1,36,10,11,-1,36,35,10,-1,37,11,12,-1,37,36,11,-1,38,37,12,-1,38,12,13,-1,
  39,38,13,-1,39,13,14,-1,39,14,15,-1,40,39,15,-1,41,15,16,-1,41,40,15,-1,42,16,17,-1,42,41,16,-1,
  43,17,18,-1,43,42,17,-1,44,18,19,-1,44,19,20,-1,44,43,18,-1,45,44,20,-1,46,20,21,-1,46,45,20,-1,
  47,21,22,-1,47,46,21,-1,48,22,23,-1,48,47,22,-1,49,23,24,-1,49,48,23,-1,26,24,25,-1,26,49,24,-1]
  normalPerVertex TRUE
  normal DEF NORM_83 Normal { vector [
  -0.13052619 0.99144486 0,-0.13052619 0.99144486 0,
  -0.30091828 0.95364993 0,-0.5374875 0.84327172 0,
  -0.73742784 0.67542593 0,-0.88711369 0.46155098 0,
  -0.9763442 0.21622209 0,-0.99903848 -0.04384197 0,
  -0.95364993 -0.30091828 0,-0.84327172 -0.5374875 0,
  -0.67542593 -0.73742784 0,-0.46155098 -0.88711369 0,
  -0.21622209 -0.9763442 0,0.04384197 -0.99903848 0,
  0.25881905 -0.96592583 0,0.5 -0.8660254 0,
  0.73742784 -0.67542593 0,0.88711369 -0.46155098 0,
  0.9763442 -0.21622209 0,1 0 0,
  0.96592583 0.25881905 0,0.84327172 0.5374875 0,
  0.67542593 0.73742784 0,0.46155098 0.88711369 0,
  0.21622209 0.9763442 0,0.13052619 0.99144486 0,
  0.13052619 0.99144486 0,-0.21622209 0.9763442 0,
  -0.46155098 0.88711369 0,-0.67542593 0.73742784 0,
  -0.84327172 0.5374875 0,-0.95364993 0.30091828 0,
  -0.99903848 0.04384197 0,-0.9763442 -0.21622209 0,
  -0.88711369 -0.46155098 0,-0.73742784 -0.67542593 0,
  -0.5374875 -0.84327172 0,-0.30091828 -0.95364993 0,
  -0.04384197 -0.99903848 0,0.25881905 -0.96592583 0,
  0.5 -0.8660254 0,0.67542593 -0.73742784 0,
  0.84327172 -0.5374875 0,0.95364993 -0.30091828 0,
  1 0 0,0.96592583 0.25881905 0,
  0.88711369 0.46155098 0,0.73742784 0.67542593 0,
  0.5374875 0.84327172 0,0.30091828 0.95364993 0] }
}
}
DEF SHAPE_84 Shape {
 appearance USE APP_2
 geometry DEF FACE_84 IndexedFaceSet {
  coord DEF COORD_84 Coordinate { point [
  0 -2.7 0.51181102,0 -2.7 0.11811024,
  -0.077645714 -2.7102223 0.11811024,-0.15 -2.7401924 0.11811024,
  -0.21213203 -2.787868 0.11811024,-0.25980762 -2.85 0.11811024,
  -0.28977775 -2.9223543 0.11811024,-0.3 -3 0.11811024,
  -0.28977775 -3.0776457 0.11811024,-0.25980762 -3.15 0.11811024,
  -0.21213203 -3.212132 0.11811024,-0.15 -3.2598076 0.11811024,
  -0.077645714 -3.2897777 0.11811024,0 -3.3 0.11811024,
  0.077645714 -3.2897777 0.11811024,0.15 -3.2598076 0.11811024,
  0.21213203 -3.212132 0.11811024,0.25980762 -3.15 0.11811024,
  0.28977775 -3.0776457 0.11811024,0.3 -3 0.11811024,
  0.28977775 -2.9223543 0.11811024,0.25980762 -2.85 0.11811024,
  0.21213203 -2.787868 0.11811024,0.15 -2.7401924 0.11811024,
  0.077645714 -2.7102223 0.11811024,0 -2.7 0.11811024,
  0 -2.7 0.51181102,-0.077645714 -2.7102223 0.51181102,
  -0.15 -2.7401924 0.51181102,-0.21213203 -2.787868 0.51181102,
  -0.25980762 -2.85 0.51181102,-0.28977775 -2.9223543 0.51181102,
  -0.3 -3 0.51181102,-0.28977775 -3.0776457 0.51181102,
  -0.25980762 -3.15 0.51181102,-0.21213203 -3.212132 0.51181102,
  -0.15 -3.2598076 0.51181102,-0.077645714 -3.2897777 0.51181102,
  0 -3.3 0.51181102,0.077645714 -3.2897777 0.51181102,
  0.15 -3.2598076 0.51181102,0.21213203 -3.212132 0.51181102,
  0.25980762 -3.15 0.51181102,0.28977775 -3.0776457 0.51181102,
  0.3 -3 0.51181102,0.28977775 -2.9223543 0.51181102,
  0.25980762 -2.85 0.51181102,0.21213203 -2.787868 0.51181102,
  0.15 -2.7401924 0.51181102,0.077645714 -2.7102223 0.51181102] }
 coordIndex [
  27,0,1,-1,27,1,2,-1,28,2,3,-1,28,27,2,-1,29,3,4,-1,29,28,3,-1,30,4,5,-1,30,29,4,-1,
  31,5,6,-1,31,30,5,-1,32,6,7,-1,32,31,6,-1,33,7,8,-1,33,32,7,-1,34,8,9,-1,34,33,8,-1,
  35,9,10,-1,35,34,9,-1,36,10,11,-1,36,35,10,-1,37,11,12,-1,37,36,11,-1,38,37,12,-1,38,12,13,-1,
  39,38,13,-1,39,13,14,-1,39,14,15,-1,40,39,15,-1,41,15,16,-1,41,40,15,-1,42,16,17,-1,42,41,16,-1,
  43,17,18,-1,43,42,17,-1,44,18,19,-1,44,19,20,-1,44,43,18,-1,45,44,20,-1,46,20,21,-1,46,45,20,-1,
  47,21,22,-1,47,46,21,-1,48,22,23,-1,48,47,22,-1,49,23,24,-1,49,48,23,-1,26,24,25,-1,26,49,24,-1]
  normalPerVertex TRUE
  normal DEF NORM_84 Normal { vector [
  -0.13052619 0.99144486 0,-0.13052619 0.99144486 0,
  -0.30091828 0.95364993 0,-0.5374875 0.84327172 0,
  -0.73742784 0.67542593 0,-0.88711369 0.46155098 0,
  -0.9763442 0.21622209 0,-0.99903848 -0.04384197 0,
  -0.95364993 -0.30091828 0,-0.84327172 -0.5374875 0,
  -0.67542593 -0.73742784 0,-0.46155098 -0.88711369 0,
  -0.21622209 -0.9763442 0,0.04384197 -0.99903848 0,
  0.25881905 -0.96592583 0,0.5 -0.8660254 0,
  0.73742784 -0.67542593 0,0.88711369 -0.46155098 0,
  0.9763442 -0.21622209 0,1 0 0,
  0.96592583 0.25881905 0,0.84327172 0.5374875 0,
  0.67542593 0.73742784 0,0.46155098 0.88711369 0,
  0.21622209 0.9763442 0,0.13052619 0.99144486 0,
  0.13052619 0.99144486 0,-0.21622209 0.9763442 0,
  -0.46155098 0.88711369 0,-0.67542593 0.73742784 0,
  -0.84327172 0.5374875 0,-0.95364993 0.30091828 0,
  -0.99903848 0.04384197 0,-0.9763442 -0.21622209 0,
  -0.88711369 -0.46155098 0,-0.73742784 -0.67542593 0,
  -0.5374875 -0.84327172 0,-0.30091828 -0.95364993 0,
  -0.04384197 -0.99903848 0,0.25881905 -0.96592583 0,
  0.5 -0.8660254 0,0.67542593 -0.73742784 0,
  0.84327172 -0.5374875 0,0.95364993 -0.30091828 0,
  1 0 0,0.96592583 0.25881905 0,
  0.88711369 0.46155098 0,0.73742784 0.67542593 0,
  0.5374875 0.84327172 0,0.30091828 0.95364993 0] }
}
}
DEF SHAPE_85 Shape {
 appearance USE APP_2
 geometry DEF FACE_85 IndexedFaceSet {
  coord DEF COORD_85 Coordinate { point [
  0 -0.7 0.51181102,0 -0.7 0.11811024,
  -0.077645714 -0.71022225 0.11811024,-0.15 -0.74019238 0.11811024,
  -0.21213203 -0.78786797 0.11811024,-0.25980762 -0.85 0.11811024,
  -0.28977775 -0.92235429 0.11811024,-0.3 -1 0.11811024,
  -0.28977775 -1.0776457 0.11811024,-0.25980762 -1.15 0.11811024,
  -0.21213203 -1.212132 0.11811024,-0.15 -1.2598076 0.11811024,
  -0.077645714 -1.2897777 0.11811024,0 -1.3 0.11811024,
  0.077645714 -1.2897777 0.11811024,0.15 -1.2598076 0.11811024,
  0.21213203 -1.212132 0.11811024,0.25980762 -1.15 0.11811024,
  0.28977775 -1.0776457 0.11811024,0.3 -1 0.11811024,
  0.28977775 -0.92235429 0.11811024,0.25980762 -0.85 0.11811024,
  0.21213203 -0.78786797 0.11811024,0.15 -0.74019238 0.11811024,
  0.077645714 -0.71022225 0.11811024,0 -0.7 0.11811024,
  0 -0.7 0.51181102,-0.077645714 -0.71022225 0.51181102,
  -0.15 -0.74019238 0.51181102,-0.21213203 -0.78786797 0.51181102,
  -0.25980762 -0.85 0.51181102,-0.28977775 -0.92235429 0.51181102,
  -0.3 -1 0.51181102,-0.28977775 -1.0776457 0.51181102,
  -0.25980762 -1.15 0.51181102,-0.21213203 -1.212132 0.51181102,
  -0.15 -1.2598076 0.51181102,-0.077645714 -1.2897777 0.51181102,
  0 -1.3 0.51181102,0.077645714 -1.2897777 0.51181102,
  0.15 -1.2598076 0.51181102,0.21213203 -1.212132 0.51181102,
  0.25980762 -1.15 0.51181102,0.28977775 -1.0776457 0.51181102,
  0.3 -1 0.51181102,0.28977775 -0.92235429 0.51181102,
  0.25980762 -0.85 0.51181102,0.21213203 -0.78786797 0.51181102,
  0.15 -0.74019238 0.51181102,0.077645714 -0.71022225 0.51181102] }
 coordIndex [
  27,0,1,-1,27,1,2,-1,28,2,3,-1,28,27,2,-1,29,3,4,-1,29,28,3,-1,30,4,5,-1,30,29,4,-1,
  31,5,6,-1,31,30,5,-1,32,6,7,-1,32,31,6,-1,33,7,8,-1,33,32,7,-1,34,8,9,-1,34,33,8,-1,
  35,9,10,-1,35,34,9,-1,36,10,11,-1,36,35,10,-1,37,11,12,-1,37,36,11,-1,38,37,12,-1,38,12,13,-1,
  39,38,13,-1,39,13,14,-1,39,14,15,-1,40,39,15,-1,41,15,16,-1,41,40,15,-1,42,16,17,-1,42,41,16,-1,
  43,17,18,-1,43,42,17,-1,44,18,19,-1,44,19,20,-1,44,43,18,-1,45,44,20,-1,46,20,21,-1,46,45,20,-1,
  47,21,22,-1,47,46,21,-1,48,22,23,-1,48,47,22,-1,49,23,24,-1,49,48,23,-1,26,24,25,-1,26,49,24,-1]
  normalPerVertex TRUE
  normal DEF NORM_85 Normal { vector [
  -0.13052619 0.99144486 0,-0.13052619 0.99144486 0,
  -0.30091828 0.95364993 0,-0.5374875 0.84327172 0,
  -0.73742784 0.67542593 0,-0.88711369 0.46155098 0,
  -0.9763442 0.21622209 0,-0.99903848 -0.04384197 0,
  -0.95364993 -0.30091828 0,-0.84327172 -0.5374875 0,
  -0.67542593 -0.73742784 0,-0.46155098 -0.88711369 0,
  -0.21622209 -0.9763442 0,0.04384197 -0.99903848 0,
  0.25881905 -0.96592583 0,0.5 -0.8660254 0,
  0.73742784 -0.67542593 0,0.88711369 -0.46155098 0,
  0.9763442 -0.21622209 0,1 0 0,
  0.96592583 0.25881905 0,0.84327172 0.5374875 0,
  0.67542593 0.73742784 0,0.46155098 0.88711369 0,
  0.21622209 0.9763442 0,0.13052619 0.99144486 0,
  0.13052619 0.99144486 0,-0.21622209 0.9763442 0,
  -0.46155098 0.88711369 0,-0.67542593 0.73742784 0,
  -0.84327172 0.5374875 0,-0.95364993 0.30091828 0,
  -0.99903848 0.04384197 0,-0.9763442 -0.21622209 0,
  -0.88711369 -0.46155098 0,-0.73742784 -0.67542593 0,
  -0.5374875 -0.84327172 0,-0.30091828 -0.95364993 0,
  -0.04384197 -0.99903848 0,0.25881905 -0.96592583 0,
  0.5 -0.8660254 0,0.67542593 -0.73742784 0,
  0.84327172 -0.5374875 0,0.95364993 -0.30091828 0,
  1 0 0,0.96592583 0.25881905 0,
  0.88711369 0.46155098 0,0.73742784 0.67542593 0,
  0.5374875 0.84327172 0,0.30091828 0.95364993 0] }
}
}
DEF SHAPE_86 Shape {
 appearance USE APP_2
 geometry DEF FACE_86 IndexedFaceSet {
  coord DEF COORD_86 Coordinate { point [
  0 -1.7 0.51181102,0 -1.7 0.11811024,
  -0.077645714 -1.7102223 0.11811024,-0.15 -1.7401924 0.11811024,
  -0.21213203 -1.787868 0.11811024,-0.25980762 -1.85 0.11811024,
  -0.28977775 -1.9223543 0.11811024,-0.3 -2 0.11811024,
  -0.28977775 -2.0776457 0.11811024,-0.25980762 -2.15 0.11811024,
  -0.21213203 -2.212132 0.11811024,-0.15 -2.2598076 0.11811024,
  -0.077645714 -2.2897777 0.11811024,0 -2.3 0.11811024,
  0.077645714 -2.2897777 0.11811024,0.15 -2.2598076 0.11811024,
  0.21213203 -2.212132 0.11811024,0.25980762 -2.15 0.11811024,
  0.28977775 -2.0776457 0.11811024,0.3 -2 0.11811024,
  0.28977775 -1.9223543 0.11811024,0.25980762 -1.85 0.11811024,
  0.21213203 -1.787868 0.11811024,0.15 -1.7401924 0.11811024,
  0.077645714 -1.7102223 0.11811024,0 -1.7 0.11811024,
  0 -1.7 0.51181102,-0.077645714 -1.7102223 0.51181102,
  -0.15 -1.7401924 0.51181102,-0.21213203 -1.787868 0.51181102,
  -0.25980762 -1.85 0.51181102,-0.28977775 -1.9223543 0.51181102,
  -0.3 -2 0.51181102,-0.28977775 -2.0776457 0.51181102,
  -0.25980762 -2.15 0.51181102,-0.21213203 -2.212132 0.51181102,
  -0.15 -2.2598076 0.51181102,-0.077645714 -2.2897777 0.51181102,
  0 -2.3 0.51181102,0.077645714 -2.2897777 0.51181102,
  0.15 -2.2598076 0.51181102,0.21213203 -2.212132 0.51181102,
  0.25980762 -2.15 0.51181102,0.28977775 -2.0776457 0.51181102,
  0.3 -2 0.51181102,0.28977775 -1.9223543 0.51181102,
  0.25980762 -1.85 0.51181102,0.21213203 -1.787868 0.51181102,
  0.15 -1.7401924 0.51181102,0.077645714 -1.7102223 0.51181102] }
 coordIndex [
  27,0,1,-1,27,1,2,-1,28,2,3,-1,28,27,2,-1,29,3,4,-1,29,28,3,-1,30,4,5,-1,30,29,4,-1,
  31,5,6,-1,31,30,5,-1,32,6,7,-1,32,31,6,-1,33,7,8,-1,33,32,7,-1,34,8,9,-1,34,33,8,-1,
  35,9,10,-1,35,34,9,-1,36,10,11,-1,36,35,10,-1,37,11,12,-1,37,36,11,-1,38,37,12,-1,38,12,13,-1,
  39,38,13,-1,39,13,14,-1,39,14,15,-1,40,39,15,-1,41,15,16,-1,41,40,15,-1,42,16,17,-1,42,41,16,-1,
  43,17,18,-1,43,42,17,-1,44,18,19,-1,44,19,20,-1,44,43,18,-1,45,44,20,-1,46,20,21,-1,46,45,20,-1,
  47,21,22,-1,47,46,21,-1,48,22,23,-1,48,47,22,-1,49,23,24,-1,49,48,23,-1,26,24,25,-1,26,49,24,-1]
  normalPerVertex TRUE
  normal DEF NORM_86 Normal { vector [
  -0.13052619 0.99144486 0,-0.13052619 0.99144486 0,
  -0.30091828 0.95364993 0,-0.5374875 0.84327172 0,
  -0.73742784 0.67542593 0,-0.88711369 0.46155098 0,
  -0.9763442 0.21622209 0,-0.99903848 -0.04384197 0,
  -0.95364993 -0.30091828 0,-0.84327172 -0.5374875 0,
  -0.67542593 -0.73742784 0,-0.46155098 -0.88711369 0,
  -0.21622209 -0.9763442 0,0.04384197 -0.99903848 0,
  0.25881905 -0.96592583 0,0.5 -0.8660254 0,
  0.73742784 -0.67542593 0,0.88711369 -0.46155098 0,
  0.9763442 -0.21622209 0,1 0 0,
  0.96592583 0.25881905 0,0.84327172 0.5374875 0,
  0.67542593 0.73742784 0,0.46155098 0.88711369 0,
  0.21622209 0.9763442 0,0.13052619 0.99144486 0,
  0.13052619 0.99144486 0,-0.21622209 0.9763442 0,
  -0.46155098 0.88711369 0,-0.67542593 0.73742784 0,
  -0.84327172 0.5374875 0,-0.95364993 0.30091828 0,
  -0.99903848 0.04384197 0,-0.9763442 -0.21622209 0,
  -0.88711369 -0.46155098 0,-0.73742784 -0.67542593 0,
  -0.5374875 -0.84327172 0,-0.30091828 -0.95364993 0,
  -0.04384197 -0.99903848 0,0.25881905 -0.96592583 0,
  0.5 -0.8660254 0,0.67542593 -0.73742784 0,
  0.84327172 -0.5374875 0,0.95364993 -0.30091828 0,
  1 0 0,0.96592583 0.25881905 0,
  0.88711369 0.46155098 0,0.73742784 0.67542593 0,
  0.5374875 0.84327172 0,0.30091828 0.95364993 0] }
}
}
DEF SHAPE_87 Shape {
 appearance USE APP_1
 geometry DEF FACE_87 IndexedFaceSet {
  coord DEF COORD_87 Coordinate { point [
  0.68110236 -4.1456693 1.036811,0.68110236 -5.2874016 1.036811,
  0.87795276 -4.3425197 1.036811,0.83414942 -4.3375842 1.036811,
  0.79254257 -4.3230254 1.036811,0.75521854 -4.2995731 1.036811,
  0.72404892 -4.2684035 1.036811,0.70059668 -4.2310795 1.036811,
  0.68603781 -4.1894726 1.036811,2.1220472 -4.3425197 1.036811,
  2.3188976 -4.1456693 1.036811,2.3139622 -4.1894726 1.036811,
  2.2994033 -4.2310795 1.036811,2.2759511 -4.2684035 1.036811,
  2.2447815 -4.2995731 1.036811,2.2074574 -4.3230254 1.036811,
  2.1658506 -4.3375842 1.036811,2.3188976 -5.2874016 1.036811,
  2.1220472 -5.0905512 1.036811,2.1658506 -5.0954866 1.036811,
  2.2074574 -5.1100455 1.036811,2.2447815 -5.1334977 1.036811,
  2.2759511 -5.1646674 1.036811,2.2994033 -5.2019914 1.036811,
  2.3139622 -5.2435982 1.036811,0.87795276 -5.0905512 1.036811,
  0.68603781 -5.2435982 1.036811,0.70059668 -5.2019914 1.036811,
  0.72404892 -5.1646674 1.036811,0.75521854 -5.1334977 1.036811,
  0.79254257 -5.1100455 1.036811,0.83414942 -5.0954866 1.036811] }
 coordIndex [
  5,28,29,-1,5,6,28,-1,7,27,28,-1,7,28,6,-1,4,29,30,-1,4,5,29,-1,8,26,27,-1,8,27,7,-1,
  3,30,31,-1,3,31,25,-1,3,4,30,-1,0,1,26,-1,0,26,8,-1,2,3,25,-1,9,18,19,-1,9,25,18,-1,
  9,2,25,-1,16,9,19,-1,15,19,20,-1,15,16,19,-1,14,20,21,-1,14,15,20,-1,13,21,22,-1,13,14,21,-1,
  12,22,23,-1,12,13,22,-1,10,24,17,-1,10,11,24,-1,11,23,24,-1,11,12,23,-1]
  normalPerVertex TRUE
  normal DEF NORM_87 Normal { vector [
  0 0 1,0 0 1,
  0 0 1,0 0 1,
  0 0 1,0 0 1,
  0 0 1,0 0 1,
  0 0 1,0 0 1,
  0 0 1,0 0 1,
  0 0 1,0 0 1,
  0 0 1,0 0 1,
  0 0 1,0 0 1,
  0 0 1,0 0 1,
  0 0 1,0 0 1,
  0 0 1,0 0 1,
  0 0 1,0 0 1,
  0 0 1,0 0 1,
  0 0 1,0 0 1,
  0 0 1,0 0 1] }
}
}
DEF SHAPE_88 Shape {
 appearance USE APP_2
 geometry DEF FACE_88 IndexedFaceSet {
  coord DEF COORD_88 Coordinate { point [
  3 -0.3 0.51181102,3 -0.3 0.11811024,
  3.0776457 -0.28977775 0.11811024,3.15 -0.25980762 0.11811024,
  3.212132 -0.21213203 0.11811024,3.2598076 -0.15 0.11811024,
  3.2897777 -0.077645714 0.11811024,3.3 0 0.11811024,
  3.2897777 0.077645714 0.11811024,3.2598076 0.15 0.11811024,
  3.212132 0.21213203 0.11811024,3.15 0.25980762 0.11811024,
  3.0776457 0.28977775 0.11811024,3 0.3 0.11811024,
  2.9223543 0.28977775 0.11811024,2.85 0.25980762 0.11811024,
  2.787868 0.21213203 0.11811024,2.7401924 0.15 0.11811024,
  2.7102223 0.077645714 0.11811024,2.7 0 0.11811024,
  2.7102223 -0.077645714 0.11811024,2.7401924 -0.15 0.11811024,
  2.787868 -0.21213203 0.11811024,2.85 -0.25980762 0.11811024,
  2.9223543 -0.28977775 0.11811024,3 -0.3 0.11811024,
  3 -0.3 0.51181102,3.0776457 -0.28977775 0.51181102,
  3.15 -0.25980762 0.51181102,3.212132 -0.21213203 0.51181102,
  3.2598076 -0.15 0.51181102,3.2897777 -0.077645714 0.51181102,
  3.3 0 0.51181102,3.2897777 0.077645714 0.51181102,
  3.2598076 0.15 0.51181102,3.212132 0.21213203 0.51181102,
  3.15 0.25980762 0.51181102,3.0776457 0.28977775 0.51181102,
  3 0.3 0.51181102,2.9223543 0.28977775 0.51181102,
  2.85 0.25980762 0.51181102,2.787868 0.21213203 0.51181102,
  2.7401924 0.15 0.51181102,2.7102223 0.077645714 0.51181102,
  2.7 0 0.51181102,2.7102223 -0.077645714 0.51181102,
  2.7401924 -0.15 0.51181102,2.787868 -0.21213203 0.51181102,
  2.85 -0.25980762 0.51181102,2.9223543 -0.28977775 0.51181102] }
 coordIndex [
  27,0,1,-1,27,1,2,-1,28,2,3,-1,28,27,2,-1,29,3,4,-1,29,28,3,-1,30,4,5,-1,30,29,4,-1,
  31,5,6,-1,31,30,5,-1,32,6,7,-1,32,31,6,-1,33,7,8,-1,33,32,7,-1,34,8,9,-1,34,33,8,-1,
  35,9,10,-1,35,34,9,-1,36,10,11,-1,36,35,10,-1,37,11,12,-1,37,36,11,-1,38,37,12,-1,38,12,13,-1,
  39,38,13,-1,39,13,14,-1,39,14,15,-1,40,39,15,-1,41,15,16,-1,41,40,15,-1,42,16,17,-1,42,41,16,-1,
  43,17,18,-1,43,42,17,-1,44,18,19,-1,44,19,20,-1,44,43,18,-1,45,44,20,-1,46,20,21,-1,46,45,20,-1,
  47,21,22,-1,47,46,21,-1,48,22,23,-1,48,47,22,-1,49,23,24,-1,49,48,23,-1,26,24,25,-1,26,49,24,-1]
  normalPerVertex TRUE
  normal DEF NORM_88 Normal { vector [
  0.13052619 -0.99144486 0,0.13052619 -0.99144486 0,
  0.30091828 -0.95364993 0,0.5374875 -0.84327172 0,
  0.73742784 -0.67542593 0,0.88711369 -0.46155098 0,
  0.9763442 -0.21622209 0,0.99903848 0.04384197 0,
  0.95364993 0.30091828 0,0.84327172 0.5374875 0,
  0.67542593 0.73742784 0,0.46155098 0.88711369 0,
  0.21622209 0.9763442 0,-0.04384197 0.99903848 0,
  -0.25881905 0.96592583 0,-0.5 0.8660254 0,
  -0.73742784 0.67542593 0,-0.88711369 0.46155098 0,
  -0.9763442 0.21622209 0,-1 0 0,
  -0.96592583 -0.25881905 0,-0.84327172 -0.5374875 0,
  -0.67542593 -0.73742784 0,-0.46155098 -0.88711369 0,
  -0.21622209 -0.9763442 0,-0.13052619 -0.99144486 0,
  -0.13052619 -0.99144486 0,0.21622209 -0.9763442 0,
  0.46155098 -0.88711369 0,0.67542593 -0.73742784 0,
  0.84327172 -0.5374875 0,0.95364993 -0.30091828 0,
  0.99903848 -0.04384197 0,0.9763442 0.21622209 0,
  0.88711369 0.46155098 0,0.73742784 0.67542593 0,
  0.5374875 0.84327172 0,0.30091828 0.95364993 0,
  0.04384197 0.99903848 0,-0.25881905 0.96592583 0,
  -0.5 0.8660254 0,-0.67542593 0.73742784 0,
  -0.84327172 0.5374875 0,-0.95364993 0.30091828 0,
  -1 0 0,-0.96592583 -0.25881905 0,
  -0.88711369 -0.46155098 0,-0.73742784 -0.67542593 0,
  -0.5374875 -0.84327172 0,-0.30091828 -0.95364993 0] }
}
}
DEF SHAPE_89 Shape {
 appearance USE APP_2
 geometry DEF FACE_89 IndexedFaceSet {
  coord DEF COORD_89 Coordinate { point [
  0 0.3 0.51181102,0 0.3 0.11811024,
  -0.077645714 0.28977775 0.11811024,-0.15 0.25980762 0.11811024,
  -0.21213203 0.21213203 0.11811024,-0.25980762 0.15 0.11811024,
  -0.28977775 0.077645714 0.11811024,-0.3 0 0.11811024,
  -0.28977775 -0.077645714 0.11811024,-0.25980762 -0.15 0.11811024,
  -0.21213203 -0.21213203 0.11811024,-0.15 -0.25980762 0.11811024,
  -0.077645714 -0.28977775 0.11811024,0 -0.3 0.11811024,
  0.077645714 -0.28977775 0.11811024,0.15 -0.25980762 0.11811024,
  0.21213203 -0.21213203 0.11811024,0.25980762 -0.15 0.11811024,
  0.28977775 -0.077645714 0.11811024,0.3 0 0.11811024,
  0.28977775 0.077645714 0.11811024,0.25980762 0.15 0.11811024,
  0.21213203 0.21213203 0.11811024,0.15 0.25980762 0.11811024,
  0.077645714 0.28977775 0.11811024,0 0.3 0.11811024,
  0 0.3 0.51181102,-0.077645714 0.28977775 0.51181102,
  -0.15 0.25980762 0.51181102,-0.21213203 0.21213203 0.51181102,
  -0.25980762 0.15 0.51181102,-0.28977775 0.077645714 0.51181102,
  -0.3 0 0.51181102,-0.28977775 -0.077645714 0.51181102,
  -0.25980762 -0.15 0.51181102,-0.21213203 -0.21213203 0.51181102,
  -0.15 -0.25980762 0.51181102,-0.077645714 -0.28977775 0.51181102,
  0 -0.3 0.51181102,0.077645714 -0.28977775 0.51181102,
  0.15 -0.25980762 0.51181102,0.21213203 -0.21213203 0.51181102,
  0.25980762 -0.15 0.51181102,0.28977775 -0.077645714 0.51181102,
  0.3 0 0.51181102,0.28977775 0.077645714 0.51181102,
  0.25980762 0.15 0.51181102,0.21213203 0.21213203 0.51181102,
  0.15 0.25980762 0.51181102,0.077645714 0.28977775 0.51181102] }
 coordIndex [
  27,0,1,-1,27,1,2,-1,28,2,3,-1,28,27,2,-1,29,3,4,-1,29,28,3,-1,30,4,5,-1,30,29,4,-1,
  31,5,6,-1,31,30,5,-1,32,6,7,-1,32,31,6,-1,33,7,8,-1,33,32,7,-1,34,8,9,-1,34,33,8,-1,
  35,9,10,-1,35,34,9,-1,36,10,11,-1,36,35,10,-1,37,11,12,-1,37,36,11,-1,38,37,12,-1,38,12,13,-1,
  39,38,13,-1,39,13,14,-1,39,14,15,-1,40,39,15,-1,41,15,16,-1,41,40,15,-1,42,16,17,-1,42,41,16,-1,
  43,17,18,-1,43,42,17,-1,44,18,19,-1,44,19,20,-1,44,43,18,-1,45,44,20,-1,46,20,21,-1,46,45,20,-1,
  47,21,22,-1,47,46,21,-1,48,22,23,-1,48,47,22,-1,49,23,24,-1,49,48,23,-1,26,24,25,-1,26,49,24,-1]
  normalPerVertex TRUE
  normal DEF NORM_89 Normal { vector [
  -0.13052619 0.99144486 0,-0.13052619 0.99144486 0,
  -0.30091828 0.95364993 0,-0.5374875 0.84327172 0,
  -0.73742784 0.67542593 0,-0.88711369 0.46155098 0,
  -0.9763442 0.21622209 0,-0.99903848 -0.04384197 0,
  -0.95364993 -0.30091828 0,-0.84327172 -0.5374875 0,
  -0.67542593 -0.73742784 0,-0.46155098 -0.88711369 0,
  -0.21622209 -0.9763442 0,0.04384197 -0.99903848 0,
  0.25881905 -0.96592583 0,0.5 -0.8660254 0,
  0.73742784 -0.67542593 0,0.88711369 -0.46155098 0,
  0.9763442 -0.21622209 0,1 0 0,
  0.96592583 0.25881905 0,0.84327172 0.5374875 0,
  0.67542593 0.73742784 0,0.46155098 0.88711369 0,
  0.21622209 0.9763442 0,0.13052619 0.99144486 0,
  0.13052619 0.99144486 0,-0.21622209 0.9763442 0,
  -0.46155098 0.88711369 0,-0.67542593 0.73742784 0,
  -0.84327172 0.5374875 0,-0.95364993 0.30091828 0,
  -0.99903848 0.04384197 0,-0.9763442 -0.21622209 0,
  -0.88711369 -0.46155098 0,-0.73742784 -0.67542593 0,
  -0.5374875 -0.84327172 0,-0.30091828 -0.95364993 0,
  -0.04384197 -0.99903848 0,0.25881905 -0.96592583 0,
  0.5 -0.8660254 0,0.67542593 -0.73742784 0,
  0.84327172 -0.5374875 0,0.95364993 -0.30091828 0,
  1 0 0,0.96592583 0.25881905 0,
  0.88711369 0.46155098 0,0.73742784 0.67542593 0,
  0.5374875 0.84327172 0,0.30091828 0.95364993 0] }
}
}
DEF SHAPE_90 Shape {
 appearance USE APP_2
 geometry DEF FACE_90 IndexedFaceSet {
  coord DEF COORD_90 Coordinate { point [
  0 -8.7 0.51181102,0 -8.7 0.11811024,
  -0.077645714 -8.7102223 0.11811024,-0.15 -8.7401924 0.11811024,
  -0.21213203 -8.787868 0.11811024,-0.25980762 -8.85 0.11811024,
  -0.28977775 -8.9223543 0.11811024,-0.3 -9 0.11811024,
  -0.28977775 -9.0776457 0.11811024,-0.25980762 -9.15 0.11811024,
  -0.21213203 -9.212132 0.11811024,-0.15 -9.2598076 0.11811024,
  -0.077645714 -9.2897777 0.11811024,0 -9.3 0.11811024,
  0.077645714 -9.2897777 0.11811024,0.15 -9.2598076 0.11811024,
  0.21213203 -9.212132 0.11811024,0.25980762 -9.15 0.11811024,
  0.28977775 -9.0776457 0.11811024,0.3 -9 0.11811024,
  0.28977775 -8.9223543 0.11811024,0.25980762 -8.85 0.11811024,
  0.21213203 -8.787868 0.11811024,0.15 -8.7401924 0.11811024,
  0.077645714 -8.7102223 0.11811024,0 -8.7 0.11811024,
  0 -8.7 0.51181102,-0.077645714 -8.7102223 0.51181102,
  -0.15 -8.7401924 0.51181102,-0.21213203 -8.787868 0.51181102,
  -0.25980762 -8.85 0.51181102,-0.28977775 -8.9223543 0.51181102,
  -0.3 -9 0.51181102,-0.28977775 -9.0776457 0.51181102,
  -0.25980762 -9.15 0.51181102,-0.21213203 -9.212132 0.51181102,
  -0.15 -9.2598076 0.51181102,-0.077645714 -9.2897777 0.51181102,
  0 -9.3 0.51181102,0.077645714 -9.2897777 0.51181102,
  0.15 -9.2598076 0.51181102,0.21213203 -9.212132 0.51181102,
  0.25980762 -9.15 0.51181102,0.28977775 -9.0776457 0.51181102,
  0.3 -9 0.51181102,0.28977775 -8.9223543 0.51181102,
  0.25980762 -8.85 0.51181102,0.21213203 -8.787868 0.51181102,
  0.15 -8.7401924 0.51181102,0.077645714 -8.7102223 0.51181102] }
 coordIndex [
  27,0,1,-1,27,1,2,-1,28,2,3,-1,28,27,2,-1,29,3,4,-1,29,28,3,-1,30,4,5,-1,30,29,4,-1,
  31,5,6,-1,31,30,5,-1,32,6,7,-1,32,31,6,-1,33,7,8,-1,33,32,7,-1,34,8,9,-1,34,33,8,-1,
  35,9,10,-1,35,34,9,-1,36,10,11,-1,36,35,10,-1,37,11,12,-1,37,36,11,-1,38,37,12,-1,38,12,13,-1,
  39,38,13,-1,39,13,14,-1,39,14,15,-1,40,39,15,-1,41,15,16,-1,41,40,15,-1,42,16,17,-1,42,41,16,-1,
  43,17,18,-1,43,42,17,-1,44,18,19,-1,44,19,20,-1,44,43,18,-1,45,44,20,-1,46,20,21,-1,46,45,20,-1,
  47,21,22,-1,47,46,21,-1,48,22,23,-1,48,47,22,-1,49,23,24,-1,49,48,23,-1,26,24,25,-1,26,49,24,-1]
  normalPerVertex TRUE
  normal DEF NORM_90 Normal { vector [
  -0.13052619 0.99144486 0,-0.13052619 0.99144486 0,
  -0.30091828 0.95364993 0,-0.5374875 0.84327172 0,
  -0.73742784 0.67542593 0,-0.88711369 0.46155098 0,
  -0.9763442 0.21622209 0,-0.99903848 -0.04384197 0,
  -0.95364993 -0.30091828 0,-0.84327172 -0.5374875 0,
  -0.67542593 -0.73742784 0,-0.46155098 -0.88711369 0,
  -0.21622209 -0.9763442 0,0.04384197 -0.99903848 0,
  0.25881905 -0.96592583 0,0.5 -0.8660254 0,
  0.73742784 -0.67542593 0,0.88711369 -0.46155098 0,
  0.9763442 -0.21622209 0,1 0 0,
  0.96592583 0.25881905 0,0.84327172 0.5374875 0,
  0.67542593 0.73742784 0,0.46155098 0.88711369 0,
  0.21622209 0.9763442 0,0.13052619 0.99144486 0,
  0.13052619 0.99144486 0,-0.21622209 0.9763442 0,
  -0.46155098 0.88711369 0,-0.67542593 0.73742784 0,
  -0.84327172 0.5374875 0,-0.95364993 0.30091828 0,
  -0.99903848 0.04384197 0,-0.9763442 -0.21622209 0,
  -0.88711369 -0.46155098 0,-0.73742784 -0.67542593 0,
  -0.5374875 -0.84327172 0,-0.30091828 -0.95364993 0,
  -0.04384197 -0.99903848 0,0.25881905 -0.96592583 0,
  0.5 -0.8660254 0,0.67542593 -0.73742784 0,
  0.84327172 -0.5374875 0,0.95364993 -0.30091828 0,
  1 0 0,0.96592583 0.25881905 0,
  0.88711369 0.46155098 0,0.73742784 0.67542593 0,
  0.5374875 0.84327172 0,0.30091828 0.95364993 0] }
}
}
DEF SHAPE_91 Shape {
 appearance USE APP_2
 geometry DEF FACE_91 IndexedFaceSet {
  coord DEF COORD_91 Coordinate { point [
  0 -7.7 0.51181102,0 -7.7 0.11811024,
  -0.077645714 -7.7102223 0.11811024,-0.15 -7.7401924 0.11811024,
  -0.21213203 -7.787868 0.11811024,-0.25980762 -7.85 0.11811024,
  -0.28977775 -7.9223543 0.11811024,-0.3 -8 0.11811024,
  -0.28977775 -8.0776457 0.11811024,-0.25980762 -8.15 0.11811024,
  -0.21213203 -8.212132 0.11811024,-0.15 -8.2598076 0.11811024,
  -0.077645714 -8.2897777 0.11811024,0 -8.3 0.11811024,
  0.077645714 -8.2897777 0.11811024,0.15 -8.2598076 0.11811024,
  0.21213203 -8.212132 0.11811024,0.25980762 -8.15 0.11811024,
  0.28977775 -8.0776457 0.11811024,0.3 -8 0.11811024,
  0.28977775 -7.9223543 0.11811024,0.25980762 -7.85 0.11811024,
  0.21213203 -7.787868 0.11811024,0.15 -7.7401924 0.11811024,
  0.077645714 -7.7102223 0.11811024,0 -7.7 0.11811024,
  0 -7.7 0.51181102,-0.077645714 -7.7102223 0.51181102,
  -0.15 -7.7401924 0.51181102,-0.21213203 -7.787868 0.51181102,
  -0.25980762 -7.85 0.51181102,-0.28977775 -7.9223543 0.51181102,
  -0.3 -8 0.51181102,-0.28977775 -8.0776457 0.51181102,
  -0.25980762 -8.15 0.51181102,-0.21213203 -8.212132 0.51181102,
  -0.15 -8.2598076 0.51181102,-0.077645714 -8.2897777 0.51181102,
  0 -8.3 0.51181102,0.077645714 -8.2897777 0.51181102,
  0.15 -8.2598076 0.51181102,0.21213203 -8.212132 0.51181102,
  0.25980762 -8.15 0.51181102,0.28977775 -8.0776457 0.51181102,
  0.3 -8 0.51181102,0.28977775 -7.9223543 0.51181102,
  0.25980762 -7.85 0.51181102,0.21213203 -7.787868 0.51181102,
  0.15 -7.7401924 0.51181102,0.077645714 -7.7102223 0.51181102] }
 coordIndex [
  27,0,1,-1,27,1,2,-1,28,2,3,-1,28,27,2,-1,29,3,4,-1,29,28,3,-1,30,4,5,-1,30,29,4,-1,
  31,5,6,-1,31,30,5,-1,32,6,7,-1,32,31,6,-1,33,7,8,-1,33,32,7,-1,34,8,9,-1,34,33,8,-1,
  35,9,10,-1,35,34,9,-1,36,10,11,-1,36,35,10,-1,37,11,12,-1,37,36,11,-1,38,37,12,-1,38,12,13,-1,
  39,38,13,-1,39,13,14,-1,39,14,15,-1,40,39,15,-1,41,15,16,-1,41,40,15,-1,42,16,17,-1,42,41,16,-1,
  43,17,18,-1,43,42,17,-1,44,18,19,-1,44,19,20,-1,44,43,18,-1,45,44,20,-1,46,20,21,-1,46,45,20,-1,
  47,21,22,-1,47,46,21,-1,48,22,23,-1,48,47,22,-1,49,23,24,-1,49,48,23,-1,26,24,25,-1,26,49,24,-1]
  normalPerVertex TRUE
  normal DEF NORM_91 Normal { vector [
  -0.13052619 0.99144486 0,-0.13052619 0.99144486 0,
  -0.30091828 0.95364993 0,-0.5374875 0.84327172 0,
  -0.73742784 0.67542593 0,-0.88711369 0.46155098 0,
  -0.9763442 0.21622209 0,-0.99903848 -0.04384197 0,
  -0.95364993 -0.30091828 0,-0.84327172 -0.5374875 0,
  -0.67542593 -0.73742784 0,-0.46155098 -0.88711369 0,
  -0.21622209 -0.9763442 0,0.04384197 -0.99903848 0,
  0.25881905 -0.96592583 0,0.5 -0.8660254 0,
  0.73742784 -0.67542593 0,0.88711369 -0.46155098 0,
  0.9763442 -0.21622209 0,1 0 0,
  0.96592583 0.25881905 0,0.84327172 0.5374875 0,
  0.67542593 0.73742784 0,0.46155098 0.88711369 0,
  0.21622209 0.9763442 0,0.13052619 0.99144486 0,
  0.13052619 0.99144486 0,-0.21622209 0.9763442 0,
  -0.46155098 0.88711369 0,-0.67542593 0.73742784 0,
  -0.84327172 0.5374875 0,-0.95364993 0.30091828 0,
  -0.99903848 0.04384197 0,-0.9763442 -0.21622209 0,
  -0.88711369 -0.46155098 0,-0.73742784 -0.67542593 0,
  -0.5374875 -0.84327172 0,-0.30091828 -0.95364993 0,
  -0.04384197 -0.99903848 0,0.25881905 -0.96592583 0,
  0.5 -0.8660254 0,0.67542593 -0.73742784 0,
  0.84327172 -0.5374875 0,0.95364993 -0.30091828 0,
  1 0 0,0.96592583 0.25881905 0,
  0.88711369 0.46155098 0,0.73742784 0.67542593 0,
  0.5374875 0.84327172 0,0.30091828 0.95364993 0] }
}
}
DEF SHAPE_92 Shape {
 appearance USE APP_2
 geometry DEF FACE_92 IndexedFaceSet {
  coord DEF COORD_92 Coordinate { point [
  0 -6.7 0.51181102,0 -6.7 0.11811024,
  -0.077645714 -6.7102223 0.11811024,-0.15 -6.7401924 0.11811024,
  -0.21213203 -6.787868 0.11811024,-0.25980762 -6.85 0.11811024,
  -0.28977775 -6.9223543 0.11811024,-0.3 -7 0.11811024,
  -0.28977775 -7.0776457 0.11811024,-0.25980762 -7.15 0.11811024,
  -0.21213203 -7.212132 0.11811024,-0.15 -7.2598076 0.11811024,
  -0.077645714 -7.2897777 0.11811024,0 -7.3 0.11811024,
  0.077645714 -7.2897777 0.11811024,0.15 -7.2598076 0.11811024,
  0.21213203 -7.212132 0.11811024,0.25980762 -7.15 0.11811024,
  0.28977775 -7.0776457 0.11811024,0.3 -7 0.11811024,
  0.28977775 -6.9223543 0.11811024,0.25980762 -6.85 0.11811024,
  0.21213203 -6.787868 0.11811024,0.15 -6.7401924 0.11811024,
  0.077645714 -6.7102223 0.11811024,0 -6.7 0.11811024,
  0 -6.7 0.51181102,-0.077645714 -6.7102223 0.51181102,
  -0.15 -6.7401924 0.51181102,-0.21213203 -6.787868 0.51181102,
  -0.25980762 -6.85 0.51181102,-0.28977775 -6.9223543 0.51181102,
  -0.3 -7 0.51181102,-0.28977775 -7.0776457 0.51181102,
  -0.25980762 -7.15 0.51181102,-0.21213203 -7.212132 0.51181102,
  -0.15 -7.2598076 0.51181102,-0.077645714 -7.2897777 0.51181102,
  0 -7.3 0.51181102,0.077645714 -7.2897777 0.51181102,
  0.15 -7.2598076 0.51181102,0.21213203 -7.212132 0.51181102,
  0.25980762 -7.15 0.51181102,0.28977775 -7.0776457 0.51181102,
  0.3 -7 0.51181102,0.28977775 -6.9223543 0.51181102,
  0.25980762 -6.85 0.51181102,0.21213203 -6.787868 0.51181102,
  0.15 -6.7401924 0.51181102,0.077645714 -6.7102223 0.51181102] }
 coordIndex [
  27,0,1,-1,27,1,2,-1,28,2,3,-1,28,27,2,-1,29,3,4,-1,29,28,3,-1,30,4,5,-1,30,29,4,-1,
  31,5,6,-1,31,30,5,-1,32,6,7,-1,32,31,6,-1,33,7,8,-1,33,32,7,-1,34,8,9,-1,34,33,8,-1,
  35,9,10,-1,35,34,9,-1,36,10,11,-1,36,35,10,-1,37,11,12,-1,37,36,11,-1,38,37,12,-1,38,12,13,-1,
  39,38,13,-1,39,13,14,-1,39,14,15,-1,40,39,15,-1,41,15,16,-1,41,40,15,-1,42,16,17,-1,42,41,16,-1,
  43,17,18,-1,43,42,17,-1,44,18,19,-1,44,19,20,-1,44,43,18,-1,45,44,20,-1,46,20,21,-1,46,45,20,-1,
  47,21,22,-1,47,46,21,-1,48,22,23,-1,48,47,22,-1,49,23,24,-1,49,48,23,-1,26,24,25,-1,26,49,24,-1]
  normalPerVertex TRUE
  normal DEF NORM_92 Normal { vector [
  -0.13052619 0.99144486 0,-0.13052619 0.99144486 0,
  -0.30091828 0.95364993 0,-0.5374875 0.84327172 0,
  -0.73742784 0.67542593 0,-0.88711369 0.46155098 0,
  -0.9763442 0.21622209 0,-0.99903848 -0.04384197 0,
  -0.95364993 -0.30091828 0,-0.84327172 -0.5374875 0,
  -0.67542593 -0.73742784 0,-0.46155098 -0.88711369 0,
  -0.21622209 -0.9763442 0,0.04384197 -0.99903848 0,
  0.25881905 -0.96592583 0,0.5 -0.8660254 0,
  0.73742784 -0.67542593 0,0.88711369 -0.46155098 0,
  0.9763442 -0.21622209 0,1 0 0,
  0.96592583 0.25881905 0,0.84327172 0.5374875 0,
  0.67542593 0.73742784 0,0.46155098 0.88711369 0,
  0.21622209 0.9763442 0,0.13052619 0.99144486 0,
  0.13052619 0.99144486 0,-0.21622209 0.9763442 0,
  -0.46155098 0.88711369 0,-0.67542593 0.73742784 0,
  -0.84327172 0.5374875 0,-0.95364993 0.30091828 0,
  -0.99903848 0.04384197 0,-0.9763442 -0.21622209 0,
  -0.88711369 -0.46155098 0,-0.73742784 -0.67542593 0,
  -0.5374875 -0.84327172 0,-0.30091828 -0.95364993 0,
  -0.04384197 -0.99903848 0,0.25881905 -0.96592583 0,
  0.5 -0.8660254 0,0.67542593 -0.73742784 0,
  0.84327172 -0.5374875 0,0.95364993 -0.30091828 0,
  1 0 0,0.96592583 0.25881905 0,
  0.88711369 0.46155098 0,0.73742784 0.67542593 0,
  0.5374875 0.84327172 0,0.30091828 0.95364993 0] }
}
}
DEF SHAPE_93 Shape {
 appearance USE APP_2
 geometry DEF FACE_93 IndexedFaceSet {
  coord DEF COORD_93 Coordinate { point [
  3 -7.3 0.51181102,3 -7.3 0.11811024,
  3.0776457 -7.2897777 0.11811024,3.15 -7.2598076 0.11811024,
  3.212132 -7.212132 0.11811024,3.2598076 -7.15 0.11811024,
  3.2897777 -7.0776457 0.11811024,3.3 -7 0.11811024,
  3.2897777 -6.9223543 0.11811024,3.2598076 -6.85 0.11811024,
  3.212132 -6.787868 0.11811024,3.15 -6.7401924 0.11811024,
  3.0776457 -6.7102223 0.11811024,3 -6.7 0.11811024,
  2.9223543 -6.7102223 0.11811024,2.85 -6.7401924 0.11811024,
  2.787868 -6.787868 0.11811024,2.7401924 -6.85 0.11811024,
  2.7102223 -6.9223543 0.11811024,2.7 -7 0.11811024,
  2.7102223 -7.0776457 0.11811024,2.7401924 -7.15 0.11811024,
  2.787868 -7.212132 0.11811024,2.85 -7.2598076 0.11811024,
  2.9223543 -7.2897777 0.11811024,3 -7.3 0.11811024,
  3 -7.3 0.51181102,3.0776457 -7.2897777 0.51181102,
  3.15 -7.2598076 0.51181102,3.212132 -7.212132 0.51181102,
  3.2598076 -7.15 0.51181102,3.2897777 -7.0776457 0.51181102,
  3.3 -7 0.51181102,3.2897777 -6.9223543 0.51181102,
  3.2598076 -6.85 0.51181102,3.212132 -6.787868 0.51181102,
  3.15 -6.7401924 0.51181102,3.0776457 -6.7102223 0.51181102,
  3 -6.7 0.51181102,2.9223543 -6.7102223 0.51181102,
  2.85 -6.7401924 0.51181102,2.787868 -6.787868 0.51181102,
  2.7401924 -6.85 0.51181102,2.7102223 -6.9223543 0.51181102,
  2.7 -7 0.51181102,2.7102223 -7.0776457 0.51181102,
  2.7401924 -7.15 0.51181102,2.787868 -7.212132 0.51181102,
  2.85 -7.2598076 0.51181102,2.9223543 -7.2897777 0.51181102] }
 coordIndex [
  27,0,1,-1,27,1,2,-1,28,2,3,-1,28,27,2,-1,29,3,4,-1,29,28,3,-1,30,4,5,-1,30,29,4,-1,
  31,5,6,-1,31,30,5,-1,32,6,7,-1,32,31,6,-1,33,7,8,-1,33,32,7,-1,34,8,9,-1,34,33,8,-1,
  35,9,10,-1,35,34,9,-1,36,10,11,-1,36,35,10,-1,37,11,12,-1,37,36,11,-1,38,37,12,-1,38,12,13,-1,
  39,38,13,-1,39,13,14,-1,39,14,15,-1,40,39,15,-1,41,15,16,-1,41,40,15,-1,42,16,17,-1,42,41,16,-1,
  43,17,18,-1,43,42,17,-1,44,18,19,-1,44,19,20,-1,44,43,18,-1,45,44,20,-1,46,20,21,-1,46,45,20,-1,
  47,21,22,-1,47,46,21,-1,48,22,23,-1,48,47,22,-1,49,23,24,-1,49,48,23,-1,26,24,25,-1,26,49,24,-1]
  normalPerVertex TRUE
  normal DEF NORM_93 Normal { vector [
  0.13052619 -0.99144486 0,0.13052619 -0.99144486 0,
  0.30091828 -0.95364993 0,0.5374875 -0.84327172 0,
  0.73742784 -0.67542593 0,0.88711369 -0.46155098 0,
  0.9763442 -0.21622209 0,0.99903848 0.04384197 0,
  0.95364993 0.30091828 0,0.84327172 0.5374875 0,
  0.67542593 0.73742784 0,0.46155098 0.88711369 0,
  0.21622209 0.9763442 0,-0.04384197 0.99903848 0,
  -0.25881905 0.96592583 0,-0.5 0.8660254 0,
  -0.73742784 0.67542593 0,-0.88711369 0.46155098 0,
  -0.9763442 0.21622209 0,-1 0 0,
  -0.96592583 -0.25881905 0,-0.84327172 -0.5374875 0,
  -0.67542593 -0.73742784 0,-0.46155098 -0.88711369 0,
  -0.21622209 -0.9763442 0,-0.13052619 -0.99144486 0,
  -0.13052619 -0.99144486 0,0.21622209 -0.9763442 0,
  0.46155098 -0.88711369 0,0.67542593 -0.73742784 0,
  0.84327172 -0.5374875 0,0.95364993 -0.30091828 0,
  0.99903848 -0.04384197 0,0.9763442 0.21622209 0,
  0.88711369 0.46155098 0,0.73742784 0.67542593 0,
  0.5374875 0.84327172 0,0.30091828 0.95364993 0,
  0.04384197 0.99903848 0,-0.25881905 0.96592583 0,
  -0.5 0.8660254 0,-0.67542593 0.73742784 0,
  -0.84327172 0.5374875 0,-0.95364993 0.30091828 0,
  -1 0 0,-0.96592583 -0.25881905 0,
  -0.88711369 -0.46155098 0,-0.73742784 -0.67542593 0,
  -0.5374875 -0.84327172 0,-0.30091828 -0.95364993 0] }
}
}
DEF SHAPE_94 Shape {
 appearance USE APP_2
 geometry DEF FACE_94 IndexedFaceSet {
  coord DEF COORD_94 Coordinate { point [
  3 -9.3 0.51181102,3 -9.3 0.11811024,
  3.0776457 -9.2897777 0.11811024,3.15 -9.2598076 0.11811024,
  3.212132 -9.212132 0.11811024,3.2598076 -9.15 0.11811024,
  3.2897777 -9.0776457 0.11811024,3.3 -9 0.11811024,
  3.2897777 -8.9223543 0.11811024,3.2598076 -8.85 0.11811024,
  3.212132 -8.787868 0.11811024,3.15 -8.7401924 0.11811024,
  3.0776457 -8.7102223 0.11811024,3 -8.7 0.11811024,
  2.9223543 -8.7102223 0.11811024,2.85 -8.7401924 0.11811024,
  2.787868 -8.787868 0.11811024,2.7401924 -8.85 0.11811024,
  2.7102223 -8.9223543 0.11811024,2.7 -9 0.11811024,
  2.7102223 -9.0776457 0.11811024,2.7401924 -9.15 0.11811024,
  2.787868 -9.212132 0.11811024,2.85 -9.2598076 0.11811024,
  2.9223543 -9.2897777 0.11811024,3 -9.3 0.11811024,
  3 -9.3 0.51181102,3.0776457 -9.2897777 0.51181102,
  3.15 -9.2598076 0.51181102,3.212132 -9.212132 0.51181102,
  3.2598076 -9.15 0.51181102,3.2897777 -9.0776457 0.51181102,
  3.3 -9 0.51181102,3.2897777 -8.9223543 0.51181102,
  3.2598076 -8.85 0.51181102,3.212132 -8.787868 0.51181102,
  3.15 -8.7401924 0.51181102,3.0776457 -8.7102223 0.51181102,
  3 -8.7 0.51181102,2.9223543 -8.7102223 0.51181102,
  2.85 -8.7401924 0.51181102,2.787868 -8.787868 0.51181102,
  2.7401924 -8.85 0.51181102,2.7102223 -8.9223543 0.51181102,
  2.7 -9 0.51181102,2.7102223 -9.0776457 0.51181102,
  2.7401924 -9.15 0.51181102,2.787868 -9.212132 0.51181102,
  2.85 -9.2598076 0.51181102,2.9223543 -9.2897777 0.51181102] }
 coordIndex [
  27,0,1,-1,27,1,2,-1,28,2,3,-1,28,27,2,-1,29,3,4,-1,29,28,3,-1,30,4,5,-1,30,29,4,-1,
  31,5,6,-1,31,30,5,-1,32,6,7,-1,32,31,6,-1,33,7,8,-1,33,32,7,-1,34,8,9,-1,34,33,8,-1,
  35,9,10,-1,35,34,9,-1,36,10,11,-1,36,35,10,-1,37,11,12,-1,37,36,11,-1,38,37,12,-1,38,12,13,-1,
  39,38,13,-1,39,13,14,-1,39,14,15,-1,40,39,15,-1,41,15,16,-1,41,40,15,-1,42,16,17,-1,42,41,16,-1,
  43,17,18,-1,43,42,17,-1,44,18,19,-1,44,19,20,-1,44,43,18,-1,45,44,20,-1,46,20,21,-1,46,45,20,-1,
  47,21,22,-1,47,46,21,-1,48,22,23,-1,48,47,22,-1,49,23,24,-1,49,48,23,-1,26,24,25,-1,26,49,24,-1]
  normalPerVertex TRUE
  normal DEF NORM_94 Normal { vector [
  0.13052619 -0.99144486 0,0.13052619 -0.99144486 0,
  0.30091828 -0.95364993 0,0.5374875 -0.84327172 0,
  0.73742784 -0.67542593 0,0.88711369 -0.46155098 0,
  0.9763442 -0.21622209 0,0.99903848 0.04384197 0,
  0.95364993 0.30091828 0,0.84327172 0.5374875 0,
  0.67542593 0.73742784 0,0.46155098 0.88711369 0,
  0.21622209 0.9763442 0,-0.04384197 0.99903848 0,
  -0.25881905 0.96592583 0,-0.5 0.8660254 0,
  -0.73742784 0.67542593 0,-0.88711369 0.46155098 0,
  -0.9763442 0.21622209 0,-1 0 0,
  -0.96592583 -0.25881905 0,-0.84327172 -0.5374875 0,
  -0.67542593 -0.73742784 0,-0.46155098 -0.88711369 0,
  -0.21622209 -0.9763442 0,-0.13052619 -0.99144486 0,
  -0.13052619 -0.99144486 0,0.21622209 -0.9763442 0,
  0.46155098 -0.88711369 0,0.67542593 -0.73742784 0,
  0.84327172 -0.5374875 0,0.95364993 -0.30091828 0,
  0.99903848 -0.04384197 0,0.9763442 0.21622209 0,
  0.88711369 0.46155098 0,0.73742784 0.67542593 0,
  0.5374875 0.84327172 0,0.30091828 0.95364993 0,
  0.04384197 0.99903848 0,-0.25881905 0.96592583 0,
  -0.5 0.8660254 0,-0.67542593 0.73742784 0,
  -0.84327172 0.5374875 0,-0.95364993 0.30091828 0,
  -1 0 0,-0.96592583 -0.25881905 0,
  -0.88711369 -0.46155098 0,-0.73742784 -0.67542593 0,
  -0.5374875 -0.84327172 0,-0.30091828 -0.95364993 0] }
}
}
DEF SHAPE_95 Shape {
 appearance USE APP_2
 geometry DEF FACE_95 IndexedFaceSet {
  coord DEF COORD_95 Coordinate { point [
  3 -8.3 0.51181102,3 -8.3 0.11811024,
  3.0776457 -8.2897777 0.11811024,3.15 -8.2598076 0.11811024,
  3.212132 -8.212132 0.11811024,3.2598076 -8.15 0.11811024,
  3.2897777 -8.0776457 0.11811024,3.3 -8 0.11811024,
  3.2897777 -7.9223543 0.11811024,3.2598076 -7.85 0.11811024,
  3.212132 -7.787868 0.11811024,3.15 -7.7401924 0.11811024,
  3.0776457 -7.7102223 0.11811024,3 -7.7 0.11811024,
  2.9223543 -7.7102223 0.11811024,2.85 -7.7401924 0.11811024,
  2.787868 -7.787868 0.11811024,2.7401924 -7.85 0.11811024,
  2.7102223 -7.9223543 0.11811024,2.7 -8 0.11811024,
  2.7102223 -8.0776457 0.11811024,2.7401924 -8.15 0.11811024,
  2.787868 -8.212132 0.11811024,2.85 -8.2598076 0.11811024,
  2.9223543 -8.2897777 0.11811024,3 -8.3 0.11811024,
  3 -8.3 0.51181102,3.0776457 -8.2897777 0.51181102,
  3.15 -8.2598076 0.51181102,3.212132 -8.212132 0.51181102,
  3.2598076 -8.15 0.51181102,3.2897777 -8.0776457 0.51181102,
  3.3 -8 0.51181102,3.2897777 -7.9223543 0.51181102,
  3.2598076 -7.85 0.51181102,3.212132 -7.787868 0.51181102,
  3.15 -7.7401924 0.51181102,3.0776457 -7.7102223 0.51181102,
  3 -7.7 0.51181102,2.9223543 -7.7102223 0.51181102,
  2.85 -7.7401924 0.51181102,2.787868 -7.787868 0.51181102,
  2.7401924 -7.85 0.51181102,2.7102223 -7.9223543 0.51181102,
  2.7 -8 0.51181102,2.7102223 -8.0776457 0.51181102,
  2.7401924 -8.15 0.51181102,2.787868 -8.212132 0.51181102,
  2.85 -8.2598076 0.51181102,2.9223543 -8.2897777 0.51181102] }
 coordIndex [
  27,0,1,-1,27,1,2,-1,28,2,3,-1,28,27,2,-1,29,3,4,-1,29,28,3,-1,30,4,5,-1,30,29,4,-1,
  31,5,6,-1,31,30,5,-1,32,6,7,-1,32,31,6,-1,33,7,8,-1,33,32,7,-1,34,8,9,-1,34,33,8,-1,
  35,9,10,-1,35,34,9,-1,36,10,11,-1,36,35,10,-1,37,11,12,-1,37,36,11,-1,38,37,12,-1,38,12,13,-1,
  39,38,13,-1,39,13,14,-1,39,14,15,-1,40,39,15,-1,41,15,16,-1,41,40,15,-1,42,16,17,-1,42,41,16,-1,
  43,17,18,-1,43,42,17,-1,44,18,19,-1,44,19,20,-1,44,43,18,-1,45,44,20,-1,46,20,21,-1,46,45,20,-1,
  47,21,22,-1,47,46,21,-1,48,22,23,-1,48,47,22,-1,49,23,24,-1,49,48,23,-1,26,24,25,-1,26,49,24,-1]
  normalPerVertex TRUE
  normal DEF NORM_95 Normal { vector [
  0.13052619 -0.99144486 0,0.13052619 -0.99144486 0,
  0.30091828 -0.95364993 0,0.5374875 -0.84327172 0,
  0.73742784 -0.67542593 0,0.88711369 -0.46155098 0,
  0.9763442 -0.21622209 0,0.99903848 0.04384197 0,
  0.95364993 0.30091828 0,0.84327172 0.5374875 0,
  0.67542593 0.73742784 0,0.46155098 0.88711369 0,
  0.21622209 0.9763442 0,-0.04384197 0.99903848 0,
  -0.25881905 0.96592583 0,-0.5 0.8660254 0,
  -0.73742784 0.67542593 0,-0.88711369 0.46155098 0,
  -0.9763442 0.21622209 0,-1 0 0,
  -0.96592583 -0.25881905 0,-0.84327172 -0.5374875 0,
  -0.67542593 -0.73742784 0,-0.46155098 -0.88711369 0,
  -0.21622209 -0.9763442 0,-0.13052619 -0.99144486 0,
  -0.13052619 -0.99144486 0,0.21622209 -0.9763442 0,
  0.46155098 -0.88711369 0,0.67542593 -0.73742784 0,
  0.84327172 -0.5374875 0,0.95364993 -0.30091828 0,
  0.99903848 -0.04384197 0,0.9763442 0.21622209 0,
  0.88711369 0.46155098 0,0.73742784 0.67542593 0,
  0.5374875 0.84327172 0,0.30091828 0.95364993 0,
  0.04384197 0.99903848 0,-0.25881905 0.96592583 0,
  -0.5 0.8660254 0,-0.67542593 0.73742784 0,
  -0.84327172 0.5374875 0,-0.95364993 0.30091828 0,
  -1 0 0,-0.96592583 -0.25881905 0,
  -0.88711369 -0.46155098 0,-0.73742784 -0.67542593 0,
  -0.5374875 -0.84327172 0,-0.30091828 -0.95364993 0] }
}
}
DEF SHAPE_96 Shape {
 appearance USE APP_2
 geometry DEF FACE_96 IndexedFaceSet {
  coord DEF COORD_96 Coordinate { point [
  3 -5.3 0.51181102,3 -5.3 0.11811024,
  3.0776457 -5.2897777 0.11811024,3.15 -5.2598076 0.11811024,
  3.212132 -5.212132 0.11811024,3.2598076 -5.15 0.11811024,
  3.2897777 -5.0776457 0.11811024,3.3 -5 0.11811024,
  3.2897777 -4.9223543 0.11811024,3.2598076 -4.85 0.11811024,
  3.212132 -4.787868 0.11811024,3.15 -4.7401924 0.11811024,
  3.0776457 -4.7102223 0.11811024,3 -4.7 0.11811024,
  2.9223543 -4.7102223 0.11811024,2.85 -4.7401924 0.11811024,
  2.787868 -4.787868 0.11811024,2.7401924 -4.85 0.11811024,
  2.7102223 -4.9223543 0.11811024,2.7 -5 0.11811024,
  2.7102223 -5.0776457 0.11811024,2.7401924 -5.15 0.11811024,
  2.787868 -5.212132 0.11811024,2.85 -5.2598076 0.11811024,
  2.9223543 -5.2897777 0.11811024,3 -5.3 0.11811024,
  3 -5.3 0.51181102,3.0776457 -5.2897777 0.51181102,
  3.15 -5.2598076 0.51181102,3.212132 -5.212132 0.51181102,
  3.2598076 -5.15 0.51181102,3.2897777 -5.0776457 0.51181102,
  3.3 -5 0.51181102,3.2897777 -4.9223543 0.51181102,
  3.2598076 -4.85 0.51181102,3.212132 -4.787868 0.51181102,
  3.15 -4.7401924 0.51181102,3.0776457 -4.7102223 0.51181102,
  3 -4.7 0.51181102,2.9223543 -4.7102223 0.51181102,
  2.85 -4.7401924 0.51181102,2.787868 -4.787868 0.51181102,
  2.7401924 -4.85 0.51181102,2.7102223 -4.9223543 0.51181102,
  2.7 -5 0.51181102,2.7102223 -5.0776457 0.51181102,
  2.7401924 -5.15 0.51181102,2.787868 -5.212132 0.51181102,
  2.85 -5.2598076 0.51181102,2.9223543 -5.2897777 0.51181102] }
 coordIndex [
  27,0,1,-1,27,1,2,-1,28,2,3,-1,28,27,2,-1,29,3,4,-1,29,28,3,-1,30,4,5,-1,30,29,4,-1,
  31,5,6,-1,31,30,5,-1,32,6,7,-1,32,31,6,-1,33,7,8,-1,33,32,7,-1,34,8,9,-1,34,33,8,-1,
  35,9,10,-1,35,34,9,-1,36,10,11,-1,36,35,10,-1,37,11,12,-1,37,36,11,-1,38,37,12,-1,38,12,13,-1,
  39,38,13,-1,39,13,14,-1,39,14,15,-1,40,39,15,-1,41,15,16,-1,41,40,15,-1,42,16,17,-1,42,41,16,-1,
  43,17,18,-1,43,42,17,-1,44,18,19,-1,44,19,20,-1,44,43,18,-1,45,44,20,-1,46,20,21,-1,46,45,20,-1,
  47,21,22,-1,47,46,21,-1,48,22,23,-1,48,47,22,-1,49,23,24,-1,49,48,23,-1,26,24,25,-1,26,49,24,-1]
  normalPerVertex TRUE
  normal DEF NORM_96 Normal { vector [
  0.13052619 -0.99144486 0,0.13052619 -0.99144486 0,
  0.30091828 -0.95364993 0,0.5374875 -0.84327172 0,
  0.73742784 -0.67542593 0,0.88711369 -0.46155098 0,
  0.9763442 -0.21622209 0,0.99903848 0.04384197 0,
  0.95364993 0.30091828 0,0.84327172 0.5374875 0,
  0.67542593 0.73742784 0,0.46155098 0.88711369 0,
  0.21622209 0.9763442 0,-0.04384197 0.99903848 0,
  -0.25881905 0.96592583 0,-0.5 0.8660254 0,
  -0.73742784 0.67542593 0,-0.88711369 0.46155098 0,
  -0.9763442 0.21622209 0,-1 0 0,
  -0.96592583 -0.25881905 0,-0.84327172 -0.5374875 0,
  -0.67542593 -0.73742784 0,-0.46155098 -0.88711369 0,
  -0.21622209 -0.9763442 0,-0.13052619 -0.99144486 0,
  -0.13052619 -0.99144486 0,0.21622209 -0.9763442 0,
  0.46155098 -0.88711369 0,0.67542593 -0.73742784 0,
  0.84327172 -0.5374875 0,0.95364993 -0.30091828 0,
  0.99903848 -0.04384197 0,0.9763442 0.21622209 0,
  0.88711369 0.46155098 0,0.73742784 0.67542593 0,
  0.5374875 0.84327172 0,0.30091828 0.95364993 0,
  0.04384197 0.99903848 0,-0.25881905 0.96592583 0,
  -0.5 0.8660254 0,-0.67542593 0.73742784 0,
  -0.84327172 0.5374875 0,-0.95364993 0.30091828 0,
  -1 0 0,-0.96592583 -0.25881905 0,
  -0.88711369 -0.46155098 0,-0.73742784 -0.67542593 0,
  -0.5374875 -0.84327172 0,-0.30091828 -0.95364993 0] }
}
}
DEF SHAPE_97 Shape {
 appearance USE APP_2
 geometry DEF FACE_97 IndexedFaceSet {
  coord DEF COORD_97 Coordinate { point [
  0 -4.7 0.51181102,0 -4.7 0.11811024,
  -0.077645714 -4.7102223 0.11811024,-0.15 -4.7401924 0.11811024,
  -0.21213203 -4.787868 0.11811024,-0.25980762 -4.85 0.11811024,
  -0.28977775 -4.9223543 0.11811024,-0.3 -5 0.11811024,
  -0.28977775 -5.0776457 0.11811024,-0.25980762 -5.15 0.11811024,
  -0.21213203 -5.212132 0.11811024,-0.15 -5.2598076 0.11811024,
  -0.077645714 -5.2897777 0.11811024,0 -5.3 0.11811024,
  0.077645714 -5.2897777 0.11811024,0.15 -5.2598076 0.11811024,
  0.21213203 -5.212132 0.11811024,0.25980762 -5.15 0.11811024,
  0.28977775 -5.0776457 0.11811024,0.3 -5 0.11811024,
  0.28977775 -4.9223543 0.11811024,0.25980762 -4.85 0.11811024,
  0.21213203 -4.787868 0.11811024,0.15 -4.7401924 0.11811024,
  0.077645714 -4.7102223 0.11811024,0 -4.7 0.11811024,
  0 -4.7 0.51181102,-0.077645714 -4.7102223 0.51181102,
  -0.15 -4.7401924 0.51181102,-0.21213203 -4.787868 0.51181102,
  -0.25980762 -4.85 0.51181102,-0.28977775 -4.9223543 0.51181102,
  -0.3 -5 0.51181102,-0.28977775 -5.0776457 0.51181102,
  -0.25980762 -5.15 0.51181102,-0.21213203 -5.212132 0.51181102,
  -0.15 -5.2598076 0.51181102,-0.077645714 -5.2897777 0.51181102,
  0 -5.3 0.51181102,0.077645714 -5.2897777 0.51181102,
  0.15 -5.2598076 0.51181102,0.21213203 -5.212132 0.51181102,
  0.25980762 -5.15 0.51181102,0.28977775 -5.0776457 0.51181102,
  0.3 -5 0.51181102,0.28977775 -4.9223543 0.51181102,
  0.25980762 -4.85 0.51181102,0.21213203 -4.787868 0.51181102,
  0.15 -4.7401924 0.51181102,0.077645714 -4.7102223 0.51181102] }
 coordIndex [
  27,0,1,-1,27,1,2,-1,28,2,3,-1,28,27,2,-1,29,3,4,-1,29,28,3,-1,30,4,5,-1,30,29,4,-1,
  31,5,6,-1,31,30,5,-1,32,6,7,-1,32,31,6,-1,33,7,8,-1,33,32,7,-1,34,8,9,-1,34,33,8,-1,
  35,9,10,-1,35,34,9,-1,36,10,11,-1,36,35,10,-1,37,11,12,-1,37,36,11,-1,38,37,12,-1,38,12,13,-1,
  39,38,13,-1,39,13,14,-1,39,14,15,-1,40,39,15,-1,41,15,16,-1,41,40,15,-1,42,16,17,-1,42,41,16,-1,
  43,17,18,-1,43,42,17,-1,44,18,19,-1,44,19,20,-1,44,43,18,-1,45,44,20,-1,46,20,21,-1,46,45,20,-1,
  47,21,22,-1,47,46,21,-1,48,22,23,-1,48,47,22,-1,49,23,24,-1,49,48,23,-1,26,24,25,-1,26,49,24,-1]
  normalPerVertex TRUE
  normal DEF NORM_97 Normal { vector [
  -0.13052619 0.99144486 0,-0.13052619 0.99144486 0,
  -0.30091828 0.95364993 0,-0.5374875 0.84327172 0,
  -0.73742784 0.67542593 0,-0.88711369 0.46155098 0,
  -0.9763442 0.21622209 0,-0.99903848 -0.04384197 0,
  -0.95364993 -0.30091828 0,-0.84327172 -0.5374875 0,
  -0.67542593 -0.73742784 0,-0.46155098 -0.88711369 0,
  -0.21622209 -0.9763442 0,0.04384197 -0.99903848 0,
  0.25881905 -0.96592583 0,0.5 -0.8660254 0,
  0.73742784 -0.67542593 0,0.88711369 -0.46155098 0,
  0.9763442 -0.21622209 0,1 0 0,
  0.96592583 0.25881905 0,0.84327172 0.5374875 0,
  0.67542593 0.73742784 0,0.46155098 0.88711369 0,
  0.21622209 0.9763442 0,0.13052619 0.99144486 0,
  0.13052619 0.99144486 0,-0.21622209 0.9763442 0,
  -0.46155098 0.88711369 0,-0.67542593 0.73742784 0,
  -0.84327172 0.5374875 0,-0.95364993 0.30091828 0,
  -0.99903848 0.04384197 0,-0.9763442 -0.21622209 0,
  -0.88711369 -0.46155098 0,-0.73742784 -0.67542593 0,
  -0.5374875 -0.84327172 0,-0.30091828 -0.95364993 0,
  -0.04384197 -0.99903848 0,0.25881905 -0.96592583 0,
  0.5 -0.8660254 0,0.67542593 -0.73742784 0,
  0.84327172 -0.5374875 0,0.95364993 -0.30091828 0,
  1 0 0,0.96592583 0.25881905 0,
  0.88711369 0.46155098 0,0.73742784 0.67542593 0,
  0.5374875 0.84327172 0,0.30091828 0.95364993 0] }
}
}
DEF SHAPE_98 Shape {
 appearance USE APP_2
 geometry DEF FACE_98 IndexedFaceSet {
  coord DEF COORD_98 Coordinate { point [
  0 -5.7 0.51181102,0 -5.7 0.11811024,
  -0.077645714 -5.7102223 0.11811024,-0.15 -5.7401924 0.11811024,
  -0.21213203 -5.787868 0.11811024,-0.25980762 -5.85 0.11811024,
  -0.28977775 -5.9223543 0.11811024,-0.3 -6 0.11811024,
  -0.28977775 -6.0776457 0.11811024,-0.25980762 -6.15 0.11811024,
  -0.21213203 -6.212132 0.11811024,-0.15 -6.2598076 0.11811024,
  -0.077645714 -6.2897777 0.11811024,0 -6.3 0.11811024,
  0.077645714 -6.2897777 0.11811024,0.15 -6.2598076 0.11811024,
  0.21213203 -6.212132 0.11811024,0.25980762 -6.15 0.11811024,
  0.28977775 -6.0776457 0.11811024,0.3 -6 0.11811024,
  0.28977775 -5.9223543 0.11811024,0.25980762 -5.85 0.11811024,
  0.21213203 -5.787868 0.11811024,0.15 -5.7401924 0.11811024,
  0.077645714 -5.7102223 0.11811024,0 -5.7 0.11811024,
  0 -5.7 0.51181102,-0.077645714 -5.7102223 0.51181102,
  -0.15 -5.7401924 0.51181102,-0.21213203 -5.787868 0.51181102,
  -0.25980762 -5.85 0.51181102,-0.28977775 -5.9223543 0.51181102,
  -0.3 -6 0.51181102,-0.28977775 -6.0776457 0.51181102,
  -0.25980762 -6.15 0.51181102,-0.21213203 -6.212132 0.51181102,
  -0.15 -6.2598076 0.51181102,-0.077645714 -6.2897777 0.51181102,
  0 -6.3 0.51181102,0.077645714 -6.2897777 0.51181102,
  0.15 -6.2598076 0.51181102,0.21213203 -6.212132 0.51181102,
  0.25980762 -6.15 0.51181102,0.28977775 -6.0776457 0.51181102,
  0.3 -6 0.51181102,0.28977775 -5.9223543 0.51181102,
  0.25980762 -5.85 0.51181102,0.21213203 -5.787868 0.51181102,
  0.15 -5.7401924 0.51181102,0.077645714 -5.7102223 0.51181102] }
 coordIndex [
  27,0,1,-1,27,1,2,-1,28,2,3,-1,28,27,2,-1,29,3,4,-1,29,28,3,-1,30,4,5,-1,30,29,4,-1,
  31,5,6,-1,31,30,5,-1,32,6,7,-1,32,31,6,-1,33,7,8,-1,33,32,7,-1,34,8,9,-1,34,33,8,-1,
  35,9,10,-1,35,34,9,-1,36,10,11,-1,36,35,10,-1,37,11,12,-1,37,36,11,-1,38,37,12,-1,38,12,13,-1,
  39,38,13,-1,39,13,14,-1,39,14,15,-1,40,39,15,-1,41,15,16,-1,41,40,15,-1,42,16,17,-1,42,41,16,-1,
  43,17,18,-1,43,42,17,-1,44,18,19,-1,44,19,20,-1,44,43,18,-1,45,44,20,-1,46,20,21,-1,46,45,20,-1,
  47,21,22,-1,47,46,21,-1,48,22,23,-1,48,47,22,-1,49,23,24,-1,49,48,23,-1,26,24,25,-1,26,49,24,-1]
  normalPerVertex TRUE
  normal DEF NORM_98 Normal { vector [
  -0.13052619 0.99144486 0,-0.13052619 0.99144486 0,
  -0.30091828 0.95364993 0,-0.5374875 0.84327172 0,
  -0.73742784 0.67542593 0,-0.88711369 0.46155098 0,
  -0.9763442 0.21622209 0,-0.99903848 -0.04384197 0,
  -0.95364993 -0.30091828 0,-0.84327172 -0.5374875 0,
  -0.67542593 -0.73742784 0,-0.46155098 -0.88711369 0,
  -0.21622209 -0.9763442 0,0.04384197 -0.99903848 0,
  0.25881905 -0.96592583 0,0.5 -0.8660254 0,
  0.73742784 -0.67542593 0,0.88711369 -0.46155098 0,
  0.9763442 -0.21622209 0,1 0 0,
  0.96592583 0.25881905 0,0.84327172 0.5374875 0,
  0.67542593 0.73742784 0,0.46155098 0.88711369 0,
  0.21622209 0.9763442 0,0.13052619 0.99144486 0,
  0.13052619 0.99144486 0,-0.21622209 0.9763442 0,
  -0.46155098 0.88711369 0,-0.67542593 0.73742784 0,
  -0.84327172 0.5374875 0,-0.95364993 0.30091828 0,
  -0.99903848 0.04384197 0,-0.9763442 -0.21622209 0,
  -0.88711369 -0.46155098 0,-0.73742784 -0.67542593 0,
  -0.5374875 -0.84327172 0,-0.30091828 -0.95364993 0,
  -0.04384197 -0.99903848 0,0.25881905 -0.96592583 0,
  0.5 -0.8660254 0,0.67542593 -0.73742784 0,
  0.84327172 -0.5374875 0,0.95364993 -0.30091828 0,
  1 0 0,0.96592583 0.25881905 0,
  0.88711369 0.46155098 0,0.73742784 0.67542593 0,
  0.5374875 0.84327172 0,0.30091828 0.95364993 0] }
}
}
DEF SHAPE_99 Shape {
 appearance USE APP_2
 geometry DEF FACE_99 IndexedFaceSet {
  coord DEF COORD_99 Coordinate { point [
  3 -6.3 0.51181102,3 -6.3 0.11811024,
  3.0776457 -6.2897777 0.11811024,3.15 -6.2598076 0.11811024,
  3.212132 -6.212132 0.11811024,3.2598076 -6.15 0.11811024,
  3.2897777 -6.0776457 0.11811024,3.3 -6 0.11811024,
  3.2897777 -5.9223543 0.11811024,3.2598076 -5.85 0.11811024,
  3.212132 -5.787868 0.11811024,3.15 -5.7401924 0.11811024,
  3.0776457 -5.7102223 0.11811024,3 -5.7 0.11811024,
  2.9223543 -5.7102223 0.11811024,2.85 -5.7401924 0.11811024,
  2.787868 -5.787868 0.11811024,2.7401924 -5.85 0.11811024,
  2.7102223 -5.9223543 0.11811024,2.7 -6 0.11811024,
  2.7102223 -6.0776457 0.11811024,2.7401924 -6.15 0.11811024,
  2.787868 -6.212132 0.11811024,2.85 -6.2598076 0.11811024,
  2.9223543 -6.2897777 0.11811024,3 -6.3 0.11811024,
  3 -6.3 0.51181102,3.0776457 -6.2897777 0.51181102,
  3.15 -6.2598076 0.51181102,3.212132 -6.212132 0.51181102,
  3.2598076 -6.15 0.51181102,3.2897777 -6.0776457 0.51181102,
  3.3 -6 0.51181102,3.2897777 -5.9223543 0.51181102,
  3.2598076 -5.85 0.51181102,3.212132 -5.787868 0.51181102,
  3.15 -5.7401924 0.51181102,3.0776457 -5.7102223 0.51181102,
  3 -5.7 0.51181102,2.9223543 -5.7102223 0.51181102,
  2.85 -5.7401924 0.51181102,2.787868 -5.787868 0.51181102,
  2.7401924 -5.85 0.51181102,2.7102223 -5.9223543 0.51181102,
  2.7 -6 0.51181102,2.7102223 -6.0776457 0.51181102,
  2.7401924 -6.15 0.51181102,2.787868 -6.212132 0.51181102,
  2.85 -6.2598076 0.51181102,2.9223543 -6.2897777 0.51181102] }
 coordIndex [
  27,0,1,-1,27,1,2,-1,28,2,3,-1,28,27,2,-1,29,3,4,-1,29,28,3,-1,30,4,5,-1,30,29,4,-1,
  31,5,6,-1,31,30,5,-1,32,6,7,-1,32,31,6,-1,33,7,8,-1,33,32,7,-1,34,8,9,-1,34,33,8,-1,
  35,9,10,-1,35,34,9,-1,36,10,11,-1,36,35,10,-1,37,11,12,-1,37,36,11,-1,38,37,12,-1,38,12,13,-1,
  39,38,13,-1,39,13,14,-1,39,14,15,-1,40,39,15,-1,41,15,16,-1,41,40,15,-1,42,16,17,-1,42,41,16,-1,
  43,17,18,-1,43,42,17,-1,44,18,19,-1,44,19,20,-1,44,43,18,-1,45,44,20,-1,46,20,21,-1,46,45,20,-1,
  47,21,22,-1,47,46,21,-1,48,22,23,-1,48,47,22,-1,49,23,24,-1,49,48,23,-1,26,24,25,-1,26,49,24,-1]
  normalPerVertex TRUE
  normal DEF NORM_99 Normal { vector [
  0.13052619 -0.99144486 0,0.13052619 -0.99144486 0,
  0.30091828 -0.95364993 0,0.5374875 -0.84327172 0,
  0.73742784 -0.67542593 0,0.88711369 -0.46155098 0,
  0.9763442 -0.21622209 0,0.99903848 0.04384197 0,
  0.95364993 0.30091828 0,0.84327172 0.5374875 0,
  0.67542593 0.73742784 0,0.46155098 0.88711369 0,
  0.21622209 0.9763442 0,-0.04384197 0.99903848 0,
  -0.25881905 0.96592583 0,-0.5 0.8660254 0,
  -0.73742784 0.67542593 0,-0.88711369 0.46155098 0,
  -0.9763442 0.21622209 0,-1 0 0,
  -0.96592583 -0.25881905 0,-0.84327172 -0.5374875 0,
  -0.67542593 -0.73742784 0,-0.46155098 -0.88711369 0,
  -0.21622209 -0.9763442 0,-0.13052619 -0.99144486 0,
  -0.13052619 -0.99144486 0,0.21622209 -0.9763442 0,
  0.46155098 -0.88711369 0,0.67542593 -0.73742784 0,
  0.84327172 -0.5374875 0,0.95364993 -0.30091828 0,
  0.99903848 -0.04384197 0,0.9763442 0.21622209 0,
  0.88711369 0.46155098 0,0.73742784 0.67542593 0,
  0.5374875 0.84327172 0,0.30091828 0.95364993 0,
  0.04384197 0.99903848 0,-0.25881905 0.96592583 0,
  -0.5 0.8660254 0,-0.67542593 0.73742784 0,
  -0.84327172 0.5374875 0,-0.95364993 0.30091828 0,
  -1 0 0,-0.96592583 -0.25881905 0,
  -0.88711369 -0.46155098 0,-0.73742784 -0.67542593 0,
  -0.5374875 -0.84327172 0,-0.30091828 -0.95364993 0] }
}
}
DEF SHAPE_100 Shape {
 appearance USE APP_2
 geometry DEF FACE_100 IndexedFaceSet {
  coord DEF COORD_100 Coordinate { point [
  0 -6.6606299 1.5775591,-0.08783544 -6.6721937 1.5775591,
  -0.16968504 -6.7060969 1.5775591,-0.23997088 -6.7600291 1.5775591,
  -0.29390311 -6.830315 1.5775591,-0.32780632 -6.9121646 1.5775591,
  -0.33937008 -7 1.5775591,-0.32780632 -7.0878354 1.5775591,
  -0.29390311 -7.169685 1.5775591,-0.23997088 -7.2399709 1.5775591,
  -0.16968504 -7.2939031 1.5775591,-0.08783544 -7.3278063 1.5775591,
  0 -7.3393701 1.5775591,0.08783544 -7.3278063 1.5775591,
  0.16968504 -7.2939031 1.5775591,0.23997088 -7.2399709 1.5775591,
  0.29390311 -7.169685 1.5775591,0.32780632 -7.0878354 1.5775591,
  0.33937008 -7 1.5775591,0.32780632 -6.9121646 1.5775591,
  0.29390311 -6.830315 1.5775591,0.23997088 -6.7600291 1.5775591,
  0.16968504 -6.7060969 1.5775591,0.08783544 -6.6721937 1.5775591,
  0 -7.3 1.5775591,-0.077645714 -7.2897777 1.5775591,
  -0.15 -7.2598076 1.5775591,-0.21213203 -7.212132 1.5775591,
  -0.25980762 -7.15 1.5775591,-0.28977775 -7.0776457 1.5775591,
  -0.3 -7 1.5775591,-0.28977775 -6.9223543 1.5775591,
  -0.25980762 -6.85 1.5775591,-0.21213203 -6.787868 1.5775591,
  -0.15 -6.7401924 1.5775591,-0.077645714 -6.7102223 1.5775591,
  0 -6.7 1.5775591,0.077645714 -6.7102223 1.5775591,
  0.15 -6.7401924 1.5775591,0.21213203 -6.787868 1.5775591,
  0.25980762 -6.85 1.5775591,0.28977775 -6.9223543 1.5775591,
  0.3 -7 1.5775591,0.28977775 -7.0776457 1.5775591,
  0.25980762 -7.15 1.5775591,0.21213203 -7.212132 1.5775591,
  0.15 -7.2598076 1.5775591,0.077645714 -7.2897777 1.5775591] }
 coordIndex [
  39,21,22,-1,38,22,23,-1,38,39,22,-1,40,20,21,-1,40,21,39,-1,37,38,23,-1,41,19,20,-1,41,20,40,-1,
  0,37,23,-1,36,37,0,-1,42,18,19,-1,42,19,41,-1,43,17,18,-1,43,18,42,-1,35,0,1,-1,35,36,0,-1,
  44,16,17,-1,44,17,43,-1,34,1,2,-1,34,35,1,-1,15,44,45,-1,15,16,44,-1,33,2,3,-1,33,34,2,-1,
  14,45,46,-1,14,15,45,-1,4,32,33,-1,4,33,3,-1,5,32,4,-1,5,31,32,-1,13,14,46,-1,13,46,47,-1,
  12,47,24,-1,12,13,47,-1,6,31,5,-1,6,30,31,-1,7,30,6,-1,7,28,29,-1,7,29,30,-1,11,24,25,-1,
  11,25,26,-1,11,12,24,-1,8,28,7,-1,10,11,26,-1,10,26,27,-1,9,27,28,-1,9,10,27,-1,9,28,8,-1]
  normalPerVertex TRUE
  normal DEF NORM_100 Normal { vector [
  0 0 1,0 0 1,
  0 0 1,0 0 1,
  0 0 1,0 0 1,
  0 0 1,0 0 1,
  0 0 1,0 0 1,
  0 0 1,0 0 1,
  0 0 1,0 0 1,
  0 0 1,0 0 1,
  0 0 1,0 0 1,
  0 0 1,0 0 1,
  0 0 1,0 0 1,
  0 0 1,0 0 1,
  0 0 1,0 0 1,
  0 0 1,0 0 1,
  0 0 1,0 0 1,
  0 0 1,0 0 1,
  0 0 1,0 0 1,
  0 0 1,0 0 1,
  0 0 1,0 0 1,
  0 0 1,0 0 1,
  0 0 1,0 0 1,
  0 0 1,0 0 1,
  0 0 1,0 0 1,
  0 0 1,0 0 1] }
}
}
DEF SHAPE_101 Shape {
 appearance USE APP_2
 geometry DEF FACE_101 IndexedFaceSet {
  coord DEF COORD_101 Coordinate { point [
  0 -5.6606299 1.5775591,-0.08783544 -5.6721937 1.5775591,
  -0.16968504 -5.7060969 1.5775591,-0.23997088 -5.7600291 1.5775591,
  -0.29390311 -5.830315 1.5775591,-0.32780632 -5.9121646 1.5775591,
  -0.33937008 -6 1.5775591,-0.32780632 -6.0878354 1.5775591,
  -0.29390311 -6.169685 1.5775591,-0.23997088 -6.2399709 1.5775591,
  -0.16968504 -6.2939031 1.5775591,-0.08783544 -6.3278063 1.5775591,
  0 -6.3393701 1.5775591,0.08783544 -6.3278063 1.5775591,
  0.16968504 -6.2939031 1.5775591,0.23997088 -6.2399709 1.5775591,
  0.29390311 -6.169685 1.5775591,0.32780632 -6.0878354 1.5775591,
  0.33937008 -6 1.5775591,0.32780632 -5.9121646 1.5775591,
  0.29390311 -5.830315 1.5775591,0.23997088 -5.7600291 1.5775591,
  0.16968504 -5.7060969 1.5775591,0.08783544 -5.6721937 1.5775591,
  0 -6.3 1.5775591,-0.077645714 -6.2897777 1.5775591,
  -0.15 -6.2598076 1.5775591,-0.21213203 -6.212132 1.5775591,
  -0.25980762 -6.15 1.5775591,-0.28977775 -6.0776457 1.5775591,
  -0.3 -6 1.5775591,-0.28977775 -5.9223543 1.5775591,
  -0.25980762 -5.85 1.5775591,-0.21213203 -5.787868 1.5775591,
  -0.15 -5.7401924 1.5775591,-0.077645714 -5.7102223 1.5775591,
  0 -5.7 1.5775591,0.077645714 -5.7102223 1.5775591,
  0.15 -5.7401924 1.5775591,0.21213203 -5.787868 1.5775591,
  0.25980762 -5.85 1.5775591,0.28977775 -5.9223543 1.5775591,
  0.3 -6 1.5775591,0.28977775 -6.0776457 1.5775591,
  0.25980762 -6.15 1.5775591,0.21213203 -6.212132 1.5775591,
  0.15 -6.2598076 1.5775591,0.077645714 -6.2897777 1.5775591] }
 coordIndex [
  39,21,22,-1,38,22,23,-1,38,39,22,-1,40,20,21,-1,40,21,39,-1,37,38,23,-1,41,19,20,-1,41,20,40,-1,
  0,37,23,-1,36,37,0,-1,42,18,19,-1,42,19,41,-1,43,17,18,-1,43,18,42,-1,35,0,1,-1,35,36,0,-1,
  44,16,17,-1,44,17,43,-1,34,1,2,-1,34,35,1,-1,15,44,45,-1,15,16,44,-1,33,2,3,-1,33,34,2,-1,
  14,45,46,-1,14,15,45,-1,4,33,3,-1,4,32,33,-1,47,14,46,-1,13,14,47,-1,5,32,4,-1,5,31,32,-1,
  24,13,47,-1,12,13,24,-1,6,31,5,-1,6,30,31,-1,7,30,6,-1,7,29,30,-1,11,12,24,-1,11,24,25,-1,
  8,28,29,-1,8,29,7,-1,10,11,25,-1,10,25,26,-1,10,26,27,-1,9,27,28,-1,9,10,27,-1,9,28,8,-1]
  normalPerVertex TRUE
  normal DEF NORM_101 Normal { vector [
  0 0 1,0 0 1,
  0 0 1,0 0 1,
  0 0 1,0 0 1,
  0 0 1,0 0 1,
  0 0 1,0 0 1,
  0 0 1,0 0 1,
  0 0 1,0 0 1,
  0 0 1,0 0 1,
  0 0 1,0 0 1,
  0 0 1,0 0 1,
  0 0 1,0 0 1,
  0 0 1,0 0 1,
  0 0 1,0 0 1,
  0 0 1,0 0 1,
  0 0 1,0 0 1,
  0 0 1,0 0 1,
  0 0 1,0 0 1,
  0 0 1,0 0 1,
  0 0 1,0 0 1,
  0 0 1,0 0 1,
  0 0 1,0 0 1,
  0 0 1,0 0 1,
  0 0 1,0 0 1,
  0 0 1,0 0 1] }
}
}
DEF SHAPE_102 Shape {
 appearance USE APP_2
 geometry DEF FACE_102 IndexedFaceSet {
  coord DEF COORD_102 Coordinate { point [
  0 -3.6606299 1.5775591,-0.08783544 -3.6721937 1.5775591,
  -0.16968504 -3.7060969 1.5775591,-0.23997088 -3.7600291 1.5775591,
  -0.29390311 -3.830315 1.5775591,-0.32780632 -3.9121646 1.5775591,
  -0.33937008 -4 1.5775591,-0.32780632 -4.0878354 1.5775591,
  -0.29390311 -4.169685 1.5775591,-0.23997088 -4.2399709 1.5775591,
  -0.16968504 -4.2939031 1.5775591,-0.08783544 -4.3278063 1.5775591,
  0 -4.3393701 1.5775591,0.08783544 -4.3278063 1.5775591,
  0.16968504 -4.2939031 1.5775591,0.23997088 -4.2399709 1.5775591,
  0.29390311 -4.169685 1.5775591,0.32780632 -4.0878354 1.5775591,
  0.33937008 -4 1.5775591,0.32780632 -3.9121646 1.5775591,
  0.29390311 -3.830315 1.5775591,0.23997088 -3.7600291 1.5775591,
  0.16968504 -3.7060969 1.5775591,0.08783544 -3.6721937 1.5775591,
  0 -4.3 1.5775591,-0.077645714 -4.2897777 1.5775591,
  -0.15 -4.2598076 1.5775591,-0.21213203 -4.212132 1.5775591,
  -0.25980762 -4.15 1.5775591,-0.28977775 -4.0776457 1.5775591,
  -0.3 -4 1.5775591,-0.28977775 -3.9223543 1.5775591,
  -0.25980762 -3.85 1.5775591,-0.21213203 -3.787868 1.5775591,
  -0.15 -3.7401924 1.5775591,-0.077645714 -3.7102223 1.5775591,
  0 -3.7 1.5775591,0.077645714 -3.7102223 1.5775591,
  0.15 -3.7401924 1.5775591,0.21213203 -3.787868 1.5775591,
  0.25980762 -3.85 1.5775591,0.28977775 -3.9223543 1.5775591,
  0.3 -4 1.5775591,0.28977775 -4.0776457 1.5775591,
  0.25980762 -4.15 1.5775591,0.21213203 -4.212132 1.5775591,
  0.15 -4.2598076 1.5775591,0.077645714 -4.2897777 1.5775591] }
 coordIndex [
  39,21,22,-1,38,22,23,-1,38,39,22,-1,40,20,21,-1,40,21,39,-1,37,38,23,-1,41,19,20,-1,41,20,40,-1,
  0,37,23,-1,36,37,0,-1,42,18,19,-1,42,19,41,-1,43,17,18,-1,43,18,42,-1,35,0,1,-1,35,36,0,-1,
  44,16,17,-1,44,17,43,-1,34,1,2,-1,34,35,1,-1,15,44,45,-1,15,16,44,-1,3,33,34,-1,3,34,2,-1,
  32,33,3,-1,14,45,46,-1,14,15,45,-1,4,32,3,-1,47,14,46,-1,5,32,4,-1,5,31,32,-1,13,14,47,-1,
  12,13,47,-1,12,47,24,-1,6,31,5,-1,6,30,31,-1,25,12,24,-1,7,30,6,-1,7,29,30,-1,11,25,26,-1,
  11,12,25,-1,8,28,29,-1,8,29,7,-1,10,11,26,-1,9,26,27,-1,9,27,28,-1,9,10,26,-1,9,28,8,-1]
  normalPerVertex TRUE
  normal DEF NORM_102 Normal { vector [
  0 0 1,0 0 1,
  0 0 1,0 0 1,
  0 0 1,0 0 1,
  0 0 1,0 0 1,
  0 0 1,0 0 1,
  0 0 1,0 0 1,
  0 0 1,0 0 1,
  0 0 1,0 0 1,
  0 0 1,0 0 1,
  0 0 1,0 0 1,
  0 0 1,0 0 1,
  0 0 1,0 0 1,
  0 0 1,0 0 1,
  0 0 1,0 0 1,
  0 0 1,0 0 1,
  0 0 1,0 0 1,
  0 0 1,0 0 1,
  0 0 1,0 0 1,
  0 0 1,0 0 1,
  0 0 1,0 0 1,
  0 0 1,0 0 1,
  0 0 1,0 0 1,
  0 0 1,0 0 1,
  0 0 1,0 0 1] }
}
}
DEF SHAPE_103 Shape {
 appearance USE APP_2
 geometry DEF FACE_103 IndexedFaceSet {
  coord DEF COORD_103 Coordinate { point [
  0 -4.6606299 1.5775591,-0.08783544 -4.6721937 1.5775591,
  -0.16968504 -4.7060969 1.5775591,-0.23997088 -4.7600291 1.5775591,
  -0.29390311 -4.830315 1.5775591,-0.32780632 -4.9121646 1.5775591,
  -0.33937008 -5 1.5775591,-0.32780632 -5.0878354 1.5775591,
  -0.29390311 -5.169685 1.5775591,-0.23997088 -5.2399709 1.5775591,
  -0.16968504 -5.2939031 1.5775591,-0.08783544 -5.3278063 1.5775591,
  0 -5.3393701 1.5775591,0.08783544 -5.3278063 1.5775591,
  0.16968504 -5.2939031 1.5775591,0.23997088 -5.2399709 1.5775591,
  0.29390311 -5.169685 1.5775591,0.32780632 -5.0878354 1.5775591,
  0.33937008 -5 1.5775591,0.32780632 -4.9121646 1.5775591,
  0.29390311 -4.830315 1.5775591,0.23997088 -4.7600291 1.5775591,
  0.16968504 -4.7060969 1.5775591,0.08783544 -4.6721937 1.5775591,
  0 -5.3 1.5775591,-0.077645714 -5.2897777 1.5775591,
  -0.15 -5.2598076 1.5775591,-0.21213203 -5.212132 1.5775591,
  -0.25980762 -5.15 1.5775591,-0.28977775 -5.0776457 1.5775591,
  -0.3 -5 1.5775591,-0.28977775 -4.9223543 1.5775591,
  -0.25980762 -4.85 1.5775591,-0.21213203 -4.787868 1.5775591,
  -0.15 -4.7401924 1.5775591,-0.077645714 -4.7102223 1.5775591,
  0 -4.7 1.5775591,0.077645714 -4.7102223 1.5775591,
  0.15 -4.7401924 1.5775591,0.21213203 -4.787868 1.5775591,
  0.25980762 -4.85 1.5775591,0.28977775 -4.9223543 1.5775591,
  0.3 -5 1.5775591,0.28977775 -5.0776457 1.5775591,
  0.25980762 -5.15 1.5775591,0.21213203 -5.212132 1.5775591,
  0.15 -5.2598076 1.5775591,0.077645714 -5.2897777 1.5775591] }
 coordIndex [
  39,21,22,-1,38,22,23,-1,38,39,22,-1,40,20,21,-1,40,21,39,-1,37,38,23,-1,41,19,20,-1,41,20,40,-1,
  0,37,23,-1,36,37,0,-1,42,18,19,-1,42,19,41,-1,43,17,18,-1,43,18,42,-1,35,0,1,-1,35,36,0,-1,
  44,16,17,-1,44,17,43,-1,34,1,2,-1,34,35,1,-1,15,44,45,-1,15,16,44,-1,3,33,34,-1,3,34,2,-1,
  32,33,3,-1,14,45,46,-1,14,15,45,-1,4,32,3,-1,47,14,46,-1,5,32,4,-1,5,31,32,-1,13,14,47,-1,
  12,13,47,-1,12,47,24,-1,6,31,5,-1,6,30,31,-1,25,12,24,-1,7,30,6,-1,7,29,30,-1,11,25,26,-1,
  11,12,25,-1,8,28,29,-1,8,29,7,-1,10,11,26,-1,9,26,27,-1,9,27,28,-1,9,10,26,-1,9,28,8,-1]
  normalPerVertex TRUE
  normal DEF NORM_103 Normal { vector [
  0 0 1,0 0 1,
  0 0 1,0 0 1,
  0 0 1,0 0 1,
  0 0 1,0 0 1,
  0 0 1,0 0 1,
  0 0 1,0 0 1,
  0 0 1,0 0 1,
  0 0 1,0 0 1,
  0 0 1,0 0 1,
  0 0 1,0 0 1,
  0 0 1,0 0 1,
  0 0 1,0 0 1,
  0 0 1,0 0 1,
  0 0 1,0 0 1,
  0 0 1,0 0 1,
  0 0 1,0 0 1,
  0 0 1,0 0 1,
  0 0 1,0 0 1,
  0 0 1,0 0 1,
  0 0 1,0 0 1,
  0 0 1,0 0 1,
  0 0 1,0 0 1,
  0 0 1,0 0 1,
  0 0 1,0 0 1] }
}
}
DEF SHAPE_104 Shape {
 appearance USE APP_2
 geometry DEF FACE_104 IndexedFaceSet {
  coord DEF COORD_104 Coordinate { point [
  0 -0.66062992 1.5775591,-0.08783544 -0.67219368 1.5775591,
  -0.16968504 -0.70609689 1.5775591,-0.23997088 -0.76002912 1.5775591,
  -0.29390311 -0.83031496 1.5775591,-0.32780632 -0.91216456 1.5775591,
  -0.33937008 -1 1.5775591,-0.32780632 -1.0878354 1.5775591,
  -0.29390311 -1.169685 1.5775591,-0.23997088 -1.2399709 1.5775591,
  -0.16968504 -1.2939031 1.5775591,-0.08783544 -1.3278063 1.5775591,
  0 -1.3393701 1.5775591,0.08783544 -1.3278063 1.5775591,
  0.16968504 -1.2939031 1.5775591,0.23997088 -1.2399709 1.5775591,
  0.29390311 -1.169685 1.5775591,0.32780632 -1.0878354 1.5775591,
  0.33937008 -1 1.5775591,0.32780632 -0.91216456 1.5775591,
  0.29390311 -0.83031496 1.5775591,0.23997088 -0.76002912 1.5775591,
  0.16968504 -0.70609689 1.5775591,0.08783544 -0.67219368 1.5775591,
  0 -1.3 1.5775591,-0.077645714 -1.2897777 1.5775591,
  -0.15 -1.2598076 1.5775591,-0.21213203 -1.212132 1.5775591,
  -0.25980762 -1.15 1.5775591,-0.28977775 -1.0776457 1.5775591,
  -0.3 -1 1.5775591,-0.28977775 -0.92235429 1.5775591,
  -0.25980762 -0.85 1.5775591,-0.21213203 -0.78786797 1.5775591,
  -0.15 -0.74019238 1.5775591,-0.077645714 -0.71022225 1.5775591,
  0 -0.7 1.5775591,0.077645714 -0.71022225 1.5775591,
  0.15 -0.74019238 1.5775591,0.21213203 -0.78786797 1.5775591,
  0.25980762 -0.85 1.5775591,0.28977775 -0.92235429 1.5775591,
  0.3 -1 1.5775591,0.28977775 -1.0776457 1.5775591,
  0.25980762 -1.15 1.5775591,0.21213203 -1.212132 1.5775591,
  0.15 -1.2598076 1.5775591,0.077645714 -1.2897777 1.5775591] }
 coordIndex [
  39,21,22,-1,38,22,23,-1,38,39,22,-1,40,20,21,-1,40,21,39,-1,37,38,23,-1,41,19,20,-1,41,20,40,-1,
  0,37,23,-1,36,37,0,-1,42,18,19,-1,42,19,41,-1,35,0,1,-1,35,36,0,-1,43,17,18,-1,43,18,42,-1,
  44,16,17,-1,44,17,43,-1,34,1,2,-1,34,35,1,-1,15,44,45,-1,15,16,44,-1,33,2,3,-1,33,34,2,-1,
  46,15,45,-1,32,33,3,-1,14,15,46,-1,4,32,3,-1,47,14,46,-1,5,32,4,-1,5,31,32,-1,13,14,47,-1,
  12,13,47,-1,12,47,24,-1,6,31,5,-1,6,30,31,-1,7,30,6,-1,7,29,30,-1,11,24,25,-1,11,12,24,-1,
  8,28,29,-1,8,29,7,-1,10,11,25,-1,10,25,26,-1,9,10,26,-1,9,26,27,-1,9,27,28,-1,9,28,8,-1]
  normalPerVertex TRUE
  normal DEF NORM_104 Normal { vector [
  0 0 1,0 0 1,
  0 0 1,0 0 1,
  0 0 1,0 0 1,
  0 0 1,0 0 1,
  0 0 1,0 0 1,
  0 0 1,0 0 1,
  0 0 1,0 0 1,
  0 0 1,0 0 1,
  0 0 1,0 0 1,
  0 0 1,0 0 1,
  0 0 1,0 0 1,
  0 0 1,0 0 1,
  0 0 1,0 0 1,
  0 0 1,0 0 1,
  0 0 1,0 0 1,
  0 0 1,0 0 1,
  0 0 1,0 0 1,
  0 0 1,0 0 1,
  0 0 1,0 0 1,
  0 0 1,0 0 1,
  0 0 1,0 0 1,
  0 0 1,0 0 1,
  0 0 1,0 0 1,
  0 0 1,0 0 1] }
}
}
DEF SHAPE_105 Shape {
 appearance USE APP_2
 geometry DEF FACE_105 IndexedFaceSet {
  coord DEF COORD_105 Coordinate { point [
  0 -1.6606299 1.5775591,-0.08783544 -1.6721937 1.5775591,
  -0.16968504 -1.7060969 1.5775591,-0.23997088 -1.7600291 1.5775591,
  -0.29390311 -1.830315 1.5775591,-0.32780632 -1.9121646 1.5775591,
  -0.33937008 -2 1.5775591,-0.32780632 -2.0878354 1.5775591,
  -0.29390311 -2.169685 1.5775591,-0.23997088 -2.2399709 1.5775591,
  -0.16968504 -2.2939031 1.5775591,-0.08783544 -2.3278063 1.5775591,
  0 -2.3393701 1.5775591,0.08783544 -2.3278063 1.5775591,
  0.16968504 -2.2939031 1.5775591,0.23997088 -2.2399709 1.5775591,
  0.29390311 -2.169685 1.5775591,0.32780632 -2.0878354 1.5775591,
  0.33937008 -2 1.5775591,0.32780632 -1.9121646 1.5775591,
  0.29390311 -1.830315 1.5775591,0.23997088 -1.7600291 1.5775591,
  0.16968504 -1.7060969 1.5775591,0.08783544 -1.6721937 1.5775591,
  0 -2.3 1.5775591,-0.077645714 -2.2897777 1.5775591,
  -0.15 -2.2598076 1.5775591,-0.21213203 -2.212132 1.5775591,
  -0.25980762 -2.15 1.5775591,-0.28977775 -2.0776457 1.5775591,
  -0.3 -2 1.5775591,-0.28977775 -1.9223543 1.5775591,
  -0.25980762 -1.85 1.5775591,-0.21213203 -1.787868 1.5775591,
  -0.15 -1.7401924 1.5775591,-0.077645714 -1.7102223 1.5775591,
  0 -1.7 1.5775591,0.077645714 -1.7102223 1.5775591,
  0.15 -1.7401924 1.5775591,0.21213203 -1.787868 1.5775591,
  0.25980762 -1.85 1.5775591,0.28977775 -1.9223543 1.5775591,
  0.3 -2 1.5775591,0.28977775 -2.0776457 1.5775591,
  0.25980762 -2.15 1.5775591,0.21213203 -2.212132 1.5775591,
  0.15 -2.2598076 1.5775591,0.077645714 -2.2897777 1.5775591] }
 coordIndex [
  39,21,22,-1,38,22,23,-1,38,39,22,-1,40,20,21,-1,40,21,39,-1,37,38,23,-1,41,19,20,-1,41,20,40,-1,
  0,37,23,-1,36,37,0,-1,42,18,19,-1,42,19,41,-1,43,17,18,-1,43,18,42,-1,35,0,1,-1,35,36,0,-1,
  44,16,17,-1,44,17,43,-1,34,1,2,-1,34,35,1,-1,15,44,45,-1,15,16,44,-1,3,33,34,-1,3,34,2,-1,
  32,33,3,-1,14,45,46,-1,14,15,45,-1,4,32,3,-1,47,14,46,-1,5,32,4,-1,5,31,32,-1,13,14,47,-1,
  12,13,47,-1,12,47,24,-1,6,31,5,-1,6,30,31,-1,25,12,24,-1,7,30,6,-1,7,29,30,-1,11,25,26,-1,
  11,12,25,-1,8,28,29,-1,8,29,7,-1,10,11,26,-1,9,26,27,-1,9,27,28,-1,9,10,26,-1,9,28,8,-1]
  normalPerVertex TRUE
  normal DEF NORM_105 Normal { vector [
  0 0 1,0 0 1,
  0 0 1,0 0 1,
  0 0 1,0 0 1,
  0 0 1,0 0 1,
  0 0 1,0 0 1,
  0 0 1,0 0 1,
  0 0 1,0 0 1,
  0 0 1,0 0 1,
  0 0 1,0 0 1,
  0 0 1,0 0 1,
  0 0 1,0 0 1,
  0 0 1,0 0 1,
  0 0 1,0 0 1,
  0 0 1,0 0 1,
  0 0 1,0 0 1,
  0 0 1,0 0 1,
  0 0 1,0 0 1,
  0 0 1,0 0 1,
  0 0 1,0 0 1,
  0 0 1,0 0 1,
  0 0 1,0 0 1,
  0 0 1,0 0 1,
  0 0 1,0 0 1,
  0 0 1,0 0 1] }
}
}
DEF SHAPE_106 Shape {
 appearance USE APP_2
 geometry DEF FACE_106 IndexedFaceSet {
  coord DEF COORD_106 Coordinate { point [
  0 -2.6606299 1.5775591,-0.08783544 -2.6721937 1.5775591,
  -0.16968504 -2.7060969 1.5775591,-0.23997088 -2.7600291 1.5775591,
  -0.29390311 -2.830315 1.5775591,-0.32780632 -2.9121646 1.5775591,
  -0.33937008 -3 1.5775591,-0.32780632 -3.0878354 1.5775591,
  -0.29390311 -3.169685 1.5775591,-0.23997088 -3.2399709 1.5775591,
  -0.16968504 -3.2939031 1.5775591,-0.08783544 -3.3278063 1.5775591,
  0 -3.3393701 1.5775591,0.08783544 -3.3278063 1.5775591,
  0.16968504 -3.2939031 1.5775591,0.23997088 -3.2399709 1.5775591,
  0.29390311 -3.169685 1.5775591,0.32780632 -3.0878354 1.5775591,
  0.33937008 -3 1.5775591,0.32780632 -2.9121646 1.5775591,
  0.29390311 -2.830315 1.5775591,0.23997088 -2.7600291 1.5775591,
  0.16968504 -2.7060969 1.5775591,0.08783544 -2.6721937 1.5775591,
  0 -3.3 1.5775591,-0.077645714 -3.2897777 1.5775591,
  -0.15 -3.2598076 1.5775591,-0.21213203 -3.212132 1.5775591,
  -0.25980762 -3.15 1.5775591,-0.28977775 -3.0776457 1.5775591,
  -0.3 -3 1.5775591,-0.28977775 -2.9223543 1.5775591,
  -0.25980762 -2.85 1.5775591,-0.21213203 -2.787868 1.5775591,
  -0.15 -2.7401924 1.5775591,-0.077645714 -2.7102223 1.5775591,
  0 -2.7 1.5775591,0.077645714 -2.7102223 1.5775591,
  0.15 -2.7401924 1.5775591,0.21213203 -2.787868 1.5775591,
  0.25980762 -2.85 1.5775591,0.28977775 -2.9223543 1.5775591,
  0.3 -3 1.5775591,0.28977775 -3.0776457 1.5775591,
  0.25980762 -3.15 1.5775591,0.21213203 -3.212132 1.5775591,
  0.15 -3.2598076 1.5775591,0.077645714 -3.2897777 1.5775591] }
 coordIndex [
  39,21,22,-1,38,22,23,-1,38,39,22,-1,40,20,21,-1,40,21,39,-1,37,38,23,-1,41,19,20,-1,41,20,40,-1,
  0,37,23,-1,36,37,0,-1,42,18,19,-1,42,19,41,-1,35,0,1,-1,35,36,0,-1,43,17,18,-1,43,18,42,-1,
  44,16,17,-1,44,17,43,-1,34,1,2,-1,34,35,1,-1,15,44,45,-1,15,16,44,-1,33,2,3,-1,33,34,2,-1,
  32,33,3,-1,4,32,3,-1,14,45,46,-1,14,15,45,-1,47,14,46,-1,5,32,4,-1,5,31,32,-1,13,14,47,-1,
  30,31,5,-1,6,30,5,-1,12,13,47,-1,12,47,24,-1,25,12,24,-1,7,29,30,-1,7,30,6,-1,11,12,25,-1,
  8,29,7,-1,8,28,29,-1,10,25,26,-1,10,11,25,-1,9,26,27,-1,9,27,28,-1,9,10,26,-1,9,28,8,-1]
  normalPerVertex TRUE
  normal DEF NORM_106 Normal { vector [
  0 0 1,0 0 1,
  0 0 1,0 0 1,
  0 0 1,0 0 1,
  0 0 1,0 0 1,
  0 0 1,0 0 1,
  0 0 1,0 0 1,
  0 0 1,0 0 1,
  0 0 1,0 0 1,
  0 0 1,0 0 1,
  0 0 1,0 0 1,
  0 0 1,0 0 1,
  0 0 1,0 0 1,
  0 0 1,0 0 1,
  0 0 1,0 0 1,
  0 0 1,0 0 1,
  0 0 1,0 0 1,
  0 0 1,0 0 1,
  0 0 1,0 0 1,
  0 0 1,0 0 1,
  0 0 1,0 0 1,
  0 0 1,0 0 1,
  0 0 1,0 0 1,
  0 0 1,0 0 1,
  0 0 1,0 0 1] }
}
}
DEF SHAPE_107 Shape {
 appearance USE APP_2
 geometry DEF FACE_107 IndexedFaceSet {
  coord DEF COORD_107 Coordinate { point [
  0 0.33937008 1.5775591,-0.08783544 0.32780632 1.5775591,
  -0.16968504 0.29390311 1.5775591,-0.23997088 0.23997088 1.5775591,
  -0.29390311 0.16968504 1.5775591,-0.32780632 0.08783544 1.5775591,
  -0.33937008 0 1.5775591,-0.32780632 -0.08783544 1.5775591,
  -0.29390311 -0.16968504 1.5775591,-0.23997088 -0.23997088 1.5775591,
  -0.16968504 -0.29390311 1.5775591,-0.08783544 -0.32780632 1.5775591,
  0 -0.33937008 1.5775591,0.08783544 -0.32780632 1.5775591,
  0.16968504 -0.29390311 1.5775591,0.23997088 -0.23997088 1.5775591,
  0.29390311 -0.16968504 1.5775591,0.32780632 -0.08783544 1.5775591,
  0.33937008 0 1.5775591,0.32780632 0.08783544 1.5775591,
  0.29390311 0.16968504 1.5775591,0.23997088 0.23997088 1.5775591,
  0.16968504 0.29390311 1.5775591,0.08783544 0.32780632 1.5775591,
  0 -0.3 1.5775591,-0.077645714 -0.28977775 1.5775591,
  -0.15 -0.25980762 1.5775591,-0.21213203 -0.21213203 1.5775591,
  -0.25980762 -0.15 1.5775591,-0.28977775 -0.077645714 1.5775591,
  -0.3 0 1.5775591,-0.28977775 0.077645714 1.5775591,
  -0.25980762 0.15 1.5775591,-0.21213203 0.21213203 1.5775591,
  -0.15 0.25980762 1.5775591,-0.077645714 0.28977775 1.5775591,
  0 0.3 1.5775591,0.077645714 0.28977775 1.5775591,
  0.15 0.25980762 1.5775591,0.21213203 0.21213203 1.5775591,
  0.25980762 0.15 1.5775591,0.28977775 0.077645714 1.5775591,
  0.3 0 1.5775591,0.28977775 -0.077645714 1.5775591,
  0.25980762 -0.15 1.5775591,0.21213203 -0.21213203 1.5775591,
  0.15 -0.25980762 1.5775591,0.077645714 -0.28977775 1.5775591] }
 coordIndex [
  38,21,22,-1,38,22,23,-1,38,39,21,-1,40,20,21,-1,40,21,39,-1,37,38,23,-1,41,19,20,-1,41,20,40,-1,
  36,23,0,-1,36,37,23,-1,42,18,19,-1,42,19,41,-1,35,0,1,-1,35,36,0,-1,43,17,18,-1,43,18,42,-1,
  44,16,17,-1,44,17,43,-1,34,1,2,-1,34,35,1,-1,33,2,3,-1,33,34,2,-1,15,44,45,-1,15,16,44,-1,
  46,15,45,-1,32,33,3,-1,4,32,3,-1,14,15,46,-1,47,14,46,-1,5,32,4,-1,5,31,32,-1,13,14,47,-1,
  6,31,5,-1,6,30,31,-1,12,13,47,-1,12,47,24,-1,29,30,6,-1,7,29,6,-1,11,24,25,-1,11,12,24,-1,
  8,28,29,-1,8,29,7,-1,10,25,26,-1,10,26,27,-1,10,11,25,-1,9,27,28,-1,9,10,27,-1,9,28,8,-1]
  normalPerVertex TRUE
  normal DEF NORM_107 Normal { vector [
  0 0 1,0 0 1,
  0 0 1,0 0 1,
  0 0 1,0 0 1,
  0 0 1,0 0 1,
  0 0 1,0 0 1,
  0 0 1,0 0 1,
  0 0 1,0 0 1,
  0 0 1,0 0 1,
  0 0 1,0 0 1,
  0 0 1,0 0 1,
  0 0 1,0 0 1,
  0 0 1,0 0 1,
  0 0 1,0 0 1,
  0 0 1,0 0 1,
  0 0 1,0 0 1,
  0 0 1,0 0 1,
  0 0 1,0 0 1,
  0 0 1,0 0 1,
  0 0 1,0 0 1,
  0 0 1,0 0 1,
  0 0 1,0 0 1,
  0 0 1,0 0 1,
  0 0 1,0 0 1,
  0 0 1,0 0 1] }
}
}
DEF SHAPE_108 Shape {
 appearance USE APP_2
 geometry DEF FACE_108 IndexedFaceSet {
  coord DEF COORD_108 Coordinate { point [
  0 -8.6606299 1.5775591,-0.08783544 -8.6721937 1.5775591,
  -0.16968504 -8.7060969 1.5775591,-0.23997088 -8.7600291 1.5775591,
  -0.29390311 -8.830315 1.5775591,-0.32780632 -8.9121646 1.5775591,
  -0.33937008 -9 1.5775591,-0.32780632 -9.0878354 1.5775591,
  -0.29390311 -9.169685 1.5775591,-0.23997088 -9.2399709 1.5775591,
  -0.16968504 -9.2939031 1.5775591,-0.08783544 -9.3278063 1.5775591,
  0 -9.3393701 1.5775591,0.08783544 -9.3278063 1.5775591,
  0.16968504 -9.2939031 1.5775591,0.23997088 -9.2399709 1.5775591,
  0.29390311 -9.169685 1.5775591,0.32780632 -9.0878354 1.5775591,
  0.33937008 -9 1.5775591,0.32780632 -8.9121646 1.5775591,
  0.29390311 -8.830315 1.5775591,0.23997088 -8.7600291 1.5775591,
  0.16968504 -8.7060969 1.5775591,0.08783544 -8.6721937 1.5775591,
  0 -9.3 1.5775591,-0.077645714 -9.2897777 1.5775591,
  -0.15 -9.2598076 1.5775591,-0.21213203 -9.212132 1.5775591,
  -0.25980762 -9.15 1.5775591,-0.28977775 -9.0776457 1.5775591,
  -0.3 -9 1.5775591,-0.28977775 -8.9223543 1.5775591,
  -0.25980762 -8.85 1.5775591,-0.21213203 -8.787868 1.5775591,
  -0.15 -8.7401924 1.5775591,-0.077645714 -8.7102223 1.5775591,
  0 -8.7 1.5775591,0.077645714 -8.7102223 1.5775591,
  0.15 -8.7401924 1.5775591,0.21213203 -8.787868 1.5775591,
  0.25980762 -8.85 1.5775591,0.28977775 -8.9223543 1.5775591,
  0.3 -9 1.5775591,0.28977775 -9.0776457 1.5775591,
  0.25980762 -9.15 1.5775591,0.21213203 -9.212132 1.5775591,
  0.15 -9.2598076 1.5775591,0.077645714 -9.2897777 1.5775591] }
 coordIndex [
  39,21,22,-1,38,22,23,-1,38,39,22,-1,40,20,21,-1,40,21,39,-1,37,38,23,-1,41,19,20,-1,41,20,40,-1,
  0,37,23,-1,36,37,0,-1,42,18,19,-1,42,19,41,-1,43,17,18,-1,43,18,42,-1,35,0,1,-1,35,36,0,-1,
  44,16,17,-1,44,17,43,-1,34,1,2,-1,34,35,1,-1,15,44,45,-1,15,16,44,-1,33,2,3,-1,33,34,2,-1,
  14,45,46,-1,14,15,45,-1,4,32,33,-1,4,33,3,-1,5,32,4,-1,5,31,32,-1,13,14,46,-1,13,46,47,-1,
  12,47,24,-1,12,13,47,-1,6,31,5,-1,6,30,31,-1,7,30,6,-1,7,28,29,-1,7,29,30,-1,11,24,25,-1,
  11,25,26,-1,11,12,24,-1,8,28,7,-1,10,11,26,-1,10,26,27,-1,9,27,28,-1,9,10,27,-1,9,28,8,-1]
  normalPerVertex TRUE
  normal DEF NORM_108 Normal { vector [
  0 0 1,0 0 1,
  0 0 1,0 0 1,
  0 0 1,0 0 1,
  0 0 1,0 0 1,
  0 0 1,0 0 1,
  0 0 1,0 0 1,
  0 0 1,0 0 1,
  0 0 1,0 0 1,
  0 0 1,0 0 1,
  0 0 1,0 0 1,
  0 0 1,0 0 1,
  0 0 1,0 0 1,
  0 0 1,0 0 1,
  0 0 1,0 0 1,
  0 0 1,0 0 1,
  0 0 1,0 0 1,
  0 0 1,0 0 1,
  0 0 1,0 0 1,
  0 0 1,0 0 1,
  0 0 1,0 0 1,
  0 0 1,0 0 1,
  0 0 1,0 0 1,
  0 0 1,0 0 1,
  0 0 1,0 0 1] }
}
}
DEF SHAPE_109 Shape {
 appearance USE APP_2
 geometry DEF FACE_109 IndexedFaceSet {
  coord DEF COORD_109 Coordinate { point [
  0 -7.6606299 1.5775591,-0.08783544 -7.6721937 1.5775591,
  -0.16968504 -7.7060969 1.5775591,-0.23997088 -7.7600291 1.5775591,
  -0.29390311 -7.830315 1.5775591,-0.32780632 -7.9121646 1.5775591,
  -0.33937008 -8 1.5775591,-0.32780632 -8.0878354 1.5775591,
  -0.29390311 -8.169685 1.5775591,-0.23997088 -8.2399709 1.5775591,
  -0.16968504 -8.2939031 1.5775591,-0.08783544 -8.3278063 1.5775591,
  0 -8.3393701 1.5775591,0.08783544 -8.3278063 1.5775591,
  0.16968504 -8.2939031 1.5775591,0.23997088 -8.2399709 1.5775591,
  0.29390311 -8.169685 1.5775591,0.32780632 -8.0878354 1.5775591,
  0.33937008 -8 1.5775591,0.32780632 -7.9121646 1.5775591,
  0.29390311 -7.830315 1.5775591,0.23997088 -7.7600291 1.5775591,
  0.16968504 -7.7060969 1.5775591,0.08783544 -7.6721937 1.5775591,
  0 -8.3 1.5775591,-0.077645714 -8.2897777 1.5775591,
  -0.15 -8.2598076 1.5775591,-0.21213203 -8.212132 1.5775591,
  -0.25980762 -8.15 1.5775591,-0.28977775 -8.0776457 1.5775591,
  -0.3 -8 1.5775591,-0.28977775 -7.9223543 1.5775591,
  -0.25980762 -7.85 1.5775591,-0.21213203 -7.787868 1.5775591,
  -0.15 -7.7401924 1.5775591,-0.077645714 -7.7102223 1.5775591,
  0 -7.7 1.5775591,0.077645714 -7.7102223 1.5775591,
  0.15 -7.7401924 1.5775591,0.21213203 -7.787868 1.5775591,
  0.25980762 -7.85 1.5775591,0.28977775 -7.9223543 1.5775591,
  0.3 -8 1.5775591,0.28977775 -8.0776457 1.5775591,
  0.25980762 -8.15 1.5775591,0.21213203 -8.212132 1.5775591,
  0.15 -8.2598076 1.5775591,0.077645714 -8.2897777 1.5775591] }
 coordIndex [
  39,21,22,-1,38,22,23,-1,38,39,22,-1,40,20,21,-1,40,21,39,-1,37,38,23,-1,41,19,20,-1,41,20,40,-1,
  0,37,23,-1,36,37,0,-1,42,18,19,-1,42,19,41,-1,43,17,18,-1,43,18,42,-1,35,0,1,-1,35,36,0,-1,
  44,16,17,-1,44,17,43,-1,34,1,2,-1,34,35,1,-1,15,44,45,-1,15,16,44,-1,33,2,3,-1,33,34,2,-1,
  14,45,46,-1,14,15,45,-1,4,32,33,-1,4,33,3,-1,5,32,4,-1,5,31,32,-1,13,14,46,-1,13,46,47,-1,
  12,47,24,-1,12,13,47,-1,6,31,5,-1,6,30,31,-1,7,30,6,-1,7,28,29,-1,7,29,30,-1,11,24,25,-1,
  11,25,26,-1,11,12,24,-1,8,28,7,-1,10,11,26,-1,10,26,27,-1,9,27,28,-1,9,10,27,-1,9,28,8,-1]
  normalPerVertex TRUE
  normal DEF NORM_109 Normal { vector [
  0 0 1,0 0 1,
  0 0 1,0 0 1,
  0 0 1,0 0 1,
  0 0 1,0 0 1,
  0 0 1,0 0 1,
  0 0 1,0 0 1,
  0 0 1,0 0 1,
  0 0 1,0 0 1,
  0 0 1,0 0 1,
  0 0 1,0 0 1,
  0 0 1,0 0 1,
  0 0 1,0 0 1,
  0 0 1,0 0 1,
  0 0 1,0 0 1,
  0 0 1,0 0 1,
  0 0 1,0 0 1,
  0 0 1,0 0 1,
  0 0 1,0 0 1,
  0 0 1,0 0 1,
  0 0 1,0 0 1,
  0 0 1,0 0 1,
  0 0 1,0 0 1,
  0 0 1,0 0 1,
  0 0 1,0 0 1] }
}
}
DEF SHAPE_110 Shape {
 appearance USE APP_2
 geometry DEF FACE_110 IndexedFaceSet {
  coord DEF COORD_110 Coordinate { point [
  3 -2.3393701 1.5775591,3.0878354 -2.3278063 1.5775591,
  3.169685 -2.2939031 1.5775591,3.2399709 -2.2399709 1.5775591,
  3.2939031 -2.169685 1.5775591,3.3278063 -2.0878354 1.5775591,
  3.3393701 -2 1.5775591,3.3278063 -1.9121646 1.5775591,
  3.2939031 -1.830315 1.5775591,3.2399709 -1.7600291 1.5775591,
  3.169685 -1.7060969 1.5775591,3.0878354 -1.6721937 1.5775591,
  3 -1.6606299 1.5775591,2.9121646 -1.6721937 1.5775591,
  2.830315 -1.7060969 1.5775591,2.7600291 -1.7600291 1.5775591,
  2.7060969 -1.830315 1.5775591,2.6721937 -1.9121646 1.5775591,
  2.6606299 -2 1.5775591,2.6721937 -2.0878354 1.5775591,
  2.7060969 -2.169685 1.5775591,2.7600291 -2.2399709 1.5775591,
  2.830315 -2.2939031 1.5775591,2.9121646 -2.3278063 1.5775591,
  3 -1.7 1.5775591,3.0776457 -1.7102223 1.5775591,
  3.15 -1.7401924 1.5775591,3.212132 -1.787868 1.5775591,
  3.2598076 -1.85 1.5775591,3.2897777 -1.9223543 1.5775591,
  3.3 -2 1.5775591,3.2897777 -2.0776457 1.5775591,
  3.2598076 -2.15 1.5775591,3.212132 -2.212132 1.5775591,
  3.15 -2.2598076 1.5775591,3.0776457 -2.2897777 1.5775591,
  3 -2.3 1.5775591,2.9223543 -2.2897777 1.5775591,
  2.85 -2.2598076 1.5775591,2.787868 -2.212132 1.5775591,
  2.7401924 -2.15 1.5775591,2.7102223 -2.0776457 1.5775591,
  2.7 -2 1.5775591,2.7102223 -1.9223543 1.5775591,
  2.7401924 -1.85 1.5775591,2.787868 -1.787868 1.5775591,
  2.85 -1.7401924 1.5775591,2.9223543 -1.7102223 1.5775591] }
 coordIndex [
  39,21,22,-1,38,22,23,-1,38,39,22,-1,40,20,21,-1,40,21,39,-1,37,38,23,-1,41,19,20,-1,41,20,40,-1,
  0,37,23,-1,36,37,0,-1,42,18,19,-1,42,19,41,-1,43,17,18,-1,43,18,42,-1,35,0,1,-1,35,36,0,-1,
  2,35,1,-1,44,16,17,-1,44,17,43,-1,34,35,2,-1,15,44,45,-1,15,16,44,-1,33,2,3,-1,33,34,2,-1,
  32,33,3,-1,14,45,46,-1,14,15,45,-1,4,32,3,-1,47,14,46,-1,13,14,47,-1,5,32,4,-1,5,31,32,-1,
  12,13,47,-1,12,47,24,-1,6,31,5,-1,6,30,31,-1,7,30,6,-1,7,29,30,-1,11,24,25,-1,11,12,24,-1,
  8,28,29,-1,8,29,7,-1,10,11,25,-1,10,25,26,-1,9,10,26,-1,9,26,27,-1,9,27,28,-1,9,28,8,-1]
  normalPerVertex TRUE
  normal DEF NORM_110 Normal { vector [
  0 0 1,0 0 1,
  0 0 1,0 0 1,
  0 0 1,0 0 1,
  0 0 1,0 0 1,
  0 0 1,0 0 1,
  0 0 1,0 0 1,
  0 0 1,0 0 1,
  0 0 1,0 0 1,
  0 0 1,0 0 1,
  0 0 1,0 0 1,
  0 0 1,0 0 1,
  0 0 1,0 0 1,
  0 0 1,0 0 1,
  0 0 1,0 0 1,
  0 0 1,0 0 1,
  0 0 1,0 0 1,
  0 0 1,0 0 1,
  0 0 1,0 0 1,
  0 0 1,0 0 1,
  0 0 1,0 0 1,
  0 0 1,0 0 1,
  0 0 1,0 0 1,
  0 0 1,0 0 1,
  0 0 1,0 0 1] }
}
}
DEF SHAPE_111 Shape {
 appearance USE APP_2
 geometry DEF FACE_111 IndexedFaceSet {
  coord DEF COORD_111 Coordinate { point [
  3 -1.3393701 1.5775591,3.0878354 -1.3278063 1.5775591,
  3.169685 -1.2939031 1.5775591,3.2399709 -1.2399709 1.5775591,
  3.2939031 -1.169685 1.5775591,3.3278063 -1.0878354 1.5775591,
  3.3393701 -1 1.5775591,3.3278063 -0.91216456 1.5775591,
  3.2939031 -0.83031496 1.5775591,3.2399709 -0.76002912 1.5775591,
  3.169685 -0.70609689 1.5775591,3.0878354 -0.67219368 1.5775591,
  3 -0.66062992 1.5775591,2.9121646 -0.67219368 1.5775591,
  2.830315 -0.70609689 1.5775591,2.7600291 -0.76002912 1.5775591,
  2.7060969 -0.83031496 1.5775591,2.6721937 -0.91216456 1.5775591,
  2.6606299 -1 1.5775591,2.6721937 -1.0878354 1.5775591,
  2.7060969 -1.169685 1.5775591,2.7600291 -1.2399709 1.5775591,
  2.830315 -1.2939031 1.5775591,2.9121646 -1.3278063 1.5775591,
  3 -0.7 1.5775591,3.0776457 -0.71022225 1.5775591,
  3.15 -0.74019238 1.5775591,3.212132 -0.78786797 1.5775591,
  3.2598076 -0.85 1.5775591,3.2897777 -0.92235429 1.5775591,
  3.3 -1 1.5775591,3.2897777 -1.0776457 1.5775591,
  3.2598076 -1.15 1.5775591,3.212132 -1.212132 1.5775591,
  3.15 -1.2598076 1.5775591,3.0776457 -1.2897777 1.5775591,
  3 -1.3 1.5775591,2.9223543 -1.2897777 1.5775591,
  2.85 -1.2598076 1.5775591,2.787868 -1.212132 1.5775591,
  2.7401924 -1.15 1.5775591,2.7102223 -1.0776457 1.5775591,
  2.7 -1 1.5775591,2.7102223 -0.92235429 1.5775591,
  2.7401924 -0.85 1.5775591,2.787868 -0.78786797 1.5775591,
  2.85 -0.74019238 1.5775591,2.9223543 -0.71022225 1.5775591] }
 coordIndex [
  39,21,22,-1,38,22,23,-1,38,39,22,-1,40,20,21,-1,40,21,39,-1,37,38,23,-1,41,19,20,-1,41,20,40,-1,
  0,37,23,-1,36,37,0,-1,42,18,19,-1,42,19,41,-1,43,17,18,-1,43,18,42,-1,35,0,1,-1,35,36,0,-1,
  2,35,1,-1,44,16,17,-1,44,17,43,-1,34,35,2,-1,15,44,45,-1,15,16,44,-1,33,2,3,-1,33,34,2,-1,
  14,45,46,-1,14,15,45,-1,4,33,3,-1,4,32,33,-1,47,14,46,-1,5,32,4,-1,5,31,32,-1,13,14,47,-1,
  30,31,5,-1,12,13,47,-1,12,47,24,-1,6,30,5,-1,7,30,6,-1,7,29,30,-1,11,12,24,-1,11,24,25,-1,
  8,27,28,-1,8,28,29,-1,8,29,7,-1,10,11,25,-1,10,25,26,-1,10,26,27,-1,9,27,8,-1,9,10,27,-1]
  normalPerVertex TRUE
  normal DEF NORM_111 Normal { vector [
  0 0 1,0 0 1,
  0 0 1,0 0 1,
  0 0 1,0 0 1,
  0 0 1,0 0 1,
  0 0 1,0 0 1,
  0 0 1,0 0 1,
  0 0 1,0 0 1,
  0 0 1,0 0 1,
  0 0 1,0 0 1,
  0 0 1,0 0 1,
  0 0 1,0 0 1,
  0 0 1,0 0 1,
  0 0 1,0 0 1,
  0 0 1,0 0 1,
  0 0 1,0 0 1,
  0 0 1,0 0 1,
  0 0 1,0 0 1,
  0 0 1,0 0 1,
  0 0 1,0 0 1,
  0 0 1,0 0 1,
  0 0 1,0 0 1,
  0 0 1,0 0 1,
  0 0 1,0 0 1,
  0 0 1,0 0 1] }
}
}
DEF SHAPE_112 Shape {
 appearance USE APP_2
 geometry DEF FACE_112 IndexedFaceSet {
  coord DEF COORD_112 Coordinate { point [
  3 -4.3393701 1.5775591,3.0878354 -4.3278063 1.5775591,
  3.169685 -4.2939031 1.5775591,3.2399709 -4.2399709 1.5775591,
  3.2939031 -4.169685 1.5775591,3.3278063 -4.0878354 1.5775591,
  3.3393701 -4 1.5775591,3.3278063 -3.9121646 1.5775591,
  3.2939031 -3.830315 1.5775591,3.2399709 -3.7600291 1.5775591,
  3.169685 -3.7060969 1.5775591,3.0878354 -3.6721937 1.5775591,
  3 -3.6606299 1.5775591,2.9121646 -3.6721937 1.5775591,
  2.830315 -3.7060969 1.5775591,2.7600291 -3.7600291 1.5775591,
  2.7060969 -3.830315 1.5775591,2.6721937 -3.9121646 1.5775591,
  2.6606299 -4 1.5775591,2.6721937 -4.0878354 1.5775591,
  2.7060969 -4.169685 1.5775591,2.7600291 -4.2399709 1.5775591,
  2.830315 -4.2939031 1.5775591,2.9121646 -4.3278063 1.5775591,
  3 -3.7 1.5775591,3.0776457 -3.7102223 1.5775591,
  3.15 -3.7401924 1.5775591,3.212132 -3.787868 1.5775591,
  3.2598076 -3.85 1.5775591,3.2897777 -3.9223543 1.5775591,
  3.3 -4 1.5775591,3.2897777 -4.0776457 1.5775591,
  3.2598076 -4.15 1.5775591,3.212132 -4.212132 1.5775591,
  3.15 -4.2598076 1.5775591,3.0776457 -4.2897777 1.5775591,
  3 -4.3 1.5775591,2.9223543 -4.2897777 1.5775591,
  2.85 -4.2598076 1.5775591,2.787868 -4.212132 1.5775591,
  2.7401924 -4.15 1.5775591,2.7102223 -4.0776457 1.5775591,
  2.7 -4 1.5775591,2.7102223 -3.9223543 1.5775591,
  2.7401924 -3.85 1.5775591,2.787868 -3.787868 1.5775591,
  2.85 -3.7401924 1.5775591,2.9223543 -3.7102223 1.5775591] }
 coordIndex [
  39,21,22,-1,38,22,23,-1,38,39,22,-1,40,20,21,-1,40,21,39,-1,37,38,23,-1,41,19,20,-1,41,20,40,-1,
  0,37,23,-1,36,37,0,-1,42,18,19,-1,42,19,41,-1,43,17,18,-1,43,18,42,-1,35,0,1,-1,35,36,0,-1,
  2,35,1,-1,44,16,17,-1,44,17,43,-1,34,35,2,-1,15,44,45,-1,15,16,44,-1,33,2,3,-1,33,34,2,-1,
  32,33,3,-1,14,45,46,-1,14,15,45,-1,4,32,3,-1,47,14,46,-1,13,14,47,-1,5,32,4,-1,5,31,32,-1,
  12,13,47,-1,12,47,24,-1,6,31,5,-1,6,30,31,-1,7,30,6,-1,7,29,30,-1,11,24,25,-1,11,12,24,-1,
  8,28,29,-1,8,29,7,-1,10,11,25,-1,10,25,26,-1,9,10,26,-1,9,26,27,-1,9,27,28,-1,9,28,8,-1]
  normalPerVertex TRUE
  normal DEF NORM_112 Normal { vector [
  0 0 1,0 0 1,
  0 0 1,0 0 1,
  0 0 1,0 0 1,
  0 0 1,0 0 1,
  0 0 1,0 0 1,
  0 0 1,0 0 1,
  0 0 1,0 0 1,
  0 0 1,0 0 1,
  0 0 1,0 0 1,
  0 0 1,0 0 1,
  0 0 1,0 0 1,
  0 0 1,0 0 1,
  0 0 1,0 0 1,
  0 0 1,0 0 1,
  0 0 1,0 0 1,
  0 0 1,0 0 1,
  0 0 1,0 0 1,
  0 0 1,0 0 1,
  0 0 1,0 0 1,
  0 0 1,0 0 1,
  0 0 1,0 0 1,
  0 0 1,0 0 1,
  0 0 1,0 0 1,
  0 0 1,0 0 1] }
}
}
DEF SHAPE_113 Shape {
 appearance USE APP_2
 geometry DEF FACE_113 IndexedFaceSet {
  coord DEF COORD_113 Coordinate { point [
  3 -3.3393701 1.5775591,3.0878354 -3.3278063 1.5775591,
  3.169685 -3.2939031 1.5775591,3.2399709 -3.2399709 1.5775591,
  3.2939031 -3.169685 1.5775591,3.3278063 -3.0878354 1.5775591,
  3.3393701 -3 1.5775591,3.3278063 -2.9121646 1.5775591,
  3.2939031 -2.830315 1.5775591,3.2399709 -2.7600291 1.5775591,
  3.169685 -2.7060969 1.5775591,3.0878354 -2.6721937 1.5775591,
  3 -2.6606299 1.5775591,2.9121646 -2.6721937 1.5775591,
  2.830315 -2.7060969 1.5775591,2.7600291 -2.7600291 1.5775591,
  2.7060969 -2.830315 1.5775591,2.6721937 -2.9121646 1.5775591,
  2.6606299 -3 1.5775591,2.6721937 -3.0878354 1.5775591,
  2.7060969 -3.169685 1.5775591,2.7600291 -3.2399709 1.5775591,
  2.830315 -3.2939031 1.5775591,2.9121646 -3.3278063 1.5775591,
  3 -2.7 1.5775591,3.0776457 -2.7102223 1.5775591,
  3.15 -2.7401924 1.5775591,3.212132 -2.787868 1.5775591,
  3.2598076 -2.85 1.5775591,3.2897777 -2.9223543 1.5775591,
  3.3 -3 1.5775591,3.2897777 -3.0776457 1.5775591,
  3.2598076 -3.15 1.5775591,3.212132 -3.212132 1.5775591,
  3.15 -3.2598076 1.5775591,3.0776457 -3.2897777 1.5775591,
  3 -3.3 1.5775591,2.9223543 -3.2897777 1.5775591,
  2.85 -3.2598076 1.5775591,2.787868 -3.212132 1.5775591,
  2.7401924 -3.15 1.5775591,2.7102223 -3.0776457 1.5775591,
  2.7 -3 1.5775591,2.7102223 -2.9223543 1.5775591,
  2.7401924 -2.85 1.5775591,2.787868 -2.787868 1.5775591,
  2.85 -2.7401924 1.5775591,2.9223543 -2.7102223 1.5775591] }
 coordIndex [
  39,21,22,-1,38,22,23,-1,38,39,22,-1,40,20,21,-1,40,21,39,-1,41,19,20,-1,41,20,40,-1,37,38,23,-1,
  0,37,23,-1,42,18,19,-1,42,19,41,-1,36,37,0,-1,43,17,18,-1,43,18,42,-1,35,0,1,-1,35,36,0,-1,
  44,16,17,-1,44,17,43,-1,34,1,2,-1,34,35,1,-1,15,44,45,-1,15,16,44,-1,3,33,34,-1,3,34,2,-1,
  46,15,45,-1,14,15,46,-1,4,33,3,-1,4,32,33,-1,13,14,46,-1,13,46,47,-1,5,32,4,-1,5,31,32,-1,
  12,13,47,-1,12,47,24,-1,6,31,5,-1,6,30,31,-1,11,24,25,-1,11,12,24,-1,7,30,6,-1,7,29,30,-1,
  8,27,28,-1,8,28,29,-1,8,29,7,-1,10,11,25,-1,10,25,26,-1,9,26,27,-1,9,10,26,-1,9,27,8,-1]
  normalPerVertex TRUE
  normal DEF NORM_113 Normal { vector [
  0 0 1,0 0 1,
  0 0 1,0 0 1,
  0 0 1,0 0 1,
  0 0 1,0 0 1,
  0 0 1,0 0 1,
  0 0 1,0 0 1,
  0 0 1,0 0 1,
  0 0 1,0 0 1,
  0 0 1,0 0 1,
  0 0 1,0 0 1,
  0 0 1,0 0 1,
  0 0 1,0 0 1,
  0 0 1,0 0 1,
  0 0 1,0 0 1,
  0 0 1,0 0 1,
  0 0 1,0 0 1,
  0 0 1,0 0 1,
  0 0 1,0 0 1,
  0 0 1,0 0 1,
  0 0 1,0 0 1,
  0 0 1,0 0 1,
  0 0 1,0 0 1,
  0 0 1,0 0 1,
  0 0 1,0 0 1] }
}
}
DEF SHAPE_114 Shape {
 appearance USE APP_2
 geometry DEF FACE_114 IndexedFaceSet {
  coord DEF COORD_114 Coordinate { point [
  3 -9.3393701 1.5775591,3.0878354 -9.3278063 1.5775591,
  3.169685 -9.2939031 1.5775591,3.2399709 -9.2399709 1.5775591,
  3.2939031 -9.169685 1.5775591,3.3278063 -9.0878354 1.5775591,
  3.3393701 -9 1.5775591,3.3278063 -8.9121646 1.5775591,
  3.2939031 -8.830315 1.5775591,3.2399709 -8.7600291 1.5775591,
  3.169685 -8.7060969 1.5775591,3.0878354 -8.6721937 1.5775591,
  3 -8.6606299 1.5775591,2.9121646 -8.6721937 1.5775591,
  2.830315 -8.7060969 1.5775591,2.7600291 -8.7600291 1.5775591,
  2.7060969 -8.830315 1.5775591,2.6721937 -8.9121646 1.5775591,
  2.6606299 -9 1.5775591,2.6721937 -9.0878354 1.5775591,
  2.7060969 -9.169685 1.5775591,2.7600291 -9.2399709 1.5775591,
  2.830315 -9.2939031 1.5775591,2.9121646 -9.3278063 1.5775591,
  3 -8.7 1.5775591,3.0776457 -8.7102223 1.5775591,
  3.15 -8.7401924 1.5775591,3.212132 -8.787868 1.5775591,
  3.2598076 -8.85 1.5775591,3.2897777 -8.9223543 1.5775591,
  3.3 -9 1.5775591,3.2897777 -9.0776457 1.5775591,
  3.2598076 -9.15 1.5775591,3.212132 -9.212132 1.5775591,
  3.15 -9.2598076 1.5775591,3.0776457 -9.2897777 1.5775591,
  3 -9.3 1.5775591,2.9223543 -9.2897777 1.5775591,
  2.85 -9.2598076 1.5775591,2.787868 -9.212132 1.5775591,
  2.7401924 -9.15 1.5775591,2.7102223 -9.0776457 1.5775591,
  2.7 -9 1.5775591,2.7102223 -8.9223543 1.5775591,
  2.7401924 -8.85 1.5775591,2.787868 -8.787868 1.5775591,
  2.85 -8.7401924 1.5775591,2.9223543 -8.7102223 1.5775591] }
 coordIndex [
  39,21,22,-1,38,22,23,-1,38,39,22,-1,40,20,21,-1,40,21,39,-1,37,38,23,-1,41,19,20,-1,41,20,40,-1,
  0,37,23,-1,36,37,0,-1,42,18,19,-1,42,19,41,-1,43,17,18,-1,43,18,42,-1,35,0,1,-1,35,36,0,-1,
  44,16,17,-1,44,17,43,-1,34,1,2,-1,34,35,1,-1,15,44,45,-1,15,16,44,-1,33,2,3,-1,33,34,2,-1,
  46,15,45,-1,14,15,46,-1,4,32,33,-1,4,33,3,-1,47,14,46,-1,13,14,47,-1,5,32,4,-1,5,31,32,-1,
  12,13,47,-1,12,47,24,-1,6,31,5,-1,6,30,31,-1,7,30,6,-1,7,29,30,-1,11,24,25,-1,11,12,24,-1,
  11,25,26,-1,8,28,29,-1,8,29,7,-1,10,26,27,-1,10,11,26,-1,9,28,8,-1,9,27,28,-1,9,10,27,-1]
  normalPerVertex TRUE
  normal DEF NORM_114 Normal { vector [
  0 0 1,0 0 1,
  0 0 1,0 0 1,
  0 0 1,0 0 1,
  0 0 1,0 0 1,
  0 0 1,0 0 1,
  0 0 1,0 0 1,
  0 0 1,0 0 1,
  0 0 1,0 0 1,
  0 0 1,0 0 1,
  0 0 1,0 0 1,
  0 0 1,0 0 1,
  0 0 1,0 0 1,
  0 0 1,0 0 1,
  0 0 1,0 0 1,
  0 0 1,0 0 1,
  0 0 1,0 0 1,
  0 0 1,0 0 1,
  0 0 1,0 0 1,
  0 0 1,0 0 1,
  0 0 1,0 0 1,
  0 0 1,0 0 1,
  0 0 1,0 0 1,
  0 0 1,0 0 1,
  0 0 1,0 0 1] }
}
}
DEF SHAPE_115 Shape {
 appearance USE APP_2
 geometry DEF FACE_115 IndexedFaceSet {
  coord DEF COORD_115 Coordinate { point [
  3 -8.3393701 1.5775591,3.0878354 -8.3278063 1.5775591,
  3.169685 -8.2939031 1.5775591,3.2399709 -8.2399709 1.5775591,
  3.2939031 -8.169685 1.5775591,3.3278063 -8.0878354 1.5775591,
  3.3393701 -8 1.5775591,3.3278063 -7.9121646 1.5775591,
  3.2939031 -7.830315 1.5775591,3.2399709 -7.7600291 1.5775591,
  3.169685 -7.7060969 1.5775591,3.0878354 -7.6721937 1.5775591,
  3 -7.6606299 1.5775591,2.9121646 -7.6721937 1.5775591,
  2.830315 -7.7060969 1.5775591,2.7600291 -7.7600291 1.5775591,
  2.7060969 -7.830315 1.5775591,2.6721937 -7.9121646 1.5775591,
  2.6606299 -8 1.5775591,2.6721937 -8.0878354 1.5775591,
  2.7060969 -8.169685 1.5775591,2.7600291 -8.2399709 1.5775591,
  2.830315 -8.2939031 1.5775591,2.9121646 -8.3278063 1.5775591,
  3 -7.7 1.5775591,3.0776457 -7.7102223 1.5775591,
  3.15 -7.7401924 1.5775591,3.212132 -7.787868 1.5775591,
  3.2598076 -7.85 1.5775591,3.2897777 -7.9223543 1.5775591,
  3.3 -8 1.5775591,3.2897777 -8.0776457 1.5775591,
  3.2598076 -8.15 1.5775591,3.212132 -8.212132 1.5775591,
  3.15 -8.2598076 1.5775591,3.0776457 -8.2897777 1.5775591,
  3 -8.3 1.5775591,2.9223543 -8.2897777 1.5775591,
  2.85 -8.2598076 1.5775591,2.787868 -8.212132 1.5775591,
  2.7401924 -8.15 1.5775591,2.7102223 -8.0776457 1.5775591,
  2.7 -8 1.5775591,2.7102223 -7.9223543 1.5775591,
  2.7401924 -7.85 1.5775591,2.787868 -7.787868 1.5775591,
  2.85 -7.7401924 1.5775591,2.9223543 -7.7102223 1.5775591] }
 coordIndex [
  39,21,22,-1,38,22,23,-1,38,39,22,-1,40,20,21,-1,40,21,39,-1,37,38,23,-1,41,19,20,-1,41,20,40,-1,
  0,37,23,-1,36,37,0,-1,42,18,19,-1,42,19,41,-1,43,17,18,-1,43,18,42,-1,35,0,1,-1,35,36,0,-1,
  44,16,17,-1,44,17,43,-1,34,1,2,-1,34,35,1,-1,15,44,45,-1,15,16,44,-1,33,2,3,-1,33,34,2,-1,
  46,15,45,-1,14,15,46,-1,4,32,33,-1,4,33,3,-1,47,14,46,-1,13,14,47,-1,5,32,4,-1,5,31,32,-1,
  12,13,47,-1,12,47,24,-1,6,31,5,-1,6,30,31,-1,7,30,6,-1,7,29,30,-1,11,24,25,-1,11,12,24,-1,
  11,25,26,-1,8,28,29,-1,8,29,7,-1,10,26,27,-1,10,11,26,-1,9,28,8,-1,9,27,28,-1,9,10,27,-1]
  normalPerVertex TRUE
  normal DEF NORM_115 Normal { vector [
  0 0 1,0 0 1,
  0 0 1,0 0 1,
  0 0 1,0 0 1,
  0 0 1,0 0 1,
  0 0 1,0 0 1,
  0 0 1,0 0 1,
  0 0 1,0 0 1,
  0 0 1,0 0 1,
  0 0 1,0 0 1,
  0 0 1,0 0 1,
  0 0 1,0 0 1,
  0 0 1,0 0 1,
  0 0 1,0 0 1,
  0 0 1,0 0 1,
  0 0 1,0 0 1,
  0 0 1,0 0 1,
  0 0 1,0 0 1,
  0 0 1,0 0 1,
  0 0 1,0 0 1,
  0 0 1,0 0 1,
  0 0 1,0 0 1,
  0 0 1,0 0 1,
  0 0 1,0 0 1,
  0 0 1,0 0 1] }
}
}
DEF SHAPE_116 Shape {
 appearance USE APP_2
 geometry DEF FACE_116 IndexedFaceSet {
  coord DEF COORD_116 Coordinate { point [
  3 -7.3393701 1.5775591,3.0878354 -7.3278063 1.5775591,
  3.169685 -7.2939031 1.5775591,3.2399709 -7.2399709 1.5775591,
  3.2939031 -7.169685 1.5775591,3.3278063 -7.0878354 1.5775591,
  3.3393701 -7 1.5775591,3.3278063 -6.9121646 1.5775591,
  3.2939031 -6.830315 1.5775591,3.2399709 -6.7600291 1.5775591,
  3.169685 -6.7060969 1.5775591,3.0878354 -6.6721937 1.5775591,
  3 -6.6606299 1.5775591,2.9121646 -6.6721937 1.5775591,
  2.830315 -6.7060969 1.5775591,2.7600291 -6.7600291 1.5775591,
  2.7060969 -6.830315 1.5775591,2.6721937 -6.9121646 1.5775591,
  2.6606299 -7 1.5775591,2.6721937 -7.0878354 1.5775591,
  2.7060969 -7.169685 1.5775591,2.7600291 -7.2399709 1.5775591,
  2.830315 -7.2939031 1.5775591,2.9121646 -7.3278063 1.5775591,
  3 -6.7 1.5775591,3.0776457 -6.7102223 1.5775591,
  3.15 -6.7401924 1.5775591,3.212132 -6.787868 1.5775591,
  3.2598076 -6.85 1.5775591,3.2897777 -6.9223543 1.5775591,
  3.3 -7 1.5775591,3.2897777 -7.0776457 1.5775591,
  3.2598076 -7.15 1.5775591,3.212132 -7.212132 1.5775591,
  3.15 -7.2598076 1.5775591,3.0776457 -7.2897777 1.5775591,
  3 -7.3 1.5775591,2.9223543 -7.2897777 1.5775591,
  2.85 -7.2598076 1.5775591,2.787868 -7.212132 1.5775591,
  2.7401924 -7.15 1.5775591,2.7102223 -7.0776457 1.5775591,
  2.7 -7 1.5775591,2.7102223 -6.9223543 1.5775591,
  2.7401924 -6.85 1.5775591,2.787868 -6.787868 1.5775591,
  2.85 -6.7401924 1.5775591,2.9223543 -6.7102223 1.5775591] }
 coordIndex [
  39,21,22,-1,38,22,23,-1,38,39,22,-1,40,20,21,-1,40,21,39,-1,37,38,23,-1,41,19,20,-1,41,20,40,-1,
  0,37,23,-1,36,37,0,-1,42,18,19,-1,42,19,41,-1,43,17,18,-1,43,18,42,-1,35,0,1,-1,35,36,0,-1,
  44,16,17,-1,44,17,43,-1,34,1,2,-1,34,35,1,-1,15,44,45,-1,15,16,44,-1,33,2,3,-1,33,34,2,-1,
  46,15,45,-1,14,15,46,-1,4,32,33,-1,4,33,3,-1,47,14,46,-1,13,14,47,-1,5,32,4,-1,5,31,32,-1,
  12,13,47,-1,12,47,24,-1,6,31,5,-1,6,30,31,-1,7,30,6,-1,7,29,30,-1,11,24,25,-1,11,12,24,-1,
  11,25,26,-1,8,28,29,-1,8,29,7,-1,10,26,27,-1,10,11,26,-1,9,28,8,-1,9,27,28,-1,9,10,27,-1]
  normalPerVertex TRUE
  normal DEF NORM_116 Normal { vector [
  0 0 1,0 0 1,
  0 0 1,0 0 1,
  0 0 1,0 0 1,
  0 0 1,0 0 1,
  0 0 1,0 0 1,
  0 0 1,0 0 1,
  0 0 1,0 0 1,
  0 0 1,0 0 1,
  0 0 1,0 0 1,
  0 0 1,0 0 1,
  0 0 1,0 0 1,
  0 0 1,0 0 1,
  0 0 1,0 0 1,
  0 0 1,0 0 1,
  0 0 1,0 0 1,
  0 0 1,0 0 1,
  0 0 1,0 0 1,
  0 0 1,0 0 1,
  0 0 1,0 0 1,
  0 0 1,0 0 1,
  0 0 1,0 0 1,
  0 0 1,0 0 1,
  0 0 1,0 0 1,
  0 0 1,0 0 1] }
}
}
DEF SHAPE_117 Shape {
 appearance USE APP_2
 geometry DEF FACE_117 IndexedFaceSet {
  coord DEF COORD_117 Coordinate { point [
  3 -5.3393701 1.5775591,3.0878354 -5.3278063 1.5775591,
  3.169685 -5.2939031 1.5775591,3.2399709 -5.2399709 1.5775591,
  3.2939031 -5.169685 1.5775591,3.3278063 -5.0878354 1.5775591,
  3.3393701 -5 1.5775591,3.3278063 -4.9121646 1.5775591,
  3.2939031 -4.830315 1.5775591,3.2399709 -4.7600291 1.5775591,
  3.169685 -4.7060969 1.5775591,3.0878354 -4.6721937 1.5775591,
  3 -4.6606299 1.5775591,2.9121646 -4.6721937 1.5775591,
  2.830315 -4.7060969 1.5775591,2.7600291 -4.7600291 1.5775591,
  2.7060969 -4.830315 1.5775591,2.6721937 -4.9121646 1.5775591,
  2.6606299 -5 1.5775591,2.6721937 -5.0878354 1.5775591,
  2.7060969 -5.169685 1.5775591,2.7600291 -5.2399709 1.5775591,
  2.830315 -5.2939031 1.5775591,2.9121646 -5.3278063 1.5775591,
  3 -4.7 1.5775591,3.0776457 -4.7102223 1.5775591,
  3.15 -4.7401924 1.5775591,3.212132 -4.787868 1.5775591,
  3.2598076 -4.85 1.5775591,3.2897777 -4.9223543 1.5775591,
  3.3 -5 1.5775591,3.2897777 -5.0776457 1.5775591,
  3.2598076 -5.15 1.5775591,3.212132 -5.212132 1.5775591,
  3.15 -5.2598076 1.5775591,3.0776457 -5.2897777 1.5775591,
  3 -5.3 1.5775591,2.9223543 -5.2897777 1.5775591,
  2.85 -5.2598076 1.5775591,2.787868 -5.212132 1.5775591,
  2.7401924 -5.15 1.5775591,2.7102223 -5.0776457 1.5775591,
  2.7 -5 1.5775591,2.7102223 -4.9223543 1.5775591,
  2.7401924 -4.85 1.5775591,2.787868 -4.787868 1.5775591,
  2.85 -4.7401924 1.5775591,2.9223543 -4.7102223 1.5775591] }
 coordIndex [
  39,21,22,-1,38,22,23,-1,38,39,22,-1,40,20,21,-1,40,21,39,-1,37,38,23,-1,41,19,20,-1,41,20,40,-1,
  0,37,23,-1,36,37,0,-1,42,18,19,-1,42,19,41,-1,43,17,18,-1,43,18,42,-1,35,0,1,-1,35,36,0,-1,
  2,35,1,-1,44,16,17,-1,44,17,43,-1,34,35,2,-1,15,44,45,-1,15,16,44,-1,33,2,3,-1,33,34,2,-1,
  32,33,3,-1,14,45,46,-1,14,15,45,-1,4,32,3,-1,47,14,46,-1,13,14,47,-1,5,32,4,-1,5,31,32,-1,
  12,13,47,-1,12,47,24,-1,6,31,5,-1,6,30,31,-1,7,30,6,-1,7,29,30,-1,11,24,25,-1,11,12,24,-1,
  8,28,29,-1,8,29,7,-1,10,11,25,-1,10,25,26,-1,9,10,26,-1,9,26,27,-1,9,27,28,-1,9,28,8,-1]
  normalPerVertex TRUE
  normal DEF NORM_117 Normal { vector [
  0 0 1,0 0 1,
  0 0 1,0 0 1,
  0 0 1,0 0 1,
  0 0 1,0 0 1,
  0 0 1,0 0 1,
  0 0 1,0 0 1,
  0 0 1,0 0 1,
  0 0 1,0 0 1,
  0 0 1,0 0 1,
  0 0 1,0 0 1,
  0 0 1,0 0 1,
  0 0 1,0 0 1,
  0 0 1,0 0 1,
  0 0 1,0 0 1,
  0 0 1,0 0 1,
  0 0 1,0 0 1,
  0 0 1,0 0 1,
  0 0 1,0 0 1,
  0 0 1,0 0 1,
  0 0 1,0 0 1,
  0 0 1,0 0 1,
  0 0 1,0 0 1,
  0 0 1,0 0 1,
  0 0 1,0 0 1] }
}
}
DEF SHAPE_118 Shape {
 appearance USE APP_2
 geometry DEF FACE_118 IndexedFaceSet {
  coord DEF COORD_118 Coordinate { point [
  3 -6.3393701 1.5775591,3.0878354 -6.3278063 1.5775591,
  3.169685 -6.2939031 1.5775591,3.2399709 -6.2399709 1.5775591,
  3.2939031 -6.169685 1.5775591,3.3278063 -6.0878354 1.5775591,
  3.3393701 -6 1.5775591,3.3278063 -5.9121646 1.5775591,
  3.2939031 -5.830315 1.5775591,3.2399709 -5.7600291 1.5775591,
  3.169685 -5.7060969 1.5775591,3.0878354 -5.6721937 1.5775591,
  3 -5.6606299 1.5775591,2.9121646 -5.6721937 1.5775591,
  2.830315 -5.7060969 1.5775591,2.7600291 -5.7600291 1.5775591,
  2.7060969 -5.830315 1.5775591,2.6721937 -5.9121646 1.5775591,
  2.6606299 -6 1.5775591,2.6721937 -6.0878354 1.5775591,
  2.7060969 -6.169685 1.5775591,2.7600291 -6.2399709 1.5775591,
  2.830315 -6.2939031 1.5775591,2.9121646 -6.3278063 1.5775591,
  3 -5.7 1.5775591,3.0776457 -5.7102223 1.5775591,
  3.15 -5.7401924 1.5775591,3.212132 -5.787868 1.5775591,
  3.2598076 -5.85 1.5775591,3.2897777 -5.9223543 1.5775591,
  3.3 -6 1.5775591,3.2897777 -6.0776457 1.5775591,
  3.2598076 -6.15 1.5775591,3.212132 -6.212132 1.5775591,
  3.15 -6.2598076 1.5775591,3.0776457 -6.2897777 1.5775591,
  3 -6.3 1.5775591,2.9223543 -6.2897777 1.5775591,
  2.85 -6.2598076 1.5775591,2.787868 -6.212132 1.5775591,
  2.7401924 -6.15 1.5775591,2.7102223 -6.0776457 1.5775591,
  2.7 -6 1.5775591,2.7102223 -5.9223543 1.5775591,
  2.7401924 -5.85 1.5775591,2.787868 -5.787868 1.5775591,
  2.85 -5.7401924 1.5775591,2.9223543 -5.7102223 1.5775591] }
 coordIndex [
  39,21,22,-1,38,22,23,-1,38,39,22,-1,40,20,21,-1,40,21,39,-1,37,38,23,-1,41,19,20,-1,41,20,40,-1,
  0,37,23,-1,42,18,19,-1,42,19,41,-1,36,37,0,-1,43,17,18,-1,43,18,42,-1,35,0,1,-1,35,36,0,-1,
  2,35,1,-1,44,16,17,-1,44,17,43,-1,34,35,2,-1,15,44,45,-1,15,16,44,-1,3,33,34,-1,3,34,2,-1,
  46,15,45,-1,14,15,46,-1,4,33,3,-1,4,32,33,-1,47,14,46,-1,13,14,47,-1,5,32,4,-1,5,31,32,-1,
  24,13,47,-1,12,13,24,-1,6,31,5,-1,6,30,31,-1,7,30,6,-1,7,29,30,-1,11,12,24,-1,11,24,25,-1,
  8,28,29,-1,8,29,7,-1,10,25,26,-1,10,11,25,-1,9,26,27,-1,9,27,28,-1,9,10,26,-1,9,28,8,-1]
  normalPerVertex TRUE
  normal DEF NORM_118 Normal { vector [
  0 0 1,0 0 1,
  0 0 1,0 0 1,
  0 0 1,0 0 1,
  0 0 1,0 0 1,
  0 0 1,0 0 1,
  0 0 1,0 0 1,
  0 0 1,0 0 1,
  0 0 1,0 0 1,
  0 0 1,0 0 1,
  0 0 1,0 0 1,
  0 0 1,0 0 1,
  0 0 1,0 0 1,
  0 0 1,0 0 1,
  0 0 1,0 0 1,
  0 0 1,0 0 1,
  0 0 1,0 0 1,
  0 0 1,0 0 1,
  0 0 1,0 0 1,
  0 0 1,0 0 1,
  0 0 1,0 0 1,
  0 0 1,0 0 1,
  0 0 1,0 0 1,
  0 0 1,0 0 1,
  0 0 1,0 0 1] }
}
}
DEF SHAPE_119 Shape {
 appearance USE APP_2
 geometry DEF FACE_119 IndexedFaceSet {
  coord DEF COORD_119 Coordinate { point [
  3 -0.33937008 1.5775591,3.0878354 -0.32780632 1.5775591,
  3.169685 -0.29390311 1.5775591,3.2399709 -0.23997088 1.5775591,
  3.2939031 -0.16968504 1.5775591,3.3278063 -0.08783544 1.5775591,
  3.3393701 0 1.5775591,3.3278063 0.08783544 1.5775591,
  3.2939031 0.16968504 1.5775591,3.2399709 0.23997088 1.5775591,
  3.169685 0.29390311 1.5775591,3.0878354 0.32780632 1.5775591,
  3 0.33937008 1.5775591,2.9121646 0.32780632 1.5775591,
  2.830315 0.29390311 1.5775591,2.7600291 0.23997088 1.5775591,
  2.7060969 0.16968504 1.5775591,2.6721937 0.08783544 1.5775591,
  2.6606299 0 1.5775591,2.6721937 -0.08783544 1.5775591,
  2.7060969 -0.16968504 1.5775591,2.7600291 -0.23997088 1.5775591,
  2.830315 -0.29390311 1.5775591,2.9121646 -0.32780632 1.5775591,
  3 0.3 1.5775591,3.0776457 0.28977775 1.5775591,
  3.15 0.25980762 1.5775591,3.212132 0.21213203 1.5775591,
  3.2598076 0.15 1.5775591,3.2897777 0.077645714 1.5775591,
  3.3 0 1.5775591,3.2897777 -0.077645714 1.5775591,
  3.2598076 -0.15 1.5775591,3.212132 -0.21213203 1.5775591,
  3.15 -0.25980762 1.5775591,3.0776457 -0.28977775 1.5775591,
  3 -0.3 1.5775591,2.9223543 -0.28977775 1.5775591,
  2.85 -0.25980762 1.5775591,2.787868 -0.21213203 1.5775591,
  2.7401924 -0.15 1.5775591,2.7102223 -0.077645714 1.5775591,
  2.7 0 1.5775591,2.7102223 0.077645714 1.5775591,
  2.7401924 0.15 1.5775591,2.787868 0.21213203 1.5775591,
  2.85 0.25980762 1.5775591,2.9223543 0.28977775 1.5775591] }
 coordIndex [
  39,21,22,-1,38,22,23,-1,38,39,22,-1,40,20,21,-1,40,21,39,-1,37,38,23,-1,41,19,20,-1,41,20,40,-1,
  0,37,23,-1,36,37,0,-1,42,18,19,-1,42,19,41,-1,35,0,1,-1,35,36,0,-1,43,17,18,-1,43,18,42,-1,
  34,1,2,-1,34,35,1,-1,44,16,17,-1,44,17,43,-1,3,34,2,-1,33,34,3,-1,15,44,45,-1,15,16,44,-1,
  46,15,45,-1,4,33,3,-1,4,32,33,-1,14,15,46,-1,5,31,32,-1,5,32,4,-1,13,14,46,-1,13,46,47,-1,
  6,31,5,-1,6,30,31,-1,12,13,47,-1,12,47,24,-1,29,30,6,-1,7,29,6,-1,11,12,24,-1,11,24,25,-1,
  8,29,7,-1,8,28,29,-1,10,25,26,-1,10,26,27,-1,10,11,25,-1,9,10,27,-1,9,27,28,-1,9,28,8,-1]
  normalPerVertex TRUE
  normal DEF NORM_119 Normal { vector [
  0 0 1,0 0 1,
  0 0 1,0 0 1,
  0 0 1,0 0 1,
  0 0 1,0 0 1,
  0 0 1,0 0 1,
  0 0 1,0 0 1,
  0 0 1,0 0 1,
  0 0 1,0 0 1,
  0 0 1,0 0 1,
  0 0 1,0 0 1,
  0 0 1,0 0 1,
  0 0 1,0 0 1,
  0 0 1,0 0 1,
  0 0 1,0 0 1,
  0 0 1,0 0 1,
  0 0 1,0 0 1,
  0 0 1,0 0 1,
  0 0 1,0 0 1,
  0 0 1,0 0 1,
  0 0 1,0 0 1,
  0 0 1,0 0 1,
  0 0 1,0 0 1,
  0 0 1,0 0 1,
  0 0 1,0 0 1] }
}
}
DEF SHAPE_120 Shape {
 appearance USE APP_2
 geometry DEF FACE_120 IndexedFaceSet {
  coord DEF COORD_120 Coordinate { point [
  3 -1.1818898 0,3.0470765 -1.175692 0,
  3.0909449 -1.1575212 0,3.1286155 -1.1286155 0,
  3.1575212 -1.0909449 0,3.175692 -1.0470765 0,
  3.1818898 -1 0,3.175692 -0.95292347 0,
  3.1575212 -0.90905512 0,3.1286155 -0.87138451 0,
  3.0909449 -0.84247884 0,3.0470765 -0.82430798 0,
  3 -0.81811024 0,2.9529235 -0.82430798 0,
  2.9090551 -0.84247884 0,2.8713845 -0.87138451 0,
  2.8424788 -0.90905512 0,2.824308 -0.95292347 0,
  2.8181102 -1 0,2.824308 -1.0470765 0,
  2.8424788 -1.0909449 0,2.8713845 -1.1286155 0,
  2.9090551 -1.1575212 0,2.9529235 -1.175692 0,
  3 -1.1818898 0,3 -1.3 0.11811024,
  3 -1.2409449 0.059055118,3 -1.3 0.11811024,
  3.0776457 -1.2897777 0.11811024,3.15 -1.2598076 0.11811024,
  3.212132 -1.212132 0.11811024,3.2598076 -1.15 0.11811024,
  3.2897777 -1.0776457 0.11811024,3.3 -1 0.11811024,
  3.2897777 -0.92235429 0.11811024,3.2598076 -0.85 0.11811024,
  3.212132 -0.78786797 0.11811024,3.15 -0.74019238 0.11811024,
  3.0776457 -0.71022225 0.11811024,3 -0.7 0.11811024,
  2.9223543 -0.71022225 0.11811024,2.85 -0.74019238 0.11811024,
  2.787868 -0.78786797 0.11811024,2.7401924 -0.85 0.11811024,
  2.7102223 -0.92235429 0.11811024,2.7 -1 0.11811024,
  2.7102223 -1.0776457 0.11811024,2.7401924 -1.15 0.11811024,
  2.787868 -1.212132 0.11811024,2.85 -1.2598076 0.11811024,
  2.9223543 -1.2897777 0.11811024,3 -1.2409449 0.059055118,
  3.1119727 -1.2133461 0.059055118,3.1982938 -1.1368723 0.059055118,
  3.2391881 -1.0290427 0.059055118,3.2252874 -0.91455977 0.059055118,
  3.159776 -0.81965017 0.059055118,3.0576619 -0.76605654 0.059055118,
  2.9423381 -0.76605654 0.059055118,2.840224 -0.81965017 0.059055118,
  2.7747126 -0.91455977 0.059055118,2.7608119 -1.0290427 0.059055118,
  2.8017062 -1.1368723 0.059055118,2.8880273 -1.2133461 0.059055118] }
 coordIndex [
  51,0,1,-1,28,27,51,-1,26,23,24,-1,25,50,26,-1,52,1,2,-1,52,2,3,-1,52,29,28,-1,52,30,29,-1,
  52,51,1,-1,52,28,51,-1,53,3,4,-1,53,4,5,-1,53,31,30,-1,53,32,31,-1,53,52,3,-1,53,30,52,-1,
  54,5,6,-1,54,32,53,-1,54,33,32,-1,54,53,5,-1,55,6,7,-1,55,7,8,-1,55,54,6,-1,55,34,33,-1,
  55,35,34,-1,55,33,54,-1,56,8,9,-1,56,9,10,-1,56,36,35,-1,56,37,36,-1,56,55,8,-1,56,35,55,-1,
  57,56,10,-1,57,10,11,-1,57,11,12,-1,57,37,56,-1,57,38,37,-1,57,39,38,-1,58,12,13,-1,58,13,14,-1,
  58,40,39,-1,58,57,12,-1,58,41,40,-1,58,39,57,-1,59,41,58,-1,59,14,15,-1,59,15,16,-1,59,42,41,-1,
  59,43,42,-1,59,58,14,-1,60,16,17,-1,60,17,18,-1,60,44,43,-1,60,45,44,-1,60,43,59,-1,60,59,16,-1,
  61,18,19,-1,61,46,45,-1,61,60,18,-1,61,45,60,-1,62,19,20,-1,62,20,21,-1,62,46,61,-1,62,47,46,-1,
  62,48,47,-1,62,61,19,-1,63,48,62,-1,63,21,22,-1,63,22,23,-1,63,49,48,-1,63,50,49,-1,63,23,26,-1,
  63,26,50,-1,63,62,21,-1]
  normalPerVertex TRUE
  normal DEF NORM_120 Normal { vector [
  0.092691599 -0.70406259 -0.70406259,0.18083706 -0.70611612 -0.68461521,
  0.35413881 -0.61338641 -0.705934,0.49795191 -0.53222991 -0.68467162,
  0.61643664 -0.35589986 -0.70238248,0.6923816 -0.2273274 -0.68478462,
  0.7270604 0.048441691 -0.68486245,0.6901063 0.18491343 -0.69968587,
  0.61438746 0.392027 -0.68472102,0.50186438 0.50186438 -0.70446027,
  0.35035702 0.63915806 -0.68463635,0.18308842 0.68329529 -0.7068141,
  0 0.72891129 -0.68460816,-0.18308842 0.68329529 -0.7068141,
  -0.35035702 0.63915806 -0.68463635,-0.50186438 0.50186438 -0.70446027,
  -0.61438746 0.392027 -0.68472102,-0.6901063 0.18491343 -0.69968587,
  -0.7270604 0.048441691 -0.68486245,-0.6923816 -0.2273274 -0.68478462,
  -0.61643664 -0.35589986 -0.70238248,-0.49795191 -0.53222991 -0.68467162,
  -0.35413881 -0.61338641 -0.705934,-0.18083706 -0.70611612 -0.68461521,
  -0.092691599 -0.70406259 -0.70406259,-0.092691599 -0.70406259 -0.70406259,
  -0.14239671 -0.69325338 -0.70648633,0.092691599 -0.70406259 -0.70406259,
  0.1732148 -0.66937254 -0.7224521,0.35296894 -0.61136014 -0.70827375,
  0.47599206 -0.50115412 -0.72268673,0.60833502 -0.35122239 -0.71173825,
  0.65886941 -0.20721275 -0.72315557,0.68943323 0.035524633 -0.72347759,
  0.675992 0.18113151 -0.71430119,0.58618107 0.36581283 -0.72289191,
  0.49814254 0.49814254 -0.7097239,0.33533802 0.6045529 -0.7225401,
  0.18293701 0.68273023 -0.7073991,0 0.69145162 -0.72242276,
  -0.18293701 0.68273023 -0.7073991,-0.33533802 0.6045529 -0.7225401,
  -0.49814254 0.49814254 -0.7097239,-0.58618107 0.36581283 -0.72289191,
  -0.675992 0.18113151 -0.71430119,-0.68943323 0.035524633 -0.72347759,
  -0.65886941 -0.20721275 -0.72315557,-0.60833502 -0.35122239 -0.71173825,
  -0.47599206 -0.50115412 -0.72268673,-0.35296894 -0.61136014 -0.70827375,
  -0.1732148 -0.66937254 -0.7224521,0.14239671 -0.69325338 -0.70648633,
  0.33439764 -0.615429 -0.7137404,0.58769784 -0.3811414 -0.71368234,
  0.69663444 -0.086147973 -0.7122352,0.66350977 0.22466506 -0.71363885,
  0.47569413 0.51412477 -0.7137162,0.17251002 0.67881823 -0.71375493,
  -0.17251002 0.67881823 -0.71375493,-0.47569413 0.51412477 -0.7137162,
  -0.66350977 0.22466506 -0.71363885,-0.69663444 -0.086147973 -0.7122352,
  -0.58769784 -0.3811414 -0.71368234,-0.33439764 -0.615429 -0.7137404] }
}
}
DEF SHAPE_121 Shape {
 appearance USE APP_2
 geometry DEF FACE_121 IndexedFaceSet {
  coord DEF COORD_121 Coordinate { point [
  3 -2.1818898 0,3.0470765 -2.175692 0,
  3.0909449 -2.1575212 0,3.1286155 -2.1286155 0,
  3.1575212 -2.0909449 0,3.175692 -2.0470765 0,
  3.1818898 -2 0,3.175692 -1.9529235 0,
  3.1575212 -1.9090551 0,3.1286155 -1.8713845 0,
  3.0909449 -1.8424788 0,3.0470765 -1.824308 0,
  3 -1.8181102 0,2.9529235 -1.824308 0,
  2.9090551 -1.8424788 0,2.8713845 -1.8713845 0,
  2.8424788 -1.9090551 0,2.824308 -1.9529235 0,
  2.8181102 -2 0,2.824308 -2.0470765 0,
  2.8424788 -2.0909449 0,2.8713845 -2.1286155 0,
  2.9090551 -2.1575212 0,2.9529235 -2.175692 0,
  3 -2.1818898 0,3 -2.3 0.11811024,
  3 -2.2409449 0.059055118,3 -2.3 0.11811024,
  3.0776457 -2.2897777 0.11811024,3.15 -2.2598076 0.11811024,
  3.212132 -2.212132 0.11811024,3.2598076 -2.15 0.11811024,
  3.2897777 -2.0776457 0.11811024,3.3 -2 0.11811024,
  3.2897777 -1.9223543 0.11811024,3.2598076 -1.85 0.11811024,
  3.212132 -1.787868 0.11811024,3.15 -1.7401924 0.11811024,
  3.0776457 -1.7102223 0.11811024,3 -1.7 0.11811024,
  2.9223543 -1.7102223 0.11811024,2.85 -1.7401924 0.11811024,
  2.787868 -1.787868 0.11811024,2.7401924 -1.85 0.11811024,
  2.7102223 -1.9223543 0.11811024,2.7 -2 0.11811024,
  2.7102223 -2.0776457 0.11811024,2.7401924 -2.15 0.11811024,
  2.787868 -2.212132 0.11811024,2.85 -2.2598076 0.11811024,
  2.9223543 -2.2897777 0.11811024,3 -2.2409449 0.059055118,
  3.1119727 -2.2133461 0.059055118,3.1982938 -2.1368723 0.059055118,
  3.2391881 -2.0290427 0.059055118,3.2252874 -1.9145598 0.059055118,
  3.159776 -1.8196502 0.059055118,3.0576619 -1.7660565 0.059055118,
  2.9423381 -1.7660565 0.059055118,2.840224 -1.8196502 0.059055118,
  2.7747126 -1.9145598 0.059055118,2.7608119 -2.0290427 0.059055118,
  2.8017062 -2.1368723 0.059055118,2.8880273 -2.2133461 0.059055118] }
 coordIndex [
  51,0,1,-1,28,27,51,-1,26,23,24,-1,25,50,26,-1,52,1,2,-1,52,2,3,-1,52,29,28,-1,52,30,29,-1,
  52,51,1,-1,52,28,51,-1,53,3,4,-1,53,4,5,-1,53,31,30,-1,53,32,31,-1,53,52,3,-1,53,30,52,-1,
  54,5,6,-1,54,32,53,-1,54,33,32,-1,54,53,5,-1,55,6,7,-1,55,7,8,-1,55,54,6,-1,55,34,33,-1,
  55,35,34,-1,55,33,54,-1,56,8,9,-1,56,9,10,-1,56,36,35,-1,56,37,36,-1,56,55,8,-1,56,35,55,-1,
  57,56,10,-1,57,10,11,-1,57,11,12,-1,57,37,56,-1,57,38,37,-1,57,39,38,-1,58,12,13,-1,58,13,14,-1,
  58,40,39,-1,58,57,12,-1,58,41,40,-1,58,39,57,-1,59,41,58,-1,59,14,15,-1,59,15,16,-1,59,42,41,-1,
  59,43,42,-1,59,58,14,-1,60,16,17,-1,60,17,18,-1,60,44,43,-1,60,45,44,-1,60,43,59,-1,60,59,16,-1,
  61,18,19,-1,61,46,45,-1,61,60,18,-1,61,45,60,-1,62,19,20,-1,62,20,21,-1,62,46,61,-1,62,47,46,-1,
  62,48,47,-1,62,61,19,-1,63,48,62,-1,63,21,22,-1,63,22,23,-1,63,49,48,-1,63,50,49,-1,63,23,26,-1,
  63,26,50,-1,63,62,21,-1]
  normalPerVertex TRUE
  normal DEF NORM_121 Normal { vector [
  0.092691599 -0.70406259 -0.70406259,0.18083706 -0.70611612 -0.68461521,
  0.35413881 -0.61338641 -0.705934,0.49795191 -0.53222991 -0.68467162,
  0.61643664 -0.35589986 -0.70238248,0.6923816 -0.2273274 -0.68478462,
  0.7270604 0.048441691 -0.68486245,0.6901063 0.18491343 -0.69968587,
  0.61438746 0.392027 -0.68472102,0.50186438 0.50186438 -0.70446027,
  0.35035702 0.63915806 -0.68463635,0.18308842 0.68329529 -0.7068141,
  0 0.72891129 -0.68460816,-0.18308842 0.68329529 -0.7068141,
  -0.35035702 0.63915806 -0.68463635,-0.50186438 0.50186438 -0.70446027,
  -0.61438746 0.392027 -0.68472102,-0.6901063 0.18491343 -0.69968587,
  -0.7270604 0.048441691 -0.68486245,-0.6923816 -0.2273274 -0.68478462,
  -0.61643664 -0.35589986 -0.70238248,-0.49795191 -0.53222991 -0.68467162,
  -0.35413881 -0.61338641 -0.705934,-0.18083706 -0.70611612 -0.68461521,
  -0.092691599 -0.70406259 -0.70406259,-0.092691599 -0.70406259 -0.70406259,
  -0.14239671 -0.69325338 -0.70648633,0.092691599 -0.70406259 -0.70406259,
  0.1732148 -0.66937254 -0.7224521,0.35296894 -0.61136014 -0.70827375,
  0.47599206 -0.50115412 -0.72268673,0.60833502 -0.35122239 -0.71173825,
  0.65886941 -0.20721275 -0.72315557,0.68943323 0.035524633 -0.72347759,
  0.675992 0.18113151 -0.71430119,0.58618107 0.36581283 -0.72289191,
  0.49814254 0.49814254 -0.7097239,0.33533802 0.6045529 -0.7225401,
  0.18293701 0.68273023 -0.7073991,0 0.69145162 -0.72242276,
  -0.18293701 0.68273023 -0.7073991,-0.33533802 0.6045529 -0.7225401,
  -0.49814254 0.49814254 -0.7097239,-0.58618107 0.36581283 -0.72289191,
  -0.675992 0.18113151 -0.71430119,-0.68943323 0.035524633 -0.72347759,
  -0.65886941 -0.20721275 -0.72315557,-0.60833502 -0.35122239 -0.71173825,
  -0.47599206 -0.50115412 -0.72268673,-0.35296894 -0.61136014 -0.70827375,
  -0.1732148 -0.66937254 -0.7224521,0.14239671 -0.69325338 -0.70648633,
  0.33439764 -0.615429 -0.7137404,0.58769784 -0.3811414 -0.71368234,
  0.69663444 -0.086147973 -0.7122352,0.66350977 0.22466506 -0.71363885,
  0.47569413 0.51412477 -0.7137162,0.17251002 0.67881823 -0.71375493,
  -0.17251002 0.67881823 -0.71375493,-0.47569413 0.51412477 -0.7137162,
  -0.66350977 0.22466506 -0.71363885,-0.69663444 -0.086147973 -0.7122352,
  -0.58769784 -0.3811414 -0.71368234,-0.33439764 -0.615429 -0.7137404] }
}
}
DEF SHAPE_122 Shape {
 appearance USE APP_2
 geometry DEF FACE_122 IndexedFaceSet {
  coord DEF COORD_122 Coordinate { point [
  3 -4.1818898 0,3.0470765 -4.175692 0,
  3.0909449 -4.1575212 0,3.1286155 -4.1286155 0,
  3.1575212 -4.0909449 0,3.175692 -4.0470765 0,
  3.1818898 -4 0,3.175692 -3.9529235 0,
  3.1575212 -3.9090551 0,3.1286155 -3.8713845 0,
  3.0909449 -3.8424788 0,3.0470765 -3.824308 0,
  3 -3.8181102 0,2.9529235 -3.824308 0,
  2.9090551 -3.8424788 0,2.8713845 -3.8713845 0,
  2.8424788 -3.9090551 0,2.824308 -3.9529235 0,
  2.8181102 -4 0,2.824308 -4.0470765 0,
  2.8424788 -4.0909449 0,2.8713845 -4.1286155 0,
  2.9090551 -4.1575212 0,2.9529235 -4.175692 0,
  3 -4.1818898 0,3 -4.3 0.11811024,
  3 -4.2409449 0.059055118,3 -4.3 0.11811024,
  3.0776457 -4.2897777 0.11811024,3.15 -4.2598076 0.11811024,
  3.212132 -4.212132 0.11811024,3.2598076 -4.15 0.11811024,
  3.2897777 -4.0776457 0.11811024,3.3 -4 0.11811024,
  3.2897777 -3.9223543 0.11811024,3.2598076 -3.85 0.11811024,
  3.212132 -3.787868 0.11811024,3.15 -3.7401924 0.11811024,
  3.0776457 -3.7102223 0.11811024,3 -3.7 0.11811024,
  2.9223543 -3.7102223 0.11811024,2.85 -3.7401924 0.11811024,
  2.787868 -3.787868 0.11811024,2.7401924 -3.85 0.11811024,
  2.7102223 -3.9223543 0.11811024,2.7 -4 0.11811024,
  2.7102223 -4.0776457 0.11811024,2.7401924 -4.15 0.11811024,
  2.787868 -4.212132 0.11811024,2.85 -4.2598076 0.11811024,
  2.9223543 -4.2897777 0.11811024,3 -4.2409449 0.059055118,
  3.1119727 -4.2133461 0.059055118,3.1982938 -4.1368723 0.059055118,
  3.2391881 -4.0290427 0.059055118,3.2252874 -3.9145598 0.059055118,
  3.159776 -3.8196502 0.059055118,3.0576619 -3.7660565 0.059055118,
  2.9423381 -3.7660565 0.059055118,2.840224 -3.8196502 0.059055118,
  2.7747126 -3.9145598 0.059055118,2.7608119 -4.0290427 0.059055118,
  2.8017062 -4.1368723 0.059055118,2.8880273 -4.2133461 0.059055118] }
 coordIndex [
  51,0,1,-1,28,27,51,-1,26,23,24,-1,25,50,26,-1,52,1,2,-1,52,2,3,-1,52,29,28,-1,52,30,29,-1,
  52,51,1,-1,52,28,51,-1,53,3,4,-1,53,4,5,-1,53,31,30,-1,53,32,31,-1,53,52,3,-1,53,30,52,-1,
  54,5,6,-1,54,32,53,-1,54,33,32,-1,54,53,5,-1,55,6,7,-1,55,7,8,-1,55,54,6,-1,55,34,33,-1,
  55,35,34,-1,55,33,54,-1,56,8,9,-1,56,9,10,-1,56,36,35,-1,56,37,36,-1,56,55,8,-1,56,35,55,-1,
  57,56,10,-1,57,10,11,-1,57,11,12,-1,57,37,56,-1,57,38,37,-1,57,39,38,-1,58,12,13,-1,58,13,14,-1,
  58,40,39,-1,58,57,12,-1,58,41,40,-1,58,39,57,-1,59,41,58,-1,59,14,15,-1,59,15,16,-1,59,42,41,-1,
  59,43,42,-1,59,58,14,-1,60,16,17,-1,60,17,18,-1,60,44,43,-1,60,45,44,-1,60,43,59,-1,60,59,16,-1,
  61,18,19,-1,61,46,45,-1,61,60,18,-1,61,45,60,-1,62,19,20,-1,62,20,21,-1,62,46,61,-1,62,47,46,-1,
  62,48,47,-1,62,61,19,-1,63,48,62,-1,63,21,22,-1,63,22,23,-1,63,49,48,-1,63,50,49,-1,63,23,26,-1,
  63,26,50,-1,63,62,21,-1]
  normalPerVertex TRUE
  normal DEF NORM_122 Normal { vector [
  0.092691599 -0.70406259 -0.70406259,0.18083706 -0.70611612 -0.68461521,
  0.35413881 -0.61338641 -0.705934,0.49795191 -0.53222991 -0.68467162,
  0.61643664 -0.35589986 -0.70238248,0.6923816 -0.2273274 -0.68478462,
  0.7270604 0.048441691 -0.68486245,0.6901063 0.18491343 -0.69968587,
  0.61438746 0.392027 -0.68472102,0.50186438 0.50186438 -0.70446027,
  0.35035702 0.63915806 -0.68463635,0.18308842 0.68329529 -0.7068141,
  0 0.72891129 -0.68460816,-0.18308842 0.68329529 -0.7068141,
  -0.35035702 0.63915806 -0.68463635,-0.50186438 0.50186438 -0.70446027,
  -0.61438746 0.392027 -0.68472102,-0.6901063 0.18491343 -0.69968587,
  -0.7270604 0.048441691 -0.68486245,-0.6923816 -0.2273274 -0.68478462,
  -0.61643664 -0.35589986 -0.70238248,-0.49795191 -0.53222991 -0.68467162,
  -0.35413881 -0.61338641 -0.705934,-0.18083706 -0.70611612 -0.68461521,
  -0.092691599 -0.70406259 -0.70406259,-0.092691599 -0.70406259 -0.70406259,
  -0.14239671 -0.69325338 -0.70648633,0.092691599 -0.70406259 -0.70406259,
  0.1732148 -0.66937254 -0.7224521,0.35296894 -0.61136014 -0.70827375,
  0.47599206 -0.50115412 -0.72268673,0.60833502 -0.35122239 -0.71173825,
  0.65886941 -0.20721275 -0.72315557,0.68943323 0.035524633 -0.72347759,
  0.675992 0.18113151 -0.71430119,0.58618107 0.36581283 -0.72289191,
  0.49814254 0.49814254 -0.7097239,0.33533802 0.6045529 -0.7225401,
  0.18293701 0.68273023 -0.7073991,0 0.69145162 -0.72242276,
  -0.18293701 0.68273023 -0.7073991,-0.33533802 0.6045529 -0.7225401,
  -0.49814254 0.49814254 -0.7097239,-0.58618107 0.36581283 -0.72289191,
  -0.675992 0.18113151 -0.71430119,-0.68943323 0.035524633 -0.72347759,
  -0.65886941 -0.20721275 -0.72315557,-0.60833502 -0.35122239 -0.71173825,
  -0.47599206 -0.50115412 -0.72268673,-0.35296894 -0.61136014 -0.70827375,
  -0.1732148 -0.66937254 -0.7224521,0.14239671 -0.69325338 -0.70648633,
  0.33439764 -0.615429 -0.7137404,0.58769784 -0.3811414 -0.71368234,
  0.69663444 -0.086147973 -0.7122352,0.66350977 0.22466506 -0.71363885,
  0.47569413 0.51412477 -0.7137162,0.17251002 0.67881823 -0.71375493,
  -0.17251002 0.67881823 -0.71375493,-0.47569413 0.51412477 -0.7137162,
  -0.66350977 0.22466506 -0.71363885,-0.69663444 -0.086147973 -0.7122352,
  -0.58769784 -0.3811414 -0.71368234,-0.33439764 -0.615429 -0.7137404] }
}
}
DEF SHAPE_123 Shape {
 appearance USE APP_2
 geometry DEF FACE_123 IndexedFaceSet {
  coord DEF COORD_123 Coordinate { point [
  3 -3.1818898 0,3.0470765 -3.175692 0,
  3.0909449 -3.1575212 0,3.1286155 -3.1286155 0,
  3.1575212 -3.0909449 0,3.175692 -3.0470765 0,
  3.1818898 -3 0,3.175692 -2.9529235 0,
  3.1575212 -2.9090551 0,3.1286155 -2.8713845 0,
  3.0909449 -2.8424788 0,3.0470765 -2.824308 0,
  3 -2.8181102 0,2.9529235 -2.824308 0,
  2.9090551 -2.8424788 0,2.8713845 -2.8713845 0,
  2.8424788 -2.9090551 0,2.824308 -2.9529235 0,
  2.8181102 -3 0,2.824308 -3.0470765 0,
  2.8424788 -3.0909449 0,2.8713845 -3.1286155 0,
  2.9090551 -3.1575212 0,2.9529235 -3.175692 0,
  3 -3.1818898 0,3 -3.3 0.11811024,
  3 -3.2409449 0.059055118,3 -3.3 0.11811024,
  3.0776457 -3.2897777 0.11811024,3.15 -3.2598076 0.11811024,
  3.212132 -3.212132 0.11811024,3.2598076 -3.15 0.11811024,
  3.2897777 -3.0776457 0.11811024,3.3 -3 0.11811024,
  3.2897777 -2.9223543 0.11811024,3.2598076 -2.85 0.11811024,
  3.212132 -2.787868 0.11811024,3.15 -2.7401924 0.11811024,
  3.0776457 -2.7102223 0.11811024,3 -2.7 0.11811024,
  2.9223543 -2.7102223 0.11811024,2.85 -2.7401924 0.11811024,
  2.787868 -2.787868 0.11811024,2.7401924 -2.85 0.11811024,
  2.7102223 -2.9223543 0.11811024,2.7 -3 0.11811024,
  2.7102223 -3.0776457 0.11811024,2.7401924 -3.15 0.11811024,
  2.787868 -3.212132 0.11811024,2.85 -3.2598076 0.11811024,
  2.9223543 -3.2897777 0.11811024,3 -3.2409449 0.059055118,
  3.1119727 -3.2133461 0.059055118,3.1982938 -3.1368723 0.059055118,
  3.2391881 -3.0290427 0.059055118,3.2252874 -2.9145598 0.059055118,
  3.159776 -2.8196502 0.059055118,3.0576619 -2.7660565 0.059055118,
  2.9423381 -2.7660565 0.059055118,2.840224 -2.8196502 0.059055118,
  2.7747126 -2.9145598 0.059055118,2.7608119 -3.0290427 0.059055118,
  2.8017062 -3.1368723 0.059055118,2.8880273 -3.2133461 0.059055118] }
 coordIndex [
  51,0,1,-1,28,27,51,-1,26,23,24,-1,25,50,26,-1,52,1,2,-1,52,2,3,-1,52,29,28,-1,52,30,29,-1,
  52,51,1,-1,52,28,51,-1,53,3,4,-1,53,4,5,-1,53,31,30,-1,53,32,31,-1,53,52,3,-1,53,30,52,-1,
  54,5,6,-1,54,32,53,-1,54,33,32,-1,54,53,5,-1,55,6,7,-1,55,7,8,-1,55,54,6,-1,55,34,33,-1,
  55,35,34,-1,55,33,54,-1,56,8,9,-1,56,9,10,-1,56,36,35,-1,56,37,36,-1,56,55,8,-1,56,35,55,-1,
  57,56,10,-1,57,10,11,-1,57,11,12,-1,57,37,56,-1,57,38,37,-1,57,39,38,-1,58,12,13,-1,58,13,14,-1,
  58,40,39,-1,58,57,12,-1,58,41,40,-1,58,39,57,-1,59,41,58,-1,59,14,15,-1,59,15,16,-1,59,42,41,-1,
  59,43,42,-1,59,58,14,-1,60,16,17,-1,60,17,18,-1,60,44,43,-1,60,45,44,-1,60,43,59,-1,60,59,16,-1,
  61,18,19,-1,61,46,45,-1,61,60,18,-1,61,45,60,-1,62,19,20,-1,62,20,21,-1,62,46,61,-1,62,47,46,-1,
  62,48,47,-1,62,61,19,-1,63,48,62,-1,63,21,22,-1,63,22,23,-1,63,49,48,-1,63,50,49,-1,63,23,26,-1,
  63,26,50,-1,63,62,21,-1]
  normalPerVertex TRUE
  normal DEF NORM_123 Normal { vector [
  0.092691599 -0.70406259 -0.70406259,0.18083706 -0.70611612 -0.68461521,
  0.35413881 -0.61338641 -0.705934,0.49795191 -0.53222991 -0.68467162,
  0.61643664 -0.35589986 -0.70238248,0.6923816 -0.2273274 -0.68478462,
  0.7270604 0.048441691 -0.68486245,0.6901063 0.18491343 -0.69968587,
  0.61438746 0.392027 -0.68472102,0.50186438 0.50186438 -0.70446027,
  0.35035702 0.63915806 -0.68463635,0.18308842 0.68329529 -0.7068141,
  0 0.72891129 -0.68460816,-0.18308842 0.68329529 -0.7068141,
  -0.35035702 0.63915806 -0.68463635,-0.50186438 0.50186438 -0.70446027,
  -0.61438746 0.392027 -0.68472102,-0.6901063 0.18491343 -0.69968587,
  -0.7270604 0.048441691 -0.68486245,-0.6923816 -0.2273274 -0.68478462,
  -0.61643664 -0.35589986 -0.70238248,-0.49795191 -0.53222991 -0.68467162,
  -0.35413881 -0.61338641 -0.705934,-0.18083706 -0.70611612 -0.68461521,
  -0.092691599 -0.70406259 -0.70406259,-0.092691599 -0.70406259 -0.70406259,
  -0.14239671 -0.69325338 -0.70648633,0.092691599 -0.70406259 -0.70406259,
  0.1732148 -0.66937254 -0.7224521,0.35296894 -0.61136014 -0.70827375,
  0.47599206 -0.50115412 -0.72268673,0.60833502 -0.35122239 -0.71173825,
  0.65886941 -0.20721275 -0.72315557,0.68943323 0.035524633 -0.72347759,
  0.675992 0.18113151 -0.71430119,0.58618107 0.36581283 -0.72289191,
  0.49814254 0.49814254 -0.7097239,0.33533802 0.6045529 -0.7225401,
  0.18293701 0.68273023 -0.7073991,0 0.69145162 -0.72242276,
  -0.18293701 0.68273023 -0.7073991,-0.33533802 0.6045529 -0.7225401,
  -0.49814254 0.49814254 -0.7097239,-0.58618107 0.36581283 -0.72289191,
  -0.675992 0.18113151 -0.71430119,-0.68943323 0.035524633 -0.72347759,
  -0.65886941 -0.20721275 -0.72315557,-0.60833502 -0.35122239 -0.71173825,
  -0.47599206 -0.50115412 -0.72268673,-0.35296894 -0.61136014 -0.70827375,
  -0.1732148 -0.66937254 -0.7224521,0.14239671 -0.69325338 -0.70648633,
  0.33439764 -0.615429 -0.7137404,0.58769784 -0.3811414 -0.71368234,
  0.69663444 -0.086147973 -0.7122352,0.66350977 0.22466506 -0.71363885,
  0.47569413 0.51412477 -0.7137162,0.17251002 0.67881823 -0.71375493,
  -0.17251002 0.67881823 -0.71375493,-0.47569413 0.51412477 -0.7137162,
  -0.66350977 0.22466506 -0.71363885,-0.69663444 -0.086147973 -0.7122352,
  -0.58769784 -0.3811414 -0.71368234,-0.33439764 -0.615429 -0.7137404] }
}
}
DEF SHAPE_124 Shape {
 appearance USE APP_2
 geometry DEF FACE_124 IndexedFaceSet {
  coord DEF COORD_124 Coordinate { point [
  0 -3.8181102 0,-0.047076535 -3.824308 0,
  -0.090944882 -3.8424788 0,-0.12861549 -3.8713845 0,
  -0.15752116 -3.9090551 0,-0.17569202 -3.9529235 0,
  -0.18188976 -4 0,-0.17569202 -4.0470765 0,
  -0.15752116 -4.0909449 0,-0.12861549 -4.1286155 0,
  -0.090944882 -4.1575212 0,-0.047076535 -4.175692 0,
  0 -4.1818898 0,0.047076535 -4.175692 0,
  0.090944882 -4.1575212 0,0.12861549 -4.1286155 0,
  0.15752116 -4.0909449 0,0.17569202 -4.0470765 0,
  0.18188976 -4 0,0.17569202 -3.9529235 0,
  0.15752116 -3.9090551 0,0.12861549 -3.8713845 0,
  0.090944882 -3.8424788 0,0.047076535 -3.824308 0,
  0 -3.8181102 0,0 -3.7 0.11811024,
  0 -3.7590551 0.059055118,0 -3.7 0.11811024,
  -0.077645714 -3.7102223 0.11811024,-0.15 -3.7401924 0.11811024,
  -0.21213203 -3.787868 0.11811024,-0.25980762 -3.85 0.11811024,
  -0.28977775 -3.9223543 0.11811024,-0.3 -4 0.11811024,
  -0.28977775 -4.0776457 0.11811024,-0.25980762 -4.15 0.11811024,
  -0.21213203 -4.212132 0.11811024,-0.15 -4.2598076 0.11811024,
  -0.077645714 -4.2897777 0.11811024,0 -4.3 0.11811024,
  0.077645714 -4.2897777 0.11811024,0.15 -4.2598076 0.11811024,
  0.21213203 -4.212132 0.11811024,0.25980762 -4.15 0.11811024,
  0.28977775 -4.0776457 0.11811024,0.3 -4 0.11811024,
  0.28977775 -3.9223543 0.11811024,0.25980762 -3.85 0.11811024,
  0.21213203 -3.787868 0.11811024,0.15 -3.7401924 0.11811024,
  0.077645714 -3.7102223 0.11811024,0 -3.7590551 0.059055118,
  -0.11197267 -3.7866539 0.059055118,-0.19829375 -3.8631277 0.059055118,
  -0.23918812 -3.9709573 0.059055118,-0.22528738 -4.0854402 0.059055118,
  -0.15977601 -4.1803498 0.059055118,-0.057661884 -4.2339435 0.059055118,
  0.057661884 -4.2339435 0.059055118,0.15977601 -4.1803498 0.059055118,
  0.22528738 -4.0854402 0.059055118,0.23918812 -3.9709573 0.059055118,
  0.19829375 -3.8631277 0.059055118,0.11197267 -3.7866539 0.059055118] }
 coordIndex [
  51,0,1,-1,28,27,51,-1,26,23,24,-1,25,50,26,-1,52,1,2,-1,52,2,3,-1,52,29,28,-1,52,30,29,-1,
  52,51,1,-1,52,28,51,-1,53,3,4,-1,53,4,5,-1,53,31,30,-1,53,32,31,-1,53,52,3,-1,53,30,52,-1,
  54,5,6,-1,54,32,53,-1,54,33,32,-1,54,53,5,-1,55,6,7,-1,55,7,8,-1,55,54,6,-1,55,34,33,-1,
  55,35,34,-1,55,33,54,-1,56,8,9,-1,56,9,10,-1,56,36,35,-1,56,37,36,-1,56,55,8,-1,56,35,55,-1,
  57,56,10,-1,57,10,11,-1,57,11,12,-1,57,37,56,-1,57,38,37,-1,57,39,38,-1,58,12,13,-1,58,13,14,-1,
  58,40,39,-1,58,57,12,-1,58,41,40,-1,58,39,57,-1,59,41,58,-1,59,14,15,-1,59,15,16,-1,59,42,41,-1,
  59,43,42,-1,59,58,14,-1,60,16,17,-1,60,17,18,-1,60,44,43,-1,60,45,44,-1,60,43,59,-1,60,59,16,-1,
  61,18,19,-1,61,46,45,-1,61,60,18,-1,61,45,60,-1,62,19,20,-1,62,20,21,-1,62,46,61,-1,62,47,46,-1,
  62,48,47,-1,62,61,19,-1,63,48,62,-1,63,21,22,-1,63,22,23,-1,63,49,48,-1,63,50,49,-1,63,23,26,-1,
  63,26,50,-1,63,62,21,-1]
  normalPerVertex TRUE
  normal DEF NORM_124 Normal { vector [
  -0.092691599 0.70406259 -0.70406259,-0.18083706 0.70611612 -0.68461521,
  -0.35413881 0.61338641 -0.705934,-0.49795191 0.53222991 -0.68467162,
  -0.61643664 0.35589986 -0.70238248,-0.6923816 0.2273274 -0.68478462,
  -0.7270604 -0.048441691 -0.68486245,-0.6901063 -0.18491343 -0.69968587,
  -0.61438746 -0.392027 -0.68472102,-0.50186438 -0.50186438 -0.70446027,
  -0.35035702 -0.63915806 -0.68463635,-0.18308842 -0.68329529 -0.7068141,
  0 -0.72891129 -0.68460816,0.18308842 -0.68329529 -0.7068141,
  0.35035702 -0.63915806 -0.68463635,0.50186438 -0.50186438 -0.70446027,
  0.61438746 -0.392027 -0.68472102,0.6901063 -0.18491343 -0.69968587,
  0.7270604 -0.048441691 -0.68486245,0.6923816 0.2273274 -0.68478462,
  0.61643664 0.35589986 -0.70238248,0.49795191 0.53222991 -0.68467162,
  0.35413881 0.61338641 -0.705934,0.18083706 0.70611612 -0.68461521,
  0.092691599 0.70406259 -0.70406259,0.092691599 0.70406259 -0.70406259,
  0.14239671 0.69325338 -0.70648633,-0.092691599 0.70406259 -0.70406259,
  -0.1732148 0.66937254 -0.7224521,-0.35296894 0.61136014 -0.70827375,
  -0.47599206 0.50115412 -0.72268673,-0.60833502 0.35122239 -0.71173825,
  -0.65886941 0.20721275 -0.72315557,-0.68943323 -0.035524633 -0.72347759,
  -0.675992 -0.18113151 -0.71430119,-0.58618107 -0.36581283 -0.72289191,
  -0.49814254 -0.49814254 -0.7097239,-0.33533802 -0.6045529 -0.7225401,
  -0.18293701 -0.68273023 -0.7073991,0 -0.69145162 -0.72242276,
  0.18293701 -0.68273023 -0.7073991,0.33533802 -0.6045529 -0.7225401,
  0.49814254 -0.49814254 -0.7097239,0.58618107 -0.36581283 -0.72289191,
  0.675992 -0.18113151 -0.71430119,0.68943323 -0.035524633 -0.72347759,
  0.65886941 0.20721275 -0.72315557,0.60833502 0.35122239 -0.71173825,
  0.47599206 0.50115412 -0.72268673,0.35296894 0.61136014 -0.70827375,
  0.1732148 0.66937254 -0.7224521,-0.14239671 0.69325338 -0.70648633,
  -0.33439764 0.615429 -0.7137404,-0.58769784 0.3811414 -0.71368234,
  -0.69663444 0.086147973 -0.7122352,-0.66350977 -0.22466506 -0.71363885,
  -0.47569413 -0.51412477 -0.7137162,-0.17251002 -0.67881823 -0.71375493,
  0.17251002 -0.67881823 -0.71375493,0.47569413 -0.51412477 -0.7137162,
  0.66350977 -0.22466506 -0.71363885,0.69663444 0.086147973 -0.7122352,
  0.58769784 0.3811414 -0.71368234,0.33439764 0.615429 -0.7137404] }
}
}
DEF SHAPE_125 Shape {
 appearance USE APP_2
 geometry DEF FACE_125 IndexedFaceSet {
  coord DEF COORD_125 Coordinate { point [
  0 -2.8181102 0,-0.047076535 -2.824308 0,
  -0.090944882 -2.8424788 0,-0.12861549 -2.8713845 0,
  -0.15752116 -2.9090551 0,-0.17569202 -2.9529235 0,
  -0.18188976 -3 0,-0.17569202 -3.0470765 0,
  -0.15752116 -3.0909449 0,-0.12861549 -3.1286155 0,
  -0.090944882 -3.1575212 0,-0.047076535 -3.175692 0,
  0 -3.1818898 0,0.047076535 -3.175692 0,
  0.090944882 -3.1575212 0,0.12861549 -3.1286155 0,
  0.15752116 -3.0909449 0,0.17569202 -3.0470765 0,
  0.18188976 -3 0,0.17569202 -2.9529235 0,
  0.15752116 -2.9090551 0,0.12861549 -2.8713845 0,
  0.090944882 -2.8424788 0,0.047076535 -2.824308 0,
  0 -2.8181102 0,0 -2.7 0.11811024,
  0 -2.7590551 0.059055118,0 -2.7 0.11811024,
  -0.077645714 -2.7102223 0.11811024,-0.15 -2.7401924 0.11811024,
  -0.21213203 -2.787868 0.11811024,-0.25980762 -2.85 0.11811024,
  -0.28977775 -2.9223543 0.11811024,-0.3 -3 0.11811024,
  -0.28977775 -3.0776457 0.11811024,-0.25980762 -3.15 0.11811024,
  -0.21213203 -3.212132 0.11811024,-0.15 -3.2598076 0.11811024,
  -0.077645714 -3.2897777 0.11811024,0 -3.3 0.11811024,
  0.077645714 -3.2897777 0.11811024,0.15 -3.2598076 0.11811024,
  0.21213203 -3.212132 0.11811024,0.25980762 -3.15 0.11811024,
  0.28977775 -3.0776457 0.11811024,0.3 -3 0.11811024,
  0.28977775 -2.9223543 0.11811024,0.25980762 -2.85 0.11811024,
  0.21213203 -2.787868 0.11811024,0.15 -2.7401924 0.11811024,
  0.077645714 -2.7102223 0.11811024,0 -2.7590551 0.059055118,
  -0.11197267 -2.7866539 0.059055118,-0.19829375 -2.8631277 0.059055118,
  -0.23918812 -2.9709573 0.059055118,-0.22528738 -3.0854402 0.059055118,
  -0.15977601 -3.1803498 0.059055118,-0.057661884 -3.2339435 0.059055118,
  0.057661884 -3.2339435 0.059055118,0.15977601 -3.1803498 0.059055118,
  0.22528738 -3.0854402 0.059055118,0.23918812 -2.9709573 0.059055118,
  0.19829375 -2.8631277 0.059055118,0.11197267 -2.7866539 0.059055118] }
 coordIndex [
  51,0,1,-1,28,27,51,-1,26,23,24,-1,25,50,26,-1,52,1,2,-1,52,2,3,-1,52,29,28,-1,52,30,29,-1,
  52,51,1,-1,52,28,51,-1,53,3,4,-1,53,4,5,-1,53,31,30,-1,53,32,31,-1,53,52,3,-1,53,30,52,-1,
  54,5,6,-1,54,32,53,-1,54,33,32,-1,54,53,5,-1,55,6,7,-1,55,7,8,-1,55,54,6,-1,55,34,33,-1,
  55,35,34,-1,55,33,54,-1,56,8,9,-1,56,9,10,-1,56,36,35,-1,56,37,36,-1,56,55,8,-1,56,35,55,-1,
  57,56,10,-1,57,10,11,-1,57,11,12,-1,57,37,56,-1,57,38,37,-1,57,39,38,-1,58,12,13,-1,58,13,14,-1,
  58,40,39,-1,58,57,12,-1,58,41,40,-1,58,39,57,-1,59,41,58,-1,59,14,15,-1,59,15,16,-1,59,42,41,-1,
  59,43,42,-1,59,58,14,-1,60,16,17,-1,60,17,18,-1,60,44,43,-1,60,45,44,-1,60,43,59,-1,60,59,16,-1,
  61,18,19,-1,61,46,45,-1,61,60,18,-1,61,45,60,-1,62,19,20,-1,62,20,21,-1,62,46,61,-1,62,47,46,-1,
  62,48,47,-1,62,61,19,-1,63,48,62,-1,63,21,22,-1,63,22,23,-1,63,49,48,-1,63,50,49,-1,63,23,26,-1,
  63,26,50,-1,63,62,21,-1]
  normalPerVertex TRUE
  normal DEF NORM_125 Normal { vector [
  -0.092691599 0.70406259 -0.70406259,-0.18083706 0.70611612 -0.68461521,
  -0.35413881 0.61338641 -0.705934,-0.49795191 0.53222991 -0.68467162,
  -0.61643664 0.35589986 -0.70238248,-0.6923816 0.2273274 -0.68478462,
  -0.7270604 -0.048441691 -0.68486245,-0.6901063 -0.18491343 -0.69968587,
  -0.61438746 -0.392027 -0.68472102,-0.50186438 -0.50186438 -0.70446027,
  -0.35035702 -0.63915806 -0.68463635,-0.18308842 -0.68329529 -0.7068141,
  0 -0.72891129 -0.68460816,0.18308842 -0.68329529 -0.7068141,
  0.35035702 -0.63915806 -0.68463635,0.50186438 -0.50186438 -0.70446027,
  0.61438746 -0.392027 -0.68472102,0.6901063 -0.18491343 -0.69968587,
  0.7270604 -0.048441691 -0.68486245,0.6923816 0.2273274 -0.68478462,
  0.61643664 0.35589986 -0.70238248,0.49795191 0.53222991 -0.68467162,
  0.35413881 0.61338641 -0.705934,0.18083706 0.70611612 -0.68461521,
  0.092691599 0.70406259 -0.70406259,0.092691599 0.70406259 -0.70406259,
  0.14239671 0.69325338 -0.70648633,-0.092691599 0.70406259 -0.70406259,
  -0.1732148 0.66937254 -0.7224521,-0.35296894 0.61136014 -0.70827375,
  -0.47599206 0.50115412 -0.72268673,-0.60833502 0.35122239 -0.71173825,
  -0.65886941 0.20721275 -0.72315557,-0.68943323 -0.035524633 -0.72347759,
  -0.675992 -0.18113151 -0.71430119,-0.58618107 -0.36581283 -0.72289191,
  -0.49814254 -0.49814254 -0.7097239,-0.33533802 -0.6045529 -0.7225401,
  -0.18293701 -0.68273023 -0.7073991,0 -0.69145162 -0.72242276,
  0.18293701 -0.68273023 -0.7073991,0.33533802 -0.6045529 -0.7225401,
  0.49814254 -0.49814254 -0.7097239,0.58618107 -0.36581283 -0.72289191,
  0.675992 -0.18113151 -0.71430119,0.68943323 -0.035524633 -0.72347759,
  0.65886941 0.20721275 -0.72315557,0.60833502 0.35122239 -0.71173825,
  0.47599206 0.50115412 -0.72268673,0.35296894 0.61136014 -0.70827375,
  0.1732148 0.66937254 -0.7224521,-0.14239671 0.69325338 -0.70648633,
  -0.33439764 0.615429 -0.7137404,-0.58769784 0.3811414 -0.71368234,
  -0.69663444 0.086147973 -0.7122352,-0.66350977 -0.22466506 -0.71363885,
  -0.47569413 -0.51412477 -0.7137162,-0.17251002 -0.67881823 -0.71375493,
  0.17251002 -0.67881823 -0.71375493,0.47569413 -0.51412477 -0.7137162,
  0.66350977 -0.22466506 -0.71363885,0.69663444 0.086147973 -0.7122352,
  0.58769784 0.3811414 -0.71368234,0.33439764 0.615429 -0.7137404] }
}
}
DEF SHAPE_126 Shape {
 appearance USE APP_2
 geometry DEF FACE_126 IndexedFaceSet {
  coord DEF COORD_126 Coordinate { point [
  0 -0.81811024 0,-0.047076535 -0.82430798 0,
  -0.090944882 -0.84247884 0,-0.12861549 -0.87138451 0,
  -0.15752116 -0.90905512 0,-0.17569202 -0.95292347 0,
  -0.18188976 -1 0,-0.17569202 -1.0470765 0,
  -0.15752116 -1.0909449 0,-0.12861549 -1.1286155 0,
  -0.090944882 -1.1575212 0,-0.047076535 -1.175692 0,
  0 -1.1818898 0,0.047076535 -1.175692 0,
  0.090944882 -1.1575212 0,0.12861549 -1.1286155 0,
  0.15752116 -1.0909449 0,0.17569202 -1.0470765 0,
  0.18188976 -1 0,0.17569202 -0.95292347 0,
  0.15752116 -0.90905512 0,0.12861549 -0.87138451 0,
  0.090944882 -0.84247884 0,0.047076535 -0.82430798 0,
  0 -0.81811024 0,0 -0.7 0.11811024,
  0 -0.75905512 0.059055118,0 -0.7 0.11811024,
  -0.077645714 -0.71022225 0.11811024,-0.15 -0.74019238 0.11811024,
  -0.21213203 -0.78786797 0.11811024,-0.25980762 -0.85 0.11811024,
  -0.28977775 -0.92235429 0.11811024,-0.3 -1 0.11811024,
  -0.28977775 -1.0776457 0.11811024,-0.25980762 -1.15 0.11811024,
  -0.21213203 -1.212132 0.11811024,-0.15 -1.2598076 0.11811024,
  -0.077645714 -1.2897777 0.11811024,0 -1.3 0.11811024,
  0.077645714 -1.2897777 0.11811024,0.15 -1.2598076 0.11811024,
  0.21213203 -1.212132 0.11811024,0.25980762 -1.15 0.11811024,
  0.28977775 -1.0776457 0.11811024,0.3 -1 0.11811024,
  0.28977775 -0.92235429 0.11811024,0.25980762 -0.85 0.11811024,
  0.21213203 -0.78786797 0.11811024,0.15 -0.74019238 0.11811024,
  0.077645714 -0.71022225 0.11811024,0 -0.75905512 0.059055118,
  -0.11197267 -0.7866539 0.059055118,-0.19829375 -0.86312771 0.059055118,
  -0.23918812 -0.9709573 0.059055118,-0.22528738 -1.0854402 0.059055118,
  -0.15977601 -1.1803498 0.059055118,-0.057661884 -1.2339435 0.059055118,
  0.057661884 -1.2339435 0.059055118,0.15977601 -1.1803498 0.059055118,
  0.22528738 -1.0854402 0.059055118,0.23918812 -0.9709573 0.059055118,
  0.19829375 -0.86312771 0.059055118,0.11197267 -0.7866539 0.059055118] }
 coordIndex [
  51,0,1,-1,28,27,51,-1,26,23,24,-1,25,50,26,-1,52,1,2,-1,52,2,3,-1,52,29,28,-1,52,30,29,-1,
  52,51,1,-1,52,28,51,-1,53,3,4,-1,53,4,5,-1,53,31,30,-1,53,32,31,-1,53,52,3,-1,53,30,52,-1,
  54,5,6,-1,54,32,53,-1,54,33,32,-1,54,53,5,-1,55,6,7,-1,55,7,8,-1,55,54,6,-1,55,34,33,-1,
  55,35,34,-1,55,33,54,-1,56,8,9,-1,56,9,10,-1,56,36,35,-1,56,37,36,-1,56,55,8,-1,56,35,55,-1,
  57,56,10,-1,57,10,11,-1,57,11,12,-1,57,37,56,-1,57,38,37,-1,57,39,38,-1,58,12,13,-1,58,13,14,-1,
  58,40,39,-1,58,57,12,-1,58,41,40,-1,58,39,57,-1,59,41,58,-1,59,14,15,-1,59,15,16,-1,59,42,41,-1,
  59,43,42,-1,59,58,14,-1,60,16,17,-1,60,17,18,-1,60,44,43,-1,60,45,44,-1,60,43,59,-1,60,59,16,-1,
  61,18,19,-1,61,46,45,-1,61,60,18,-1,61,45,60,-1,62,19,20,-1,62,20,21,-1,62,46,61,-1,62,47,46,-1,
  62,48,47,-1,62,61,19,-1,63,48,62,-1,63,21,22,-1,63,22,23,-1,63,49,48,-1,63,50,49,-1,63,23,26,-1,
  63,26,50,-1,63,62,21,-1]
  normalPerVertex TRUE
  normal DEF NORM_126 Normal { vector [
  -0.092691599 0.70406259 -0.70406259,-0.18083706 0.70611612 -0.68461521,
  -0.35413881 0.61338641 -0.705934,-0.49795191 0.53222991 -0.68467162,
  -0.61643664 0.35589986 -0.70238248,-0.6923816 0.2273274 -0.68478462,
  -0.7270604 -0.048441691 -0.68486245,-0.6901063 -0.18491343 -0.69968587,
  -0.61438746 -0.392027 -0.68472102,-0.50186438 -0.50186438 -0.70446027,
  -0.35035702 -0.63915806 -0.68463635,-0.18308842 -0.68329529 -0.7068141,
  0 -0.72891129 -0.68460816,0.18308842 -0.68329529 -0.7068141,
  0.35035702 -0.63915806 -0.68463635,0.50186438 -0.50186438 -0.70446027,
  0.61438746 -0.392027 -0.68472102,0.6901063 -0.18491343 -0.69968587,
  0.7270604 -0.048441691 -0.68486245,0.6923816 0.2273274 -0.68478462,
  0.61643664 0.35589986 -0.70238248,0.49795191 0.53222991 -0.68467162,
  0.35413881 0.61338641 -0.705934,0.18083706 0.70611612 -0.68461521,
  0.092691599 0.70406259 -0.70406259,0.092691599 0.70406259 -0.70406259,
  0.14239671 0.69325338 -0.70648633,-0.092691599 0.70406259 -0.70406259,
  -0.1732148 0.66937254 -0.7224521,-0.35296894 0.61136014 -0.70827375,
  -0.47599206 0.50115412 -0.72268673,-0.60833502 0.35122239 -0.71173825,
  -0.65886941 0.20721275 -0.72315557,-0.68943323 -0.035524633 -0.72347759,
  -0.675992 -0.18113151 -0.71430119,-0.58618107 -0.36581283 -0.72289191,
  -0.49814254 -0.49814254 -0.7097239,-0.33533802 -0.6045529 -0.7225401,
  -0.18293701 -0.68273023 -0.7073991,0 -0.69145162 -0.72242276,
  0.18293701 -0.68273023 -0.7073991,0.33533802 -0.6045529 -0.7225401,
  0.49814254 -0.49814254 -0.7097239,0.58618107 -0.36581283 -0.72289191,
  0.675992 -0.18113151 -0.71430119,0.68943323 -0.035524633 -0.72347759,
  0.65886941 0.20721275 -0.72315557,0.60833502 0.35122239 -0.71173825,
  0.47599206 0.50115412 -0.72268673,0.35296894 0.61136014 -0.70827375,
  0.1732148 0.66937254 -0.7224521,-0.14239671 0.69325338 -0.70648633,
  -0.33439764 0.615429 -0.7137404,-0.58769784 0.3811414 -0.71368234,
  -0.69663444 0.086147973 -0.7122352,-0.66350977 -0.22466506 -0.71363885,
  -0.47569413 -0.51412477 -0.7137162,-0.17251002 -0.67881823 -0.71375493,
  0.17251002 -0.67881823 -0.71375493,0.47569413 -0.51412477 -0.7137162,
  0.66350977 -0.22466506 -0.71363885,0.69663444 0.086147973 -0.7122352,
  0.58769784 0.3811414 -0.71368234,0.33439764 0.615429 -0.7137404] }
}
}
DEF SHAPE_127 Shape {
 appearance USE APP_2
 geometry DEF FACE_127 IndexedFaceSet {
  coord DEF COORD_127 Coordinate { point [
  0 -1.8181102 0,-0.047076535 -1.824308 0,
  -0.090944882 -1.8424788 0,-0.12861549 -1.8713845 0,
  -0.15752116 -1.9090551 0,-0.17569202 -1.9529235 0,
  -0.18188976 -2 0,-0.17569202 -2.0470765 0,
  -0.15752116 -2.0909449 0,-0.12861549 -2.1286155 0,
  -0.090944882 -2.1575212 0,-0.047076535 -2.175692 0,
  0 -2.1818898 0,0.047076535 -2.175692 0,
  0.090944882 -2.1575212 0,0.12861549 -2.1286155 0,
  0.15752116 -2.0909449 0,0.17569202 -2.0470765 0,
  0.18188976 -2 0,0.17569202 -1.9529235 0,
  0.15752116 -1.9090551 0,0.12861549 -1.8713845 0,
  0.090944882 -1.8424788 0,0.047076535 -1.824308 0,
  0 -1.8181102 0,0 -1.7 0.11811024,
  0 -1.7590551 0.059055118,0 -1.7 0.11811024,
  -0.077645714 -1.7102223 0.11811024,-0.15 -1.7401924 0.11811024,
  -0.21213203 -1.787868 0.11811024,-0.25980762 -1.85 0.11811024,
  -0.28977775 -1.9223543 0.11811024,-0.3 -2 0.11811024,
  -0.28977775 -2.0776457 0.11811024,-0.25980762 -2.15 0.11811024,
  -0.21213203 -2.212132 0.11811024,-0.15 -2.2598076 0.11811024,
  -0.077645714 -2.2897777 0.11811024,0 -2.3 0.11811024,
  0.077645714 -2.2897777 0.11811024,0.15 -2.2598076 0.11811024,
  0.21213203 -2.212132 0.11811024,0.25980762 -2.15 0.11811024,
  0.28977775 -2.0776457 0.11811024,0.3 -2 0.11811024,
  0.28977775 -1.9223543 0.11811024,0.25980762 -1.85 0.11811024,
  0.21213203 -1.787868 0.11811024,0.15 -1.7401924 0.11811024,
  0.077645714 -1.7102223 0.11811024,0 -1.7590551 0.059055118,
  -0.11197267 -1.7866539 0.059055118,-0.19829375 -1.8631277 0.059055118,
  -0.23918812 -1.9709573 0.059055118,-0.22528738 -2.0854402 0.059055118,
  -0.15977601 -2.1803498 0.059055118,-0.057661884 -2.2339435 0.059055118,
  0.057661884 -2.2339435 0.059055118,0.15977601 -2.1803498 0.059055118,
  0.22528738 -2.0854402 0.059055118,0.23918812 -1.9709573 0.059055118,
  0.19829375 -1.8631277 0.059055118,0.11197267 -1.7866539 0.059055118] }
 coordIndex [
  51,0,1,-1,28,27,51,-1,26,23,24,-1,25,50,26,-1,52,1,2,-1,52,2,3,-1,52,29,28,-1,52,30,29,-1,
  52,51,1,-1,52,28,51,-1,53,3,4,-1,53,4,5,-1,53,31,30,-1,53,32,31,-1,53,52,3,-1,53,30,52,-1,
  54,5,6,-1,54,32,53,-1,54,33,32,-1,54,53,5,-1,55,6,7,-1,55,7,8,-1,55,54,6,-1,55,34,33,-1,
  55,35,34,-1,55,33,54,-1,56,8,9,-1,56,9,10,-1,56,36,35,-1,56,37,36,-1,56,55,8,-1,56,35,55,-1,
  57,56,10,-1,57,10,11,-1,57,11,12,-1,57,37,56,-1,57,38,37,-1,57,39,38,-1,58,12,13,-1,58,13,14,-1,
  58,40,39,-1,58,57,12,-1,58,41,40,-1,58,39,57,-1,59,41,58,-1,59,14,15,-1,59,15,16,-1,59,42,41,-1,
  59,43,42,-1,59,58,14,-1,60,16,17,-1,60,17,18,-1,60,44,43,-1,60,45,44,-1,60,43,59,-1,60,59,16,-1,
  61,18,19,-1,61,46,45,-1,61,60,18,-1,61,45,60,-1,62,19,20,-1,62,20,21,-1,62,46,61,-1,62,47,46,-1,
  62,48,47,-1,62,61,19,-1,63,48,62,-1,63,21,22,-1,63,22,23,-1,63,49,48,-1,63,50,49,-1,63,23,26,-1,
  63,26,50,-1,63,62,21,-1]
  normalPerVertex TRUE
  normal DEF NORM_127 Normal { vector [
  -0.092691599 0.70406259 -0.70406259,-0.18083706 0.70611612 -0.68461521,
  -0.35413881 0.61338641 -0.705934,-0.49795191 0.53222991 -0.68467162,
  -0.61643664 0.35589986 -0.70238248,-0.6923816 0.2273274 -0.68478462,
  -0.7270604 -0.048441691 -0.68486245,-0.6901063 -0.18491343 -0.69968587,
  -0.61438746 -0.392027 -0.68472102,-0.50186438 -0.50186438 -0.70446027,
  -0.35035702 -0.63915806 -0.68463635,-0.18308842 -0.68329529 -0.7068141,
  0 -0.72891129 -0.68460816,0.18308842 -0.68329529 -0.7068141,
  0.35035702 -0.63915806 -0.68463635,0.50186438 -0.50186438 -0.70446027,
  0.61438746 -0.392027 -0.68472102,0.6901063 -0.18491343 -0.69968587,
  0.7270604 -0.048441691 -0.68486245,0.6923816 0.2273274 -0.68478462,
  0.61643664 0.35589986 -0.70238248,0.49795191 0.53222991 -0.68467162,
  0.35413881 0.61338641 -0.705934,0.18083706 0.70611612 -0.68461521,
  0.092691599 0.70406259 -0.70406259,0.092691599 0.70406259 -0.70406259,
  0.14239671 0.69325338 -0.70648633,-0.092691599 0.70406259 -0.70406259,
  -0.1732148 0.66937254 -0.7224521,-0.35296894 0.61136014 -0.70827375,
  -0.47599206 0.50115412 -0.72268673,-0.60833502 0.35122239 -0.71173825,
  -0.65886941 0.20721275 -0.72315557,-0.68943323 -0.035524633 -0.72347759,
  -0.675992 -0.18113151 -0.71430119,-0.58618107 -0.36581283 -0.72289191,
  -0.49814254 -0.49814254 -0.7097239,-0.33533802 -0.6045529 -0.7225401,
  -0.18293701 -0.68273023 -0.7073991,0 -0.69145162 -0.72242276,
  0.18293701 -0.68273023 -0.7073991,0.33533802 -0.6045529 -0.7225401,
  0.49814254 -0.49814254 -0.7097239,0.58618107 -0.36581283 -0.72289191,
  0.675992 -0.18113151 -0.71430119,0.68943323 -0.035524633 -0.72347759,
  0.65886941 0.20721275 -0.72315557,0.60833502 0.35122239 -0.71173825,
  0.47599206 0.50115412 -0.72268673,0.35296894 0.61136014 -0.70827375,
  0.1732148 0.66937254 -0.7224521,-0.14239671 0.69325338 -0.70648633,
  -0.33439764 0.615429 -0.7137404,-0.58769784 0.3811414 -0.71368234,
  -0.69663444 0.086147973 -0.7122352,-0.66350977 -0.22466506 -0.71363885,
  -0.47569413 -0.51412477 -0.7137162,-0.17251002 -0.67881823 -0.71375493,
  0.17251002 -0.67881823 -0.71375493,0.47569413 -0.51412477 -0.7137162,
  0.66350977 -0.22466506 -0.71363885,0.69663444 0.086147973 -0.7122352,
  0.58769784 0.3811414 -0.71368234,0.33439764 0.615429 -0.7137404] }
}
}
DEF SHAPE_128 Shape {
 appearance USE APP_2
 geometry DEF FACE_128 IndexedFaceSet {
  coord DEF COORD_128 Coordinate { point [
  3 -0.18188976 0,3.0470765 -0.17569202 0,
  3.0909449 -0.15752116 0,3.1286155 -0.12861549 0,
  3.1575212 -0.090944882 0,3.175692 -0.047076535 0,
  3.1818898 0 0,3.175692 0.047076535 0,
  3.1575212 0.090944882 0,3.1286155 0.12861549 0,
  3.0909449 0.15752116 0,3.0470765 0.17569202 0,
  3 0.18188976 0,2.9529235 0.17569202 0,
  2.9090551 0.15752116 0,2.8713845 0.12861549 0,
  2.8424788 0.090944882 0,2.824308 0.047076535 0,
  2.8181102 0 0,2.824308 -0.047076535 0,
  2.8424788 -0.090944882 0,2.8713845 -0.12861549 0,
  2.9090551 -0.15752116 0,2.9529235 -0.17569202 0,
  3 -0.18188976 0,3 -0.3 0.11811024,
  3 -0.24094488 0.059055118,3 -0.3 0.11811024,
  3.0776457 -0.28977775 0.11811024,3.15 -0.25980762 0.11811024,
  3.212132 -0.21213203 0.11811024,3.2598076 -0.15 0.11811024,
  3.2897777 -0.077645714 0.11811024,3.3 0 0.11811024,
  3.2897777 0.077645714 0.11811024,3.2598076 0.15 0.11811024,
  3.212132 0.21213203 0.11811024,3.15 0.25980762 0.11811024,
  3.0776457 0.28977775 0.11811024,3 0.3 0.11811024,
  2.9223543 0.28977775 0.11811024,2.85 0.25980762 0.11811024,
  2.787868 0.21213203 0.11811024,2.7401924 0.15 0.11811024,
  2.7102223 0.077645714 0.11811024,2.7 0 0.11811024,
  2.7102223 -0.077645714 0.11811024,2.7401924 -0.15 0.11811024,
  2.787868 -0.21213203 0.11811024,2.85 -0.25980762 0.11811024,
  2.9223543 -0.28977775 0.11811024,3 -0.24094488 0.059055118,
  3.1119727 -0.2133461 0.059055118,3.1982938 -0.13687229 0.059055118,
  3.2391881 -0.029042696 0.059055118,3.2252874 0.085440233 0.059055118,
  3.159776 0.18034983 0.059055118,3.0576619 0.23394346 0.059055118,
  2.9423381 0.23394346 0.059055118,2.840224 0.18034983 0.059055118,
  2.7747126 0.085440233 0.059055118,2.7608119 -0.029042696 0.059055118,
  2.8017062 -0.13687229 0.059055118,2.8880273 -0.2133461 0.059055118] }
 coordIndex [
  51,0,1,-1,28,27,51,-1,26,23,24,-1,25,50,26,-1,52,1,2,-1,52,2,3,-1,52,29,28,-1,52,30,29,-1,
  52,51,1,-1,52,28,51,-1,53,3,4,-1,53,4,5,-1,53,31,30,-1,53,32,31,-1,53,52,3,-1,53,30,52,-1,
  54,5,6,-1,54,32,53,-1,54,33,32,-1,54,53,5,-1,55,6,7,-1,55,7,8,-1,55,54,6,-1,55,34,33,-1,
  55,35,34,-1,55,33,54,-1,56,8,9,-1,56,9,10,-1,56,36,35,-1,56,37,36,-1,56,55,8,-1,56,35,55,-1,
  57,56,10,-1,57,10,11,-1,57,11,12,-1,57,37,56,-1,57,38,37,-1,57,39,38,-1,58,12,13,-1,58,13,14,-1,
  58,40,39,-1,58,57,12,-1,58,41,40,-1,58,39,57,-1,59,41,58,-1,59,14,15,-1,59,15,16,-1,59,42,41,-1,
  59,43,42,-1,59,58,14,-1,60,16,17,-1,60,17,18,-1,60,44,43,-1,60,45,44,-1,60,43,59,-1,60,59,16,-1,
  61,18,19,-1,61,46,45,-1,61,60,18,-1,61,45,60,-1,62,19,20,-1,62,20,21,-1,62,46,61,-1,62,47,46,-1,
  62,48,47,-1,62,61,19,-1,63,48,62,-1,63,21,22,-1,63,22,23,-1,63,49,48,-1,63,50,49,-1,63,23,26,-1,
  63,26,50,-1,63,62,21,-1]
  normalPerVertex TRUE
  normal DEF NORM_128 Normal { vector [
  0.092691599 -0.70406259 -0.70406259,0.18083706 -0.70611612 -0.68461521,
  0.35413881 -0.61338641 -0.705934,0.49795191 -0.53222991 -0.68467162,
  0.61643664 -0.35589986 -0.70238248,0.6923816 -0.2273274 -0.68478462,
  0.7270604 0.048441691 -0.68486245,0.6901063 0.18491343 -0.69968587,
  0.61438746 0.392027 -0.68472102,0.50186438 0.50186438 -0.70446027,
  0.35035702 0.63915806 -0.68463635,0.18308842 0.68329529 -0.7068141,
  0 0.72891129 -0.68460816,-0.18308842 0.68329529 -0.7068141,
  -0.35035702 0.63915806 -0.68463635,-0.50186438 0.50186438 -0.70446027,
  -0.61438746 0.392027 -0.68472102,-0.6901063 0.18491343 -0.69968587,
  -0.7270604 0.048441691 -0.68486245,-0.6923816 -0.2273274 -0.68478462,
  -0.61643664 -0.35589986 -0.70238248,-0.49795191 -0.53222991 -0.68467162,
  -0.35413881 -0.61338641 -0.705934,-0.18083706 -0.70611612 -0.68461521,
  -0.092691599 -0.70406259 -0.70406259,-0.092691599 -0.70406259 -0.70406259,
  -0.14239671 -0.69325338 -0.70648633,0.092691599 -0.70406259 -0.70406259,
  0.1732148 -0.66937254 -0.7224521,0.35296894 -0.61136014 -0.70827375,
  0.47599206 -0.50115412 -0.72268673,0.60833502 -0.35122239 -0.71173825,
  0.65886941 -0.20721275 -0.72315557,0.68943323 0.035524633 -0.72347759,
  0.675992 0.18113151 -0.71430119,0.58618107 0.36581283 -0.72289191,
  0.49814254 0.49814254 -0.7097239,0.33533802 0.6045529 -0.7225401,
  0.18293701 0.68273023 -0.7073991,0 0.69145162 -0.72242276,
  -0.18293701 0.68273023 -0.7073991,-0.33533802 0.6045529 -0.7225401,
  -0.49814254 0.49814254 -0.7097239,-0.58618107 0.36581283 -0.72289191,
  -0.675992 0.18113151 -0.71430119,-0.68943323 0.035524633 -0.72347759,
  -0.65886941 -0.20721275 -0.72315557,-0.60833502 -0.35122239 -0.71173825,
  -0.47599206 -0.50115412 -0.72268673,-0.35296894 -0.61136014 -0.70827375,
  -0.1732148 -0.66937254 -0.7224521,0.14239671 -0.69325338 -0.70648633,
  0.33439764 -0.615429 -0.7137404,0.58769784 -0.3811414 -0.71368234,
  0.69663444 -0.086147973 -0.7122352,0.66350977 0.22466506 -0.71363885,
  0.47569413 0.51412477 -0.7137162,0.17251002 0.67881823 -0.71375493,
  -0.17251002 0.67881823 -0.71375493,-0.47569413 0.51412477 -0.7137162,
  -0.66350977 0.22466506 -0.71363885,-0.69663444 -0.086147973 -0.7122352,
  -0.58769784 -0.3811414 -0.71368234,-0.33439764 -0.615429 -0.7137404] }
}
}
DEF SHAPE_129 Shape {
 appearance USE APP_2
 geometry DEF FACE_129 IndexedFaceSet {
  coord DEF COORD_129 Coordinate { point [
  0 0.18188976 0,-0.047076535 0.17569202 0,
  -0.090944882 0.15752116 0,-0.12861549 0.12861549 0,
  -0.15752116 0.090944882 0,-0.17569202 0.047076535 0,
  -0.18188976 0 0,-0.17569202 -0.047076535 0,
  -0.15752116 -0.090944882 0,-0.12861549 -0.12861549 0,
  -0.090944882 -0.15752116 0,-0.047076535 -0.17569202 0,
  0 -0.18188976 0,0.047076535 -0.17569202 0,
  0.090944882 -0.15752116 0,0.12861549 -0.12861549 0,
  0.15752116 -0.090944882 0,0.17569202 -0.047076535 0,
  0.18188976 0 0,0.17569202 0.047076535 0,
  0.15752116 0.090944882 0,0.12861549 0.12861549 0,
  0.090944882 0.15752116 0,0.047076535 0.17569202 0,
  0 0.18188976 0,0 0.3 0.11811024,
  0 0.24094488 0.059055118,0 0.3 0.11811024,
  -0.077645714 0.28977775 0.11811024,-0.15 0.25980762 0.11811024,
  -0.21213203 0.21213203 0.11811024,-0.25980762 0.15 0.11811024,
  -0.28977775 0.077645714 0.11811024,-0.3 0 0.11811024,
  -0.28977775 -0.077645714 0.11811024,-0.25980762 -0.15 0.11811024,
  -0.21213203 -0.21213203 0.11811024,-0.15 -0.25980762 0.11811024,
  -0.077645714 -0.28977775 0.11811024,0 -0.3 0.11811024,
  0.077645714 -0.28977775 0.11811024,0.15 -0.25980762 0.11811024,
  0.21213203 -0.21213203 0.11811024,0.25980762 -0.15 0.11811024,
  0.28977775 -0.077645714 0.11811024,0.3 0 0.11811024,
  0.28977775 0.077645714 0.11811024,0.25980762 0.15 0.11811024,
  0.21213203 0.21213203 0.11811024,0.15 0.25980762 0.11811024,
  0.077645714 0.28977775 0.11811024,0 0.24094488 0.059055118,
  -0.11197267 0.2133461 0.059055118,-0.19829375 0.13687229 0.059055118,
  -0.23918812 0.029042696 0.059055118,-0.22528738 -0.085440233 0.059055118,
  -0.15977601 -0.18034983 0.059055118,-0.057661884 -0.23394346 0.059055118,
  0.057661884 -0.23394346 0.059055118,0.15977601 -0.18034983 0.059055118,
  0.22528738 -0.085440233 0.059055118,0.23918812 0.029042696 0.059055118,
  0.19829375 0.13687229 0.059055118,0.11197267 0.2133461 0.059055118] }
 coordIndex [
  51,0,1,-1,28,27,51,-1,26,23,24,-1,25,50,26,-1,52,1,2,-1,52,2,3,-1,52,29,28,-1,52,30,29,-1,
  52,51,1,-1,52,28,51,-1,53,3,4,-1,53,4,5,-1,53,31,30,-1,53,32,31,-1,53,52,3,-1,53,30,52,-1,
  54,5,6,-1,54,32,53,-1,54,33,32,-1,54,53,5,-1,55,6,7,-1,55,7,8,-1,55,54,6,-1,55,34,33,-1,
  55,35,34,-1,55,33,54,-1,56,8,9,-1,56,9,10,-1,56,36,35,-1,56,37,36,-1,56,55,8,-1,56,35,55,-1,
  57,56,10,-1,57,10,11,-1,57,11,12,-1,57,37,56,-1,57,38,37,-1,57,39,38,-1,58,12,13,-1,58,13,14,-1,
  58,40,39,-1,58,57,12,-1,58,41,40,-1,58,39,57,-1,59,41,58,-1,59,14,15,-1,59,15,16,-1,59,42,41,-1,
  59,43,42,-1,59,58,14,-1,60,16,17,-1,60,17,18,-1,60,44,43,-1,60,45,44,-1,60,43,59,-1,60,59,16,-1,
  61,18,19,-1,61,46,45,-1,61,60,18,-1,61,45,60,-1,62,19,20,-1,62,20,21,-1,62,46,61,-1,62,47,46,-1,
  62,48,47,-1,62,61,19,-1,63,48,62,-1,63,21,22,-1,63,22,23,-1,63,49,48,-1,63,50,49,-1,63,23,26,-1,
  63,26,50,-1,63,62,21,-1]
  normalPerVertex TRUE
  normal DEF NORM_129 Normal { vector [
  -0.092691599 0.70406259 -0.70406259,-0.18083706 0.70611612 -0.68461521,
  -0.35413881 0.61338641 -0.705934,-0.49795191 0.53222991 -0.68467162,
  -0.61643664 0.35589986 -0.70238248,-0.6923816 0.2273274 -0.68478462,
  -0.7270604 -0.048441691 -0.68486245,-0.6901063 -0.18491343 -0.69968587,
  -0.61438746 -0.392027 -0.68472102,-0.50186438 -0.50186438 -0.70446027,
  -0.35035702 -0.63915806 -0.68463635,-0.18308842 -0.68329529 -0.7068141,
  0 -0.72891129 -0.68460816,0.18308842 -0.68329529 -0.7068141,
  0.35035702 -0.63915806 -0.68463635,0.50186438 -0.50186438 -0.70446027,
  0.61438746 -0.392027 -0.68472102,0.6901063 -0.18491343 -0.69968587,
  0.7270604 -0.048441691 -0.68486245,0.6923816 0.2273274 -0.68478462,
  0.61643664 0.35589986 -0.70238248,0.49795191 0.53222991 -0.68467162,
  0.35413881 0.61338641 -0.705934,0.18083706 0.70611612 -0.68461521,
  0.092691599 0.70406259 -0.70406259,0.092691599 0.70406259 -0.70406259,
  0.14239671 0.69325338 -0.70648633,-0.092691599 0.70406259 -0.70406259,
  -0.1732148 0.66937254 -0.7224521,-0.35296894 0.61136014 -0.70827375,
  -0.47599206 0.50115412 -0.72268673,-0.60833502 0.35122239 -0.71173825,
  -0.65886941 0.20721275 -0.72315557,-0.68943323 -0.035524633 -0.72347759,
  -0.675992 -0.18113151 -0.71430119,-0.58618107 -0.36581283 -0.72289191,
  -0.49814254 -0.49814254 -0.7097239,-0.33533802 -0.6045529 -0.7225401,
  -0.18293701 -0.68273023 -0.7073991,0 -0.69145162 -0.72242276,
  0.18293701 -0.68273023 -0.7073991,0.33533802 -0.6045529 -0.7225401,
  0.49814254 -0.49814254 -0.7097239,0.58618107 -0.36581283 -0.72289191,
  0.675992 -0.18113151 -0.71430119,0.68943323 -0.035524633 -0.72347759,
  0.65886941 0.20721275 -0.72315557,0.60833502 0.35122239 -0.71173825,
  0.47599206 0.50115412 -0.72268673,0.35296894 0.61136014 -0.70827375,
  0.1732148 0.66937254 -0.7224521,-0.14239671 0.69325338 -0.70648633,
  -0.33439764 0.615429 -0.7137404,-0.58769784 0.3811414 -0.71368234,
  -0.69663444 0.086147973 -0.7122352,-0.66350977 -0.22466506 -0.71363885,
  -0.47569413 -0.51412477 -0.7137162,-0.17251002 -0.67881823 -0.71375493,
  0.17251002 -0.67881823 -0.71375493,0.47569413 -0.51412477 -0.7137162,
  0.66350977 -0.22466506 -0.71363885,0.69663444 0.086147973 -0.7122352,
  0.58769784 0.3811414 -0.71368234,0.33439764 0.615429 -0.7137404] }
}
}
DEF SHAPE_130 Shape {
 appearance USE APP_2
 geometry DEF FACE_130 IndexedFaceSet {
  coord DEF COORD_130 Coordinate { point [
  0 -8.8181102 0,-0.047076535 -8.824308 0,
  -0.090944882 -8.8424788 0,-0.12861549 -8.8713845 0,
  -0.15752116 -8.9090551 0,-0.17569202 -8.9529235 0,
  -0.18188976 -9 0,-0.17569202 -9.0470765 0,
  -0.15752116 -9.0909449 0,-0.12861549 -9.1286155 0,
  -0.090944882 -9.1575212 0,-0.047076535 -9.175692 0,
  0 -9.1818898 0,0.047076535 -9.175692 0,
  0.090944882 -9.1575212 0,0.12861549 -9.1286155 0,
  0.15752116 -9.0909449 0,0.17569202 -9.0470765 0,
  0.18188976 -9 0,0.17569202 -8.9529235 0,
  0.15752116 -8.9090551 0,0.12861549 -8.8713845 0,
  0.090944882 -8.8424788 0,0.047076535 -8.824308 0,
  0 -8.8181102 0,0 -8.7 0.11811024,
  0 -8.7590551 0.059055118,0 -8.7 0.11811024,
  -0.077645714 -8.7102223 0.11811024,-0.15 -8.7401924 0.11811024,
  -0.21213203 -8.787868 0.11811024,-0.25980762 -8.85 0.11811024,
  -0.28977775 -8.9223543 0.11811024,-0.3 -9 0.11811024,
  -0.28977775 -9.0776457 0.11811024,-0.25980762 -9.15 0.11811024,
  -0.21213203 -9.212132 0.11811024,-0.15 -9.2598076 0.11811024,
  -0.077645714 -9.2897777 0.11811024,0 -9.3 0.11811024,
  0.077645714 -9.2897777 0.11811024,0.15 -9.2598076 0.11811024,
  0.21213203 -9.212132 0.11811024,0.25980762 -9.15 0.11811024,
  0.28977775 -9.0776457 0.11811024,0.3 -9 0.11811024,
  0.28977775 -8.9223543 0.11811024,0.25980762 -8.85 0.11811024,
  0.21213203 -8.787868 0.11811024,0.15 -8.7401924 0.11811024,
  0.077645714 -8.7102223 0.11811024,0 -8.7590551 0.059055118,
  -0.11197267 -8.7866539 0.059055118,-0.19829375 -8.8631277 0.059055118,
  -0.23918812 -8.9709573 0.059055118,-0.22528738 -9.0854402 0.059055118,
  -0.15977601 -9.1803498 0.059055118,-0.057661884 -9.2339435 0.059055118,
  0.057661884 -9.2339435 0.059055118,0.15977601 -9.1803498 0.059055118,
  0.22528738 -9.0854402 0.059055118,0.23918812 -8.9709573 0.059055118,
  0.19829375 -8.8631277 0.059055118,0.11197267 -8.7866539 0.059055118] }
 coordIndex [
  51,0,1,-1,28,27,51,-1,26,23,24,-1,25,50,26,-1,52,1,2,-1,52,2,3,-1,52,29,28,-1,52,30,29,-1,
  52,51,1,-1,52,28,51,-1,53,3,4,-1,53,4,5,-1,53,31,30,-1,53,32,31,-1,53,52,3,-1,53,30,52,-1,
  54,5,6,-1,54,32,53,-1,54,33,32,-1,54,53,5,-1,55,6,7,-1,55,7,8,-1,55,54,6,-1,55,34,33,-1,
  55,35,34,-1,55,33,54,-1,56,8,9,-1,56,9,10,-1,56,36,35,-1,56,37,36,-1,56,55,8,-1,56,35,55,-1,
  57,56,10,-1,57,10,11,-1,57,11,12,-1,57,37,56,-1,57,38,37,-1,57,39,38,-1,58,12,13,-1,58,13,14,-1,
  58,40,39,-1,58,57,12,-1,58,41,40,-1,58,39,57,-1,59,41,58,-1,59,14,15,-1,59,15,16,-1,59,42,41,-1,
  59,43,42,-1,59,58,14,-1,60,16,17,-1,60,17,18,-1,60,44,43,-1,60,45,44,-1,60,43,59,-1,60,59,16,-1,
  61,18,19,-1,61,46,45,-1,61,60,18,-1,61,45,60,-1,62,19,20,-1,62,20,21,-1,62,46,61,-1,62,47,46,-1,
  62,48,47,-1,62,61,19,-1,63,48,62,-1,63,21,22,-1,63,22,23,-1,63,49,48,-1,63,50,49,-1,63,23,26,-1,
  63,26,50,-1,63,62,21,-1]
  normalPerVertex TRUE
  normal DEF NORM_130 Normal { vector [
  -0.092691599 0.70406259 -0.70406259,-0.18083706 0.70611612 -0.68461521,
  -0.35413881 0.61338641 -0.705934,-0.49795191 0.53222991 -0.68467162,
  -0.61643664 0.35589986 -0.70238248,-0.6923816 0.2273274 -0.68478462,
  -0.7270604 -0.048441691 -0.68486245,-0.6901063 -0.18491343 -0.69968587,
  -0.61438746 -0.392027 -0.68472102,-0.50186438 -0.50186438 -0.70446027,
  -0.35035702 -0.63915806 -0.68463635,-0.18308842 -0.68329529 -0.7068141,
  0 -0.72891129 -0.68460816,0.18308842 -0.68329529 -0.7068141,
  0.35035702 -0.63915806 -0.68463635,0.50186438 -0.50186438 -0.70446027,
  0.61438746 -0.392027 -0.68472102,0.6901063 -0.18491343 -0.69968587,
  0.7270604 -0.048441691 -0.68486245,0.6923816 0.2273274 -0.68478462,
  0.61643664 0.35589986 -0.70238248,0.49795191 0.53222991 -0.68467162,
  0.35413881 0.61338641 -0.705934,0.18083706 0.70611612 -0.68461521,
  0.092691599 0.70406259 -0.70406259,0.092691599 0.70406259 -0.70406259,
  0.14239671 0.69325338 -0.70648633,-0.092691599 0.70406259 -0.70406259,
  -0.1732148 0.66937254 -0.7224521,-0.35296894 0.61136014 -0.70827375,
  -0.47599206 0.50115412 -0.72268673,-0.60833502 0.35122239 -0.71173825,
  -0.65886941 0.20721275 -0.72315557,-0.68943323 -0.035524633 -0.72347759,
  -0.675992 -0.18113151 -0.71430119,-0.58618107 -0.36581283 -0.72289191,
  -0.49814254 -0.49814254 -0.7097239,-0.33533802 -0.6045529 -0.7225401,
  -0.18293701 -0.68273023 -0.7073991,0 -0.69145162 -0.72242276,
  0.18293701 -0.68273023 -0.7073991,0.33533802 -0.6045529 -0.7225401,
  0.49814254 -0.49814254 -0.7097239,0.58618107 -0.36581283 -0.72289191,
  0.675992 -0.18113151 -0.71430119,0.68943323 -0.035524633 -0.72347759,
  0.65886941 0.20721275 -0.72315557,0.60833502 0.35122239 -0.71173825,
  0.47599206 0.50115412 -0.72268673,0.35296894 0.61136014 -0.70827375,
  0.1732148 0.66937254 -0.7224521,-0.14239671 0.69325338 -0.70648633,
  -0.33439764 0.615429 -0.7137404,-0.58769784 0.3811414 -0.71368234,
  -0.69663444 0.086147973 -0.7122352,-0.66350977 -0.22466506 -0.71363885,
  -0.47569413 -0.51412477 -0.7137162,-0.17251002 -0.67881823 -0.71375493,
  0.17251002 -0.67881823 -0.71375493,0.47569413 -0.51412477 -0.7137162,
  0.66350977 -0.22466506 -0.71363885,0.69663444 0.086147973 -0.7122352,
  0.58769784 0.3811414 -0.71368234,0.33439764 0.615429 -0.7137404] }
}
}
DEF SHAPE_131 Shape {
 appearance USE APP_2
 geometry DEF FACE_131 IndexedFaceSet {
  coord DEF COORD_131 Coordinate { point [
  0 -7.8181102 0,-0.047076535 -7.824308 0,
  -0.090944882 -7.8424788 0,-0.12861549 -7.8713845 0,
  -0.15752116 -7.9090551 0,-0.17569202 -7.9529235 0,
  -0.18188976 -8 0,-0.17569202 -8.0470765 0,
  -0.15752116 -8.0909449 0,-0.12861549 -8.1286155 0,
  -0.090944882 -8.1575212 0,-0.047076535 -8.175692 0,
  0 -8.1818898 0,0.047076535 -8.175692 0,
  0.090944882 -8.1575212 0,0.12861549 -8.1286155 0,
  0.15752116 -8.0909449 0,0.17569202 -8.0470765 0,
  0.18188976 -8 0,0.17569202 -7.9529235 0,
  0.15752116 -7.9090551 0,0.12861549 -7.8713845 0,
  0.090944882 -7.8424788 0,0.047076535 -7.824308 0,
  0 -7.8181102 0,0 -7.7 0.11811024,
  0 -7.7590551 0.059055118,0 -7.7 0.11811024,
  -0.077645714 -7.7102223 0.11811024,-0.15 -7.7401924 0.11811024,
  -0.21213203 -7.787868 0.11811024,-0.25980762 -7.85 0.11811024,
  -0.28977775 -7.9223543 0.11811024,-0.3 -8 0.11811024,
  -0.28977775 -8.0776457 0.11811024,-0.25980762 -8.15 0.11811024,
  -0.21213203 -8.212132 0.11811024,-0.15 -8.2598076 0.11811024,
  -0.077645714 -8.2897777 0.11811024,0 -8.3 0.11811024,
  0.077645714 -8.2897777 0.11811024,0.15 -8.2598076 0.11811024,
  0.21213203 -8.212132 0.11811024,0.25980762 -8.15 0.11811024,
  0.28977775 -8.0776457 0.11811024,0.3 -8 0.11811024,
  0.28977775 -7.9223543 0.11811024,0.25980762 -7.85 0.11811024,
  0.21213203 -7.787868 0.11811024,0.15 -7.7401924 0.11811024,
  0.077645714 -7.7102223 0.11811024,0 -7.7590551 0.059055118,
  -0.11197267 -7.7866539 0.059055118,-0.19829375 -7.8631277 0.059055118,
  -0.23918812 -7.9709573 0.059055118,-0.22528738 -8.0854402 0.059055118,
  -0.15977601 -8.1803498 0.059055118,-0.057661884 -8.2339435 0.059055118,
  0.057661884 -8.2339435 0.059055118,0.15977601 -8.1803498 0.059055118,
  0.22528738 -8.0854402 0.059055118,0.23918812 -7.9709573 0.059055118,
  0.19829375 -7.8631277 0.059055118,0.11197267 -7.7866539 0.059055118] }
 coordIndex [
  51,0,1,-1,28,27,51,-1,26,23,24,-1,25,50,26,-1,52,1,2,-1,52,2,3,-1,52,29,28,-1,52,30,29,-1,
  52,51,1,-1,52,28,51,-1,53,3,4,-1,53,4,5,-1,53,31,30,-1,53,32,31,-1,53,52,3,-1,53,30,52,-1,
  54,5,6,-1,54,32,53,-1,54,33,32,-1,54,53,5,-1,55,6,7,-1,55,7,8,-1,55,54,6,-1,55,34,33,-1,
  55,35,34,-1,55,33,54,-1,56,8,9,-1,56,9,10,-1,56,36,35,-1,56,37,36,-1,56,55,8,-1,56,35,55,-1,
  57,56,10,-1,57,10,11,-1,57,11,12,-1,57,37,56,-1,57,38,37,-1,57,39,38,-1,58,12,13,-1,58,13,14,-1,
  58,40,39,-1,58,57,12,-1,58,41,40,-1,58,39,57,-1,59,41,58,-1,59,14,15,-1,59,15,16,-1,59,42,41,-1,
  59,43,42,-1,59,58,14,-1,60,16,17,-1,60,17,18,-1,60,44,43,-1,60,45,44,-1,60,43,59,-1,60,59,16,-1,
  61,18,19,-1,61,46,45,-1,61,60,18,-1,61,45,60,-1,62,19,20,-1,62,20,21,-1,62,46,61,-1,62,47,46,-1,
  62,48,47,-1,62,61,19,-1,63,48,62,-1,63,21,22,-1,63,22,23,-1,63,49,48,-1,63,50,49,-1,63,23,26,-1,
  63,26,50,-1,63,62,21,-1]
  normalPerVertex TRUE
  normal DEF NORM_131 Normal { vector [
  -0.092691599 0.70406259 -0.70406259,-0.18083706 0.70611612 -0.68461521,
  -0.35413881 0.61338641 -0.705934,-0.49795191 0.53222991 -0.68467162,
  -0.61643664 0.35589986 -0.70238248,-0.6923816 0.2273274 -0.68478462,
  -0.7270604 -0.048441691 -0.68486245,-0.6901063 -0.18491343 -0.69968587,
  -0.61438746 -0.392027 -0.68472102,-0.50186438 -0.50186438 -0.70446027,
  -0.35035702 -0.63915806 -0.68463635,-0.18308842 -0.68329529 -0.7068141,
  0 -0.72891129 -0.68460816,0.18308842 -0.68329529 -0.7068141,
  0.35035702 -0.63915806 -0.68463635,0.50186438 -0.50186438 -0.70446027,
  0.61438746 -0.392027 -0.68472102,0.6901063 -0.18491343 -0.69968587,
  0.7270604 -0.048441691 -0.68486245,0.6923816 0.2273274 -0.68478462,
  0.61643664 0.35589986 -0.70238248,0.49795191 0.53222991 -0.68467162,
  0.35413881 0.61338641 -0.705934,0.18083706 0.70611612 -0.68461521,
  0.092691599 0.70406259 -0.70406259,0.092691599 0.70406259 -0.70406259,
  0.14239671 0.69325338 -0.70648633,-0.092691599 0.70406259 -0.70406259,
  -0.1732148 0.66937254 -0.7224521,-0.35296894 0.61136014 -0.70827375,
  -0.47599206 0.50115412 -0.72268673,-0.60833502 0.35122239 -0.71173825,
  -0.65886941 0.20721275 -0.72315557,-0.68943323 -0.035524633 -0.72347759,
  -0.675992 -0.18113151 -0.71430119,-0.58618107 -0.36581283 -0.72289191,
  -0.49814254 -0.49814254 -0.7097239,-0.33533802 -0.6045529 -0.7225401,
  -0.18293701 -0.68273023 -0.7073991,0 -0.69145162 -0.72242276,
  0.18293701 -0.68273023 -0.7073991,0.33533802 -0.6045529 -0.7225401,
  0.49814254 -0.49814254 -0.7097239,0.58618107 -0.36581283 -0.72289191,
  0.675992 -0.18113151 -0.71430119,0.68943323 -0.035524633 -0.72347759,
  0.65886941 0.20721275 -0.72315557,0.60833502 0.35122239 -0.71173825,
  0.47599206 0.50115412 -0.72268673,0.35296894 0.61136014 -0.70827375,
  0.1732148 0.66937254 -0.7224521,-0.14239671 0.69325338 -0.70648633,
  -0.33439764 0.615429 -0.7137404,-0.58769784 0.3811414 -0.71368234,
  -0.69663444 0.086147973 -0.7122352,-0.66350977 -0.22466506 -0.71363885,
  -0.47569413 -0.51412477 -0.7137162,-0.17251002 -0.67881823 -0.71375493,
  0.17251002 -0.67881823 -0.71375493,0.47569413 -0.51412477 -0.7137162,
  0.66350977 -0.22466506 -0.71363885,0.69663444 0.086147973 -0.7122352,
  0.58769784 0.3811414 -0.71368234,0.33439764 0.615429 -0.7137404] }
}
}
DEF SHAPE_132 Shape {
 appearance USE APP_2
 geometry DEF FACE_132 IndexedFaceSet {
  coord DEF COORD_132 Coordinate { point [
  0 -6.8181102 0,-0.047076535 -6.824308 0,
  -0.090944882 -6.8424788 0,-0.12861549 -6.8713845 0,
  -0.15752116 -6.9090551 0,-0.17569202 -6.9529235 0,
  -0.18188976 -7 0,-0.17569202 -7.0470765 0,
  -0.15752116 -7.0909449 0,-0.12861549 -7.1286155 0,
  -0.090944882 -7.1575212 0,-0.047076535 -7.175692 0,
  0 -7.1818898 0,0.047076535 -7.175692 0,
  0.090944882 -7.1575212 0,0.12861549 -7.1286155 0,
  0.15752116 -7.0909449 0,0.17569202 -7.0470765 0,
  0.18188976 -7 0,0.17569202 -6.9529235 0,
  0.15752116 -6.9090551 0,0.12861549 -6.8713845 0,
  0.090944882 -6.8424788 0,0.047076535 -6.824308 0,
  0 -6.8181102 0,0 -6.7 0.11811024,
  0 -6.7590551 0.059055118,0 -6.7 0.11811024,
  -0.077645714 -6.7102223 0.11811024,-0.15 -6.7401924 0.11811024,
  -0.21213203 -6.787868 0.11811024,-0.25980762 -6.85 0.11811024,
  -0.28977775 -6.9223543 0.11811024,-0.3 -7 0.11811024,
  -0.28977775 -7.0776457 0.11811024,-0.25980762 -7.15 0.11811024,
  -0.21213203 -7.212132 0.11811024,-0.15 -7.2598076 0.11811024,
  -0.077645714 -7.2897777 0.11811024,0 -7.3 0.11811024,
  0.077645714 -7.2897777 0.11811024,0.15 -7.2598076 0.11811024,
  0.21213203 -7.212132 0.11811024,0.25980762 -7.15 0.11811024,
  0.28977775 -7.0776457 0.11811024,0.3 -7 0.11811024,
  0.28977775 -6.9223543 0.11811024,0.25980762 -6.85 0.11811024,
  0.21213203 -6.787868 0.11811024,0.15 -6.7401924 0.11811024,
  0.077645714 -6.7102223 0.11811024,0 -6.7590551 0.059055118,
  -0.11197267 -6.7866539 0.059055118,-0.19829375 -6.8631277 0.059055118,
  -0.23918812 -6.9709573 0.059055118,-0.22528738 -7.0854402 0.059055118,
  -0.15977601 -7.1803498 0.059055118,-0.057661884 -7.2339435 0.059055118,
  0.057661884 -7.2339435 0.059055118,0.15977601 -7.1803498 0.059055118,
  0.22528738 -7.0854402 0.059055118,0.23918812 -6.9709573 0.059055118,
  0.19829375 -6.8631277 0.059055118,0.11197267 -6.7866539 0.059055118] }
 coordIndex [
  51,0,1,-1,28,27,51,-1,26,23,24,-1,25,50,26,-1,52,1,2,-1,52,2,3,-1,52,29,28,-1,52,30,29,-1,
  52,51,1,-1,52,28,51,-1,53,3,4,-1,53,4,5,-1,53,31,30,-1,53,32,31,-1,53,52,3,-1,53,30,52,-1,
  54,5,6,-1,54,32,53,-1,54,33,32,-1,54,53,5,-1,55,6,7,-1,55,7,8,-1,55,54,6,-1,55,34,33,-1,
  55,35,34,-1,55,33,54,-1,56,8,9,-1,56,9,10,-1,56,36,35,-1,56,37,36,-1,56,55,8,-1,56,35,55,-1,
  57,56,10,-1,57,10,11,-1,57,11,12,-1,57,37,56,-1,57,38,37,-1,57,39,38,-1,58,12,13,-1,58,13,14,-1,
  58,40,39,-1,58,57,12,-1,58,41,40,-1,58,39,57,-1,59,41,58,-1,59,14,15,-1,59,15,16,-1,59,42,41,-1,
  59,43,42,-1,59,58,14,-1,60,16,17,-1,60,17,18,-1,60,44,43,-1,60,45,44,-1,60,43,59,-1,60,59,16,-1,
  61,18,19,-1,61,46,45,-1,61,60,18,-1,61,45,60,-1,62,19,20,-1,62,20,21,-1,62,46,61,-1,62,47,46,-1,
  62,48,47,-1,62,61,19,-1,63,48,62,-1,63,21,22,-1,63,22,23,-1,63,49,48,-1,63,50,49,-1,63,23,26,-1,
  63,26,50,-1,63,62,21,-1]
  normalPerVertex TRUE
  normal DEF NORM_132 Normal { vector [
  -0.092691599 0.70406259 -0.70406259,-0.18083706 0.70611612 -0.68461521,
  -0.35413881 0.61338641 -0.705934,-0.49795191 0.53222991 -0.68467162,
  -0.61643664 0.35589986 -0.70238248,-0.6923816 0.2273274 -0.68478462,
  -0.7270604 -0.048441691 -0.68486245,-0.6901063 -0.18491343 -0.69968587,
  -0.61438746 -0.392027 -0.68472102,-0.50186438 -0.50186438 -0.70446027,
  -0.35035702 -0.63915806 -0.68463635,-0.18308842 -0.68329529 -0.7068141,
  0 -0.72891129 -0.68460816,0.18308842 -0.68329529 -0.7068141,
  0.35035702 -0.63915806 -0.68463635,0.50186438 -0.50186438 -0.70446027,
  0.61438746 -0.392027 -0.68472102,0.6901063 -0.18491343 -0.69968587,
  0.7270604 -0.048441691 -0.68486245,0.6923816 0.2273274 -0.68478462,
  0.61643664 0.35589986 -0.70238248,0.49795191 0.53222991 -0.68467162,
  0.35413881 0.61338641 -0.705934,0.18083706 0.70611612 -0.68461521,
  0.092691599 0.70406259 -0.70406259,0.092691599 0.70406259 -0.70406259,
  0.14239671 0.69325338 -0.70648633,-0.092691599 0.70406259 -0.70406259,
  -0.1732148 0.66937254 -0.7224521,-0.35296894 0.61136014 -0.70827375,
  -0.47599206 0.50115412 -0.72268673,-0.60833502 0.35122239 -0.71173825,
  -0.65886941 0.20721275 -0.72315557,-0.68943323 -0.035524633 -0.72347759,
  -0.675992 -0.18113151 -0.71430119,-0.58618107 -0.36581283 -0.72289191,
  -0.49814254 -0.49814254 -0.7097239,-0.33533802 -0.6045529 -0.7225401,
  -0.18293701 -0.68273023 -0.7073991,0 -0.69145162 -0.72242276,
  0.18293701 -0.68273023 -0.7073991,0.33533802 -0.6045529 -0.7225401,
  0.49814254 -0.49814254 -0.7097239,0.58618107 -0.36581283 -0.72289191,
  0.675992 -0.18113151 -0.71430119,0.68943323 -0.035524633 -0.72347759,
  0.65886941 0.20721275 -0.72315557,0.60833502 0.35122239 -0.71173825,
  0.47599206 0.50115412 -0.72268673,0.35296894 0.61136014 -0.70827375,
  0.1732148 0.66937254 -0.7224521,-0.14239671 0.69325338 -0.70648633,
  -0.33439764 0.615429 -0.7137404,-0.58769784 0.3811414 -0.71368234,
  -0.69663444 0.086147973 -0.7122352,-0.66350977 -0.22466506 -0.71363885,
  -0.47569413 -0.51412477 -0.7137162,-0.17251002 -0.67881823 -0.71375493,
  0.17251002 -0.67881823 -0.71375493,0.47569413 -0.51412477 -0.7137162,
  0.66350977 -0.22466506 -0.71363885,0.69663444 0.086147973 -0.7122352,
  0.58769784 0.3811414 -0.71368234,0.33439764 0.615429 -0.7137404] }
}
}
DEF SHAPE_133 Shape {
 appearance USE APP_2
 geometry DEF FACE_133 IndexedFaceSet {
  coord DEF COORD_133 Coordinate { point [
  3 -7.1818898 0,3.0470765 -7.175692 0,
  3.0909449 -7.1575212 0,3.1286155 -7.1286155 0,
  3.1575212 -7.0909449 0,3.175692 -7.0470765 0,
  3.1818898 -7 0,3.175692 -6.9529235 0,
  3.1575212 -6.9090551 0,3.1286155 -6.8713845 0,
  3.0909449 -6.8424788 0,3.0470765 -6.824308 0,
  3 -6.8181102 0,2.9529235 -6.824308 0,
  2.9090551 -6.8424788 0,2.8713845 -6.8713845 0,
  2.8424788 -6.9090551 0,2.824308 -6.9529235 0,
  2.8181102 -7 0,2.824308 -7.0470765 0,
  2.8424788 -7.0909449 0,2.8713845 -7.1286155 0,
  2.9090551 -7.1575212 0,2.9529235 -7.175692 0,
  3 -7.1818898 0,3 -7.3 0.11811024,
  3 -7.2409449 0.059055118,3 -7.3 0.11811024,
  3.0776457 -7.2897777 0.11811024,3.15 -7.2598076 0.11811024,
  3.212132 -7.212132 0.11811024,3.2598076 -7.15 0.11811024,
  3.2897777 -7.0776457 0.11811024,3.3 -7 0.11811024,
  3.2897777 -6.9223543 0.11811024,3.2598076 -6.85 0.11811024,
  3.212132 -6.787868 0.11811024,3.15 -6.7401924 0.11811024,
  3.0776457 -6.7102223 0.11811024,3 -6.7 0.11811024,
  2.9223543 -6.7102223 0.11811024,2.85 -6.7401924 0.11811024,
  2.787868 -6.787868 0.11811024,2.7401924 -6.85 0.11811024,
  2.7102223 -6.9223543 0.11811024,2.7 -7 0.11811024,
  2.7102223 -7.0776457 0.11811024,2.7401924 -7.15 0.11811024,
  2.787868 -7.212132 0.11811024,2.85 -7.2598076 0.11811024,
  2.9223543 -7.2897777 0.11811024,3 -7.2409449 0.059055118,
  3.1119727 -7.2133461 0.059055118,3.1982938 -7.1368723 0.059055118,
  3.2391881 -7.0290427 0.059055118,3.2252874 -6.9145598 0.059055118,
  3.159776 -6.8196502 0.059055118,3.0576619 -6.7660565 0.059055118,
  2.9423381 -6.7660565 0.059055118,2.840224 -6.8196502 0.059055118,
  2.7747126 -6.9145598 0.059055118,2.7608119 -7.0290427 0.059055118,
  2.8017062 -7.1368723 0.059055118,2.8880273 -7.2133461 0.059055118] }
 coordIndex [
  51,0,1,-1,28,27,51,-1,26,23,24,-1,25,50,26,-1,52,1,2,-1,52,2,3,-1,52,29,28,-1,52,30,29,-1,
  52,51,1,-1,52,28,51,-1,53,3,4,-1,53,4,5,-1,53,31,30,-1,53,32,31,-1,53,52,3,-1,53,30,52,-1,
  54,5,6,-1,54,32,53,-1,54,33,32,-1,54,53,5,-1,55,6,7,-1,55,7,8,-1,55,54,6,-1,55,34,33,-1,
  55,35,34,-1,55,33,54,-1,56,8,9,-1,56,9,10,-1,56,36,35,-1,56,37,36,-1,56,55,8,-1,56,35,55,-1,
  57,56,10,-1,57,10,11,-1,57,11,12,-1,57,37,56,-1,57,38,37,-1,57,39,38,-1,58,12,13,-1,58,13,14,-1,
  58,40,39,-1,58,57,12,-1,58,41,40,-1,58,39,57,-1,59,41,58,-1,59,14,15,-1,59,15,16,-1,59,42,41,-1,
  59,43,42,-1,59,58,14,-1,60,16,17,-1,60,17,18,-1,60,44,43,-1,60,45,44,-1,60,43,59,-1,60,59,16,-1,
  61,18,19,-1,61,46,45,-1,61,60,18,-1,61,45,60,-1,62,19,20,-1,62,20,21,-1,62,46,61,-1,62,47,46,-1,
  62,48,47,-1,62,61,19,-1,63,48,62,-1,63,21,22,-1,63,22,23,-1,63,49,48,-1,63,50,49,-1,63,23,26,-1,
  63,26,50,-1,63,62,21,-1]
  normalPerVertex TRUE
  normal DEF NORM_133 Normal { vector [
  0.092691599 -0.70406259 -0.70406259,0.18083706 -0.70611612 -0.68461521,
  0.35413881 -0.61338641 -0.705934,0.49795191 -0.53222991 -0.68467162,
  0.61643664 -0.35589986 -0.70238248,0.6923816 -0.2273274 -0.68478462,
  0.7270604 0.048441691 -0.68486245,0.6901063 0.18491343 -0.69968587,
  0.61438746 0.392027 -0.68472102,0.50186438 0.50186438 -0.70446027,
  0.35035702 0.63915806 -0.68463635,0.18308842 0.68329529 -0.7068141,
  0 0.72891129 -0.68460816,-0.18308842 0.68329529 -0.7068141,
  -0.35035702 0.63915806 -0.68463635,-0.50186438 0.50186438 -0.70446027,
  -0.61438746 0.392027 -0.68472102,-0.6901063 0.18491343 -0.69968587,
  -0.7270604 0.048441691 -0.68486245,-0.6923816 -0.2273274 -0.68478462,
  -0.61643664 -0.35589986 -0.70238248,-0.49795191 -0.53222991 -0.68467162,
  -0.35413881 -0.61338641 -0.705934,-0.18083706 -0.70611612 -0.68461521,
  -0.092691599 -0.70406259 -0.70406259,-0.092691599 -0.70406259 -0.70406259,
  -0.14239671 -0.69325338 -0.70648633,0.092691599 -0.70406259 -0.70406259,
  0.1732148 -0.66937254 -0.7224521,0.35296894 -0.61136014 -0.70827375,
  0.47599206 -0.50115412 -0.72268673,0.60833502 -0.35122239 -0.71173825,
  0.65886941 -0.20721275 -0.72315557,0.68943323 0.035524633 -0.72347759,
  0.675992 0.18113151 -0.71430119,0.58618107 0.36581283 -0.72289191,
  0.49814254 0.49814254 -0.7097239,0.33533802 0.6045529 -0.7225401,
  0.18293701 0.68273023 -0.7073991,0 0.69145162 -0.72242276,
  -0.18293701 0.68273023 -0.7073991,-0.33533802 0.6045529 -0.7225401,
  -0.49814254 0.49814254 -0.7097239,-0.58618107 0.36581283 -0.72289191,
  -0.675992 0.18113151 -0.71430119,-0.68943323 0.035524633 -0.72347759,
  -0.65886941 -0.20721275 -0.72315557,-0.60833502 -0.35122239 -0.71173825,
  -0.47599206 -0.50115412 -0.72268673,-0.35296894 -0.61136014 -0.70827375,
  -0.1732148 -0.66937254 -0.7224521,0.14239671 -0.69325338 -0.70648633,
  0.33439764 -0.615429 -0.7137404,0.58769784 -0.3811414 -0.71368234,
  0.69663444 -0.086147973 -0.7122352,0.66350977 0.22466506 -0.71363885,
  0.47569413 0.51412477 -0.7137162,0.17251002 0.67881823 -0.71375493,
  -0.17251002 0.67881823 -0.71375493,-0.47569413 0.51412477 -0.7137162,
  -0.66350977 0.22466506 -0.71363885,-0.69663444 -0.086147973 -0.7122352,
  -0.58769784 -0.3811414 -0.71368234,-0.33439764 -0.615429 -0.7137404] }
}
}
DEF SHAPE_134 Shape {
 appearance USE APP_2
 geometry DEF FACE_134 IndexedFaceSet {
  coord DEF COORD_134 Coordinate { point [
  3 -9.1818898 0,3.0470765 -9.175692 0,
  3.0909449 -9.1575212 0,3.1286155 -9.1286155 0,
  3.1575212 -9.0909449 0,3.175692 -9.0470765 0,
  3.1818898 -9 0,3.175692 -8.9529235 0,
  3.1575212 -8.9090551 0,3.1286155 -8.8713845 0,
  3.0909449 -8.8424788 0,3.0470765 -8.824308 0,
  3 -8.8181102 0,2.9529235 -8.824308 0,
  2.9090551 -8.8424788 0,2.8713845 -8.8713845 0,
  2.8424788 -8.9090551 0,2.824308 -8.9529235 0,
  2.8181102 -9 0,2.824308 -9.0470765 0,
  2.8424788 -9.0909449 0,2.8713845 -9.1286155 0,
  2.9090551 -9.1575212 0,2.9529235 -9.175692 0,
  3 -9.1818898 0,3 -9.3 0.11811024,
  3 -9.2409449 0.059055118,3 -9.3 0.11811024,
  3.0776457 -9.2897777 0.11811024,3.15 -9.2598076 0.11811024,
  3.212132 -9.212132 0.11811024,3.2598076 -9.15 0.11811024,
  3.2897777 -9.0776457 0.11811024,3.3 -9 0.11811024,
  3.2897777 -8.9223543 0.11811024,3.2598076 -8.85 0.11811024,
  3.212132 -8.787868 0.11811024,3.15 -8.7401924 0.11811024,
  3.0776457 -8.7102223 0.11811024,3 -8.7 0.11811024,
  2.9223543 -8.7102223 0.11811024,2.85 -8.7401924 0.11811024,
  2.787868 -8.787868 0.11811024,2.7401924 -8.85 0.11811024,
  2.7102223 -8.9223543 0.11811024,2.7 -9 0.11811024,
  2.7102223 -9.0776457 0.11811024,2.7401924 -9.15 0.11811024,
  2.787868 -9.212132 0.11811024,2.85 -9.2598076 0.11811024,
  2.9223543 -9.2897777 0.11811024,3 -9.2409449 0.059055118,
  3.1119727 -9.2133461 0.059055118,3.1982938 -9.1368723 0.059055118,
  3.2391881 -9.0290427 0.059055118,3.2252874 -8.9145598 0.059055118,
  3.159776 -8.8196502 0.059055118,3.0576619 -8.7660565 0.059055118,
  2.9423381 -8.7660565 0.059055118,2.840224 -8.8196502 0.059055118,
  2.7747126 -8.9145598 0.059055118,2.7608119 -9.0290427 0.059055118,
  2.8017062 -9.1368723 0.059055118,2.8880273 -9.2133461 0.059055118] }
 coordIndex [
  51,0,1,-1,28,27,51,-1,26,23,24,-1,25,50,26,-1,52,1,2,-1,52,2,3,-1,52,29,28,-1,52,30,29,-1,
  52,51,1,-1,52,28,51,-1,53,3,4,-1,53,4,5,-1,53,31,30,-1,53,32,31,-1,53,52,3,-1,53,30,52,-1,
  54,5,6,-1,54,32,53,-1,54,33,32,-1,54,53,5,-1,55,6,7,-1,55,7,8,-1,55,54,6,-1,55,34,33,-1,
  55,35,34,-1,55,33,54,-1,56,8,9,-1,56,9,10,-1,56,36,35,-1,56,37,36,-1,56,55,8,-1,56,35,55,-1,
  57,56,10,-1,57,10,11,-1,57,11,12,-1,57,37,56,-1,57,38,37,-1,57,39,38,-1,58,12,13,-1,58,13,14,-1,
  58,40,39,-1,58,57,12,-1,58,41,40,-1,58,39,57,-1,59,41,58,-1,59,14,15,-1,59,15,16,-1,59,42,41,-1,
  59,43,42,-1,59,58,14,-1,60,16,17,-1,60,17,18,-1,60,44,43,-1,60,45,44,-1,60,43,59,-1,60,59,16,-1,
  61,18,19,-1,61,46,45,-1,61,60,18,-1,61,45,60,-1,62,19,20,-1,62,20,21,-1,62,46,61,-1,62,47,46,-1,
  62,48,47,-1,62,61,19,-1,63,48,62,-1,63,21,22,-1,63,22,23,-1,63,49,48,-1,63,50,49,-1,63,23,26,-1,
  63,26,50,-1,63,62,21,-1]
  normalPerVertex TRUE
  normal DEF NORM_134 Normal { vector [
  0.092691599 -0.70406259 -0.70406259,0.18083706 -0.70611612 -0.68461521,
  0.35413881 -0.61338641 -0.705934,0.49795191 -0.53222991 -0.68467162,
  0.61643664 -0.35589986 -0.70238248,0.6923816 -0.2273274 -0.68478462,
  0.7270604 0.048441691 -0.68486245,0.6901063 0.18491343 -0.69968587,
  0.61438746 0.392027 -0.68472102,0.50186438 0.50186438 -0.70446027,
  0.35035702 0.63915806 -0.68463635,0.18308842 0.68329529 -0.7068141,
  0 0.72891129 -0.68460816,-0.18308842 0.68329529 -0.7068141,
  -0.35035702 0.63915806 -0.68463635,-0.50186438 0.50186438 -0.70446027,
  -0.61438746 0.392027 -0.68472102,-0.6901063 0.18491343 -0.69968587,
  -0.7270604 0.048441691 -0.68486245,-0.6923816 -0.2273274 -0.68478462,
  -0.61643664 -0.35589986 -0.70238248,-0.49795191 -0.53222991 -0.68467162,
  -0.35413881 -0.61338641 -0.705934,-0.18083706 -0.70611612 -0.68461521,
  -0.092691599 -0.70406259 -0.70406259,-0.092691599 -0.70406259 -0.70406259,
  -0.14239671 -0.69325338 -0.70648633,0.092691599 -0.70406259 -0.70406259,
  0.1732148 -0.66937254 -0.7224521,0.35296894 -0.61136014 -0.70827375,
  0.47599206 -0.50115412 -0.72268673,0.60833502 -0.35122239 -0.71173825,
  0.65886941 -0.20721275 -0.72315557,0.68943323 0.035524633 -0.72347759,
  0.675992 0.18113151 -0.71430119,0.58618107 0.36581283 -0.72289191,
  0.49814254 0.49814254 -0.7097239,0.33533802 0.6045529 -0.7225401,
  0.18293701 0.68273023 -0.7073991,0 0.69145162 -0.72242276,
  -0.18293701 0.68273023 -0.7073991,-0.33533802 0.6045529 -0.7225401,
  -0.49814254 0.49814254 -0.7097239,-0.58618107 0.36581283 -0.72289191,
  -0.675992 0.18113151 -0.71430119,-0.68943323 0.035524633 -0.72347759,
  -0.65886941 -0.20721275 -0.72315557,-0.60833502 -0.35122239 -0.71173825,
  -0.47599206 -0.50115412 -0.72268673,-0.35296894 -0.61136014 -0.70827375,
  -0.1732148 -0.66937254 -0.7224521,0.14239671 -0.69325338 -0.70648633,
  0.33439764 -0.615429 -0.7137404,0.58769784 -0.3811414 -0.71368234,
  0.69663444 -0.086147973 -0.7122352,0.66350977 0.22466506 -0.71363885,
  0.47569413 0.51412477 -0.7137162,0.17251002 0.67881823 -0.71375493,
  -0.17251002 0.67881823 -0.71375493,-0.47569413 0.51412477 -0.7137162,
  -0.66350977 0.22466506 -0.71363885,-0.69663444 -0.086147973 -0.7122352,
  -0.58769784 -0.3811414 -0.71368234,-0.33439764 -0.615429 -0.7137404] }
}
}
DEF SHAPE_135 Shape {
 appearance USE APP_2
 geometry DEF FACE_135 IndexedFaceSet {
  coord DEF COORD_135 Coordinate { point [
  3 -8.1818898 0,3.0470765 -8.175692 0,
  3.0909449 -8.1575212 0,3.1286155 -8.1286155 0,
  3.1575212 -8.0909449 0,3.175692 -8.0470765 0,
  3.1818898 -8 0,3.175692 -7.9529235 0,
  3.1575212 -7.9090551 0,3.1286155 -7.8713845 0,
  3.0909449 -7.8424788 0,3.0470765 -7.824308 0,
  3 -7.8181102 0,2.9529235 -7.824308 0,
  2.9090551 -7.8424788 0,2.8713845 -7.8713845 0,
  2.8424788 -7.9090551 0,2.824308 -7.9529235 0,
  2.8181102 -8 0,2.824308 -8.0470765 0,
  2.8424788 -8.0909449 0,2.8713845 -8.1286155 0,
  2.9090551 -8.1575212 0,2.9529235 -8.175692 0,
  3 -8.1818898 0,3 -8.3 0.11811024,
  3 -8.2409449 0.059055118,3 -8.3 0.11811024,
  3.0776457 -8.2897777 0.11811024,3.15 -8.2598076 0.11811024,
  3.212132 -8.212132 0.11811024,3.2598076 -8.15 0.11811024,
  3.2897777 -8.0776457 0.11811024,3.3 -8 0.11811024,
  3.2897777 -7.9223543 0.11811024,3.2598076 -7.85 0.11811024,
  3.212132 -7.787868 0.11811024,3.15 -7.7401924 0.11811024,
  3.0776457 -7.7102223 0.11811024,3 -7.7 0.11811024,
  2.9223543 -7.7102223 0.11811024,2.85 -7.7401924 0.11811024,
  2.787868 -7.787868 0.11811024,2.7401924 -7.85 0.11811024,
  2.7102223 -7.9223543 0.11811024,2.7 -8 0.11811024,
  2.7102223 -8.0776457 0.11811024,2.7401924 -8.15 0.11811024,
  2.787868 -8.212132 0.11811024,2.85 -8.2598076 0.11811024,
  2.9223543 -8.2897777 0.11811024,3 -8.2409449 0.059055118,
  3.1119727 -8.2133461 0.059055118,3.1982938 -8.1368723 0.059055118,
  3.2391881 -8.0290427 0.059055118,3.2252874 -7.9145598 0.059055118,
  3.159776 -7.8196502 0.059055118,3.0576619 -7.7660565 0.059055118,
  2.9423381 -7.7660565 0.059055118,2.840224 -7.8196502 0.059055118,
  2.7747126 -7.9145598 0.059055118,2.7608119 -8.0290427 0.059055118,
  2.8017062 -8.1368723 0.059055118,2.8880273 -8.2133461 0.059055118] }
 coordIndex [
  51,0,1,-1,28,27,51,-1,26,23,24,-1,25,50,26,-1,52,1,2,-1,52,2,3,-1,52,29,28,-1,52,30,29,-1,
  52,51,1,-1,52,28,51,-1,53,3,4,-1,53,4,5,-1,53,31,30,-1,53,32,31,-1,53,52,3,-1,53,30,52,-1,
  54,5,6,-1,54,32,53,-1,54,33,32,-1,54,53,5,-1,55,6,7,-1,55,7,8,-1,55,54,6,-1,55,34,33,-1,
  55,35,34,-1,55,33,54,-1,56,8,9,-1,56,9,10,-1,56,36,35,-1,56,37,36,-1,56,55,8,-1,56,35,55,-1,
  57,56,10,-1,57,10,11,-1,57,11,12,-1,57,37,56,-1,57,38,37,-1,57,39,38,-1,58,12,13,-1,58,13,14,-1,
  58,40,39,-1,58,57,12,-1,58,41,40,-1,58,39,57,-1,59,41,58,-1,59,14,15,-1,59,15,16,-1,59,42,41,-1,
  59,43,42,-1,59,58,14,-1,60,16,17,-1,60,17,18,-1,60,44,43,-1,60,45,44,-1,60,43,59,-1,60,59,16,-1,
  61,18,19,-1,61,46,45,-1,61,60,18,-1,61,45,60,-1,62,19,20,-1,62,20,21,-1,62,46,61,-1,62,47,46,-1,
  62,48,47,-1,62,61,19,-1,63,48,62,-1,63,21,22,-1,63,22,23,-1,63,49,48,-1,63,50,49,-1,63,23,26,-1,
  63,26,50,-1,63,62,21,-1]
  normalPerVertex TRUE
  normal DEF NORM_135 Normal { vector [
  0.092691599 -0.70406259 -0.70406259,0.18083706 -0.70611612 -0.68461521,
  0.35413881 -0.61338641 -0.705934,0.49795191 -0.53222991 -0.68467162,
  0.61643664 -0.35589986 -0.70238248,0.6923816 -0.2273274 -0.68478462,
  0.7270604 0.048441691 -0.68486245,0.6901063 0.18491343 -0.69968587,
  0.61438746 0.392027 -0.68472102,0.50186438 0.50186438 -0.70446027,
  0.35035702 0.63915806 -0.68463635,0.18308842 0.68329529 -0.7068141,
  0 0.72891129 -0.68460816,-0.18308842 0.68329529 -0.7068141,
  -0.35035702 0.63915806 -0.68463635,-0.50186438 0.50186438 -0.70446027,
  -0.61438746 0.392027 -0.68472102,-0.6901063 0.18491343 -0.69968587,
  -0.7270604 0.048441691 -0.68486245,-0.6923816 -0.2273274 -0.68478462,
  -0.61643664 -0.35589986 -0.70238248,-0.49795191 -0.53222991 -0.68467162,
  -0.35413881 -0.61338641 -0.705934,-0.18083706 -0.70611612 -0.68461521,
  -0.092691599 -0.70406259 -0.70406259,-0.092691599 -0.70406259 -0.70406259,
  -0.14239671 -0.69325338 -0.70648633,0.092691599 -0.70406259 -0.70406259,
  0.1732148 -0.66937254 -0.7224521,0.35296894 -0.61136014 -0.70827375,
  0.47599206 -0.50115412 -0.72268673,0.60833502 -0.35122239 -0.71173825,
  0.65886941 -0.20721275 -0.72315557,0.68943323 0.035524633 -0.72347759,
  0.675992 0.18113151 -0.71430119,0.58618107 0.36581283 -0.72289191,
  0.49814254 0.49814254 -0.7097239,0.33533802 0.6045529 -0.7225401,
  0.18293701 0.68273023 -0.7073991,0 0.69145162 -0.72242276,
  -0.18293701 0.68273023 -0.7073991,-0.33533802 0.6045529 -0.7225401,
  -0.49814254 0.49814254 -0.7097239,-0.58618107 0.36581283 -0.72289191,
  -0.675992 0.18113151 -0.71430119,-0.68943323 0.035524633 -0.72347759,
  -0.65886941 -0.20721275 -0.72315557,-0.60833502 -0.35122239 -0.71173825,
  -0.47599206 -0.50115412 -0.72268673,-0.35296894 -0.61136014 -0.70827375,
  -0.1732148 -0.66937254 -0.7224521,0.14239671 -0.69325338 -0.70648633,
  0.33439764 -0.615429 -0.7137404,0.58769784 -0.3811414 -0.71368234,
  0.69663444 -0.086147973 -0.7122352,0.66350977 0.22466506 -0.71363885,
  0.47569413 0.51412477 -0.7137162,0.17251002 0.67881823 -0.71375493,
  -0.17251002 0.67881823 -0.71375493,-0.47569413 0.51412477 -0.7137162,
  -0.66350977 0.22466506 -0.71363885,-0.69663444 -0.086147973 -0.7122352,
  -0.58769784 -0.3811414 -0.71368234,-0.33439764 -0.615429 -0.7137404] }
}
}
DEF SHAPE_136 Shape {
 appearance USE APP_2
 geometry DEF FACE_136 IndexedFaceSet {
  coord DEF COORD_136 Coordinate { point [
  3 -5.1818898 0,3.0470765 -5.175692 0,
  3.0909449 -5.1575212 0,3.1286155 -5.1286155 0,
  3.1575212 -5.0909449 0,3.175692 -5.0470765 0,
  3.1818898 -5 0,3.175692 -4.9529235 0,
  3.1575212 -4.9090551 0,3.1286155 -4.8713845 0,
  3.0909449 -4.8424788 0,3.0470765 -4.824308 0,
  3 -4.8181102 0,2.9529235 -4.824308 0,
  2.9090551 -4.8424788 0,2.8713845 -4.8713845 0,
  2.8424788 -4.9090551 0,2.824308 -4.9529235 0,
  2.8181102 -5 0,2.824308 -5.0470765 0,
  2.8424788 -5.0909449 0,2.8713845 -5.1286155 0,
  2.9090551 -5.1575212 0,2.9529235 -5.175692 0,
  3 -5.1818898 0,3 -5.3 0.11811024,
  3 -5.2409449 0.059055118,3 -5.3 0.11811024,
  3.0776457 -5.2897777 0.11811024,3.15 -5.2598076 0.11811024,
  3.212132 -5.212132 0.11811024,3.2598076 -5.15 0.11811024,
  3.2897777 -5.0776457 0.11811024,3.3 -5 0.11811024,
  3.2897777 -4.9223543 0.11811024,3.2598076 -4.85 0.11811024,
  3.212132 -4.787868 0.11811024,3.15 -4.7401924 0.11811024,
  3.0776457 -4.7102223 0.11811024,3 -4.7 0.11811024,
  2.9223543 -4.7102223 0.11811024,2.85 -4.7401924 0.11811024,
  2.787868 -4.787868 0.11811024,2.7401924 -4.85 0.11811024,
  2.7102223 -4.9223543 0.11811024,2.7 -5 0.11811024,
  2.7102223 -5.0776457 0.11811024,2.7401924 -5.15 0.11811024,
  2.787868 -5.212132 0.11811024,2.85 -5.2598076 0.11811024,
  2.9223543 -5.2897777 0.11811024,3 -5.2409449 0.059055118,
  3.1119727 -5.2133461 0.059055118,3.1982938 -5.1368723 0.059055118,
  3.2391881 -5.0290427 0.059055118,3.2252874 -4.9145598 0.059055118,
  3.159776 -4.8196502 0.059055118,3.0576619 -4.7660565 0.059055118,
  2.9423381 -4.7660565 0.059055118,2.840224 -4.8196502 0.059055118,
  2.7747126 -4.9145598 0.059055118,2.7608119 -5.0290427 0.059055118,
  2.8017062 -5.1368723 0.059055118,2.8880273 -5.2133461 0.059055118] }
 coordIndex [
  51,0,1,-1,28,27,51,-1,26,23,24,-1,25,50,26,-1,52,1,2,-1,52,2,3,-1,52,29,28,-1,52,30,29,-1,
  52,51,1,-1,52,28,51,-1,53,3,4,-1,53,4,5,-1,53,31,30,-1,53,32,31,-1,53,52,3,-1,53,30,52,-1,
  54,5,6,-1,54,32,53,-1,54,33,32,-1,54,53,5,-1,55,6,7,-1,55,7,8,-1,55,54,6,-1,55,34,33,-1,
  55,35,34,-1,55,33,54,-1,56,8,9,-1,56,9,10,-1,56,36,35,-1,56,37,36,-1,56,55,8,-1,56,35,55,-1,
  57,56,10,-1,57,10,11,-1,57,11,12,-1,57,37,56,-1,57,38,37,-1,57,39,38,-1,58,12,13,-1,58,13,14,-1,
  58,40,39,-1,58,57,12,-1,58,41,40,-1,58,39,57,-1,59,41,58,-1,59,14,15,-1,59,15,16,-1,59,42,41,-1,
  59,43,42,-1,59,58,14,-1,60,16,17,-1,60,17,18,-1,60,44,43,-1,60,45,44,-1,60,43,59,-1,60,59,16,-1,
  61,18,19,-1,61,46,45,-1,61,60,18,-1,61,45,60,-1,62,19,20,-1,62,20,21,-1,62,46,61,-1,62,47,46,-1,
  62,48,47,-1,62,61,19,-1,63,48,62,-1,63,21,22,-1,63,22,23,-1,63,49,48,-1,63,50,49,-1,63,23,26,-1,
  63,26,50,-1,63,62,21,-1]
  normalPerVertex TRUE
  normal DEF NORM_136 Normal { vector [
  0.092691599 -0.70406259 -0.70406259,0.18083706 -0.70611612 -0.68461521,
  0.35413881 -0.61338641 -0.705934,0.49795191 -0.53222991 -0.68467162,
  0.61643664 -0.35589986 -0.70238248,0.6923816 -0.2273274 -0.68478462,
  0.7270604 0.048441691 -0.68486245,0.6901063 0.18491343 -0.69968587,
  0.61438746 0.392027 -0.68472102,0.50186438 0.50186438 -0.70446027,
  0.35035702 0.63915806 -0.68463635,0.18308842 0.68329529 -0.7068141,
  0 0.72891129 -0.68460816,-0.18308842 0.68329529 -0.7068141,
  -0.35035702 0.63915806 -0.68463635,-0.50186438 0.50186438 -0.70446027,
  -0.61438746 0.392027 -0.68472102,-0.6901063 0.18491343 -0.69968587,
  -0.7270604 0.048441691 -0.68486245,-0.6923816 -0.2273274 -0.68478462,
  -0.61643664 -0.35589986 -0.70238248,-0.49795191 -0.53222991 -0.68467162,
  -0.35413881 -0.61338641 -0.705934,-0.18083706 -0.70611612 -0.68461521,
  -0.092691599 -0.70406259 -0.70406259,-0.092691599 -0.70406259 -0.70406259,
  -0.14239671 -0.69325338 -0.70648633,0.092691599 -0.70406259 -0.70406259,
  0.1732148 -0.66937254 -0.7224521,0.35296894 -0.61136014 -0.70827375,
  0.47599206 -0.50115412 -0.72268673,0.60833502 -0.35122239 -0.71173825,
  0.65886941 -0.20721275 -0.72315557,0.68943323 0.035524633 -0.72347759,
  0.675992 0.18113151 -0.71430119,0.58618107 0.36581283 -0.72289191,
  0.49814254 0.49814254 -0.7097239,0.33533802 0.6045529 -0.7225401,
  0.18293701 0.68273023 -0.7073991,0 0.69145162 -0.72242276,
  -0.18293701 0.68273023 -0.7073991,-0.33533802 0.6045529 -0.7225401,
  -0.49814254 0.49814254 -0.7097239,-0.58618107 0.36581283 -0.72289191,
  -0.675992 0.18113151 -0.71430119,-0.68943323 0.035524633 -0.72347759,
  -0.65886941 -0.20721275 -0.72315557,-0.60833502 -0.35122239 -0.71173825,
  -0.47599206 -0.50115412 -0.72268673,-0.35296894 -0.61136014 -0.70827375,
  -0.1732148 -0.66937254 -0.7224521,0.14239671 -0.69325338 -0.70648633,
  0.33439764 -0.615429 -0.7137404,0.58769784 -0.3811414 -0.71368234,
  0.69663444 -0.086147973 -0.7122352,0.66350977 0.22466506 -0.71363885,
  0.47569413 0.51412477 -0.7137162,0.17251002 0.67881823 -0.71375493,
  -0.17251002 0.67881823 -0.71375493,-0.47569413 0.51412477 -0.7137162,
  -0.66350977 0.22466506 -0.71363885,-0.69663444 -0.086147973 -0.7122352,
  -0.58769784 -0.3811414 -0.71368234,-0.33439764 -0.615429 -0.7137404] }
}
}
DEF SHAPE_137 Shape {
 appearance USE APP_2
 geometry DEF FACE_137 IndexedFaceSet {
  coord DEF COORD_137 Coordinate { point [
  0 -4.8181102 0,-0.047076535 -4.824308 0,
  -0.090944882 -4.8424788 0,-0.12861549 -4.8713845 0,
  -0.15752116 -4.9090551 0,-0.17569202 -4.9529235 0,
  -0.18188976 -5 0,-0.17569202 -5.0470765 0,
  -0.15752116 -5.0909449 0,-0.12861549 -5.1286155 0,
  -0.090944882 -5.1575212 0,-0.047076535 -5.175692 0,
  0 -5.1818898 0,0.047076535 -5.175692 0,
  0.090944882 -5.1575212 0,0.12861549 -5.1286155 0,
  0.15752116 -5.0909449 0,0.17569202 -5.0470765 0,
  0.18188976 -5 0,0.17569202 -4.9529235 0,
  0.15752116 -4.9090551 0,0.12861549 -4.8713845 0,
  0.090944882 -4.8424788 0,0.047076535 -4.824308 0,
  0 -4.8181102 0,0 -4.7 0.11811024,
  0 -4.7590551 0.059055118,0 -4.7 0.11811024,
  -0.077645714 -4.7102223 0.11811024,-0.15 -4.7401924 0.11811024,
  -0.21213203 -4.787868 0.11811024,-0.25980762 -4.85 0.11811024,
  -0.28977775 -4.9223543 0.11811024,-0.3 -5 0.11811024,
  -0.28977775 -5.0776457 0.11811024,-0.25980762 -5.15 0.11811024,
  -0.21213203 -5.212132 0.11811024,-0.15 -5.2598076 0.11811024,
  -0.077645714 -5.2897777 0.11811024,0 -5.3 0.11811024,
  0.077645714 -5.2897777 0.11811024,0.15 -5.2598076 0.11811024,
  0.21213203 -5.212132 0.11811024,0.25980762 -5.15 0.11811024,
  0.28977775 -5.0776457 0.11811024,0.3 -5 0.11811024,
  0.28977775 -4.9223543 0.11811024,0.25980762 -4.85 0.11811024,
  0.21213203 -4.787868 0.11811024,0.15 -4.7401924 0.11811024,
  0.077645714 -4.7102223 0.11811024,0 -4.7590551 0.059055118,
  -0.11197267 -4.7866539 0.059055118,-0.19829375 -4.8631277 0.059055118,
  -0.23918812 -4.9709573 0.059055118,-0.22528738 -5.0854402 0.059055118,
  -0.15977601 -5.1803498 0.059055118,-0.057661884 -5.2339435 0.059055118,
  0.057661884 -5.2339435 0.059055118,0.15977601 -5.1803498 0.059055118,
  0.22528738 -5.0854402 0.059055118,0.23918812 -4.9709573 0.059055118,
  0.19829375 -4.8631277 0.059055118,0.11197267 -4.7866539 0.059055118] }
 coordIndex [
  51,0,1,-1,28,27,51,-1,26,23,24,-1,25,50,26,-1,52,1,2,-1,52,2,3,-1,52,29,28,-1,52,30,29,-1,
  52,51,1,-1,52,28,51,-1,53,3,4,-1,53,4,5,-1,53,31,30,-1,53,32,31,-1,53,52,3,-1,53,30,52,-1,
  54,5,6,-1,54,32,53,-1,54,33,32,-1,54,53,5,-1,55,6,7,-1,55,7,8,-1,55,54,6,-1,55,34,33,-1,
  55,35,34,-1,55,33,54,-1,56,8,9,-1,56,9,10,-1,56,36,35,-1,56,37,36,-1,56,55,8,-1,56,35,55,-1,
  57,56,10,-1,57,10,11,-1,57,11,12,-1,57,37,56,-1,57,38,37,-1,57,39,38,-1,58,12,13,-1,58,13,14,-1,
  58,40,39,-1,58,57,12,-1,58,41,40,-1,58,39,57,-1,59,41,58,-1,59,14,15,-1,59,15,16,-1,59,42,41,-1,
  59,43,42,-1,59,58,14,-1,60,16,17,-1,60,17,18,-1,60,44,43,-1,60,45,44,-1,60,43,59,-1,60,59,16,-1,
  61,18,19,-1,61,46,45,-1,61,60,18,-1,61,45,60,-1,62,19,20,-1,62,20,21,-1,62,46,61,-1,62,47,46,-1,
  62,48,47,-1,62,61,19,-1,63,48,62,-1,63,21,22,-1,63,22,23,-1,63,49,48,-1,63,50,49,-1,63,23,26,-1,
  63,26,50,-1,63,62,21,-1]
  normalPerVertex TRUE
  normal DEF NORM_137 Normal { vector [
  -0.092691599 0.70406259 -0.70406259,-0.18083706 0.70611612 -0.68461521,
  -0.35413881 0.61338641 -0.705934,-0.49795191 0.53222991 -0.68467162,
  -0.61643664 0.35589986 -0.70238248,-0.6923816 0.2273274 -0.68478462,
  -0.7270604 -0.048441691 -0.68486245,-0.6901063 -0.18491343 -0.69968587,
  -0.61438746 -0.392027 -0.68472102,-0.50186438 -0.50186438 -0.70446027,
  -0.35035702 -0.63915806 -0.68463635,-0.18308842 -0.68329529 -0.7068141,
  0 -0.72891129 -0.68460816,0.18308842 -0.68329529 -0.7068141,
  0.35035702 -0.63915806 -0.68463635,0.50186438 -0.50186438 -0.70446027,
  0.61438746 -0.392027 -0.68472102,0.6901063 -0.18491343 -0.69968587,
  0.7270604 -0.048441691 -0.68486245,0.6923816 0.2273274 -0.68478462,
  0.61643664 0.35589986 -0.70238248,0.49795191 0.53222991 -0.68467162,
  0.35413881 0.61338641 -0.705934,0.18083706 0.70611612 -0.68461521,
  0.092691599 0.70406259 -0.70406259,0.092691599 0.70406259 -0.70406259,
  0.14239671 0.69325338 -0.70648633,-0.092691599 0.70406259 -0.70406259,
  -0.1732148 0.66937254 -0.7224521,-0.35296894 0.61136014 -0.70827375,
  -0.47599206 0.50115412 -0.72268673,-0.60833502 0.35122239 -0.71173825,
  -0.65886941 0.20721275 -0.72315557,-0.68943323 -0.035524633 -0.72347759,
  -0.675992 -0.18113151 -0.71430119,-0.58618107 -0.36581283 -0.72289191,
  -0.49814254 -0.49814254 -0.7097239,-0.33533802 -0.6045529 -0.7225401,
  -0.18293701 -0.68273023 -0.7073991,0 -0.69145162 -0.72242276,
  0.18293701 -0.68273023 -0.7073991,0.33533802 -0.6045529 -0.7225401,
  0.49814254 -0.49814254 -0.7097239,0.58618107 -0.36581283 -0.72289191,
  0.675992 -0.18113151 -0.71430119,0.68943323 -0.035524633 -0.72347759,
  0.65886941 0.20721275 -0.72315557,0.60833502 0.35122239 -0.71173825,
  0.47599206 0.50115412 -0.72268673,0.35296894 0.61136014 -0.70827375,
  0.1732148 0.66937254 -0.7224521,-0.14239671 0.69325338 -0.70648633,
  -0.33439764 0.615429 -0.7137404,-0.58769784 0.3811414 -0.71368234,
  -0.69663444 0.086147973 -0.7122352,-0.66350977 -0.22466506 -0.71363885,
  -0.47569413 -0.51412477 -0.7137162,-0.17251002 -0.67881823 -0.71375493,
  0.17251002 -0.67881823 -0.71375493,0.47569413 -0.51412477 -0.7137162,
  0.66350977 -0.22466506 -0.71363885,0.69663444 0.086147973 -0.7122352,
  0.58769784 0.3811414 -0.71368234,0.33439764 0.615429 -0.7137404] }
}
}
DEF SHAPE_138 Shape {
 appearance USE APP_2
 geometry DEF FACE_138 IndexedFaceSet {
  coord DEF COORD_138 Coordinate { point [
  0 -5.8181102 0,-0.047076535 -5.824308 0,
  -0.090944882 -5.8424788 0,-0.12861549 -5.8713845 0,
  -0.15752116 -5.9090551 0,-0.17569202 -5.9529235 0,
  -0.18188976 -6 0,-0.17569202 -6.0470765 0,
  -0.15752116 -6.0909449 0,-0.12861549 -6.1286155 0,
  -0.090944882 -6.1575212 0,-0.047076535 -6.175692 0,
  0 -6.1818898 0,0.047076535 -6.175692 0,
  0.090944882 -6.1575212 0,0.12861549 -6.1286155 0,
  0.15752116 -6.0909449 0,0.17569202 -6.0470765 0,
  0.18188976 -6 0,0.17569202 -5.9529235 0,
  0.15752116 -5.9090551 0,0.12861549 -5.8713845 0,
  0.090944882 -5.8424788 0,0.047076535 -5.824308 0,
  0 -5.8181102 0,0 -5.7 0.11811024,
  0 -5.7590551 0.059055118,0 -5.7 0.11811024,
  -0.077645714 -5.7102223 0.11811024,-0.15 -5.7401924 0.11811024,
  -0.21213203 -5.787868 0.11811024,-0.25980762 -5.85 0.11811024,
  -0.28977775 -5.9223543 0.11811024,-0.3 -6 0.11811024,
  -0.28977775 -6.0776457 0.11811024,-0.25980762 -6.15 0.11811024,
  -0.21213203 -6.212132 0.11811024,-0.15 -6.2598076 0.11811024,
  -0.077645714 -6.2897777 0.11811024,0 -6.3 0.11811024,
  0.077645714 -6.2897777 0.11811024,0.15 -6.2598076 0.11811024,
  0.21213203 -6.212132 0.11811024,0.25980762 -6.15 0.11811024,
  0.28977775 -6.0776457 0.11811024,0.3 -6 0.11811024,
  0.28977775 -5.9223543 0.11811024,0.25980762 -5.85 0.11811024,
  0.21213203 -5.787868 0.11811024,0.15 -5.7401924 0.11811024,
  0.077645714 -5.7102223 0.11811024,0 -5.7590551 0.059055118,
  -0.11197267 -5.7866539 0.059055118,-0.19829375 -5.8631277 0.059055118,
  -0.23918812 -5.9709573 0.059055118,-0.22528738 -6.0854402 0.059055118,
  -0.15977601 -6.1803498 0.059055118,-0.057661884 -6.2339435 0.059055118,
  0.057661884 -6.2339435 0.059055118,0.15977601 -6.1803498 0.059055118,
  0.22528738 -6.0854402 0.059055118,0.23918812 -5.9709573 0.059055118,
  0.19829375 -5.8631277 0.059055118,0.11197267 -5.7866539 0.059055118] }
 coordIndex [
  51,0,1,-1,28,27,51,-1,26,23,24,-1,25,50,26,-1,52,1,2,-1,52,2,3,-1,52,29,28,-1,52,30,29,-1,
  52,51,1,-1,52,28,51,-1,53,3,4,-1,53,4,5,-1,53,31,30,-1,53,32,31,-1,53,52,3,-1,53,30,52,-1,
  54,5,6,-1,54,32,53,-1,54,33,32,-1,54,53,5,-1,55,6,7,-1,55,7,8,-1,55,54,6,-1,55,34,33,-1,
  55,35,34,-1,55,33,54,-1,56,8,9,-1,56,9,10,-1,56,36,35,-1,56,37,36,-1,56,55,8,-1,56,35,55,-1,
  57,56,10,-1,57,10,11,-1,57,11,12,-1,57,37,56,-1,57,38,37,-1,57,39,38,-1,58,12,13,-1,58,13,14,-1,
  58,40,39,-1,58,57,12,-1,58,41,40,-1,58,39,57,-1,59,41,58,-1,59,14,15,-1,59,15,16,-1,59,42,41,-1,
  59,43,42,-1,59,58,14,-1,60,16,17,-1,60,17,18,-1,60,44,43,-1,60,45,44,-1,60,43,59,-1,60,59,16,-1,
  61,18,19,-1,61,46,45,-1,61,60,18,-1,61,45,60,-1,62,19,20,-1,62,20,21,-1,62,46,61,-1,62,47,46,-1,
  62,48,47,-1,62,61,19,-1,63,48,62,-1,63,26,50,-1,63,21,22,-1,63,22,23,-1,63,23,26,-1,63,49,48,-1,
  63,50,49,-1,63,62,21,-1]
  normalPerVertex TRUE
  normal DEF NORM_138 Normal { vector [
  -0.092691599 0.70406259 -0.70406259,-0.18083706 0.70611612 -0.68461521,
  -0.35413881 0.61338641 -0.705934,-0.49795191 0.53222991 -0.68467162,
  -0.61643664 0.35589986 -0.70238248,-0.6923816 0.2273274 -0.68478462,
  -0.7270604 -0.048441691 -0.68486245,-0.6901063 -0.18491343 -0.69968587,
  -0.61438746 -0.392027 -0.68472102,-0.50186438 -0.50186438 -0.70446027,
  -0.35035702 -0.63915806 -0.68463635,-0.18308842 -0.68329529 -0.7068141,
  0 -0.72891129 -0.68460816,0.18308842 -0.68329529 -0.7068141,
  0.35035702 -0.63915806 -0.68463635,0.50186438 -0.50186438 -0.70446027,
  0.61438746 -0.392027 -0.68472102,0.6901063 -0.18491343 -0.69968587,
  0.7270604 -0.048441691 -0.68486245,0.6923816 0.2273274 -0.68478462,
  0.61643664 0.35589986 -0.70238248,0.49795191 0.53222991 -0.68467162,
  0.35413881 0.61338641 -0.705934,0.18083706 0.70611612 -0.68461521,
  0.092691599 0.70406259 -0.70406259,0.092691599 0.70406259 -0.70406259,
  0.14239671 0.69325338 -0.70648633,-0.092691599 0.70406259 -0.70406259,
  -0.1732148 0.66937254 -0.7224521,-0.35296894 0.61136014 -0.70827375,
  -0.47599206 0.50115412 -0.72268673,-0.60833502 0.35122239 -0.71173825,
  -0.65886941 0.20721275 -0.72315557,-0.68943323 -0.035524633 -0.72347759,
  -0.675992 -0.18113151 -0.71430119,-0.58618107 -0.36581283 -0.72289191,
  -0.49814254 -0.49814254 -0.7097239,-0.33533802 -0.6045529 -0.7225401,
  -0.18293701 -0.68273023 -0.7073991,0 -0.69145162 -0.72242276,
  0.18293701 -0.68273023 -0.7073991,0.33533802 -0.6045529 -0.7225401,
  0.49814254 -0.49814254 -0.7097239,0.58618107 -0.36581283 -0.72289191,
  0.675992 -0.18113151 -0.71430119,0.68943323 -0.035524633 -0.72347759,
  0.65886941 0.20721275 -0.72315557,0.60833502 0.35122239 -0.71173825,
  0.47599206 0.50115412 -0.72268673,0.35296894 0.61136014 -0.70827375,
  0.1732148 0.66937254 -0.7224521,-0.14239671 0.69325338 -0.70648633,
  -0.33439764 0.615429 -0.7137404,-0.58769784 0.3811414 -0.71368234,
  -0.69663444 0.086147973 -0.7122352,-0.66350977 -0.22466506 -0.71363885,
  -0.47569413 -0.51412477 -0.7137162,-0.17251002 -0.67881823 -0.71375493,
  0.17251002 -0.67881823 -0.71375493,0.47569413 -0.51412477 -0.7137162,
  0.66350977 -0.22466506 -0.71363885,0.69663444 0.086147973 -0.7122352,
  0.58769784 0.3811414 -0.71368234,0.33439764 0.615429 -0.7137404] }
}
}
DEF SHAPE_139 Shape {
 appearance USE APP_2
 geometry DEF FACE_139 IndexedFaceSet {
  coord DEF COORD_139 Coordinate { point [
  3 -6.1818898 0,3.0470765 -6.175692 0,
  3.0909449 -6.1575212 0,3.1286155 -6.1286155 0,
  3.1575212 -6.0909449 0,3.175692 -6.0470765 0,
  3.1818898 -6 0,3.175692 -5.9529235 0,
  3.1575212 -5.9090551 0,3.1286155 -5.8713845 0,
  3.0909449 -5.8424788 0,3.0470765 -5.824308 0,
  3 -5.8181102 0,2.9529235 -5.824308 0,
  2.9090551 -5.8424788 0,2.8713845 -5.8713845 0,
  2.8424788 -5.9090551 0,2.824308 -5.9529235 0,
  2.8181102 -6 0,2.824308 -6.0470765 0,
  2.8424788 -6.0909449 0,2.8713845 -6.1286155 0,
  2.9090551 -6.1575212 0,2.9529235 -6.175692 0,
  3 -6.1818898 0,3 -6.3 0.11811024,
  3 -6.2409449 0.059055118,3 -6.3 0.11811024,
  3.0776457 -6.2897777 0.11811024,3.15 -6.2598076 0.11811024,
  3.212132 -6.212132 0.11811024,3.2598076 -6.15 0.11811024,
  3.2897777 -6.0776457 0.11811024,3.3 -6 0.11811024,
  3.2897777 -5.9223543 0.11811024,3.2598076 -5.85 0.11811024,
  3.212132 -5.787868 0.11811024,3.15 -5.7401924 0.11811024,
  3.0776457 -5.7102223 0.11811024,3 -5.7 0.11811024,
  2.9223543 -5.7102223 0.11811024,2.85 -5.7401924 0.11811024,
  2.787868 -5.787868 0.11811024,2.7401924 -5.85 0.11811024,
  2.7102223 -5.9223543 0.11811024,2.7 -6 0.11811024,
  2.7102223 -6.0776457 0.11811024,2.7401924 -6.15 0.11811024,
  2.787868 -6.212132 0.11811024,2.85 -6.2598076 0.11811024,
  2.9223543 -6.2897777 0.11811024,3 -6.2409449 0.059055118,
  3.1119727 -6.2133461 0.059055118,3.1982938 -6.1368723 0.059055118,
  3.2391881 -6.0290427 0.059055118,3.2252874 -5.9145598 0.059055118,
  3.159776 -5.8196502 0.059055118,3.0576619 -5.7660565 0.059055118,
  2.9423381 -5.7660565 0.059055118,2.840224 -5.8196502 0.059055118,
  2.7747126 -5.9145598 0.059055118,2.7608119 -6.0290427 0.059055118,
  2.8017062 -6.1368723 0.059055118,2.8880273 -6.2133461 0.059055118] }
 coordIndex [
  51,0,1,-1,28,27,51,-1,26,23,24,-1,25,50,26,-1,52,1,2,-1,52,2,3,-1,52,29,28,-1,52,30,29,-1,
  52,51,1,-1,52,28,51,-1,53,3,4,-1,53,4,5,-1,53,31,30,-1,53,32,31,-1,53,52,3,-1,53,30,52,-1,
  54,5,6,-1,54,32,53,-1,54,33,32,-1,54,53,5,-1,55,6,7,-1,55,7,8,-1,55,54,6,-1,55,34,33,-1,
  55,35,34,-1,55,33,54,-1,56,8,9,-1,56,9,10,-1,56,36,35,-1,56,37,36,-1,56,55,8,-1,56,35,55,-1,
  57,56,10,-1,57,10,11,-1,57,11,12,-1,57,37,56,-1,57,38,37,-1,57,39,38,-1,58,12,13,-1,58,13,14,-1,
  58,40,39,-1,58,57,12,-1,58,41,40,-1,58,39,57,-1,59,41,58,-1,59,14,15,-1,59,15,16,-1,59,42,41,-1,
  59,43,42,-1,59,58,14,-1,60,16,17,-1,60,17,18,-1,60,44,43,-1,60,45,44,-1,60,43,59,-1,60,59,16,-1,
  61,18,19,-1,61,46,45,-1,61,60,18,-1,61,45,60,-1,62,19,20,-1,62,20,21,-1,62,46,61,-1,62,47,46,-1,
  62,48,47,-1,62,61,19,-1,63,48,62,-1,63,21,22,-1,63,22,23,-1,63,49,48,-1,63,50,49,-1,63,23,26,-1,
  63,26,50,-1,63,62,21,-1]
  normalPerVertex TRUE
  normal DEF NORM_139 Normal { vector [
  0.092691599 -0.70406259 -0.70406259,0.18083706 -0.70611612 -0.68461521,
  0.35413881 -0.61338641 -0.705934,0.49795191 -0.53222991 -0.68467162,
  0.61643664 -0.35589986 -0.70238248,0.6923816 -0.2273274 -0.68478462,
  0.7270604 0.048441691 -0.68486245,0.6901063 0.18491343 -0.69968587,
  0.61438746 0.392027 -0.68472102,0.50186438 0.50186438 -0.70446027,
  0.35035702 0.63915806 -0.68463635,0.18308842 0.68329529 -0.7068141,
  0 0.72891129 -0.68460816,-0.18308842 0.68329529 -0.7068141,
  -0.35035702 0.63915806 -0.68463635,-0.50186438 0.50186438 -0.70446027,
  -0.61438746 0.392027 -0.68472102,-0.6901063 0.18491343 -0.69968587,
  -0.7270604 0.048441691 -0.68486245,-0.6923816 -0.2273274 -0.68478462,
  -0.61643664 -0.35589986 -0.70238248,-0.49795191 -0.53222991 -0.68467162,
  -0.35413881 -0.61338641 -0.705934,-0.18083706 -0.70611612 -0.68461521,
  -0.092691599 -0.70406259 -0.70406259,-0.092691599 -0.70406259 -0.70406259,
  -0.14239671 -0.69325338 -0.70648633,0.092691599 -0.70406259 -0.70406259,
  0.1732148 -0.66937254 -0.7224521,0.35296894 -0.61136014 -0.70827375,
  0.47599206 -0.50115412 -0.72268673,0.60833502 -0.35122239 -0.71173825,
  0.65886941 -0.20721275 -0.72315557,0.68943323 0.035524633 -0.72347759,
  0.675992 0.18113151 -0.71430119,0.58618107 0.36581283 -0.72289191,
  0.49814254 0.49814254 -0.7097239,0.33533802 0.6045529 -0.7225401,
  0.18293701 0.68273023 -0.7073991,0 0.69145162 -0.72242276,
  -0.18293701 0.68273023 -0.7073991,-0.33533802 0.6045529 -0.7225401,
  -0.49814254 0.49814254 -0.7097239,-0.58618107 0.36581283 -0.72289191,
  -0.675992 0.18113151 -0.71430119,-0.68943323 0.035524633 -0.72347759,
  -0.65886941 -0.20721275 -0.72315557,-0.60833502 -0.35122239 -0.71173825,
  -0.47599206 -0.50115412 -0.72268673,-0.35296894 -0.61136014 -0.70827375,
  -0.1732148 -0.66937254 -0.7224521,0.14239671 -0.69325338 -0.70648633,
  0.33439764 -0.615429 -0.7137404,0.58769784 -0.3811414 -0.71368234,
  0.69663444 -0.086147973 -0.7122352,0.66350977 0.22466506 -0.71363885,
  0.47569413 0.51412477 -0.7137162,0.17251002 0.67881823 -0.71375493,
  -0.17251002 0.67881823 -0.71375493,-0.47569413 0.51412477 -0.7137162,
  -0.66350977 0.22466506 -0.71363885,-0.69663444 -0.086147973 -0.7122352,
  -0.58769784 -0.3811414 -0.71368234,-0.33439764 -0.615429 -0.7137404] }
}
}
DEF SHAPE_140 Shape {
 appearance USE APP_2
 geometry DEF FACE_140 IndexedFaceSet {
  coord DEF COORD_140 Coordinate { point [
  0 -7.3 1.5775591,0 -7.2 1.4625222,
  0 -7.1 1.3474854,0 -7.1 1.3474854,
  -0.025881905 -7.0965926 1.3474854,-0.05 -7.0866025 1.3474854,
  -0.070710678 -7.0707107 1.3474854,-0.08660254 -7.05 1.3474854,
  -0.096592583 -7.0258819 1.3474854,-0.1 -7 1.3474854,
  -0.096592583 -6.9741181 1.3474854,-0.08660254 -6.95 1.3474854,
  -0.070710678 -6.9292893 1.3474854,-0.05 -6.9133975 1.3474854,
  -0.025881905 -6.9034074 1.3474854,0 -6.9 1.3474854,
  0.025881905 -6.9034074 1.3474854,0.05 -6.9133975 1.3474854,
  0.070710678 -6.9292893 1.3474854,0.08660254 -6.95 1.3474854,
  0.096592583 -6.9741181 1.3474854,0.1 -7 1.3474854,
  0.096592583 -7.0258819 1.3474854,0.08660254 -7.05 1.3474854,
  0.070710678 -7.0707107 1.3474854,0.05 -7.0866025 1.3474854,
  0.025881905 -7.0965926 1.3474854,0 -7.3 1.5775591,
  0 -7.2 1.4625222,-0.077645714 -7.2897777 1.5775591,
  -0.15 -7.2598076 1.5775591,-0.21213203 -7.212132 1.5775591,
  -0.25980762 -7.15 1.5775591,-0.28977775 -7.0776457 1.5775591,
  -0.3 -7 1.5775591,-0.28977775 -6.9223543 1.5775591,
  -0.25980762 -6.85 1.5775591,-0.21213203 -6.787868 1.5775591,
  -0.15 -6.7401924 1.5775591,-0.077645714 -6.7102223 1.5775591,
  0 -6.7 1.5775591,0.077645714 -6.7102223 1.5775591,
  0.15 -6.7401924 1.5775591,0.21213203 -6.787868 1.5775591,
  0.25980762 -6.85 1.5775591,0.28977775 -6.9223543 1.5775591,
  0.3 -7 1.5775591,0.28977775 -7.0776457 1.5775591,
  0.25980762 -7.15 1.5775591,0.21213203 -7.212132 1.5775591,
  0.15 -7.2598076 1.5775591,0.077645714 -7.2897777 1.5775591,
  0.092944634 -7.1770912 1.4625222,0.16459677 -7.1136129 1.4625222,
  0.19854177 -7.0241073 1.4625222,0.18700325 -6.929079 1.4625222,
  0.13262453 -6.8502979 1.4625222,0.047863133 -6.8058116 1.4625222,
  -0.047863133 -6.8058116 1.4625222,-0.13262453 -6.8502979 1.4625222,
  -0.18700325 -6.929079 1.4625222,-0.19854177 -7.0241073 1.4625222,
  -0.16459677 -7.1136129 1.4625222,-0.092944634 -7.1770912 1.4625222] }
 coordIndex [
  1,26,2,-1,51,1,0,-1,28,3,4,-1,27,28,29,-1,52,24,25,-1,52,25,26,-1,52,50,49,-1,52,51,50,-1,
  52,26,1,-1,52,1,51,-1,53,52,49,-1,53,22,23,-1,53,23,24,-1,53,24,52,-1,53,48,47,-1,53,49,48,-1,
  54,21,22,-1,54,47,46,-1,54,53,47,-1,54,22,53,-1,55,19,20,-1,55,20,21,-1,55,45,44,-1,55,54,46,-1,
  55,46,45,-1,55,21,54,-1,56,17,18,-1,56,18,19,-1,56,19,55,-1,56,43,42,-1,56,44,43,-1,56,55,44,-1,
  57,15,16,-1,57,16,17,-1,57,41,40,-1,57,42,41,-1,57,56,42,-1,57,17,56,-1,58,13,14,-1,58,14,15,-1,
  58,39,38,-1,58,40,39,-1,58,15,57,-1,58,57,40,-1,59,11,12,-1,59,12,13,-1,59,37,36,-1,59,38,37,-1,
  59,13,58,-1,59,58,38,-1,60,11,59,-1,60,9,10,-1,60,10,11,-1,60,35,34,-1,60,36,35,-1,60,59,36,-1,
  61,8,9,-1,61,60,34,-1,61,34,33,-1,61,9,60,-1,62,6,7,-1,62,7,8,-1,62,32,31,-1,62,33,32,-1,
  62,61,33,-1,62,8,61,-1,63,4,5,-1,63,5,6,-1,63,30,29,-1,63,31,30,-1,63,28,4,-1,63,29,28,-1,
  63,6,62,-1,63,62,31,-1]
  normalPerVertex TRUE
  normal DEF NORM_140 Normal { vector [
  -0.098872551 0.75101158 0.65284441,-0.15196439 0.73983326 0.65540337,
  -0.098872551 0.75101158 0.65284441,0.098872551 0.75101158 0.65284441,
  0.18867893 0.74286485 0.64230217,0.3776183 0.65405407 0.65545228,
  0.52023964 0.56272909 0.64240694,0.65542383 0.37840912 0.65362538,
  0.72554748 0.24622094 0.6426166,0.76371119 -0.060031162 0.64276083,
  0.73217668 -0.19618615 0.65224865,0.64269216 -0.41730357 0.64249865,
  0.53449884 -0.53449884 0.65469229,0.36572902 -0.67352784 0.64234145,
  0.19536731 -0.72912073 0.65590745,0 -0.76646249 0.64228907,
  -0.19536731 -0.72912073 0.65590745,-0.36572902 -0.67352784 0.64234145,
  -0.53449884 -0.53449884 0.65469229,-0.64269216 -0.41730357 0.64249865,
  -0.73217668 -0.19618615 0.65224865,-0.76371119 -0.060031162 0.64276083,
  -0.72554748 0.24622094 0.6426166,-0.65542383 0.37840912 0.65362538,
  -0.52023964 0.56272909 0.64240694,-0.3776183 0.65405407 0.65545228,
  -0.18867893 0.74286485 0.64230217,0.098872551 0.75101158 0.65284441,
  0.15196439 0.73983326 0.65540337,0.18816544 0.72445221 0.66314611,
  0.37709141 0.65314148 0.65666451,0.51680826 0.54118607 0.66334521,
  0.65177496 0.37630245 0.65847238,0.71451214 0.22117251 0.66374327,
  0.74692452 -0.034429599 0.66401684,0.72581964 -0.19448279 0.65981989,
  0.63613134 -0.39380065 0.66351938,0.53282258 -0.53282258 0.65741935,
  0.36421312 -0.6538249 0.66322078,0.19529912 -0.72886624 0.65621053,
  0 -0.74851202 0.66312122,-0.19529912 -0.72886624 0.65621053,
  -0.36421312 -0.6538249 0.66322078,-0.53282258 -0.53282258 0.65741935,
  -0.63613134 -0.39380065 0.66351938,-0.72581964 -0.19448279 0.65981989,
  -0.74692452 -0.034429599 0.66401684,-0.71451214 0.22117251 0.66374327,
  -0.65177496 0.37630245 0.65847238,-0.51680826 0.54118607 0.66334521,
  -0.37709141 0.65314148 0.65666451,-0.18816544 0.72445221 0.66314611,
  -0.35737857 0.65772334 0.66308413,-0.62807914 0.40733001 0.66302252,
  -0.74428661 0.092040788 0.66148767,-0.70909404 -0.24009994 0.66297637,
  -0.50838297 -0.5494545 0.66305845,-0.18436602 -0.72547099 0.66309955,
  0.18436602 -0.72547099 0.66309955,0.50838297 -0.5494545 0.66305845,
  0.70909404 -0.24009994 0.66297637,0.74428661 0.092040788 0.66148767,
  0.62807914 0.40733001 0.66302252,0.35737857 0.65772334 0.66308413] }
}
}
DEF SHAPE_141 Shape {
 appearance USE APP_2
 geometry DEF FACE_141 IndexedFaceSet {
  coord DEF COORD_141 Coordinate { point [
  0 -6.3 1.5775591,0 -6.2 1.4625222,
  0 -6.1 1.3474854,0 -6.1 1.3474854,
  -0.025881905 -6.0965926 1.3474854,-0.05 -6.0866025 1.3474854,
  -0.070710678 -6.0707107 1.3474854,-0.08660254 -6.05 1.3474854,
  -0.096592583 -6.0258819 1.3474854,-0.1 -6 1.3474854,
  -0.096592583 -5.9741181 1.3474854,-0.08660254 -5.95 1.3474854,
  -0.070710678 -5.9292893 1.3474854,-0.05 -5.9133975 1.3474854,
  -0.025881905 -5.9034074 1.3474854,0 -5.9 1.3474854,
  0.025881905 -5.9034074 1.3474854,0.05 -5.9133975 1.3474854,
  0.070710678 -5.9292893 1.3474854,0.08660254 -5.95 1.3474854,
  0.096592583 -5.9741181 1.3474854,0.1 -6 1.3474854,
  0.096592583 -6.0258819 1.3474854,0.08660254 -6.05 1.3474854,
  0.070710678 -6.0707107 1.3474854,0.05 -6.0866025 1.3474854,
  0.025881905 -6.0965926 1.3474854,0 -6.3 1.5775591,
  0 -6.2 1.4625222,-0.077645714 -6.2897777 1.5775591,
  -0.15 -6.2598076 1.5775591,-0.21213203 -6.212132 1.5775591,
  -0.25980762 -6.15 1.5775591,-0.28977775 -6.0776457 1.5775591,
  -0.3 -6 1.5775591,-0.28977775 -5.9223543 1.5775591,
  -0.25980762 -5.85 1.5775591,-0.21213203 -5.787868 1.5775591,
  -0.15 -5.7401924 1.5775591,-0.077645714 -5.7102223 1.5775591,
  0 -5.7 1.5775591,0.077645714 -5.7102223 1.5775591,
  0.15 -5.7401924 1.5775591,0.21213203 -5.787868 1.5775591,
  0.25980762 -5.85 1.5775591,0.28977775 -5.9223543 1.5775591,
  0.3 -6 1.5775591,0.28977775 -6.0776457 1.5775591,
  0.25980762 -6.15 1.5775591,0.21213203 -6.212132 1.5775591,
  0.15 -6.2598076 1.5775591,0.077645714 -6.2897777 1.5775591,
  0.092944634 -6.1770912 1.4625222,0.16459677 -6.1136129 1.4625222,
  0.19854177 -6.0241073 1.4625222,0.18700325 -5.929079 1.4625222,
  0.13262453 -5.8502979 1.4625222,0.047863133 -5.8058116 1.4625222,
  -0.047863133 -5.8058116 1.4625222,-0.13262453 -5.8502979 1.4625222,
  -0.18700325 -5.929079 1.4625222,-0.19854177 -6.0241073 1.4625222,
  -0.16459677 -6.1136129 1.4625222,-0.092944634 -6.1770912 1.4625222] }
 coordIndex [
  1,26,2,-1,51,1,0,-1,28,3,4,-1,27,28,29,-1,52,24,25,-1,52,25,26,-1,52,50,49,-1,52,51,50,-1,
  52,26,1,-1,52,1,51,-1,53,52,49,-1,53,22,23,-1,53,23,24,-1,53,24,52,-1,53,48,47,-1,53,49,48,-1,
  54,21,22,-1,54,47,46,-1,54,53,47,-1,54,22,53,-1,55,19,20,-1,55,20,21,-1,55,45,44,-1,55,54,46,-1,
  55,46,45,-1,55,21,54,-1,56,17,18,-1,56,18,19,-1,56,19,55,-1,56,43,42,-1,56,44,43,-1,56,55,44,-1,
  57,15,16,-1,57,16,17,-1,57,41,40,-1,57,42,41,-1,57,56,42,-1,57,17,56,-1,58,13,14,-1,58,14,15,-1,
  58,39,38,-1,58,40,39,-1,58,15,57,-1,58,57,40,-1,59,11,12,-1,59,12,13,-1,59,37,36,-1,59,38,37,-1,
  59,13,58,-1,59,58,38,-1,60,11,59,-1,60,9,10,-1,60,10,11,-1,60,35,34,-1,60,36,35,-1,60,59,36,-1,
  61,8,9,-1,61,60,34,-1,61,34,33,-1,61,9,60,-1,62,6,7,-1,62,7,8,-1,62,32,31,-1,62,33,32,-1,
  62,61,33,-1,62,8,61,-1,63,4,5,-1,63,5,6,-1,63,30,29,-1,63,31,30,-1,63,28,4,-1,63,29,28,-1,
  63,6,62,-1,63,62,31,-1]
  normalPerVertex TRUE
  normal DEF NORM_141 Normal { vector [
  -0.098872551 0.75101158 0.65284441,-0.15196439 0.73983326 0.65540337,
  -0.098872551 0.75101158 0.65284441,0.098872551 0.75101158 0.65284441,
  0.18867893 0.74286485 0.64230217,0.3776183 0.65405407 0.65545228,
  0.52023964 0.56272909 0.64240694,0.65542383 0.37840912 0.65362538,
  0.72554748 0.24622094 0.6426166,0.76371119 -0.060031162 0.64276083,
  0.73217668 -0.19618615 0.65224865,0.64269216 -0.41730357 0.64249865,
  0.53449884 -0.53449884 0.65469229,0.36572902 -0.67352784 0.64234145,
  0.19536731 -0.72912073 0.65590745,0 -0.76646249 0.64228907,
  -0.19536731 -0.72912073 0.65590745,-0.36572902 -0.67352784 0.64234145,
  -0.53449884 -0.53449884 0.65469229,-0.64269216 -0.41730357 0.64249865,
  -0.73217668 -0.19618615 0.65224865,-0.76371119 -0.060031162 0.64276083,
  -0.72554748 0.24622094 0.6426166,-0.65542383 0.37840912 0.65362538,
  -0.52023964 0.56272909 0.64240694,-0.3776183 0.65405407 0.65545228,
  -0.18867893 0.74286485 0.64230217,0.098872551 0.75101158 0.65284441,
  0.15196439 0.73983326 0.65540337,0.18816544 0.72445221 0.66314611,
  0.37709141 0.65314148 0.65666451,0.51680826 0.54118607 0.66334521,
  0.65177496 0.37630245 0.65847238,0.71451214 0.22117251 0.66374327,
  0.74692452 -0.034429599 0.66401684,0.72581964 -0.19448279 0.65981989,
  0.63613134 -0.39380065 0.66351938,0.53282258 -0.53282258 0.65741935,
  0.36421312 -0.6538249 0.66322078,0.19529912 -0.72886624 0.65621053,
  0 -0.74851202 0.66312122,-0.19529912 -0.72886624 0.65621053,
  -0.36421312 -0.6538249 0.66322078,-0.53282258 -0.53282258 0.65741935,
  -0.63613134 -0.39380065 0.66351938,-0.72581964 -0.19448279 0.65981989,
  -0.74692452 -0.034429599 0.66401684,-0.71451214 0.22117251 0.66374327,
  -0.65177496 0.37630245 0.65847238,-0.51680826 0.54118607 0.66334521,
  -0.37709141 0.65314148 0.65666451,-0.18816544 0.72445221 0.66314611,
  -0.35737857 0.65772334 0.66308413,-0.62807914 0.40733001 0.66302252,
  -0.74428661 0.092040788 0.66148767,-0.70909404 -0.24009994 0.66297637,
  -0.50838297 -0.5494545 0.66305845,-0.18436602 -0.72547099 0.66309955,
  0.18436602 -0.72547099 0.66309955,0.50838297 -0.5494545 0.66305845,
  0.70909404 -0.24009994 0.66297637,0.74428661 0.092040788 0.66148767,
  0.62807914 0.40733001 0.66302252,0.35737857 0.65772334 0.66308413] }
}
}
DEF SHAPE_142 Shape {
 appearance USE APP_2
 geometry DEF FACE_142 IndexedFaceSet {
  coord DEF COORD_142 Coordinate { point [
  0 -4.3 1.5775591,0 -4.2 1.4625222,
  0 -4.1 1.3474854,0 -4.1 1.3474854,
  -0.025881905 -4.0965926 1.3474854,-0.05 -4.0866025 1.3474854,
  -0.070710678 -4.0707107 1.3474854,-0.08660254 -4.05 1.3474854,
  -0.096592583 -4.0258819 1.3474854,-0.1 -4 1.3474854,
  -0.096592583 -3.9741181 1.3474854,-0.08660254 -3.95 1.3474854,
  -0.070710678 -3.9292893 1.3474854,-0.05 -3.9133975 1.3474854,
  -0.025881905 -3.9034074 1.3474854,0 -3.9 1.3474854,
  0.025881905 -3.9034074 1.3474854,0.05 -3.9133975 1.3474854,
  0.070710678 -3.9292893 1.3474854,0.08660254 -3.95 1.3474854,
  0.096592583 -3.9741181 1.3474854,0.1 -4 1.3474854,
  0.096592583 -4.0258819 1.3474854,0.08660254 -4.05 1.3474854,
  0.070710678 -4.0707107 1.3474854,0.05 -4.0866025 1.3474854,
  0.025881905 -4.0965926 1.3474854,0 -4.3 1.5775591,
  0 -4.2 1.4625222,-0.077645714 -4.2897777 1.5775591,
  -0.15 -4.2598076 1.5775591,-0.21213203 -4.212132 1.5775591,
  -0.25980762 -4.15 1.5775591,-0.28977775 -4.0776457 1.5775591,
  -0.3 -4 1.5775591,-0.28977775 -3.9223543 1.5775591,
  -0.25980762 -3.85 1.5775591,-0.21213203 -3.787868 1.5775591,
  -0.15 -3.7401924 1.5775591,-0.077645714 -3.7102223 1.5775591,
  0 -3.7 1.5775591,0.077645714 -3.7102223 1.5775591,
  0.15 -3.7401924 1.5775591,0.21213203 -3.787868 1.5775591,
  0.25980762 -3.85 1.5775591,0.28977775 -3.9223543 1.5775591,
  0.3 -4 1.5775591,0.28977775 -4.0776457 1.5775591,
  0.25980762 -4.15 1.5775591,0.21213203 -4.212132 1.5775591,
  0.15 -4.2598076 1.5775591,0.077645714 -4.2897777 1.5775591,
  0.092944634 -4.1770912 1.4625222,0.16459677 -4.1136129 1.4625222,
  0.19854177 -4.0241073 1.4625222,0.18700325 -3.929079 1.4625222,
  0.13262453 -3.8502979 1.4625222,0.047863133 -3.8058116 1.4625222,
  -0.047863133 -3.8058116 1.4625222,-0.13262453 -3.8502979 1.4625222,
  -0.18700325 -3.929079 1.4625222,-0.19854177 -4.0241073 1.4625222,
  -0.16459677 -4.1136129 1.4625222,-0.092944634 -4.1770912 1.4625222] }
 coordIndex [
  1,26,2,-1,51,1,0,-1,28,3,4,-1,27,28,29,-1,52,24,25,-1,52,25,26,-1,52,50,49,-1,52,51,50,-1,
  52,26,1,-1,52,1,51,-1,53,52,49,-1,53,22,23,-1,53,23,24,-1,53,24,52,-1,53,48,47,-1,53,49,48,-1,
  54,21,22,-1,54,47,46,-1,54,53,47,-1,54,22,53,-1,55,19,20,-1,55,20,21,-1,55,45,44,-1,55,54,46,-1,
  55,46,45,-1,55,21,54,-1,56,17,18,-1,56,18,19,-1,56,19,55,-1,56,43,42,-1,56,44,43,-1,56,55,44,-1,
  57,15,16,-1,57,16,17,-1,57,41,40,-1,57,42,41,-1,57,56,42,-1,57,17,56,-1,58,13,14,-1,58,14,15,-1,
  58,39,38,-1,58,40,39,-1,58,15,57,-1,58,57,40,-1,59,11,12,-1,59,12,13,-1,59,37,36,-1,59,38,37,-1,
  59,13,58,-1,59,58,38,-1,60,11,59,-1,60,9,10,-1,60,10,11,-1,60,35,34,-1,60,36,35,-1,60,59,36,-1,
  61,8,9,-1,61,60,34,-1,61,34,33,-1,61,9,60,-1,62,6,7,-1,62,7,8,-1,62,32,31,-1,62,33,32,-1,
  62,61,33,-1,62,8,61,-1,63,4,5,-1,63,5,6,-1,63,30,29,-1,63,31,30,-1,63,28,4,-1,63,29,28,-1,
  63,6,62,-1,63,62,31,-1]
  normalPerVertex TRUE
  normal DEF NORM_142 Normal { vector [
  -0.098872551 0.75101158 0.65284441,-0.15196439 0.73983326 0.65540337,
  -0.098872551 0.75101158 0.65284441,0.098872551 0.75101158 0.65284441,
  0.18867893 0.74286485 0.64230217,0.3776183 0.65405407 0.65545228,
  0.52023964 0.56272909 0.64240694,0.65542383 0.37840912 0.65362538,
  0.72554748 0.24622094 0.6426166,0.76371119 -0.060031162 0.64276083,
  0.73217668 -0.19618615 0.65224865,0.64269216 -0.41730357 0.64249865,
  0.53449884 -0.53449884 0.65469229,0.36572902 -0.67352784 0.64234145,
  0.19536731 -0.72912073 0.65590745,0 -0.76646249 0.64228907,
  -0.19536731 -0.72912073 0.65590745,-0.36572902 -0.67352784 0.64234145,
  -0.53449884 -0.53449884 0.65469229,-0.64269216 -0.41730357 0.64249865,
  -0.73217668 -0.19618615 0.65224865,-0.76371119 -0.060031162 0.64276083,
  -0.72554748 0.24622094 0.6426166,-0.65542383 0.37840912 0.65362538,
  -0.52023964 0.56272909 0.64240694,-0.3776183 0.65405407 0.65545228,
  -0.18867893 0.74286485 0.64230217,0.098872551 0.75101158 0.65284441,
  0.15196439 0.73983326 0.65540337,0.18816544 0.72445221 0.66314611,
  0.37709141 0.65314148 0.65666451,0.51680826 0.54118607 0.66334521,
  0.65177496 0.37630245 0.65847238,0.71451214 0.22117251 0.66374327,
  0.74692452 -0.034429599 0.66401684,0.72581964 -0.19448279 0.65981989,
  0.63613134 -0.39380065 0.66351938,0.53282258 -0.53282258 0.65741935,
  0.36421312 -0.6538249 0.66322078,0.19529912 -0.72886624 0.65621053,
  0 -0.74851202 0.66312122,-0.19529912 -0.72886624 0.65621053,
  -0.36421312 -0.6538249 0.66322078,-0.53282258 -0.53282258 0.65741935,
  -0.63613134 -0.39380065 0.66351938,-0.72581964 -0.19448279 0.65981989,
  -0.74692452 -0.034429599 0.66401684,-0.71451214 0.22117251 0.66374327,
  -0.65177496 0.37630245 0.65847238,-0.51680826 0.54118607 0.66334521,
  -0.37709141 0.65314148 0.65666451,-0.18816544 0.72445221 0.66314611,
  -0.35737857 0.65772334 0.66308413,-0.62807914 0.40733001 0.66302252,
  -0.74428661 0.092040788 0.66148767,-0.70909404 -0.24009994 0.66297637,
  -0.50838297 -0.5494545 0.66305845,-0.18436602 -0.72547099 0.66309955,
  0.18436602 -0.72547099 0.66309955,0.50838297 -0.5494545 0.66305845,
  0.70909404 -0.24009994 0.66297637,0.74428661 0.092040788 0.66148767,
  0.62807914 0.40733001 0.66302252,0.35737857 0.65772334 0.66308413] }
}
}
DEF SHAPE_143 Shape {
 appearance USE APP_2
 geometry DEF FACE_143 IndexedFaceSet {
  coord DEF COORD_143 Coordinate { point [
  0 -5.3 1.5775591,0 -5.2 1.4625222,
  0 -5.1 1.3474854,0 -5.1 1.3474854,
  -0.025881905 -5.0965926 1.3474854,-0.05 -5.0866025 1.3474854,
  -0.070710678 -5.0707107 1.3474854,-0.08660254 -5.05 1.3474854,
  -0.096592583 -5.0258819 1.3474854,-0.1 -5 1.3474854,
  -0.096592583 -4.9741181 1.3474854,-0.08660254 -4.95 1.3474854,
  -0.070710678 -4.9292893 1.3474854,-0.05 -4.9133975 1.3474854,
  -0.025881905 -4.9034074 1.3474854,0 -4.9 1.3474854,
  0.025881905 -4.9034074 1.3474854,0.05 -4.9133975 1.3474854,
  0.070710678 -4.9292893 1.3474854,0.08660254 -4.95 1.3474854,
  0.096592583 -4.9741181 1.3474854,0.1 -5 1.3474854,
  0.096592583 -5.0258819 1.3474854,0.08660254 -5.05 1.3474854,
  0.070710678 -5.0707107 1.3474854,0.05 -5.0866025 1.3474854,
  0.025881905 -5.0965926 1.3474854,0 -5.3 1.5775591,
  0 -5.2 1.4625222,-0.077645714 -5.2897777 1.5775591,
  -0.15 -5.2598076 1.5775591,-0.21213203 -5.212132 1.5775591,
  -0.25980762 -5.15 1.5775591,-0.28977775 -5.0776457 1.5775591,
  -0.3 -5 1.5775591,-0.28977775 -4.9223543 1.5775591,
  -0.25980762 -4.85 1.5775591,-0.21213203 -4.787868 1.5775591,
  -0.15 -4.7401924 1.5775591,-0.077645714 -4.7102223 1.5775591,
  0 -4.7 1.5775591,0.077645714 -4.7102223 1.5775591,
  0.15 -4.7401924 1.5775591,0.21213203 -4.787868 1.5775591,
  0.25980762 -4.85 1.5775591,0.28977775 -4.9223543 1.5775591,
  0.3 -5 1.5775591,0.28977775 -5.0776457 1.5775591,
  0.25980762 -5.15 1.5775591,0.21213203 -5.212132 1.5775591,
  0.15 -5.2598076 1.5775591,0.077645714 -5.2897777 1.5775591,
  0.092944634 -5.1770912 1.4625222,0.16459677 -5.1136129 1.4625222,
  0.19854177 -5.0241073 1.4625222,0.18700325 -4.929079 1.4625222,
  0.13262453 -4.8502979 1.4625222,0.047863133 -4.8058116 1.4625222,
  -0.047863133 -4.8058116 1.4625222,-0.13262453 -4.8502979 1.4625222,
  -0.18700325 -4.929079 1.4625222,-0.19854177 -5.0241073 1.4625222,
  -0.16459677 -5.1136129 1.4625222,-0.092944634 -5.1770912 1.4625222] }
 coordIndex [
  1,26,2,-1,51,1,0,-1,28,3,4,-1,27,28,29,-1,52,24,25,-1,52,25,26,-1,52,50,49,-1,52,51,50,-1,
  52,26,1,-1,52,1,51,-1,53,52,49,-1,53,22,23,-1,53,23,24,-1,53,24,52,-1,53,48,47,-1,53,49,48,-1,
  54,21,22,-1,54,47,46,-1,54,53,47,-1,54,22,53,-1,55,19,20,-1,55,20,21,-1,55,45,44,-1,55,54,46,-1,
  55,46,45,-1,55,21,54,-1,56,17,18,-1,56,18,19,-1,56,19,55,-1,56,43,42,-1,56,44,43,-1,56,55,44,-1,
  57,15,16,-1,57,16,17,-1,57,41,40,-1,57,42,41,-1,57,56,42,-1,57,17,56,-1,58,13,14,-1,58,14,15,-1,
  58,39,38,-1,58,40,39,-1,58,15,57,-1,58,57,40,-1,59,11,12,-1,59,12,13,-1,59,37,36,-1,59,38,37,-1,
  59,13,58,-1,59,58,38,-1,60,11,59,-1,60,9,10,-1,60,10,11,-1,60,35,34,-1,60,36,35,-1,60,59,36,-1,
  61,8,9,-1,61,60,34,-1,61,34,33,-1,61,9,60,-1,62,6,7,-1,62,7,8,-1,62,32,31,-1,62,33,32,-1,
  62,61,33,-1,62,8,61,-1,63,4,5,-1,63,5,6,-1,63,30,29,-1,63,31,30,-1,63,28,4,-1,63,29,28,-1,
  63,6,62,-1,63,62,31,-1]
  normalPerVertex TRUE
  normal DEF NORM_143 Normal { vector [
  -0.098872551 0.75101158 0.65284441,-0.15196439 0.73983326 0.65540337,
  -0.098872551 0.75101158 0.65284441,0.098872551 0.75101158 0.65284441,
  0.18867893 0.74286485 0.64230217,0.3776183 0.65405407 0.65545228,
  0.52023964 0.56272909 0.64240694,0.65542383 0.37840912 0.65362538,
  0.72554748 0.24622094 0.6426166,0.76371119 -0.060031162 0.64276083,
  0.73217668 -0.19618615 0.65224865,0.64269216 -0.41730357 0.64249865,
  0.53449884 -0.53449884 0.65469229,0.36572902 -0.67352784 0.64234145,
  0.19536731 -0.72912073 0.65590745,0 -0.76646249 0.64228907,
  -0.19536731 -0.72912073 0.65590745,-0.36572902 -0.67352784 0.64234145,
  -0.53449884 -0.53449884 0.65469229,-0.64269216 -0.41730357 0.64249865,
  -0.73217668 -0.19618615 0.65224865,-0.76371119 -0.060031162 0.64276083,
  -0.72554748 0.24622094 0.6426166,-0.65542383 0.37840912 0.65362538,
  -0.52023964 0.56272909 0.64240694,-0.3776183 0.65405407 0.65545228,
  -0.18867893 0.74286485 0.64230217,0.098872551 0.75101158 0.65284441,
  0.15196439 0.73983326 0.65540337,0.18816544 0.72445221 0.66314611,
  0.37709141 0.65314148 0.65666451,0.51680826 0.54118607 0.66334521,
  0.65177496 0.37630245 0.65847238,0.71451214 0.22117251 0.66374327,
  0.74692452 -0.034429599 0.66401684,0.72581964 -0.19448279 0.65981989,
  0.63613134 -0.39380065 0.66351938,0.53282258 -0.53282258 0.65741935,
  0.36421312 -0.6538249 0.66322078,0.19529912 -0.72886624 0.65621053,
  0 -0.74851202 0.66312122,-0.19529912 -0.72886624 0.65621053,
  -0.36421312 -0.6538249 0.66322078,-0.53282258 -0.53282258 0.65741935,
  -0.63613134 -0.39380065 0.66351938,-0.72581964 -0.19448279 0.65981989,
  -0.74692452 -0.034429599 0.66401684,-0.71451214 0.22117251 0.66374327,
  -0.65177496 0.37630245 0.65847238,-0.51680826 0.54118607 0.66334521,
  -0.37709141 0.65314148 0.65666451,-0.18816544 0.72445221 0.66314611,
  -0.35737857 0.65772334 0.66308413,-0.62807914 0.40733001 0.66302252,
  -0.74428661 0.092040788 0.66148767,-0.70909404 -0.24009994 0.66297637,
  -0.50838297 -0.5494545 0.66305845,-0.18436602 -0.72547099 0.66309955,
  0.18436602 -0.72547099 0.66309955,0.50838297 -0.5494545 0.66305845,
  0.70909404 -0.24009994 0.66297637,0.74428661 0.092040788 0.66148767,
  0.62807914 0.40733001 0.66302252,0.35737857 0.65772334 0.66308413] }
}
}
DEF SHAPE_144 Shape {
 appearance USE APP_2
 geometry DEF FACE_144 IndexedFaceSet {
  coord DEF COORD_144 Coordinate { point [
  0 -1.3 1.5775591,0 -1.2 1.4625222,
  0 -1.1 1.3474854,0 -1.1 1.3474854,
  -0.025881905 -1.0965926 1.3474854,-0.05 -1.0866025 1.3474854,
  -0.070710678 -1.0707107 1.3474854,-0.08660254 -1.05 1.3474854,
  -0.096592583 -1.0258819 1.3474854,-0.1 -1 1.3474854,
  -0.096592583 -0.9741181 1.3474854,-0.08660254 -0.95 1.3474854,
  -0.070710678 -0.92928932 1.3474854,-0.05 -0.91339746 1.3474854,
  -0.025881905 -0.90340742 1.3474854,0 -0.9 1.3474854,
  0.025881905 -0.90340742 1.3474854,0.05 -0.91339746 1.3474854,
  0.070710678 -0.92928932 1.3474854,0.08660254 -0.95 1.3474854,
  0.096592583 -0.9741181 1.3474854,0.1 -1 1.3474854,
  0.096592583 -1.0258819 1.3474854,0.08660254 -1.05 1.3474854,
  0.070710678 -1.0707107 1.3474854,0.05 -1.0866025 1.3474854,
  0.025881905 -1.0965926 1.3474854,0 -1.3 1.5775591,
  0 -1.2 1.4625222,-0.077645714 -1.2897777 1.5775591,
  -0.15 -1.2598076 1.5775591,-0.21213203 -1.212132 1.5775591,
  -0.25980762 -1.15 1.5775591,-0.28977775 -1.0776457 1.5775591,
  -0.3 -1 1.5775591,-0.28977775 -0.92235429 1.5775591,
  -0.25980762 -0.85 1.5775591,-0.21213203 -0.78786797 1.5775591,
  -0.15 -0.74019238 1.5775591,-0.077645714 -0.71022225 1.5775591,
  0 -0.7 1.5775591,0.077645714 -0.71022225 1.5775591,
  0.15 -0.74019238 1.5775591,0.21213203 -0.78786797 1.5775591,
  0.25980762 -0.85 1.5775591,0.28977775 -0.92235429 1.5775591,
  0.3 -1 1.5775591,0.28977775 -1.0776457 1.5775591,
  0.25980762 -1.15 1.5775591,0.21213203 -1.212132 1.5775591,
  0.15 -1.2598076 1.5775591,0.077645714 -1.2897777 1.5775591,
  0.092944634 -1.1770912 1.4625222,0.16459677 -1.1136129 1.4625222,
  0.19854177 -1.0241073 1.4625222,0.18700325 -0.92907902 1.4625222,
  0.13262453 -0.85029785 1.4625222,0.047863133 -0.80581164 1.4625222,
  -0.047863133 -0.80581164 1.4625222,-0.13262453 -0.85029785 1.4625222,
  -0.18700325 -0.92907902 1.4625222,-0.19854177 -1.0241073 1.4625222,
  -0.16459677 -1.1136129 1.4625222,-0.092944634 -1.1770912 1.4625222] }
 coordIndex [
  1,26,2,-1,51,1,0,-1,28,3,4,-1,27,28,29,-1,52,24,25,-1,52,25,26,-1,52,50,49,-1,52,51,50,-1,
  52,26,1,-1,52,1,51,-1,53,52,49,-1,53,22,23,-1,53,23,24,-1,53,24,52,-1,53,48,47,-1,53,49,48,-1,
  54,21,22,-1,54,47,46,-1,54,53,47,-1,54,22,53,-1,55,19,20,-1,55,20,21,-1,55,45,44,-1,55,54,46,-1,
  55,46,45,-1,55,21,54,-1,56,17,18,-1,56,18,19,-1,56,19,55,-1,56,43,42,-1,56,44,43,-1,56,55,44,-1,
  57,15,16,-1,57,16,17,-1,57,41,40,-1,57,42,41,-1,57,56,42,-1,57,17,56,-1,58,13,14,-1,58,14,15,-1,
  58,39,38,-1,58,40,39,-1,58,15,57,-1,58,57,40,-1,59,11,12,-1,59,12,13,-1,59,37,36,-1,59,38,37,-1,
  59,13,58,-1,59,58,38,-1,60,11,59,-1,60,9,10,-1,60,10,11,-1,60,35,34,-1,60,36,35,-1,60,59,36,-1,
  61,8,9,-1,61,60,34,-1,61,34,33,-1,61,9,60,-1,62,6,7,-1,62,7,8,-1,62,32,31,-1,62,33,32,-1,
  62,61,33,-1,62,8,61,-1,63,4,5,-1,63,5,6,-1,63,30,29,-1,63,31,30,-1,63,28,4,-1,63,29,28,-1,
  63,6,62,-1,63,62,31,-1]
  normalPerVertex TRUE
  normal DEF NORM_144 Normal { vector [
  -0.098872551 0.75101158 0.65284441,-0.15196439 0.73983326 0.65540337,
  -0.098872551 0.75101158 0.65284441,0.098872551 0.75101158 0.65284441,
  0.18867893 0.74286485 0.64230217,0.3776183 0.65405407 0.65545228,
  0.52023964 0.56272909 0.64240694,0.65542383 0.37840912 0.65362538,
  0.72554748 0.24622094 0.6426166,0.76371119 -0.060031162 0.64276083,
  0.73217668 -0.19618615 0.65224865,0.64269216 -0.41730357 0.64249865,
  0.53449884 -0.53449884 0.65469229,0.36572902 -0.67352784 0.64234145,
  0.19536731 -0.72912073 0.65590745,0 -0.76646249 0.64228907,
  -0.19536731 -0.72912073 0.65590745,-0.36572902 -0.67352784 0.64234145,
  -0.53449884 -0.53449884 0.65469229,-0.64269216 -0.41730357 0.64249865,
  -0.73217668 -0.19618615 0.65224865,-0.76371119 -0.060031162 0.64276083,
  -0.72554748 0.24622094 0.6426166,-0.65542383 0.37840912 0.65362538,
  -0.52023964 0.56272909 0.64240694,-0.3776183 0.65405407 0.65545228,
  -0.18867893 0.74286485 0.64230217,0.098872551 0.75101158 0.65284441,
  0.15196439 0.73983326 0.65540337,0.18816544 0.72445221 0.66314611,
  0.37709141 0.65314148 0.65666451,0.51680826 0.54118607 0.66334521,
  0.65177496 0.37630245 0.65847238,0.71451214 0.22117251 0.66374327,
  0.74692452 -0.034429599 0.66401684,0.72581964 -0.19448279 0.65981989,
  0.63613134 -0.39380065 0.66351938,0.53282258 -0.53282258 0.65741935,
  0.36421312 -0.6538249 0.66322078,0.19529912 -0.72886624 0.65621053,
  0 -0.74851202 0.66312122,-0.19529912 -0.72886624 0.65621053,
  -0.36421312 -0.6538249 0.66322078,-0.53282258 -0.53282258 0.65741935,
  -0.63613134 -0.39380065 0.66351938,-0.72581964 -0.19448279 0.65981989,
  -0.74692452 -0.034429599 0.66401684,-0.71451214 0.22117251 0.66374327,
  -0.65177496 0.37630245 0.65847238,-0.51680826 0.54118607 0.66334521,
  -0.37709141 0.65314148 0.65666451,-0.18816544 0.72445221 0.66314611,
  -0.35737857 0.65772334 0.66308413,-0.62807914 0.40733001 0.66302252,
  -0.74428661 0.092040788 0.66148767,-0.70909404 -0.24009994 0.66297637,
  -0.50838297 -0.5494545 0.66305845,-0.18436602 -0.72547099 0.66309955,
  0.18436602 -0.72547099 0.66309955,0.50838297 -0.5494545 0.66305845,
  0.70909404 -0.24009994 0.66297637,0.74428661 0.092040788 0.66148767,
  0.62807914 0.40733001 0.66302252,0.35737857 0.65772334 0.66308413] }
}
}
DEF SHAPE_145 Shape {
 appearance USE APP_2
 geometry DEF FACE_145 IndexedFaceSet {
  coord DEF COORD_145 Coordinate { point [
  0 -2.3 1.5775591,0 -2.2 1.4625222,
  0 -2.1 1.3474854,0 -2.1 1.3474854,
  -0.025881905 -2.0965926 1.3474854,-0.05 -2.0866025 1.3474854,
  -0.070710678 -2.0707107 1.3474854,-0.08660254 -2.05 1.3474854,
  -0.096592583 -2.0258819 1.3474854,-0.1 -2 1.3474854,
  -0.096592583 -1.9741181 1.3474854,-0.08660254 -1.95 1.3474854,
  -0.070710678 -1.9292893 1.3474854,-0.05 -1.9133975 1.3474854,
  -0.025881905 -1.9034074 1.3474854,0 -1.9 1.3474854,
  0.025881905 -1.9034074 1.3474854,0.05 -1.9133975 1.3474854,
  0.070710678 -1.9292893 1.3474854,0.08660254 -1.95 1.3474854,
  0.096592583 -1.9741181 1.3474854,0.1 -2 1.3474854,
  0.096592583 -2.0258819 1.3474854,0.08660254 -2.05 1.3474854,
  0.070710678 -2.0707107 1.3474854,0.05 -2.0866025 1.3474854,
  0.025881905 -2.0965926 1.3474854,0 -2.3 1.5775591,
  0 -2.2 1.4625222,-0.077645714 -2.2897777 1.5775591,
  -0.15 -2.2598076 1.5775591,-0.21213203 -2.212132 1.5775591,
  -0.25980762 -2.15 1.5775591,-0.28977775 -2.0776457 1.5775591,
  -0.3 -2 1.5775591,-0.28977775 -1.9223543 1.5775591,
  -0.25980762 -1.85 1.5775591,-0.21213203 -1.787868 1.5775591,
  -0.15 -1.7401924 1.5775591,-0.077645714 -1.7102223 1.5775591,
  0 -1.7 1.5775591,0.077645714 -1.7102223 1.5775591,
  0.15 -1.7401924 1.5775591,0.21213203 -1.787868 1.5775591,
  0.25980762 -1.85 1.5775591,0.28977775 -1.9223543 1.5775591,
  0.3 -2 1.5775591,0.28977775 -2.0776457 1.5775591,
  0.25980762 -2.15 1.5775591,0.21213203 -2.212132 1.5775591,
  0.15 -2.2598076 1.5775591,0.077645714 -2.2897777 1.5775591,
  0.092944634 -2.1770912 1.4625222,0.16459677 -2.1136129 1.4625222,
  0.19854177 -2.0241073 1.4625222,0.18700325 -1.929079 1.4625222,
  0.13262453 -1.8502979 1.4625222,0.047863133 -1.8058116 1.4625222,
  -0.047863133 -1.8058116 1.4625222,-0.13262453 -1.8502979 1.4625222,
  -0.18700325 -1.929079 1.4625222,-0.19854177 -2.0241073 1.4625222,
  -0.16459677 -2.1136129 1.4625222,-0.092944634 -2.1770912 1.4625222] }
 coordIndex [
  1,26,2,-1,51,1,0,-1,28,3,4,-1,27,28,29,-1,52,24,25,-1,52,25,26,-1,52,50,49,-1,52,51,50,-1,
  52,26,1,-1,52,1,51,-1,53,52,49,-1,53,22,23,-1,53,23,24,-1,53,24,52,-1,53,48,47,-1,53,49,48,-1,
  54,21,22,-1,54,47,46,-1,54,53,47,-1,54,22,53,-1,55,19,20,-1,55,20,21,-1,55,45,44,-1,55,54,46,-1,
  55,46,45,-1,55,21,54,-1,56,17,18,-1,56,18,19,-1,56,19,55,-1,56,43,42,-1,56,44,43,-1,56,55,44,-1,
  57,15,16,-1,57,16,17,-1,57,41,40,-1,57,42,41,-1,57,56,42,-1,57,17,56,-1,58,13,14,-1,58,14,15,-1,
  58,39,38,-1,58,40,39,-1,58,15,57,-1,58,57,40,-1,59,11,12,-1,59,12,13,-1,59,37,36,-1,59,38,37,-1,
  59,13,58,-1,59,58,38,-1,60,11,59,-1,60,9,10,-1,60,10,11,-1,60,35,34,-1,60,36,35,-1,60,59,36,-1,
  61,8,9,-1,61,60,34,-1,61,34,33,-1,61,9,60,-1,62,6,7,-1,62,7,8,-1,62,32,31,-1,62,33,32,-1,
  62,61,33,-1,62,8,61,-1,63,4,5,-1,63,5,6,-1,63,30,29,-1,63,31,30,-1,63,28,4,-1,63,29,28,-1,
  63,6,62,-1,63,62,31,-1]
  normalPerVertex TRUE
  normal DEF NORM_145 Normal { vector [
  -0.098872551 0.75101158 0.65284441,-0.15196439 0.73983326 0.65540337,
  -0.098872551 0.75101158 0.65284441,0.098872551 0.75101158 0.65284441,
  0.18867893 0.74286485 0.64230217,0.3776183 0.65405407 0.65545228,
  0.52023964 0.56272909 0.64240694,0.65542383 0.37840912 0.65362538,
  0.72554748 0.24622094 0.6426166,0.76371119 -0.060031162 0.64276083,
  0.73217668 -0.19618615 0.65224865,0.64269216 -0.41730357 0.64249865,
  0.53449884 -0.53449884 0.65469229,0.36572902 -0.67352784 0.64234145,
  0.19536731 -0.72912073 0.65590745,0 -0.76646249 0.64228907,
  -0.19536731 -0.72912073 0.65590745,-0.36572902 -0.67352784 0.64234145,
  -0.53449884 -0.53449884 0.65469229,-0.64269216 -0.41730357 0.64249865,
  -0.73217668 -0.19618615 0.65224865,-0.76371119 -0.060031162 0.64276083,
  -0.72554748 0.24622094 0.6426166,-0.65542383 0.37840912 0.65362538,
  -0.52023964 0.56272909 0.64240694,-0.3776183 0.65405407 0.65545228,
  -0.18867893 0.74286485 0.64230217,0.098872551 0.75101158 0.65284441,
  0.15196439 0.73983326 0.65540337,0.18816544 0.72445221 0.66314611,
  0.37709141 0.65314148 0.65666451,0.51680826 0.54118607 0.66334521,
  0.65177496 0.37630245 0.65847238,0.71451214 0.22117251 0.66374327,
  0.74692452 -0.034429599 0.66401684,0.72581964 -0.19448279 0.65981989,
  0.63613134 -0.39380065 0.66351938,0.53282258 -0.53282258 0.65741935,
  0.36421312 -0.6538249 0.66322078,0.19529912 -0.72886624 0.65621053,
  0 -0.74851202 0.66312122,-0.19529912 -0.72886624 0.65621053,
  -0.36421312 -0.6538249 0.66322078,-0.53282258 -0.53282258 0.65741935,
  -0.63613134 -0.39380065 0.66351938,-0.72581964 -0.19448279 0.65981989,
  -0.74692452 -0.034429599 0.66401684,-0.71451214 0.22117251 0.66374327,
  -0.65177496 0.37630245 0.65847238,-0.51680826 0.54118607 0.66334521,
  -0.37709141 0.65314148 0.65666451,-0.18816544 0.72445221 0.66314611,
  -0.35737857 0.65772334 0.66308413,-0.62807914 0.40733001 0.66302252,
  -0.74428661 0.092040788 0.66148767,-0.70909404 -0.24009994 0.66297637,
  -0.50838297 -0.5494545 0.66305845,-0.18436602 -0.72547099 0.66309955,
  0.18436602 -0.72547099 0.66309955,0.50838297 -0.5494545 0.66305845,
  0.70909404 -0.24009994 0.66297637,0.74428661 0.092040788 0.66148767,
  0.62807914 0.40733001 0.66302252,0.35737857 0.65772334 0.66308413] }
}
}
DEF SHAPE_146 Shape {
 appearance USE APP_2
 geometry DEF FACE_146 IndexedFaceSet {
  coord DEF COORD_146 Coordinate { point [
  0 -3.3 1.5775591,0 -3.2 1.4625222,
  0 -3.1 1.3474854,0 -3.1 1.3474854,
  -0.025881905 -3.0965926 1.3474854,-0.05 -3.0866025 1.3474854,
  -0.070710678 -3.0707107 1.3474854,-0.08660254 -3.05 1.3474854,
  -0.096592583 -3.0258819 1.3474854,-0.1 -3 1.3474854,
  -0.096592583 -2.9741181 1.3474854,-0.08660254 -2.95 1.3474854,
  -0.070710678 -2.9292893 1.3474854,-0.05 -2.9133975 1.3474854,
  -0.025881905 -2.9034074 1.3474854,0 -2.9 1.3474854,
  0.025881905 -2.9034074 1.3474854,0.05 -2.9133975 1.3474854,
  0.070710678 -2.9292893 1.3474854,0.08660254 -2.95 1.3474854,
  0.096592583 -2.9741181 1.3474854,0.1 -3 1.3474854,
  0.096592583 -3.0258819 1.3474854,0.08660254 -3.05 1.3474854,
  0.070710678 -3.0707107 1.3474854,0.05 -3.0866025 1.3474854,
  0.025881905 -3.0965926 1.3474854,0 -3.3 1.5775591,
  0 -3.2 1.4625222,-0.077645714 -3.2897777 1.5775591,
  -0.15 -3.2598076 1.5775591,-0.21213203 -3.212132 1.5775591,
  -0.25980762 -3.15 1.5775591,-0.28977775 -3.0776457 1.5775591,
  -0.3 -3 1.5775591,-0.28977775 -2.9223543 1.5775591,
  -0.25980762 -2.85 1.5775591,-0.21213203 -2.787868 1.5775591,
  -0.15 -2.7401924 1.5775591,-0.077645714 -2.7102223 1.5775591,
  0 -2.7 1.5775591,0.077645714 -2.7102223 1.5775591,
  0.15 -2.7401924 1.5775591,0.21213203 -2.787868 1.5775591,
  0.25980762 -2.85 1.5775591,0.28977775 -2.9223543 1.5775591,
  0.3 -3 1.5775591,0.28977775 -3.0776457 1.5775591,
  0.25980762 -3.15 1.5775591,0.21213203 -3.212132 1.5775591,
  0.15 -3.2598076 1.5775591,0.077645714 -3.2897777 1.5775591,
  0.092944634 -3.1770912 1.4625222,0.16459677 -3.1136129 1.4625222,
  0.19854177 -3.0241073 1.4625222,0.18700325 -2.929079 1.4625222,
  0.13262453 -2.8502979 1.4625222,0.047863133 -2.8058116 1.4625222,
  -0.047863133 -2.8058116 1.4625222,-0.13262453 -2.8502979 1.4625222,
  -0.18700325 -2.929079 1.4625222,-0.19854177 -3.0241073 1.4625222,
  -0.16459677 -3.1136129 1.4625222,-0.092944634 -3.1770912 1.4625222] }
 coordIndex [
  1,26,2,-1,51,1,0,-1,28,3,4,-1,27,28,29,-1,52,24,25,-1,52,25,26,-1,52,50,49,-1,52,51,50,-1,
  52,26,1,-1,52,1,51,-1,53,52,49,-1,53,22,23,-1,53,23,24,-1,53,24,52,-1,53,48,47,-1,53,49,48,-1,
  54,21,22,-1,54,47,46,-1,54,53,47,-1,54,22,53,-1,55,19,20,-1,55,20,21,-1,55,45,44,-1,55,54,46,-1,
  55,46,45,-1,55,21,54,-1,56,17,18,-1,56,18,19,-1,56,19,55,-1,56,43,42,-1,56,44,43,-1,56,55,44,-1,
  57,15,16,-1,57,16,17,-1,57,41,40,-1,57,42,41,-1,57,56,42,-1,57,17,56,-1,58,13,14,-1,58,14,15,-1,
  58,39,38,-1,58,40,39,-1,58,57,40,-1,58,15,57,-1,59,11,12,-1,59,12,13,-1,59,37,36,-1,59,38,37,-1,
  59,13,58,-1,59,58,38,-1,60,11,59,-1,60,9,10,-1,60,10,11,-1,60,35,34,-1,60,36,35,-1,60,59,36,-1,
  61,8,9,-1,61,60,34,-1,61,34,33,-1,61,9,60,-1,62,6,7,-1,62,7,8,-1,62,32,31,-1,62,33,32,-1,
  62,61,33,-1,62,8,61,-1,63,4,5,-1,63,5,6,-1,63,30,29,-1,63,31,30,-1,63,28,4,-1,63,29,28,-1,
  63,6,62,-1,63,62,31,-1]
  normalPerVertex TRUE
  normal DEF NORM_146 Normal { vector [
  -0.098872551 0.75101158 0.65284441,-0.15196439 0.73983326 0.65540337,
  -0.098872551 0.75101158 0.65284441,0.098872551 0.75101158 0.65284441,
  0.18867893 0.74286485 0.64230217,0.3776183 0.65405407 0.65545228,
  0.52023964 0.56272909 0.64240694,0.65542383 0.37840912 0.65362538,
  0.72554748 0.24622094 0.6426166,0.76371119 -0.060031162 0.64276083,
  0.73217668 -0.19618615 0.65224865,0.64269216 -0.41730357 0.64249865,
  0.53449884 -0.53449884 0.65469229,0.36572902 -0.67352784 0.64234145,
  0.19536731 -0.72912073 0.65590745,0 -0.76646249 0.64228907,
  -0.19536731 -0.72912073 0.65590745,-0.36572902 -0.67352784 0.64234145,
  -0.53449884 -0.53449884 0.65469229,-0.64269216 -0.41730357 0.64249865,
  -0.73217668 -0.19618615 0.65224865,-0.76371119 -0.060031162 0.64276083,
  -0.72554748 0.24622094 0.6426166,-0.65542383 0.37840912 0.65362538,
  -0.52023964 0.56272909 0.64240694,-0.3776183 0.65405407 0.65545228,
  -0.18867893 0.74286485 0.64230217,0.098872551 0.75101158 0.65284441,
  0.15196439 0.73983326 0.65540337,0.18816544 0.72445221 0.66314611,
  0.37709141 0.65314148 0.65666451,0.51680826 0.54118607 0.66334521,
  0.65177496 0.37630245 0.65847238,0.71451214 0.22117251 0.66374327,
  0.74692452 -0.034429599 0.66401684,0.72581964 -0.19448279 0.65981989,
  0.63613134 -0.39380065 0.66351938,0.53282258 -0.53282258 0.65741935,
  0.36421312 -0.6538249 0.66322078,0.19529912 -0.72886624 0.65621053,
  0 -0.74851202 0.66312122,-0.19529912 -0.72886624 0.65621053,
  -0.36421312 -0.6538249 0.66322078,-0.53282258 -0.53282258 0.65741935,
  -0.63613134 -0.39380065 0.66351938,-0.72581964 -0.19448279 0.65981989,
  -0.74692452 -0.034429599 0.66401684,-0.71451214 0.22117251 0.66374327,
  -0.65177496 0.37630245 0.65847238,-0.51680826 0.54118607 0.66334521,
  -0.37709141 0.65314148 0.65666451,-0.18816544 0.72445221 0.66314611,
  -0.35737857 0.65772334 0.66308413,-0.62807914 0.40733001 0.66302252,
  -0.74428661 0.092040788 0.66148767,-0.70909404 -0.24009994 0.66297637,
  -0.50838297 -0.5494545 0.66305845,-0.18436602 -0.72547099 0.66309955,
  0.18436602 -0.72547099 0.66309955,0.50838297 -0.5494545 0.66305845,
  0.70909404 -0.24009994 0.66297637,0.74428661 0.092040788 0.66148767,
  0.62807914 0.40733001 0.66302252,0.35737857 0.65772334 0.66308413] }
}
}
DEF SHAPE_147 Shape {
 appearance USE APP_2
 geometry DEF FACE_147 IndexedFaceSet {
  coord DEF COORD_147 Coordinate { point [
  0 -0.3 1.5775591,0 -0.2 1.4625222,
  0 -0.1 1.3474854,0 -0.1 1.3474854,
  -0.025881905 -0.096592583 1.3474854,-0.05 -0.08660254 1.3474854,
  -0.070710678 -0.070710678 1.3474854,-0.08660254 -0.05 1.3474854,
  -0.096592583 -0.025881905 1.3474854,-0.1 0 1.3474854,
  -0.096592583 0.025881905 1.3474854,-0.08660254 0.05 1.3474854,
  -0.070710678 0.070710678 1.3474854,-0.05 0.08660254 1.3474854,
  -0.025881905 0.096592583 1.3474854,0 0.1 1.3474854,
  0.025881905 0.096592583 1.3474854,0.05 0.08660254 1.3474854,
  0.070710678 0.070710678 1.3474854,0.08660254 0.05 1.3474854,
  0.096592583 0.025881905 1.3474854,0.1 0 1.3474854,
  0.096592583 -0.025881905 1.3474854,0.08660254 -0.05 1.3474854,
  0.070710678 -0.070710678 1.3474854,0.05 -0.08660254 1.3474854,
  0.025881905 -0.096592583 1.3474854,0 -0.3 1.5775591,
  0 -0.2 1.4625222,-0.077645714 -0.28977775 1.5775591,
  -0.15 -0.25980762 1.5775591,-0.21213203 -0.21213203 1.5775591,
  -0.25980762 -0.15 1.5775591,-0.28977775 -0.077645714 1.5775591,
  -0.3 0 1.5775591,-0.28977775 0.077645714 1.5775591,
  -0.25980762 0.15 1.5775591,-0.21213203 0.21213203 1.5775591,
  -0.15 0.25980762 1.5775591,-0.077645714 0.28977775 1.5775591,
  0 0.3 1.5775591,0.077645714 0.28977775 1.5775591,
  0.15 0.25980762 1.5775591,0.21213203 0.21213203 1.5775591,
  0.25980762 0.15 1.5775591,0.28977775 0.077645714 1.5775591,
  0.3 0 1.5775591,0.28977775 -0.077645714 1.5775591,
  0.25980762 -0.15 1.5775591,0.21213203 -0.21213203 1.5775591,
  0.15 -0.25980762 1.5775591,0.077645714 -0.28977775 1.5775591,
  0.092944634 -0.17709121 1.4625222,0.16459677 -0.11361295 1.4625222,
  0.19854177 -0.024107336 1.4625222,0.18700325 0.070920977 1.4625222,
  0.13262453 0.14970215 1.4625222,0.047863133 0.19418836 1.4625222,
  -0.047863133 0.19418836 1.4625222,-0.13262453 0.14970215 1.4625222,
  -0.18700325 0.070920977 1.4625222,-0.19854177 -0.024107336 1.4625222,
  -0.16459677 -0.11361295 1.4625222,-0.092944634 -0.17709121 1.4625222] }
 coordIndex [
  1,26,2,-1,51,1,0,-1,28,3,4,-1,27,28,29,-1,52,24,25,-1,52,25,26,-1,52,50,49,-1,52,51,50,-1,
  52,26,1,-1,52,1,51,-1,53,52,49,-1,53,22,23,-1,53,23,24,-1,53,24,52,-1,53,48,47,-1,53,49,48,-1,
  54,21,22,-1,54,47,46,-1,54,53,47,-1,54,22,53,-1,55,19,20,-1,55,20,21,-1,55,45,44,-1,55,54,46,-1,
  55,46,45,-1,55,21,54,-1,56,17,18,-1,56,18,19,-1,56,19,55,-1,56,43,42,-1,56,44,43,-1,56,55,44,-1,
  57,15,16,-1,57,16,17,-1,57,41,40,-1,57,42,41,-1,57,56,42,-1,57,17,56,-1,58,13,14,-1,58,14,15,-1,
  58,39,38,-1,58,40,39,-1,58,15,57,-1,58,57,40,-1,59,11,12,-1,59,12,13,-1,59,37,36,-1,59,38,37,-1,
  59,13,58,-1,59,58,38,-1,60,11,59,-1,60,9,10,-1,60,10,11,-1,60,35,34,-1,60,36,35,-1,60,59,36,-1,
  61,8,9,-1,61,60,34,-1,61,34,33,-1,61,9,60,-1,62,6,7,-1,62,7,8,-1,62,32,31,-1,62,33,32,-1,
  62,61,33,-1,62,8,61,-1,63,4,5,-1,63,5,6,-1,63,30,29,-1,63,31,30,-1,63,28,4,-1,63,29,28,-1,
  63,6,62,-1,63,62,31,-1]
  normalPerVertex TRUE
  normal DEF NORM_147 Normal { vector [
  -0.098872551 0.75101158 0.65284441,-0.15196439 0.73983326 0.65540337,
  -0.098872551 0.75101158 0.65284441,0.098872551 0.75101158 0.65284441,
  0.18867893 0.74286485 0.64230217,0.3776183 0.65405407 0.65545228,
  0.52023964 0.56272909 0.64240694,0.65542383 0.37840912 0.65362538,
  0.72554748 0.24622094 0.6426166,0.76371119 -0.060031162 0.64276083,
  0.73217668 -0.19618615 0.65224865,0.64269216 -0.41730357 0.64249865,
  0.53449884 -0.53449884 0.65469229,0.36572902 -0.67352784 0.64234145,
  0.19536731 -0.72912073 0.65590745,0 -0.76646249 0.64228907,
  -0.19536731 -0.72912073 0.65590745,-0.36572902 -0.67352784 0.64234145,
  -0.53449884 -0.53449884 0.65469229,-0.64269216 -0.41730357 0.64249865,
  -0.73217668 -0.19618615 0.65224865,-0.76371119 -0.060031162 0.64276083,
  -0.72554748 0.24622094 0.6426166,-0.65542383 0.37840912 0.65362538,
  -0.52023964 0.56272909 0.64240694,-0.3776183 0.65405407 0.65545228,
  -0.18867893 0.74286485 0.64230217,0.098872551 0.75101158 0.65284441,
  0.15196439 0.73983326 0.65540337,0.18816544 0.72445221 0.66314611,
  0.37709141 0.65314148 0.65666451,0.51680826 0.54118607 0.66334521,
  0.65177496 0.37630245 0.65847238,0.71451214 0.22117251 0.66374327,
  0.74692452 -0.034429599 0.66401684,0.72581964 -0.19448279 0.65981989,
  0.63613134 -0.39380065 0.66351938,0.53282258 -0.53282258 0.65741935,
  0.36421312 -0.6538249 0.66322078,0.19529912 -0.72886624 0.65621053,
  0 -0.74851202 0.66312122,-0.19529912 -0.72886624 0.65621053,
  -0.36421312 -0.6538249 0.66322078,-0.53282258 -0.53282258 0.65741935,
  -0.63613134 -0.39380065 0.66351938,-0.72581964 -0.19448279 0.65981989,
  -0.74692452 -0.034429599 0.66401684,-0.71451214 0.22117251 0.66374327,
  -0.65177496 0.37630245 0.65847238,-0.51680826 0.54118607 0.66334521,
  -0.37709141 0.65314148 0.65666451,-0.18816544 0.72445221 0.66314611,
  -0.35737857 0.65772334 0.66308413,-0.62807914 0.40733001 0.66302252,
  -0.74428661 0.092040788 0.66148767,-0.70909404 -0.24009994 0.66297637,
  -0.50838297 -0.5494545 0.66305845,-0.18436602 -0.72547099 0.66309955,
  0.18436602 -0.72547099 0.66309955,0.50838297 -0.5494545 0.66305845,
  0.70909404 -0.24009994 0.66297637,0.74428661 0.092040788 0.66148767,
  0.62807914 0.40733001 0.66302252,0.35737857 0.65772334 0.66308413] }
}
}
DEF SHAPE_148 Shape {
 appearance USE APP_2
 geometry DEF FACE_148 IndexedFaceSet {
  coord DEF COORD_148 Coordinate { point [
  0 -9.3 1.5775591,0 -9.2 1.4625222,
  0 -9.1 1.3474854,0 -9.1 1.3474854,
  -0.025881905 -9.0965926 1.3474854,-0.05 -9.0866025 1.3474854,
  -0.070710678 -9.0707107 1.3474854,-0.08660254 -9.05 1.3474854,
  -0.096592583 -9.0258819 1.3474854,-0.1 -9 1.3474854,
  -0.096592583 -8.9741181 1.3474854,-0.08660254 -8.95 1.3474854,
  -0.070710678 -8.9292893 1.3474854,-0.05 -8.9133975 1.3474854,
  -0.025881905 -8.9034074 1.3474854,0 -8.9 1.3474854,
  0.025881905 -8.9034074 1.3474854,0.05 -8.9133975 1.3474854,
  0.070710678 -8.9292893 1.3474854,0.08660254 -8.95 1.3474854,
  0.096592583 -8.9741181 1.3474854,0.1 -9 1.3474854,
  0.096592583 -9.0258819 1.3474854,0.08660254 -9.05 1.3474854,
  0.070710678 -9.0707107 1.3474854,0.05 -9.0866025 1.3474854,
  0.025881905 -9.0965926 1.3474854,0 -9.3 1.5775591,
  0 -9.2 1.4625222,-0.077645714 -9.2897777 1.5775591,
  -0.15 -9.2598076 1.5775591,-0.21213203 -9.212132 1.5775591,
  -0.25980762 -9.15 1.5775591,-0.28977775 -9.0776457 1.5775591,
  -0.3 -9 1.5775591,-0.28977775 -8.9223543 1.5775591,
  -0.25980762 -8.85 1.5775591,-0.21213203 -8.787868 1.5775591,
  -0.15 -8.7401924 1.5775591,-0.077645714 -8.7102223 1.5775591,
  0 -8.7 1.5775591,0.077645714 -8.7102223 1.5775591,
  0.15 -8.7401924 1.5775591,0.21213203 -8.787868 1.5775591,
  0.25980762 -8.85 1.5775591,0.28977775 -8.9223543 1.5775591,
  0.3 -9 1.5775591,0.28977775 -9.0776457 1.5775591,
  0.25980762 -9.15 1.5775591,0.21213203 -9.212132 1.5775591,
  0.15 -9.2598076 1.5775591,0.077645714 -9.2897777 1.5775591,
  0.092944634 -9.1770912 1.4625222,0.16459677 -9.1136129 1.4625222,
  0.19854177 -9.0241073 1.4625222,0.18700325 -8.929079 1.4625222,
  0.13262453 -8.8502979 1.4625222,0.047863133 -8.8058116 1.4625222,
  -0.047863133 -8.8058116 1.4625222,-0.13262453 -8.8502979 1.4625222,
  -0.18700325 -8.929079 1.4625222,-0.19854177 -9.0241073 1.4625222,
  -0.16459677 -9.1136129 1.4625222,-0.092944634 -9.1770912 1.4625222] }
 coordIndex [
  1,26,2,-1,51,1,0,-1,28,3,4,-1,27,28,29,-1,52,24,25,-1,52,25,26,-1,52,50,49,-1,52,51,50,-1,
  52,26,1,-1,52,1,51,-1,53,52,49,-1,53,22,23,-1,53,23,24,-1,53,24,52,-1,53,48,47,-1,53,49,48,-1,
  54,21,22,-1,54,47,46,-1,54,53,47,-1,54,22,53,-1,55,19,20,-1,55,20,21,-1,55,45,44,-1,55,54,46,-1,
  55,46,45,-1,55,21,54,-1,56,17,18,-1,56,18,19,-1,56,19,55,-1,56,43,42,-1,56,44,43,-1,56,55,44,-1,
  57,15,16,-1,57,16,17,-1,57,41,40,-1,57,42,41,-1,57,56,42,-1,57,17,56,-1,58,13,14,-1,58,14,15,-1,
  58,39,38,-1,58,40,39,-1,58,15,57,-1,58,57,40,-1,59,11,12,-1,59,12,13,-1,59,37,36,-1,59,38,37,-1,
  59,13,58,-1,59,58,38,-1,60,11,59,-1,60,9,10,-1,60,10,11,-1,60,35,34,-1,60,36,35,-1,60,59,36,-1,
  61,8,9,-1,61,60,34,-1,61,34,33,-1,61,9,60,-1,62,6,7,-1,62,7,8,-1,62,32,31,-1,62,33,32,-1,
  62,61,33,-1,62,8,61,-1,63,4,5,-1,63,5,6,-1,63,30,29,-1,63,31,30,-1,63,28,4,-1,63,29,28,-1,
  63,6,62,-1,63,62,31,-1]
  normalPerVertex TRUE
  normal DEF NORM_148 Normal { vector [
  -0.098872551 0.75101158 0.65284441,-0.15196439 0.73983326 0.65540337,
  -0.098872551 0.75101158 0.65284441,0.098872551 0.75101158 0.65284441,
  0.18867893 0.74286485 0.64230217,0.3776183 0.65405407 0.65545228,
  0.52023964 0.56272909 0.64240694,0.65542383 0.37840912 0.65362538,
  0.72554748 0.24622094 0.6426166,0.76371119 -0.060031162 0.64276083,
  0.73217668 -0.19618615 0.65224865,0.64269216 -0.41730357 0.64249865,
  0.53449884 -0.53449884 0.65469229,0.36572902 -0.67352784 0.64234145,
  0.19536731 -0.72912073 0.65590745,0 -0.76646249 0.64228907,
  -0.19536731 -0.72912073 0.65590745,-0.36572902 -0.67352784 0.64234145,
  -0.53449884 -0.53449884 0.65469229,-0.64269216 -0.41730357 0.64249865,
  -0.73217668 -0.19618615 0.65224865,-0.76371119 -0.060031162 0.64276083,
  -0.72554748 0.24622094 0.6426166,-0.65542383 0.37840912 0.65362538,
  -0.52023964 0.56272909 0.64240694,-0.3776183 0.65405407 0.65545228,
  -0.18867893 0.74286485 0.64230217,0.098872551 0.75101158 0.65284441,
  0.15196439 0.73983326 0.65540337,0.18816544 0.72445221 0.66314611,
  0.37709141 0.65314148 0.65666451,0.51680826 0.54118607 0.66334521,
  0.65177496 0.37630245 0.65847238,0.71451214 0.22117251 0.66374327,
  0.74692452 -0.034429599 0.66401684,0.72581964 -0.19448279 0.65981989,
  0.63613134 -0.39380065 0.66351938,0.53282258 -0.53282258 0.65741935,
  0.36421312 -0.6538249 0.66322078,0.19529912 -0.72886624 0.65621053,
  0 -0.74851202 0.66312122,-0.19529912 -0.72886624 0.65621053,
  -0.36421312 -0.6538249 0.66322078,-0.53282258 -0.53282258 0.65741935,
  -0.63613134 -0.39380065 0.66351938,-0.72581964 -0.19448279 0.65981989,
  -0.74692452 -0.034429599 0.66401684,-0.71451214 0.22117251 0.66374327,
  -0.65177496 0.37630245 0.65847238,-0.51680826 0.54118607 0.66334521,
  -0.37709141 0.65314148 0.65666451,-0.18816544 0.72445221 0.66314611,
  -0.35737857 0.65772334 0.66308413,-0.62807914 0.40733001 0.66302252,
  -0.74428661 0.092040788 0.66148767,-0.70909404 -0.24009994 0.66297637,
  -0.50838297 -0.5494545 0.66305845,-0.18436602 -0.72547099 0.66309955,
  0.18436602 -0.72547099 0.66309955,0.50838297 -0.5494545 0.66305845,
  0.70909404 -0.24009994 0.66297637,0.74428661 0.092040788 0.66148767,
  0.62807914 0.40733001 0.66302252,0.35737857 0.65772334 0.66308413] }
}
}
DEF SHAPE_149 Shape {
 appearance USE APP_2
 geometry DEF FACE_149 IndexedFaceSet {
  coord DEF COORD_149 Coordinate { point [
  0 -8.3 1.5775591,0 -8.2 1.4625222,
  0 -8.1 1.3474854,0 -8.1 1.3474854,
  -0.025881905 -8.0965926 1.3474854,-0.05 -8.0866025 1.3474854,
  -0.070710678 -8.0707107 1.3474854,-0.08660254 -8.05 1.3474854,
  -0.096592583 -8.0258819 1.3474854,-0.1 -8 1.3474854,
  -0.096592583 -7.9741181 1.3474854,-0.08660254 -7.95 1.3474854,
  -0.070710678 -7.9292893 1.3474854,-0.05 -7.9133975 1.3474854,
  -0.025881905 -7.9034074 1.3474854,0 -7.9 1.3474854,
  0.025881905 -7.9034074 1.3474854,0.05 -7.9133975 1.3474854,
  0.070710678 -7.9292893 1.3474854,0.08660254 -7.95 1.3474854,
  0.096592583 -7.9741181 1.3474854,0.1 -8 1.3474854,
  0.096592583 -8.0258819 1.3474854,0.08660254 -8.05 1.3474854,
  0.070710678 -8.0707107 1.3474854,0.05 -8.0866025 1.3474854,
  0.025881905 -8.0965926 1.3474854,0 -8.3 1.5775591,
  0 -8.2 1.4625222,-0.077645714 -8.2897777 1.5775591,
  -0.15 -8.2598076 1.5775591,-0.21213203 -8.212132 1.5775591,
  -0.25980762 -8.15 1.5775591,-0.28977775 -8.0776457 1.5775591,
  -0.3 -8 1.5775591,-0.28977775 -7.9223543 1.5775591,
  -0.25980762 -7.85 1.5775591,-0.21213203 -7.787868 1.5775591,
  -0.15 -7.7401924 1.5775591,-0.077645714 -7.7102223 1.5775591,
  0 -7.7 1.5775591,0.077645714 -7.7102223 1.5775591,
  0.15 -7.7401924 1.5775591,0.21213203 -7.787868 1.5775591,
  0.25980762 -7.85 1.5775591,0.28977775 -7.9223543 1.5775591,
  0.3 -8 1.5775591,0.28977775 -8.0776457 1.5775591,
  0.25980762 -8.15 1.5775591,0.21213203 -8.212132 1.5775591,
  0.15 -8.2598076 1.5775591,0.077645714 -8.2897777 1.5775591,
  0.092944634 -8.1770912 1.4625222,0.16459677 -8.1136129 1.4625222,
  0.19854177 -8.0241073 1.4625222,0.18700325 -7.929079 1.4625222,
  0.13262453 -7.8502979 1.4625222,0.047863133 -7.8058116 1.4625222,
  -0.047863133 -7.8058116 1.4625222,-0.13262453 -7.8502979 1.4625222,
  -0.18700325 -7.929079 1.4625222,-0.19854177 -8.0241073 1.4625222,
  -0.16459677 -8.1136129 1.4625222,-0.092944634 -8.1770912 1.4625222] }
 coordIndex [
  1,26,2,-1,51,1,0,-1,28,3,4,-1,27,28,29,-1,52,24,25,-1,52,25,26,-1,52,50,49,-1,52,51,50,-1,
  52,26,1,-1,52,1,51,-1,53,52,49,-1,53,22,23,-1,53,23,24,-1,53,24,52,-1,53,48,47,-1,53,49,48,-1,
  54,21,22,-1,54,47,46,-1,54,53,47,-1,54,22,53,-1,55,19,20,-1,55,20,21,-1,55,45,44,-1,55,54,46,-1,
  55,46,45,-1,55,21,54,-1,56,17,18,-1,56,18,19,-1,56,19,55,-1,56,43,42,-1,56,44,43,-1,56,55,44,-1,
  57,15,16,-1,57,16,17,-1,57,41,40,-1,57,42,41,-1,57,56,42,-1,57,17,56,-1,58,13,14,-1,58,14,15,-1,
  58,39,38,-1,58,40,39,-1,58,15,57,-1,58,57,40,-1,59,11,12,-1,59,12,13,-1,59,37,36,-1,59,38,37,-1,
  59,13,58,-1,59,58,38,-1,60,11,59,-1,60,9,10,-1,60,10,11,-1,60,35,34,-1,60,36,35,-1,60,59,36,-1,
  61,8,9,-1,61,60,34,-1,61,34,33,-1,61,9,60,-1,62,6,7,-1,62,7,8,-1,62,32,31,-1,62,33,32,-1,
  62,61,33,-1,62,8,61,-1,63,4,5,-1,63,5,6,-1,63,30,29,-1,63,31,30,-1,63,28,4,-1,63,29,28,-1,
  63,6,62,-1,63,62,31,-1]
  normalPerVertex TRUE
  normal DEF NORM_149 Normal { vector [
  -0.098872551 0.75101158 0.65284441,-0.15196439 0.73983326 0.65540337,
  -0.098872551 0.75101158 0.65284441,0.098872551 0.75101158 0.65284441,
  0.18867893 0.74286485 0.64230217,0.3776183 0.65405407 0.65545228,
  0.52023964 0.56272909 0.64240694,0.65542383 0.37840912 0.65362538,
  0.72554748 0.24622094 0.6426166,0.76371119 -0.060031162 0.64276083,
  0.73217668 -0.19618615 0.65224865,0.64269216 -0.41730357 0.64249865,
  0.53449884 -0.53449884 0.65469229,0.36572902 -0.67352784 0.64234145,
  0.19536731 -0.72912073 0.65590745,0 -0.76646249 0.64228907,
  -0.19536731 -0.72912073 0.65590745,-0.36572902 -0.67352784 0.64234145,
  -0.53449884 -0.53449884 0.65469229,-0.64269216 -0.41730357 0.64249865,
  -0.73217668 -0.19618615 0.65224865,-0.76371119 -0.060031162 0.64276083,
  -0.72554748 0.24622094 0.6426166,-0.65542383 0.37840912 0.65362538,
  -0.52023964 0.56272909 0.64240694,-0.3776183 0.65405407 0.65545228,
  -0.18867893 0.74286485 0.64230217,0.098872551 0.75101158 0.65284441,
  0.15196439 0.73983326 0.65540337,0.18816544 0.72445221 0.66314611,
  0.37709141 0.65314148 0.65666451,0.51680826 0.54118607 0.66334521,
  0.65177496 0.37630245 0.65847238,0.71451214 0.22117251 0.66374327,
  0.74692452 -0.034429599 0.66401684,0.72581964 -0.19448279 0.65981989,
  0.63613134 -0.39380065 0.66351938,0.53282258 -0.53282258 0.65741935,
  0.36421312 -0.6538249 0.66322078,0.19529912 -0.72886624 0.65621053,
  0 -0.74851202 0.66312122,-0.19529912 -0.72886624 0.65621053,
  -0.36421312 -0.6538249 0.66322078,-0.53282258 -0.53282258 0.65741935,
  -0.63613134 -0.39380065 0.66351938,-0.72581964 -0.19448279 0.65981989,
  -0.74692452 -0.034429599 0.66401684,-0.71451214 0.22117251 0.66374327,
  -0.65177496 0.37630245 0.65847238,-0.51680826 0.54118607 0.66334521,
  -0.37709141 0.65314148 0.65666451,-0.18816544 0.72445221 0.66314611,
  -0.35737857 0.65772334 0.66308413,-0.62807914 0.40733001 0.66302252,
  -0.74428661 0.092040788 0.66148767,-0.70909404 -0.24009994 0.66297637,
  -0.50838297 -0.5494545 0.66305845,-0.18436602 -0.72547099 0.66309955,
  0.18436602 -0.72547099 0.66309955,0.50838297 -0.5494545 0.66305845,
  0.70909404 -0.24009994 0.66297637,0.74428661 0.092040788 0.66148767,
  0.62807914 0.40733001 0.66302252,0.35737857 0.65772334 0.66308413] }
}
}
DEF SHAPE_150 Shape {
 appearance USE APP_2
 geometry DEF FACE_150 IndexedFaceSet {
  coord DEF COORD_150 Coordinate { point [
  3 -1.7 1.5775591,3 -1.8 1.4625222,
  3 -1.9 1.3474854,3 -1.9 1.3474854,
  3.0258819 -1.9034074 1.3474854,3.05 -1.9133975 1.3474854,
  3.0707107 -1.9292893 1.3474854,3.0866025 -1.95 1.3474854,
  3.0965926 -1.9741181 1.3474854,3.1 -2 1.3474854,
  3.0965926 -2.0258819 1.3474854,3.0866025 -2.05 1.3474854,
  3.0707107 -2.0707107 1.3474854,3.05 -2.0866025 1.3474854,
  3.0258819 -2.0965926 1.3474854,3 -2.1 1.3474854,
  2.9741181 -2.0965926 1.3474854,2.95 -2.0866025 1.3474854,
  2.9292893 -2.0707107 1.3474854,2.9133975 -2.05 1.3474854,
  2.9034074 -2.0258819 1.3474854,2.9 -2 1.3474854,
  2.9034074 -1.9741181 1.3474854,2.9133975 -1.95 1.3474854,
  2.9292893 -1.9292893 1.3474854,2.95 -1.9133975 1.3474854,
  2.9741181 -1.9034074 1.3474854,3 -1.7 1.5775591,
  3 -1.8 1.4625222,3.0776457 -1.7102223 1.5775591,
  3.15 -1.7401924 1.5775591,3.212132 -1.787868 1.5775591,
  3.2598076 -1.85 1.5775591,3.2897777 -1.9223543 1.5775591,
  3.3 -2 1.5775591,3.2897777 -2.0776457 1.5775591,
  3.2598076 -2.15 1.5775591,3.212132 -2.212132 1.5775591,
  3.15 -2.2598076 1.5775591,3.0776457 -2.2897777 1.5775591,
  3 -2.3 1.5775591,2.9223543 -2.2897777 1.5775591,
  2.85 -2.2598076 1.5775591,2.787868 -2.212132 1.5775591,
  2.7401924 -2.15 1.5775591,2.7102223 -2.0776457 1.5775591,
  2.7 -2 1.5775591,2.7102223 -1.9223543 1.5775591,
  2.7401924 -1.85 1.5775591,2.787868 -1.787868 1.5775591,
  2.85 -1.7401924 1.5775591,2.9223543 -1.7102223 1.5775591,
  2.9070554 -1.8229088 1.4625222,2.8354032 -1.8863871 1.4625222,
  2.8014582 -1.9758927 1.4625222,2.8129968 -2.070921 1.4625222,
  2.8673755 -2.1497021 1.4625222,2.9521369 -2.1941884 1.4625222,
  3.0478631 -2.1941884 1.4625222,3.1326245 -2.1497021 1.4625222,
  3.1870032 -2.070921 1.4625222,3.1985418 -1.9758927 1.4625222,
  3.1645968 -1.8863871 1.4625222,3.0929446 -1.8229088 1.4625222] }
 coordIndex [
  1,26,2,-1,51,1,0,-1,28,3,4,-1,27,28,29,-1,52,24,25,-1,52,25,26,-1,52,50,49,-1,52,51,50,-1,
  52,26,1,-1,52,1,51,-1,53,52,49,-1,53,22,23,-1,53,23,24,-1,53,24,52,-1,53,48,47,-1,53,49,48,-1,
  54,21,22,-1,54,47,46,-1,54,53,47,-1,54,22,53,-1,55,19,20,-1,55,20,21,-1,55,45,44,-1,55,54,46,-1,
  55,46,45,-1,55,21,54,-1,56,17,18,-1,56,18,19,-1,56,19,55,-1,56,43,42,-1,56,44,43,-1,56,55,44,-1,
  57,15,16,-1,57,16,17,-1,57,41,40,-1,57,42,41,-1,57,56,42,-1,57,17,56,-1,58,13,14,-1,58,14,15,-1,
  58,39,38,-1,58,40,39,-1,58,15,57,-1,58,57,40,-1,59,11,12,-1,59,12,13,-1,59,37,36,-1,59,38,37,-1,
  59,13,58,-1,59,58,38,-1,60,11,59,-1,60,9,10,-1,60,10,11,-1,60,35,34,-1,60,36,35,-1,60,59,36,-1,
  61,8,9,-1,61,60,34,-1,61,34,33,-1,61,9,60,-1,62,6,7,-1,62,7,8,-1,62,32,31,-1,62,33,32,-1,
  62,61,33,-1,62,8,61,-1,63,4,5,-1,63,5,6,-1,63,30,29,-1,63,31,30,-1,63,28,4,-1,63,29,28,-1,
  63,6,62,-1,63,62,31,-1]
  normalPerVertex TRUE
  normal DEF NORM_150 Normal { vector [
  0.098872551 -0.75101158 0.65284441,0.15196439 -0.73983326 0.65540337,
  0.098872551 -0.75101158 0.65284441,-0.098872551 -0.75101158 0.65284441,
  -0.18867893 -0.74286485 0.64230217,-0.3776183 -0.65405407 0.65545228,
  -0.52023964 -0.56272909 0.64240694,-0.65542383 -0.37840912 0.65362538,
  -0.72554748 -0.24622094 0.6426166,-0.76371119 0.060031162 0.64276083,
  -0.73217668 0.19618615 0.65224865,-0.64269216 0.41730357 0.64249865,
  -0.53449884 0.53449884 0.65469229,-0.36572902 0.67352784 0.64234145,
  -0.19536731 0.72912073 0.65590745,0 0.76646249 0.64228907,
  0.19536731 0.72912073 0.65590745,0.36572902 0.67352784 0.64234145,
  0.53449884 0.53449884 0.65469229,0.64269216 0.41730357 0.64249865,
  0.73217668 0.19618615 0.65224865,0.76371119 0.060031162 0.64276083,
  0.72554748 -0.24622094 0.6426166,0.65542383 -0.37840912 0.65362538,
  0.52023964 -0.56272909 0.64240694,0.3776183 -0.65405407 0.65545228,
  0.18867893 -0.74286485 0.64230217,-0.098872551 -0.75101158 0.65284441,
  -0.15196439 -0.73983326 0.65540337,-0.18816544 -0.72445221 0.66314611,
  -0.37709141 -0.65314148 0.65666451,-0.51680826 -0.54118607 0.66334521,
  -0.65177496 -0.37630245 0.65847238,-0.71451214 -0.22117251 0.66374327,
  -0.74692452 0.034429599 0.66401684,-0.72581964 0.19448279 0.65981989,
  -0.63613134 0.39380065 0.66351938,-0.53282258 0.53282258 0.65741935,
  -0.36421312 0.6538249 0.66322078,-0.19529912 0.72886624 0.65621053,
  0 0.74851202 0.66312122,0.19529912 0.72886624 0.65621053,
  0.36421312 0.6538249 0.66322078,0.53282258 0.53282258 0.65741935,
  0.63613134 0.39380065 0.66351938,0.72581964 0.19448279 0.65981989,
  0.74692452 0.034429599 0.66401684,0.71451214 -0.22117251 0.66374327,
  0.65177496 -0.37630245 0.65847238,0.51680826 -0.54118607 0.66334521,
  0.37709141 -0.65314148 0.65666451,0.18816544 -0.72445221 0.66314611,
  0.35737857 -0.65772334 0.66308413,0.62807914 -0.40733001 0.66302252,
  0.74428661 -0.092040788 0.66148767,0.70909404 0.24009994 0.66297637,
  0.50838297 0.5494545 0.66305845,0.18436602 0.72547099 0.66309955,
  -0.18436602 0.72547099 0.66309955,-0.50838297 0.5494545 0.66305845,
  -0.70909404 0.24009994 0.66297637,-0.74428661 -0.092040788 0.66148767,
  -0.62807914 -0.40733001 0.66302252,-0.35737857 -0.65772334 0.66308413] }
}
}
DEF SHAPE_151 Shape {
 appearance USE APP_2
 geometry DEF FACE_151 IndexedFaceSet {
  coord DEF COORD_151 Coordinate { point [
  3 -0.7 1.5775591,3 -0.8 1.4625222,
  3 -0.9 1.3474854,3 -0.9 1.3474854,
  3.0258819 -0.90340742 1.3474854,3.05 -0.91339746 1.3474854,
  3.0707107 -0.92928932 1.3474854,3.0866025 -0.95 1.3474854,
  3.0965926 -0.9741181 1.3474854,3.1 -1 1.3474854,
  3.0965926 -1.0258819 1.3474854,3.0866025 -1.05 1.3474854,
  3.0707107 -1.0707107 1.3474854,3.05 -1.0866025 1.3474854,
  3.0258819 -1.0965926 1.3474854,3 -1.1 1.3474854,
  2.9741181 -1.0965926 1.3474854,2.95 -1.0866025 1.3474854,
  2.9292893 -1.0707107 1.3474854,2.9133975 -1.05 1.3474854,
  2.9034074 -1.0258819 1.3474854,2.9 -1 1.3474854,
  2.9034074 -0.9741181 1.3474854,2.9133975 -0.95 1.3474854,
  2.9292893 -0.92928932 1.3474854,2.95 -0.91339746 1.3474854,
  2.9741181 -0.90340742 1.3474854,3 -0.7 1.5775591,
  3 -0.8 1.4625222,3.0776457 -0.71022225 1.5775591,
  3.15 -0.74019238 1.5775591,3.212132 -0.78786797 1.5775591,
  3.2598076 -0.85 1.5775591,3.2897777 -0.92235429 1.5775591,
  3.3 -1 1.5775591,3.2897777 -1.0776457 1.5775591,
  3.2598076 -1.15 1.5775591,3.212132 -1.212132 1.5775591,
  3.15 -1.2598076 1.5775591,3.0776457 -1.2897777 1.5775591,
  3 -1.3 1.5775591,2.9223543 -1.2897777 1.5775591,
  2.85 -1.2598076 1.5775591,2.787868 -1.212132 1.5775591,
  2.7401924 -1.15 1.5775591,2.7102223 -1.0776457 1.5775591,
  2.7 -1 1.5775591,2.7102223 -0.92235429 1.5775591,
  2.7401924 -0.85 1.5775591,2.787868 -0.78786797 1.5775591,
  2.85 -0.74019238 1.5775591,2.9223543 -0.71022225 1.5775591,
  2.9070554 -0.82290879 1.4625222,2.8354032 -0.88638705 1.4625222,
  2.8014582 -0.97589266 1.4625222,2.8129968 -1.070921 1.4625222,
  2.8673755 -1.1497021 1.4625222,2.9521369 -1.1941884 1.4625222,
  3.0478631 -1.1941884 1.4625222,3.1326245 -1.1497021 1.4625222,
  3.1870032 -1.070921 1.4625222,3.1985418 -0.97589266 1.4625222,
  3.1645968 -0.88638705 1.4625222,3.0929446 -0.82290879 1.4625222] }
 coordIndex [
  1,26,2,-1,51,1,0,-1,28,3,4,-1,27,28,29,-1,52,24,25,-1,52,25,26,-1,52,50,49,-1,52,51,50,-1,
  52,26,1,-1,52,1,51,-1,53,52,49,-1,53,22,23,-1,53,23,24,-1,53,24,52,-1,53,48,47,-1,53,49,48,-1,
  54,21,22,-1,54,47,46,-1,54,53,47,-1,54,22,53,-1,55,19,20,-1,55,20,21,-1,55,45,44,-1,55,54,46,-1,
  55,46,45,-1,55,21,54,-1,56,17,18,-1,56,18,19,-1,56,19,55,-1,56,43,42,-1,56,44,43,-1,56,55,44,-1,
  57,15,16,-1,57,16,17,-1,57,41,40,-1,57,42,41,-1,57,56,42,-1,57,17,56,-1,58,13,14,-1,58,14,15,-1,
  58,39,38,-1,58,40,39,-1,58,15,57,-1,58,57,40,-1,59,11,12,-1,59,12,13,-1,59,37,36,-1,59,38,37,-1,
  59,13,58,-1,59,58,38,-1,60,11,59,-1,60,9,10,-1,60,10,11,-1,60,35,34,-1,60,36,35,-1,60,59,36,-1,
  61,8,9,-1,61,60,34,-1,61,34,33,-1,61,9,60,-1,62,6,7,-1,62,7,8,-1,62,32,31,-1,62,33,32,-1,
  62,61,33,-1,62,8,61,-1,63,4,5,-1,63,5,6,-1,63,30,29,-1,63,31,30,-1,63,28,4,-1,63,29,28,-1,
  63,6,62,-1,63,62,31,-1]
  normalPerVertex TRUE
  normal DEF NORM_151 Normal { vector [
  0.098872551 -0.75101158 0.65284441,0.15196439 -0.73983326 0.65540337,
  0.098872551 -0.75101158 0.65284441,-0.098872551 -0.75101158 0.65284441,
  -0.18867893 -0.74286485 0.64230217,-0.3776183 -0.65405407 0.65545228,
  -0.52023964 -0.56272909 0.64240694,-0.65542383 -0.37840912 0.65362538,
  -0.72554748 -0.24622094 0.6426166,-0.76371119 0.060031162 0.64276083,
  -0.73217668 0.19618615 0.65224865,-0.64269216 0.41730357 0.64249865,
  -0.53449884 0.53449884 0.65469229,-0.36572902 0.67352784 0.64234145,
  -0.19536731 0.72912073 0.65590745,0 0.76646249 0.64228907,
  0.19536731 0.72912073 0.65590745,0.36572902 0.67352784 0.64234145,
  0.53449884 0.53449884 0.65469229,0.64269216 0.41730357 0.64249865,
  0.73217668 0.19618615 0.65224865,0.76371119 0.060031162 0.64276083,
  0.72554748 -0.24622094 0.6426166,0.65542383 -0.37840912 0.65362538,
  0.52023964 -0.56272909 0.64240694,0.3776183 -0.65405407 0.65545228,
  0.18867893 -0.74286485 0.64230217,-0.098872551 -0.75101158 0.65284441,
  -0.15196439 -0.73983326 0.65540337,-0.18816544 -0.72445221 0.66314611,
  -0.37709141 -0.65314148 0.65666451,-0.51680826 -0.54118607 0.66334521,
  -0.65177496 -0.37630245 0.65847238,-0.71451214 -0.22117251 0.66374327,
  -0.74692452 0.034429599 0.66401684,-0.72581964 0.19448279 0.65981989,
  -0.63613134 0.39380065 0.66351938,-0.53282258 0.53282258 0.65741935,
  -0.36421312 0.6538249 0.66322078,-0.19529912 0.72886624 0.65621053,
  0 0.74851202 0.66312122,0.19529912 0.72886624 0.65621053,
  0.36421312 0.6538249 0.66322078,0.53282258 0.53282258 0.65741935,
  0.63613134 0.39380065 0.66351938,0.72581964 0.19448279 0.65981989,
  0.74692452 0.034429599 0.66401684,0.71451214 -0.22117251 0.66374327,
  0.65177496 -0.37630245 0.65847238,0.51680826 -0.54118607 0.66334521,
  0.37709141 -0.65314148 0.65666451,0.18816544 -0.72445221 0.66314611,
  0.35737857 -0.65772334 0.66308413,0.62807914 -0.40733001 0.66302252,
  0.74428661 -0.092040788 0.66148767,0.70909404 0.24009994 0.66297637,
  0.50838297 0.5494545 0.66305845,0.18436602 0.72547099 0.66309955,
  -0.18436602 0.72547099 0.66309955,-0.50838297 0.5494545 0.66305845,
  -0.70909404 0.24009994 0.66297637,-0.74428661 -0.092040788 0.66148767,
  -0.62807914 -0.40733001 0.66302252,-0.35737857 -0.65772334 0.66308413] }
}
}
DEF SHAPE_152 Shape {
 appearance USE APP_2
 geometry DEF FACE_152 IndexedFaceSet {
  coord DEF COORD_152 Coordinate { point [
  3 -3.7 1.5775591,3 -3.8 1.4625222,
  3 -3.9 1.3474854,3 -3.9 1.3474854,
  3.0258819 -3.9034074 1.3474854,3.05 -3.9133975 1.3474854,
  3.0707107 -3.9292893 1.3474854,3.0866025 -3.95 1.3474854,
  3.0965926 -3.9741181 1.3474854,3.1 -4 1.3474854,
  3.0965926 -4.0258819 1.3474854,3.0866025 -4.05 1.3474854,
  3.0707107 -4.0707107 1.3474854,3.05 -4.0866025 1.3474854,
  3.0258819 -4.0965926 1.3474854,3 -4.1 1.3474854,
  2.9741181 -4.0965926 1.3474854,2.95 -4.0866025 1.3474854,
  2.9292893 -4.0707107 1.3474854,2.9133975 -4.05 1.3474854,
  2.9034074 -4.0258819 1.3474854,2.9 -4 1.3474854,
  2.9034074 -3.9741181 1.3474854,2.9133975 -3.95 1.3474854,
  2.9292893 -3.9292893 1.3474854,2.95 -3.9133975 1.3474854,
  2.9741181 -3.9034074 1.3474854,3 -3.7 1.5775591,
  3 -3.8 1.4625222,3.0776457 -3.7102223 1.5775591,
  3.15 -3.7401924 1.5775591,3.212132 -3.787868 1.5775591,
  3.2598076 -3.85 1.5775591,3.2897777 -3.9223543 1.5775591,
  3.3 -4 1.5775591,3.2897777 -4.0776457 1.5775591,
  3.2598076 -4.15 1.5775591,3.212132 -4.212132 1.5775591,
  3.15 -4.2598076 1.5775591,3.0776457 -4.2897777 1.5775591,
  3 -4.3 1.5775591,2.9223543 -4.2897777 1.5775591,
  2.85 -4.2598076 1.5775591,2.787868 -4.212132 1.5775591,
  2.7401924 -4.15 1.5775591,2.7102223 -4.0776457 1.5775591,
  2.7 -4 1.5775591,2.7102223 -3.9223543 1.5775591,
  2.7401924 -3.85 1.5775591,2.787868 -3.787868 1.5775591,
  2.85 -3.7401924 1.5775591,2.9223543 -3.7102223 1.5775591,
  2.9070554 -3.8229088 1.4625222,2.8354032 -3.8863871 1.4625222,
  2.8014582 -3.9758927 1.4625222,2.8129968 -4.070921 1.4625222,
  2.8673755 -4.1497021 1.4625222,2.9521369 -4.1941884 1.4625222,
  3.0478631 -4.1941884 1.4625222,3.1326245 -4.1497021 1.4625222,
  3.1870032 -4.070921 1.4625222,3.1985418 -3.9758927 1.4625222,
  3.1645968 -3.8863871 1.4625222,3.0929446 -3.8229088 1.4625222] }
 coordIndex [
  1,26,2,-1,51,1,0,-1,28,3,4,-1,27,28,29,-1,52,24,25,-1,52,25,26,-1,52,50,49,-1,52,51,50,-1,
  52,26,1,-1,52,1,51,-1,53,52,49,-1,53,22,23,-1,53,23,24,-1,53,24,52,-1,53,48,47,-1,53,49,48,-1,
  54,21,22,-1,54,47,46,-1,54,53,47,-1,54,22,53,-1,55,19,20,-1,55,20,21,-1,55,45,44,-1,55,54,46,-1,
  55,46,45,-1,55,21,54,-1,56,17,18,-1,56,18,19,-1,56,19,55,-1,56,43,42,-1,56,44,43,-1,56,55,44,-1,
  57,15,16,-1,57,16,17,-1,57,41,40,-1,57,42,41,-1,57,56,42,-1,57,17,56,-1,58,13,14,-1,58,14,15,-1,
  58,39,38,-1,58,40,39,-1,58,15,57,-1,58,57,40,-1,59,11,12,-1,59,12,13,-1,59,37,36,-1,59,38,37,-1,
  59,13,58,-1,59,58,38,-1,60,11,59,-1,60,9,10,-1,60,10,11,-1,60,35,34,-1,60,36,35,-1,60,59,36,-1,
  61,8,9,-1,61,60,34,-1,61,34,33,-1,61,9,60,-1,62,6,7,-1,62,7,8,-1,62,32,31,-1,62,33,32,-1,
  62,61,33,-1,62,8,61,-1,63,4,5,-1,63,5,6,-1,63,30,29,-1,63,31,30,-1,63,28,4,-1,63,29,28,-1,
  63,6,62,-1,63,62,31,-1]
  normalPerVertex TRUE
  normal DEF NORM_152 Normal { vector [
  0.098872551 -0.75101158 0.65284441,0.15196439 -0.73983326 0.65540337,
  0.098872551 -0.75101158 0.65284441,-0.098872551 -0.75101158 0.65284441,
  -0.18867893 -0.74286485 0.64230217,-0.3776183 -0.65405407 0.65545228,
  -0.52023964 -0.56272909 0.64240694,-0.65542383 -0.37840912 0.65362538,
  -0.72554748 -0.24622094 0.6426166,-0.76371119 0.060031162 0.64276083,
  -0.73217668 0.19618615 0.65224865,-0.64269216 0.41730357 0.64249865,
  -0.53449884 0.53449884 0.65469229,-0.36572902 0.67352784 0.64234145,
  -0.19536731 0.72912073 0.65590745,0 0.76646249 0.64228907,
  0.19536731 0.72912073 0.65590745,0.36572902 0.67352784 0.64234145,
  0.53449884 0.53449884 0.65469229,0.64269216 0.41730357 0.64249865,
  0.73217668 0.19618615 0.65224865,0.76371119 0.060031162 0.64276083,
  0.72554748 -0.24622094 0.6426166,0.65542383 -0.37840912 0.65362538,
  0.52023964 -0.56272909 0.64240694,0.3776183 -0.65405407 0.65545228,
  0.18867893 -0.74286485 0.64230217,-0.098872551 -0.75101158 0.65284441,
  -0.15196439 -0.73983326 0.65540337,-0.18816544 -0.72445221 0.66314611,
  -0.37709141 -0.65314148 0.65666451,-0.51680826 -0.54118607 0.66334521,
  -0.65177496 -0.37630245 0.65847238,-0.71451214 -0.22117251 0.66374327,
  -0.74692452 0.034429599 0.66401684,-0.72581964 0.19448279 0.65981989,
  -0.63613134 0.39380065 0.66351938,-0.53282258 0.53282258 0.65741935,
  -0.36421312 0.6538249 0.66322078,-0.19529912 0.72886624 0.65621053,
  0 0.74851202 0.66312122,0.19529912 0.72886624 0.65621053,
  0.36421312 0.6538249 0.66322078,0.53282258 0.53282258 0.65741935,
  0.63613134 0.39380065 0.66351938,0.72581964 0.19448279 0.65981989,
  0.74692452 0.034429599 0.66401684,0.71451214 -0.22117251 0.66374327,
  0.65177496 -0.37630245 0.65847238,0.51680826 -0.54118607 0.66334521,
  0.37709141 -0.65314148 0.65666451,0.18816544 -0.72445221 0.66314611,
  0.35737857 -0.65772334 0.66308413,0.62807914 -0.40733001 0.66302252,
  0.74428661 -0.092040788 0.66148767,0.70909404 0.24009994 0.66297637,
  0.50838297 0.5494545 0.66305845,0.18436602 0.72547099 0.66309955,
  -0.18436602 0.72547099 0.66309955,-0.50838297 0.5494545 0.66305845,
  -0.70909404 0.24009994 0.66297637,-0.74428661 -0.092040788 0.66148767,
  -0.62807914 -0.40733001 0.66302252,-0.35737857 -0.65772334 0.66308413] }
}
}
DEF SHAPE_153 Shape {
 appearance USE APP_2
 geometry DEF FACE_153 IndexedFaceSet {
  coord DEF COORD_153 Coordinate { point [
  3 -2.7 1.5775591,3 -2.8 1.4625222,
  3 -2.9 1.3474854,3 -2.9 1.3474854,
  3.0258819 -2.9034074 1.3474854,3.05 -2.9133975 1.3474854,
  3.0707107 -2.9292893 1.3474854,3.0866025 -2.95 1.3474854,
  3.0965926 -2.9741181 1.3474854,3.1 -3 1.3474854,
  3.0965926 -3.0258819 1.3474854,3.0866025 -3.05 1.3474854,
  3.0707107 -3.0707107 1.3474854,3.05 -3.0866025 1.3474854,
  3.0258819 -3.0965926 1.3474854,3 -3.1 1.3474854,
  2.9741181 -3.0965926 1.3474854,2.95 -3.0866025 1.3474854,
  2.9292893 -3.0707107 1.3474854,2.9133975 -3.05 1.3474854,
  2.9034074 -3.0258819 1.3474854,2.9 -3 1.3474854,
  2.9034074 -2.9741181 1.3474854,2.9133975 -2.95 1.3474854,
  2.9292893 -2.9292893 1.3474854,2.95 -2.9133975 1.3474854,
  2.9741181 -2.9034074 1.3474854,3 -2.7 1.5775591,
  3 -2.8 1.4625222,3.0776457 -2.7102223 1.5775591,
  3.15 -2.7401924 1.5775591,3.212132 -2.787868 1.5775591,
  3.2598076 -2.85 1.5775591,3.2897777 -2.9223543 1.5775591,
  3.3 -3 1.5775591,3.2897777 -3.0776457 1.5775591,
  3.2598076 -3.15 1.5775591,3.212132 -3.212132 1.5775591,
  3.15 -3.2598076 1.5775591,3.0776457 -3.2897777 1.5775591,
  3 -3.3 1.5775591,2.9223543 -3.2897777 1.5775591,
  2.85 -3.2598076 1.5775591,2.787868 -3.212132 1.5775591,
  2.7401924 -3.15 1.5775591,2.7102223 -3.0776457 1.5775591,
  2.7 -3 1.5775591,2.7102223 -2.9223543 1.5775591,
  2.7401924 -2.85 1.5775591,2.787868 -2.787868 1.5775591,
  2.85 -2.7401924 1.5775591,2.9223543 -2.7102223 1.5775591,
  2.9070554 -2.8229088 1.4625222,2.8354032 -2.8863871 1.4625222,
  2.8014582 -2.9758927 1.4625222,2.8129968 -3.070921 1.4625222,
  2.8673755 -3.1497021 1.4625222,2.9521369 -3.1941884 1.4625222,
  3.0478631 -3.1941884 1.4625222,3.1326245 -3.1497021 1.4625222,
  3.1870032 -3.070921 1.4625222,3.1985418 -2.9758927 1.4625222,
  3.1645968 -2.8863871 1.4625222,3.0929446 -2.8229088 1.4625222] }
 coordIndex [
  1,26,2,-1,51,1,0,-1,28,3,4,-1,27,28,29,-1,52,24,25,-1,52,25,26,-1,52,50,49,-1,52,51,50,-1,
  52,26,1,-1,52,1,51,-1,53,52,49,-1,53,22,23,-1,53,23,24,-1,53,24,52,-1,53,48,47,-1,53,49,48,-1,
  54,21,22,-1,54,47,46,-1,54,53,47,-1,54,22,53,-1,55,19,20,-1,55,20,21,-1,55,45,44,-1,55,54,46,-1,
  55,46,45,-1,55,21,54,-1,56,17,18,-1,56,18,19,-1,56,19,55,-1,56,43,42,-1,56,44,43,-1,56,55,44,-1,
  57,15,16,-1,57,16,17,-1,57,41,40,-1,57,42,41,-1,57,56,42,-1,57,17,56,-1,58,13,14,-1,58,14,15,-1,
  58,39,38,-1,58,40,39,-1,58,15,57,-1,58,57,40,-1,59,11,12,-1,59,12,13,-1,59,37,36,-1,59,38,37,-1,
  59,13,58,-1,59,58,38,-1,60,11,59,-1,60,9,10,-1,60,10,11,-1,60,35,34,-1,60,36,35,-1,60,59,36,-1,
  61,8,9,-1,61,60,34,-1,61,34,33,-1,61,9,60,-1,62,6,7,-1,62,7,8,-1,62,32,31,-1,62,33,32,-1,
  62,61,33,-1,62,8,61,-1,63,4,5,-1,63,5,6,-1,63,30,29,-1,63,31,30,-1,63,28,4,-1,63,29,28,-1,
  63,6,62,-1,63,62,31,-1]
  normalPerVertex TRUE
  normal DEF NORM_153 Normal { vector [
  0.098872551 -0.75101158 0.65284441,0.15196439 -0.73983326 0.65540337,
  0.098872551 -0.75101158 0.65284441,-0.098872551 -0.75101158 0.65284441,
  -0.18867893 -0.74286485 0.64230217,-0.3776183 -0.65405407 0.65545228,
  -0.52023964 -0.56272909 0.64240694,-0.65542383 -0.37840912 0.65362538,
  -0.72554748 -0.24622094 0.6426166,-0.76371119 0.060031162 0.64276083,
  -0.73217668 0.19618615 0.65224865,-0.64269216 0.41730357 0.64249865,
  -0.53449884 0.53449884 0.65469229,-0.36572902 0.67352784 0.64234145,
  -0.19536731 0.72912073 0.65590745,0 0.76646249 0.64228907,
  0.19536731 0.72912073 0.65590745,0.36572902 0.67352784 0.64234145,
  0.53449884 0.53449884 0.65469229,0.64269216 0.41730357 0.64249865,
  0.73217668 0.19618615 0.65224865,0.76371119 0.060031162 0.64276083,
  0.72554748 -0.24622094 0.6426166,0.65542383 -0.37840912 0.65362538,
  0.52023964 -0.56272909 0.64240694,0.3776183 -0.65405407 0.65545228,
  0.18867893 -0.74286485 0.64230217,-0.098872551 -0.75101158 0.65284441,
  -0.15196439 -0.73983326 0.65540337,-0.18816544 -0.72445221 0.66314611,
  -0.37709141 -0.65314148 0.65666451,-0.51680826 -0.54118607 0.66334521,
  -0.65177496 -0.37630245 0.65847238,-0.71451214 -0.22117251 0.66374327,
  -0.74692452 0.034429599 0.66401684,-0.72581964 0.19448279 0.65981989,
  -0.63613134 0.39380065 0.66351938,-0.53282258 0.53282258 0.65741935,
  -0.36421312 0.6538249 0.66322078,-0.19529912 0.72886624 0.65621053,
  0 0.74851202 0.66312122,0.19529912 0.72886624 0.65621053,
  0.36421312 0.6538249 0.66322078,0.53282258 0.53282258 0.65741935,
  0.63613134 0.39380065 0.66351938,0.72581964 0.19448279 0.65981989,
  0.74692452 0.034429599 0.66401684,0.71451214 -0.22117251 0.66374327,
  0.65177496 -0.37630245 0.65847238,0.51680826 -0.54118607 0.66334521,
  0.37709141 -0.65314148 0.65666451,0.18816544 -0.72445221 0.66314611,
  0.35737857 -0.65772334 0.66308413,0.62807914 -0.40733001 0.66302252,
  0.74428661 -0.092040788 0.66148767,0.70909404 0.24009994 0.66297637,
  0.50838297 0.5494545 0.66305845,0.18436602 0.72547099 0.66309955,
  -0.18436602 0.72547099 0.66309955,-0.50838297 0.5494545 0.66305845,
  -0.70909404 0.24009994 0.66297637,-0.74428661 -0.092040788 0.66148767,
  -0.62807914 -0.40733001 0.66302252,-0.35737857 -0.65772334 0.66308413] }
}
}
DEF SHAPE_154 Shape {
 appearance USE APP_2
 geometry DEF FACE_154 IndexedFaceSet {
  coord DEF COORD_154 Coordinate { point [
  3 -8.7 1.5775591,3 -8.8 1.4625222,
  3 -8.9 1.3474854,3 -8.9 1.3474854,
  3.0258819 -8.9034074 1.3474854,3.05 -8.9133975 1.3474854,
  3.0707107 -8.9292893 1.3474854,3.0866025 -8.95 1.3474854,
  3.0965926 -8.9741181 1.3474854,3.1 -9 1.3474854,
  3.0965926 -9.0258819 1.3474854,3.0866025 -9.05 1.3474854,
  3.0707107 -9.0707107 1.3474854,3.05 -9.0866025 1.3474854,
  3.0258819 -9.0965926 1.3474854,3 -9.1 1.3474854,
  2.9741181 -9.0965926 1.3474854,2.95 -9.0866025 1.3474854,
  2.9292893 -9.0707107 1.3474854,2.9133975 -9.05 1.3474854,
  2.9034074 -9.0258819 1.3474854,2.9 -9 1.3474854,
  2.9034074 -8.9741181 1.3474854,2.9133975 -8.95 1.3474854,
  2.9292893 -8.9292893 1.3474854,2.95 -8.9133975 1.3474854,
  2.9741181 -8.9034074 1.3474854,3 -8.7 1.5775591,
  3 -8.8 1.4625222,3.0776457 -8.7102223 1.5775591,
  3.15 -8.7401924 1.5775591,3.212132 -8.787868 1.5775591,
  3.2598076 -8.85 1.5775591,3.2897777 -8.9223543 1.5775591,
  3.3 -9 1.5775591,3.2897777 -9.0776457 1.5775591,
  3.2598076 -9.15 1.5775591,3.212132 -9.212132 1.5775591,
  3.15 -9.2598076 1.5775591,3.0776457 -9.2897777 1.5775591,
  3 -9.3 1.5775591,2.9223543 -9.2897777 1.5775591,
  2.85 -9.2598076 1.5775591,2.787868 -9.212132 1.5775591,
  2.7401924 -9.15 1.5775591,2.7102223 -9.0776457 1.5775591,
  2.7 -9 1.5775591,2.7102223 -8.9223543 1.5775591,
  2.7401924 -8.85 1.5775591,2.787868 -8.787868 1.5775591,
  2.85 -8.7401924 1.5775591,2.9223543 -8.7102223 1.5775591,
  2.9070554 -8.8229088 1.4625222,2.8354032 -8.8863871 1.4625222,
  2.8014582 -8.9758927 1.4625222,2.8129968 -9.070921 1.4625222,
  2.8673755 -9.1497021 1.4625222,2.9521369 -9.1941884 1.4625222,
  3.0478631 -9.1941884 1.4625222,3.1326245 -9.1497021 1.4625222,
  3.1870032 -9.070921 1.4625222,3.1985418 -8.9758927 1.4625222,
  3.1645968 -8.8863871 1.4625222,3.0929446 -8.8229088 1.4625222] }
 coordIndex [
  1,26,2,-1,51,1,0,-1,28,3,4,-1,27,28,29,-1,52,24,25,-1,52,25,26,-1,52,50,49,-1,52,51,50,-1,
  52,26,1,-1,52,1,51,-1,53,52,49,-1,53,22,23,-1,53,23,24,-1,53,24,52,-1,53,48,47,-1,53,49,48,-1,
  54,21,22,-1,54,47,46,-1,54,53,47,-1,54,22,53,-1,55,19,20,-1,55,20,21,-1,55,45,44,-1,55,54,46,-1,
  55,46,45,-1,55,21,54,-1,56,17,18,-1,56,18,19,-1,56,19,55,-1,56,43,42,-1,56,44,43,-1,56,55,44,-1,
  57,15,16,-1,57,16,17,-1,57,41,40,-1,57,42,41,-1,57,56,42,-1,57,17,56,-1,58,13,14,-1,58,14,15,-1,
  58,39,38,-1,58,40,39,-1,58,15,57,-1,58,57,40,-1,59,11,12,-1,59,12,13,-1,59,37,36,-1,59,38,37,-1,
  59,13,58,-1,59,58,38,-1,60,11,59,-1,60,9,10,-1,60,10,11,-1,60,35,34,-1,60,36,35,-1,60,59,36,-1,
  61,8,9,-1,61,60,34,-1,61,34,33,-1,61,9,60,-1,62,6,7,-1,62,7,8,-1,62,32,31,-1,62,33,32,-1,
  62,61,33,-1,62,8,61,-1,63,4,5,-1,63,5,6,-1,63,30,29,-1,63,31,30,-1,63,28,4,-1,63,29,28,-1,
  63,6,62,-1,63,62,31,-1]
  normalPerVertex TRUE
  normal DEF NORM_154 Normal { vector [
  0.098872551 -0.75101158 0.65284441,0.15196439 -0.73983326 0.65540337,
  0.098872551 -0.75101158 0.65284441,-0.098872551 -0.75101158 0.65284441,
  -0.18867893 -0.74286485 0.64230217,-0.3776183 -0.65405407 0.65545228,
  -0.52023964 -0.56272909 0.64240694,-0.65542383 -0.37840912 0.65362538,
  -0.72554748 -0.24622094 0.6426166,-0.76371119 0.060031162 0.64276083,
  -0.73217668 0.19618615 0.65224865,-0.64269216 0.41730357 0.64249865,
  -0.53449884 0.53449884 0.65469229,-0.36572902 0.67352784 0.64234145,
  -0.19536731 0.72912073 0.65590745,0 0.76646249 0.64228907,
  0.19536731 0.72912073 0.65590745,0.36572902 0.67352784 0.64234145,
  0.53449884 0.53449884 0.65469229,0.64269216 0.41730357 0.64249865,
  0.73217668 0.19618615 0.65224865,0.76371119 0.060031162 0.64276083,
  0.72554748 -0.24622094 0.6426166,0.65542383 -0.37840912 0.65362538,
  0.52023964 -0.56272909 0.64240694,0.3776183 -0.65405407 0.65545228,
  0.18867893 -0.74286485 0.64230217,-0.098872551 -0.75101158 0.65284441,
  -0.15196439 -0.73983326 0.65540337,-0.18816544 -0.72445221 0.66314611,
  -0.37709141 -0.65314148 0.65666451,-0.51680826 -0.54118607 0.66334521,
  -0.65177496 -0.37630245 0.65847238,-0.71451214 -0.22117251 0.66374327,
  -0.74692452 0.034429599 0.66401684,-0.72581964 0.19448279 0.65981989,
  -0.63613134 0.39380065 0.66351938,-0.53282258 0.53282258 0.65741935,
  -0.36421312 0.6538249 0.66322078,-0.19529912 0.72886624 0.65621053,
  0 0.74851202 0.66312122,0.19529912 0.72886624 0.65621053,
  0.36421312 0.6538249 0.66322078,0.53282258 0.53282258 0.65741935,
  0.63613134 0.39380065 0.66351938,0.72581964 0.19448279 0.65981989,
  0.74692452 0.034429599 0.66401684,0.71451214 -0.22117251 0.66374327,
  0.65177496 -0.37630245 0.65847238,0.51680826 -0.54118607 0.66334521,
  0.37709141 -0.65314148 0.65666451,0.18816544 -0.72445221 0.66314611,
  0.35737857 -0.65772334 0.66308413,0.62807914 -0.40733001 0.66302252,
  0.74428661 -0.092040788 0.66148767,0.70909404 0.24009994 0.66297637,
  0.50838297 0.5494545 0.66305845,0.18436602 0.72547099 0.66309955,
  -0.18436602 0.72547099 0.66309955,-0.50838297 0.5494545 0.66305845,
  -0.70909404 0.24009994 0.66297637,-0.74428661 -0.092040788 0.66148767,
  -0.62807914 -0.40733001 0.66302252,-0.35737857 -0.65772334 0.66308413] }
}
}
DEF SHAPE_155 Shape {
 appearance USE APP_2
 geometry DEF FACE_155 IndexedFaceSet {
  coord DEF COORD_155 Coordinate { point [
  3 -7.7 1.5775591,3 -7.8 1.4625222,
  3 -7.9 1.3474854,3 -7.9 1.3474854,
  3.0258819 -7.9034074 1.3474854,3.05 -7.9133975 1.3474854,
  3.0707107 -7.9292893 1.3474854,3.0866025 -7.95 1.3474854,
  3.0965926 -7.9741181 1.3474854,3.1 -8 1.3474854,
  3.0965926 -8.0258819 1.3474854,3.0866025 -8.05 1.3474854,
  3.0707107 -8.0707107 1.3474854,3.05 -8.0866025 1.3474854,
  3.0258819 -8.0965926 1.3474854,3 -8.1 1.3474854,
  2.9741181 -8.0965926 1.3474854,2.95 -8.0866025 1.3474854,
  2.9292893 -8.0707107 1.3474854,2.9133975 -8.05 1.3474854,
  2.9034074 -8.0258819 1.3474854,2.9 -8 1.3474854,
  2.9034074 -7.9741181 1.3474854,2.9133975 -7.95 1.3474854,
  2.9292893 -7.9292893 1.3474854,2.95 -7.9133975 1.3474854,
  2.9741181 -7.9034074 1.3474854,3 -7.7 1.5775591,
  3 -7.8 1.4625222,3.0776457 -7.7102223 1.5775591,
  3.15 -7.7401924 1.5775591,3.212132 -7.787868 1.5775591,
  3.2598076 -7.85 1.5775591,3.2897777 -7.9223543 1.5775591,
  3.3 -8 1.5775591,3.2897777 -8.0776457 1.5775591,
  3.2598076 -8.15 1.5775591,3.212132 -8.212132 1.5775591,
  3.15 -8.2598076 1.5775591,3.0776457 -8.2897777 1.5775591,
  3 -8.3 1.5775591,2.9223543 -8.2897777 1.5775591,
  2.85 -8.2598076 1.5775591,2.787868 -8.212132 1.5775591,
  2.7401924 -8.15 1.5775591,2.7102223 -8.0776457 1.5775591,
  2.7 -8 1.5775591,2.7102223 -7.9223543 1.5775591,
  2.7401924 -7.85 1.5775591,2.787868 -7.787868 1.5775591,
  2.85 -7.7401924 1.5775591,2.9223543 -7.7102223 1.5775591,
  2.9070554 -7.8229088 1.4625222,2.8354032 -7.8863871 1.4625222,
  2.8014582 -7.9758927 1.4625222,2.8129968 -8.070921 1.4625222,
  2.8673755 -8.1497021 1.4625222,2.9521369 -8.1941884 1.4625222,
  3.0478631 -8.1941884 1.4625222,3.1326245 -8.1497021 1.4625222,
  3.1870032 -8.070921 1.4625222,3.1985418 -7.9758927 1.4625222,
  3.1645968 -7.8863871 1.4625222,3.0929446 -7.8229088 1.4625222] }
 coordIndex [
  1,26,2,-1,51,1,0,-1,28,3,4,-1,27,28,29,-1,52,24,25,-1,52,25,26,-1,52,50,49,-1,52,51,50,-1,
  52,26,1,-1,52,1,51,-1,53,52,49,-1,53,22,23,-1,53,23,24,-1,53,24,52,-1,53,48,47,-1,53,49,48,-1,
  54,21,22,-1,54,47,46,-1,54,53,47,-1,54,22,53,-1,55,19,20,-1,55,20,21,-1,55,45,44,-1,55,54,46,-1,
  55,46,45,-1,55,21,54,-1,56,17,18,-1,56,18,19,-1,56,19,55,-1,56,43,42,-1,56,44,43,-1,56,55,44,-1,
  57,15,16,-1,57,16,17,-1,57,41,40,-1,57,42,41,-1,57,56,42,-1,57,17,56,-1,58,13,14,-1,58,14,15,-1,
  58,39,38,-1,58,40,39,-1,58,15,57,-1,58,57,40,-1,59,11,12,-1,59,12,13,-1,59,37,36,-1,59,38,37,-1,
  59,13,58,-1,59,58,38,-1,60,11,59,-1,60,9,10,-1,60,10,11,-1,60,35,34,-1,60,36,35,-1,60,59,36,-1,
  61,8,9,-1,61,60,34,-1,61,34,33,-1,61,9,60,-1,62,6,7,-1,62,7,8,-1,62,32,31,-1,62,33,32,-1,
  62,61,33,-1,62,8,61,-1,63,4,5,-1,63,5,6,-1,63,30,29,-1,63,31,30,-1,63,28,4,-1,63,29,28,-1,
  63,6,62,-1,63,62,31,-1]
  normalPerVertex TRUE
  normal DEF NORM_155 Normal { vector [
  0.098872551 -0.75101158 0.65284441,0.15196439 -0.73983326 0.65540337,
  0.098872551 -0.75101158 0.65284441,-0.098872551 -0.75101158 0.65284441,
  -0.18867893 -0.74286485 0.64230217,-0.3776183 -0.65405407 0.65545228,
  -0.52023964 -0.56272909 0.64240694,-0.65542383 -0.37840912 0.65362538,
  -0.72554748 -0.24622094 0.6426166,-0.76371119 0.060031162 0.64276083,
  -0.73217668 0.19618615 0.65224865,-0.64269216 0.41730357 0.64249865,
  -0.53449884 0.53449884 0.65469229,-0.36572902 0.67352784 0.64234145,
  -0.19536731 0.72912073 0.65590745,0 0.76646249 0.64228907,
  0.19536731 0.72912073 0.65590745,0.36572902 0.67352784 0.64234145,
  0.53449884 0.53449884 0.65469229,0.64269216 0.41730357 0.64249865,
  0.73217668 0.19618615 0.65224865,0.76371119 0.060031162 0.64276083,
  0.72554748 -0.24622094 0.6426166,0.65542383 -0.37840912 0.65362538,
  0.52023964 -0.56272909 0.64240694,0.3776183 -0.65405407 0.65545228,
  0.18867893 -0.74286485 0.64230217,-0.098872551 -0.75101158 0.65284441,
  -0.15196439 -0.73983326 0.65540337,-0.18816544 -0.72445221 0.66314611,
  -0.37709141 -0.65314148 0.65666451,-0.51680826 -0.54118607 0.66334521,
  -0.65177496 -0.37630245 0.65847238,-0.71451214 -0.22117251 0.66374327,
  -0.74692452 0.034429599 0.66401684,-0.72581964 0.19448279 0.65981989,
  -0.63613134 0.39380065 0.66351938,-0.53282258 0.53282258 0.65741935,
  -0.36421312 0.6538249 0.66322078,-0.19529912 0.72886624 0.65621053,
  0 0.74851202 0.66312122,0.19529912 0.72886624 0.65621053,
  0.36421312 0.6538249 0.66322078,0.53282258 0.53282258 0.65741935,
  0.63613134 0.39380065 0.66351938,0.72581964 0.19448279 0.65981989,
  0.74692452 0.034429599 0.66401684,0.71451214 -0.22117251 0.66374327,
  0.65177496 -0.37630245 0.65847238,0.51680826 -0.54118607 0.66334521,
  0.37709141 -0.65314148 0.65666451,0.18816544 -0.72445221 0.66314611,
  0.35737857 -0.65772334 0.66308413,0.62807914 -0.40733001 0.66302252,
  0.74428661 -0.092040788 0.66148767,0.70909404 0.24009994 0.66297637,
  0.50838297 0.5494545 0.66305845,0.18436602 0.72547099 0.66309955,
  -0.18436602 0.72547099 0.66309955,-0.50838297 0.5494545 0.66305845,
  -0.70909404 0.24009994 0.66297637,-0.74428661 -0.092040788 0.66148767,
  -0.62807914 -0.40733001 0.66302252,-0.35737857 -0.65772334 0.66308413] }
}
}
DEF SHAPE_156 Shape {
 appearance USE APP_2
 geometry DEF FACE_156 IndexedFaceSet {
  coord DEF COORD_156 Coordinate { point [
  3 -6.7 1.5775591,3 -6.8 1.4625222,
  3 -6.9 1.3474854,3 -6.9 1.3474854,
  3.0258819 -6.9034074 1.3474854,3.05 -6.9133975 1.3474854,
  3.0707107 -6.9292893 1.3474854,3.0866025 -6.95 1.3474854,
  3.0965926 -6.9741181 1.3474854,3.1 -7 1.3474854,
  3.0965926 -7.0258819 1.3474854,3.0866025 -7.05 1.3474854,
  3.0707107 -7.0707107 1.3474854,3.05 -7.0866025 1.3474854,
  3.0258819 -7.0965926 1.3474854,3 -7.1 1.3474854,
  2.9741181 -7.0965926 1.3474854,2.95 -7.0866025 1.3474854,
  2.9292893 -7.0707107 1.3474854,2.9133975 -7.05 1.3474854,
  2.9034074 -7.0258819 1.3474854,2.9 -7 1.3474854,
  2.9034074 -6.9741181 1.3474854,2.9133975 -6.95 1.3474854,
  2.9292893 -6.9292893 1.3474854,2.95 -6.9133975 1.3474854,
  2.9741181 -6.9034074 1.3474854,3 -6.7 1.5775591,
  3 -6.8 1.4625222,3.0776457 -6.7102223 1.5775591,
  3.15 -6.7401924 1.5775591,3.212132 -6.787868 1.5775591,
  3.2598076 -6.85 1.5775591,3.2897777 -6.9223543 1.5775591,
  3.3 -7 1.5775591,3.2897777 -7.0776457 1.5775591,
  3.2598076 -7.15 1.5775591,3.212132 -7.212132 1.5775591,
  3.15 -7.2598076 1.5775591,3.0776457 -7.2897777 1.5775591,
  3 -7.3 1.5775591,2.9223543 -7.2897777 1.5775591,
  2.85 -7.2598076 1.5775591,2.787868 -7.212132 1.5775591,
  2.7401924 -7.15 1.5775591,2.7102223 -7.0776457 1.5775591,
  2.7 -7 1.5775591,2.7102223 -6.9223543 1.5775591,
  2.7401924 -6.85 1.5775591,2.787868 -6.787868 1.5775591,
  2.85 -6.7401924 1.5775591,2.9223543 -6.7102223 1.5775591,
  2.9070554 -6.8229088 1.4625222,2.8354032 -6.8863871 1.4625222,
  2.8014582 -6.9758927 1.4625222,2.8129968 -7.070921 1.4625222,
  2.8673755 -7.1497021 1.4625222,2.9521369 -7.1941884 1.4625222,
  3.0478631 -7.1941884 1.4625222,3.1326245 -7.1497021 1.4625222,
  3.1870032 -7.070921 1.4625222,3.1985418 -6.9758927 1.4625222,
  3.1645968 -6.8863871 1.4625222,3.0929446 -6.8229088 1.4625222] }
 coordIndex [
  1,26,2,-1,51,1,0,-1,28,3,4,-1,27,28,29,-1,52,24,25,-1,52,25,26,-1,52,50,49,-1,52,51,50,-1,
  52,26,1,-1,52,1,51,-1,53,52,49,-1,53,22,23,-1,53,23,24,-1,53,24,52,-1,53,48,47,-1,53,49,48,-1,
  54,21,22,-1,54,47,46,-1,54,53,47,-1,54,22,53,-1,55,19,20,-1,55,20,21,-1,55,45,44,-1,55,54,46,-1,
  55,46,45,-1,55,21,54,-1,56,17,18,-1,56,18,19,-1,56,19,55,-1,56,43,42,-1,56,44,43,-1,56,55,44,-1,
  57,15,16,-1,57,16,17,-1,57,41,40,-1,57,42,41,-1,57,56,42,-1,57,17,56,-1,58,13,14,-1,58,14,15,-1,
  58,39,38,-1,58,40,39,-1,58,15,57,-1,58,57,40,-1,59,11,12,-1,59,12,13,-1,59,37,36,-1,59,38,37,-1,
  59,13,58,-1,59,58,38,-1,60,11,59,-1,60,9,10,-1,60,10,11,-1,60,35,34,-1,60,36,35,-1,60,59,36,-1,
  61,8,9,-1,61,60,34,-1,61,34,33,-1,61,9,60,-1,62,6,7,-1,62,7,8,-1,62,32,31,-1,62,33,32,-1,
  62,61,33,-1,62,8,61,-1,63,4,5,-1,63,5,6,-1,63,30,29,-1,63,31,30,-1,63,28,4,-1,63,29,28,-1,
  63,6,62,-1,63,62,31,-1]
  normalPerVertex TRUE
  normal DEF NORM_156 Normal { vector [
  0.098872551 -0.75101158 0.65284441,0.15196439 -0.73983326 0.65540337,
  0.098872551 -0.75101158 0.65284441,-0.098872551 -0.75101158 0.65284441,
  -0.18867893 -0.74286485 0.64230217,-0.3776183 -0.65405407 0.65545228,
  -0.52023964 -0.56272909 0.64240694,-0.65542383 -0.37840912 0.65362538,
  -0.72554748 -0.24622094 0.6426166,-0.76371119 0.060031162 0.64276083,
  -0.73217668 0.19618615 0.65224865,-0.64269216 0.41730357 0.64249865,
  -0.53449884 0.53449884 0.65469229,-0.36572902 0.67352784 0.64234145,
  -0.19536731 0.72912073 0.65590745,0 0.76646249 0.64228907,
  0.19536731 0.72912073 0.65590745,0.36572902 0.67352784 0.64234145,
  0.53449884 0.53449884 0.65469229,0.64269216 0.41730357 0.64249865,
  0.73217668 0.19618615 0.65224865,0.76371119 0.060031162 0.64276083,
  0.72554748 -0.24622094 0.6426166,0.65542383 -0.37840912 0.65362538,
  0.52023964 -0.56272909 0.64240694,0.3776183 -0.65405407 0.65545228,
  0.18867893 -0.74286485 0.64230217,-0.098872551 -0.75101158 0.65284441,
  -0.15196439 -0.73983326 0.65540337,-0.18816544 -0.72445221 0.66314611,
  -0.37709141 -0.65314148 0.65666451,-0.51680826 -0.54118607 0.66334521,
  -0.65177496 -0.37630245 0.65847238,-0.71451214 -0.22117251 0.66374327,
  -0.74692452 0.034429599 0.66401684,-0.72581964 0.19448279 0.65981989,
  -0.63613134 0.39380065 0.66351938,-0.53282258 0.53282258 0.65741935,
  -0.36421312 0.6538249 0.66322078,-0.19529912 0.72886624 0.65621053,
  0 0.74851202 0.66312122,0.19529912 0.72886624 0.65621053,
  0.36421312 0.6538249 0.66322078,0.53282258 0.53282258 0.65741935,
  0.63613134 0.39380065 0.66351938,0.72581964 0.19448279 0.65981989,
  0.74692452 0.034429599 0.66401684,0.71451214 -0.22117251 0.66374327,
  0.65177496 -0.37630245 0.65847238,0.51680826 -0.54118607 0.66334521,
  0.37709141 -0.65314148 0.65666451,0.18816544 -0.72445221 0.66314611,
  0.35737857 -0.65772334 0.66308413,0.62807914 -0.40733001 0.66302252,
  0.74428661 -0.092040788 0.66148767,0.70909404 0.24009994 0.66297637,
  0.50838297 0.5494545 0.66305845,0.18436602 0.72547099 0.66309955,
  -0.18436602 0.72547099 0.66309955,-0.50838297 0.5494545 0.66305845,
  -0.70909404 0.24009994 0.66297637,-0.74428661 -0.092040788 0.66148767,
  -0.62807914 -0.40733001 0.66302252,-0.35737857 -0.65772334 0.66308413] }
}
}
DEF SHAPE_157 Shape {
 appearance USE APP_2
 geometry DEF FACE_157 IndexedFaceSet {
  coord DEF COORD_157 Coordinate { point [
  3 -4.7 1.5775591,3 -4.8 1.4625222,
  3 -4.9 1.3474854,3 -4.9 1.3474854,
  3.0258819 -4.9034074 1.3474854,3.05 -4.9133975 1.3474854,
  3.0707107 -4.9292893 1.3474854,3.0866025 -4.95 1.3474854,
  3.0965926 -4.9741181 1.3474854,3.1 -5 1.3474854,
  3.0965926 -5.0258819 1.3474854,3.0866025 -5.05 1.3474854,
  3.0707107 -5.0707107 1.3474854,3.05 -5.0866025 1.3474854,
  3.0258819 -5.0965926 1.3474854,3 -5.1 1.3474854,
  2.9741181 -5.0965926 1.3474854,2.95 -5.0866025 1.3474854,
  2.9292893 -5.0707107 1.3474854,2.9133975 -5.05 1.3474854,
  2.9034074 -5.0258819 1.3474854,2.9 -5 1.3474854,
  2.9034074 -4.9741181 1.3474854,2.9133975 -4.95 1.3474854,
  2.9292893 -4.9292893 1.3474854,2.95 -4.9133975 1.3474854,
  2.9741181 -4.9034074 1.3474854,3 -4.7 1.5775591,
  3 -4.8 1.4625222,3.0776457 -4.7102223 1.5775591,
  3.15 -4.7401924 1.5775591,3.212132 -4.787868 1.5775591,
  3.2598076 -4.85 1.5775591,3.2897777 -4.9223543 1.5775591,
  3.3 -5 1.5775591,3.2897777 -5.0776457 1.5775591,
  3.2598076 -5.15 1.5775591,3.212132 -5.212132 1.5775591,
  3.15 -5.2598076 1.5775591,3.0776457 -5.2897777 1.5775591,
  3 -5.3 1.5775591,2.9223543 -5.2897777 1.5775591,
  2.85 -5.2598076 1.5775591,2.787868 -5.212132 1.5775591,
  2.7401924 -5.15 1.5775591,2.7102223 -5.0776457 1.5775591,
  2.7 -5 1.5775591,2.7102223 -4.9223543 1.5775591,
  2.7401924 -4.85 1.5775591,2.787868 -4.787868 1.5775591,
  2.85 -4.7401924 1.5775591,2.9223543 -4.7102223 1.5775591,
  2.9070554 -4.8229088 1.4625222,2.8354032 -4.8863871 1.4625222,
  2.8014582 -4.9758927 1.4625222,2.8129968 -5.070921 1.4625222,
  2.8673755 -5.1497021 1.4625222,2.9521369 -5.1941884 1.4625222,
  3.0478631 -5.1941884 1.4625222,3.1326245 -5.1497021 1.4625222,
  3.1870032 -5.070921 1.4625222,3.1985418 -4.9758927 1.4625222,
  3.1645968 -4.8863871 1.4625222,3.0929446 -4.8229088 1.4625222] }
 coordIndex [
  1,26,2,-1,51,1,0,-1,28,3,4,-1,27,28,29,-1,52,24,25,-1,52,25,26,-1,52,50,49,-1,52,51,50,-1,
  52,26,1,-1,52,1,51,-1,53,52,49,-1,53,22,23,-1,53,23,24,-1,53,24,52,-1,53,48,47,-1,53,49,48,-1,
  54,21,22,-1,54,47,46,-1,54,53,47,-1,54,22,53,-1,55,19,20,-1,55,20,21,-1,55,45,44,-1,55,54,46,-1,
  55,46,45,-1,55,21,54,-1,56,17,18,-1,56,18,19,-1,56,19,55,-1,56,43,42,-1,56,44,43,-1,56,55,44,-1,
  57,15,16,-1,57,16,17,-1,57,41,40,-1,57,42,41,-1,57,56,42,-1,57,17,56,-1,58,13,14,-1,58,14,15,-1,
  58,39,38,-1,58,40,39,-1,58,15,57,-1,58,57,40,-1,59,11,12,-1,59,12,13,-1,59,37,36,-1,59,38,37,-1,
  59,13,58,-1,59,58,38,-1,60,11,59,-1,60,9,10,-1,60,10,11,-1,60,35,34,-1,60,36,35,-1,60,59,36,-1,
  61,8,9,-1,61,60,34,-1,61,34,33,-1,61,9,60,-1,62,6,7,-1,62,7,8,-1,62,32,31,-1,62,33,32,-1,
  62,61,33,-1,62,8,61,-1,63,4,5,-1,63,5,6,-1,63,30,29,-1,63,31,30,-1,63,28,4,-1,63,29,28,-1,
  63,6,62,-1,63,62,31,-1]
  normalPerVertex TRUE
  normal DEF NORM_157 Normal { vector [
  0.098872551 -0.75101158 0.65284441,0.15196439 -0.73983326 0.65540337,
  0.098872551 -0.75101158 0.65284441,-0.098872551 -0.75101158 0.65284441,
  -0.18867893 -0.74286485 0.64230217,-0.3776183 -0.65405407 0.65545228,
  -0.52023964 -0.56272909 0.64240694,-0.65542383 -0.37840912 0.65362538,
  -0.72554748 -0.24622094 0.6426166,-0.76371119 0.060031162 0.64276083,
  -0.73217668 0.19618615 0.65224865,-0.64269216 0.41730357 0.64249865,
  -0.53449884 0.53449884 0.65469229,-0.36572902 0.67352784 0.64234145,
  -0.19536731 0.72912073 0.65590745,0 0.76646249 0.64228907,
  0.19536731 0.72912073 0.65590745,0.36572902 0.67352784 0.64234145,
  0.53449884 0.53449884 0.65469229,0.64269216 0.41730357 0.64249865,
  0.73217668 0.19618615 0.65224865,0.76371119 0.060031162 0.64276083,
  0.72554748 -0.24622094 0.6426166,0.65542383 -0.37840912 0.65362538,
  0.52023964 -0.56272909 0.64240694,0.3776183 -0.65405407 0.65545228,
  0.18867893 -0.74286485 0.64230217,-0.098872551 -0.75101158 0.65284441,
  -0.15196439 -0.73983326 0.65540337,-0.18816544 -0.72445221 0.66314611,
  -0.37709141 -0.65314148 0.65666451,-0.51680826 -0.54118607 0.66334521,
  -0.65177496 -0.37630245 0.65847238,-0.71451214 -0.22117251 0.66374327,
  -0.74692452 0.034429599 0.66401684,-0.72581964 0.19448279 0.65981989,
  -0.63613134 0.39380065 0.66351938,-0.53282258 0.53282258 0.65741935,
  -0.36421312 0.6538249 0.66322078,-0.19529912 0.72886624 0.65621053,
  0 0.74851202 0.66312122,0.19529912 0.72886624 0.65621053,
  0.36421312 0.6538249 0.66322078,0.53282258 0.53282258 0.65741935,
  0.63613134 0.39380065 0.66351938,0.72581964 0.19448279 0.65981989,
  0.74692452 0.034429599 0.66401684,0.71451214 -0.22117251 0.66374327,
  0.65177496 -0.37630245 0.65847238,0.51680826 -0.54118607 0.66334521,
  0.37709141 -0.65314148 0.65666451,0.18816544 -0.72445221 0.66314611,
  0.35737857 -0.65772334 0.66308413,0.62807914 -0.40733001 0.66302252,
  0.74428661 -0.092040788 0.66148767,0.70909404 0.24009994 0.66297637,
  0.50838297 0.5494545 0.66305845,0.18436602 0.72547099 0.66309955,
  -0.18436602 0.72547099 0.66309955,-0.50838297 0.5494545 0.66305845,
  -0.70909404 0.24009994 0.66297637,-0.74428661 -0.092040788 0.66148767,
  -0.62807914 -0.40733001 0.66302252,-0.35737857 -0.65772334 0.66308413] }
}
}
DEF SHAPE_158 Shape {
 appearance USE APP_2
 geometry DEF FACE_158 IndexedFaceSet {
  coord DEF COORD_158 Coordinate { point [
  3 -5.7 1.5775591,3 -5.8 1.4625222,
  3 -5.9 1.3474854,3 -5.9 1.3474854,
  3.0258819 -5.9034074 1.3474854,3.05 -5.9133975 1.3474854,
  3.0707107 -5.9292893 1.3474854,3.0866025 -5.95 1.3474854,
  3.0965926 -5.9741181 1.3474854,3.1 -6 1.3474854,
  3.0965926 -6.0258819 1.3474854,3.0866025 -6.05 1.3474854,
  3.0707107 -6.0707107 1.3474854,3.05 -6.0866025 1.3474854,
  3.0258819 -6.0965926 1.3474854,3 -6.1 1.3474854,
  2.9741181 -6.0965926 1.3474854,2.95 -6.0866025 1.3474854,
  2.9292893 -6.0707107 1.3474854,2.9133975 -6.05 1.3474854,
  2.9034074 -6.0258819 1.3474854,2.9 -6 1.3474854,
  2.9034074 -5.9741181 1.3474854,2.9133975 -5.95 1.3474854,
  2.9292893 -5.9292893 1.3474854,2.95 -5.9133975 1.3474854,
  2.9741181 -5.9034074 1.3474854,3 -5.7 1.5775591,
  3 -5.8 1.4625222,3.0776457 -5.7102223 1.5775591,
  3.15 -5.7401924 1.5775591,3.212132 -5.787868 1.5775591,
  3.2598076 -5.85 1.5775591,3.2897777 -5.9223543 1.5775591,
  3.3 -6 1.5775591,3.2897777 -6.0776457 1.5775591,
  3.2598076 -6.15 1.5775591,3.212132 -6.212132 1.5775591,
  3.15 -6.2598076 1.5775591,3.0776457 -6.2897777 1.5775591,
  3 -6.3 1.5775591,2.9223543 -6.2897777 1.5775591,
  2.85 -6.2598076 1.5775591,2.787868 -6.212132 1.5775591,
  2.7401924 -6.15 1.5775591,2.7102223 -6.0776457 1.5775591,
  2.7 -6 1.5775591,2.7102223 -5.9223543 1.5775591,
  2.7401924 -5.85 1.5775591,2.787868 -5.787868 1.5775591,
  2.85 -5.7401924 1.5775591,2.9223543 -5.7102223 1.5775591,
  2.9070554 -5.8229088 1.4625222,2.8354032 -5.8863871 1.4625222,
  2.8014582 -5.9758927 1.4625222,2.8129968 -6.070921 1.4625222,
  2.8673755 -6.1497021 1.4625222,2.9521369 -6.1941884 1.4625222,
  3.0478631 -6.1941884 1.4625222,3.1326245 -6.1497021 1.4625222,
  3.1870032 -6.070921 1.4625222,3.1985418 -5.9758927 1.4625222,
  3.1645968 -5.8863871 1.4625222,3.0929446 -5.8229088 1.4625222] }
 coordIndex [
  1,26,2,-1,51,1,0,-1,28,3,4,-1,27,28,29,-1,52,24,25,-1,52,25,26,-1,52,50,49,-1,52,51,50,-1,
  52,26,1,-1,52,1,51,-1,53,52,49,-1,53,22,23,-1,53,23,24,-1,53,24,52,-1,53,48,47,-1,53,49,48,-1,
  54,21,22,-1,54,47,46,-1,54,53,47,-1,54,22,53,-1,55,19,20,-1,55,20,21,-1,55,45,44,-1,55,54,46,-1,
  55,46,45,-1,55,21,54,-1,56,17,18,-1,56,18,19,-1,56,19,55,-1,56,43,42,-1,56,44,43,-1,56,55,44,-1,
  57,15,16,-1,57,16,17,-1,57,41,40,-1,57,42,41,-1,57,56,42,-1,57,17,56,-1,58,13,14,-1,58,14,15,-1,
  58,39,38,-1,58,40,39,-1,58,15,57,-1,58,57,40,-1,59,11,12,-1,59,12,13,-1,59,37,36,-1,59,38,37,-1,
  59,13,58,-1,59,58,38,-1,60,11,59,-1,60,9,10,-1,60,10,11,-1,60,35,34,-1,60,36,35,-1,60,59,36,-1,
  61,8,9,-1,61,60,34,-1,61,34,33,-1,61,9,60,-1,62,6,7,-1,62,7,8,-1,62,32,31,-1,62,33,32,-1,
  62,61,33,-1,62,8,61,-1,63,4,5,-1,63,5,6,-1,63,30,29,-1,63,31,30,-1,63,28,4,-1,63,29,28,-1,
  63,6,62,-1,63,62,31,-1]
  normalPerVertex TRUE
  normal DEF NORM_158 Normal { vector [
  0.098872551 -0.75101158 0.65284441,0.15196439 -0.73983326 0.65540337,
  0.098872551 -0.75101158 0.65284441,-0.098872551 -0.75101158 0.65284441,
  -0.18867893 -0.74286485 0.64230217,-0.3776183 -0.65405407 0.65545228,
  -0.52023964 -0.56272909 0.64240694,-0.65542383 -0.37840912 0.65362538,
  -0.72554748 -0.24622094 0.6426166,-0.76371119 0.060031162 0.64276083,
  -0.73217668 0.19618615 0.65224865,-0.64269216 0.41730357 0.64249865,
  -0.53449884 0.53449884 0.65469229,-0.36572902 0.67352784 0.64234145,
  -0.19536731 0.72912073 0.65590745,0 0.76646249 0.64228907,
  0.19536731 0.72912073 0.65590745,0.36572902 0.67352784 0.64234145,
  0.53449884 0.53449884 0.65469229,0.64269216 0.41730357 0.64249865,
  0.73217668 0.19618615 0.65224865,0.76371119 0.060031162 0.64276083,
  0.72554748 -0.24622094 0.6426166,0.65542383 -0.37840912 0.65362538,
  0.52023964 -0.56272909 0.64240694,0.3776183 -0.65405407 0.65545228,
  0.18867893 -0.74286485 0.64230217,-0.098872551 -0.75101158 0.65284441,
  -0.15196439 -0.73983326 0.65540337,-0.18816544 -0.72445221 0.66314611,
  -0.37709141 -0.65314148 0.65666451,-0.51680826 -0.54118607 0.66334521,
  -0.65177496 -0.37630245 0.65847238,-0.71451214 -0.22117251 0.66374327,
  -0.74692452 0.034429599 0.66401684,-0.72581964 0.19448279 0.65981989,
  -0.63613134 0.39380065 0.66351938,-0.53282258 0.53282258 0.65741935,
  -0.36421312 0.6538249 0.66322078,-0.19529912 0.72886624 0.65621053,
  0 0.74851202 0.66312122,0.19529912 0.72886624 0.65621053,
  0.36421312 0.6538249 0.66322078,0.53282258 0.53282258 0.65741935,
  0.63613134 0.39380065 0.66351938,0.72581964 0.19448279 0.65981989,
  0.74692452 0.034429599 0.66401684,0.71451214 -0.22117251 0.66374327,
  0.65177496 -0.37630245 0.65847238,0.51680826 -0.54118607 0.66334521,
  0.37709141 -0.65314148 0.65666451,0.18816544 -0.72445221 0.66314611,
  0.35737857 -0.65772334 0.66308413,0.62807914 -0.40733001 0.66302252,
  0.74428661 -0.092040788 0.66148767,0.70909404 0.24009994 0.66297637,
  0.50838297 0.5494545 0.66305845,0.18436602 0.72547099 0.66309955,
  -0.18436602 0.72547099 0.66309955,-0.50838297 0.5494545 0.66305845,
  -0.70909404 0.24009994 0.66297637,-0.74428661 -0.092040788 0.66148767,
  -0.62807914 -0.40733001 0.66302252,-0.35737857 -0.65772334 0.66308413] }
}
}
DEF SHAPE_159 Shape {
 appearance USE APP_2
 geometry DEF FACE_159 IndexedFaceSet {
  coord DEF COORD_159 Coordinate { point [
  3 0.3 1.5775591,3 0.2 1.4625222,
  3 0.1 1.3474854,3 0.1 1.3474854,
  3.0258819 0.096592583 1.3474854,3.05 0.08660254 1.3474854,
  3.0707107 0.070710678 1.3474854,3.0866025 0.05 1.3474854,
  3.0965926 0.025881905 1.3474854,3.1 0 1.3474854,
  3.0965926 -0.025881905 1.3474854,3.0866025 -0.05 1.3474854,
  3.0707107 -0.070710678 1.3474854,3.05 -0.08660254 1.3474854,
  3.0258819 -0.096592583 1.3474854,3 -0.1 1.3474854,
  2.9741181 -0.096592583 1.3474854,2.95 -0.08660254 1.3474854,
  2.9292893 -0.070710678 1.3474854,2.9133975 -0.05 1.3474854,
  2.9034074 -0.025881905 1.3474854,2.9 0 1.3474854,
  2.9034074 0.025881905 1.3474854,2.9133975 0.05 1.3474854,
  2.9292893 0.070710678 1.3474854,2.95 0.08660254 1.3474854,
  2.9741181 0.096592583 1.3474854,3 0.3 1.5775591,
  3 0.2 1.4625222,3.0776457 0.28977775 1.5775591,
  3.15 0.25980762 1.5775591,3.212132 0.21213203 1.5775591,
  3.2598076 0.15 1.5775591,3.2897777 0.077645714 1.5775591,
  3.3 0 1.5775591,3.2897777 -0.077645714 1.5775591,
  3.2598076 -0.15 1.5775591,3.212132 -0.21213203 1.5775591,
  3.15 -0.25980762 1.5775591,3.0776457 -0.28977775 1.5775591,
  3 -0.3 1.5775591,2.9223543 -0.28977775 1.5775591,
  2.85 -0.25980762 1.5775591,2.787868 -0.21213203 1.5775591,
  2.7401924 -0.15 1.5775591,2.7102223 -0.077645714 1.5775591,
  2.7 0 1.5775591,2.7102223 0.077645714 1.5775591,
  2.7401924 0.15 1.5775591,2.787868 0.21213203 1.5775591,
  2.85 0.25980762 1.5775591,2.9223543 0.28977775 1.5775591,
  2.9070554 0.17709121 1.4625222,2.8354032 0.11361295 1.4625222,
  2.8014582 0.024107336 1.4625222,2.8129968 -0.070920977 1.4625222,
  2.8673755 -0.14970215 1.4625222,2.9521369 -0.19418836 1.4625222,
  3.0478631 -0.19418836 1.4625222,3.1326245 -0.14970215 1.4625222,
  3.1870032 -0.070920977 1.4625222,3.1985418 0.024107336 1.4625222,
  3.1645968 0.11361295 1.4625222,3.0929446 0.17709121 1.4625222] }
 coordIndex [
  1,26,2,-1,51,1,0,-1,28,3,4,-1,27,28,29,-1,52,24,25,-1,52,25,26,-1,52,50,49,-1,52,51,50,-1,
  52,26,1,-1,52,1,51,-1,53,52,49,-1,53,22,23,-1,53,23,24,-1,53,24,52,-1,53,48,47,-1,53,49,48,-1,
  54,21,22,-1,54,47,46,-1,54,53,47,-1,54,22,53,-1,55,19,20,-1,55,20,21,-1,55,45,44,-1,55,54,46,-1,
  55,46,45,-1,55,21,54,-1,56,17,18,-1,56,18,19,-1,56,19,55,-1,56,43,42,-1,56,44,43,-1,56,55,44,-1,
  57,15,16,-1,57,16,17,-1,57,41,40,-1,57,42,41,-1,57,56,42,-1,57,17,56,-1,58,13,14,-1,58,14,15,-1,
  58,39,38,-1,58,40,39,-1,58,15,57,-1,58,57,40,-1,59,11,12,-1,59,12,13,-1,59,37,36,-1,59,38,37,-1,
  59,13,58,-1,59,58,38,-1,60,11,59,-1,60,9,10,-1,60,10,11,-1,60,35,34,-1,60,36,35,-1,60,59,36,-1,
  61,8,9,-1,61,60,34,-1,61,34,33,-1,61,9,60,-1,62,6,7,-1,62,7,8,-1,62,32,31,-1,62,33,32,-1,
  62,61,33,-1,62,8,61,-1,63,4,5,-1,63,5,6,-1,63,30,29,-1,63,31,30,-1,63,28,4,-1,63,29,28,-1,
  63,6,62,-1,63,62,31,-1]
  normalPerVertex TRUE
  normal DEF NORM_159 Normal { vector [
  0.098872551 -0.75101158 0.65284441,0.15196439 -0.73983326 0.65540337,
  0.098872551 -0.75101158 0.65284441,-0.098872551 -0.75101158 0.65284441,
  -0.18867893 -0.74286485 0.64230217,-0.3776183 -0.65405407 0.65545228,
  -0.52023964 -0.56272909 0.64240694,-0.65542383 -0.37840912 0.65362538,
  -0.72554748 -0.24622094 0.6426166,-0.76371119 0.060031162 0.64276083,
  -0.73217668 0.19618615 0.65224865,-0.64269216 0.41730357 0.64249865,
  -0.53449884 0.53449884 0.65469229,-0.36572902 0.67352784 0.64234145,
  -0.19536731 0.72912073 0.65590745,0 0.76646249 0.64228907,
  0.19536731 0.72912073 0.65590745,0.36572902 0.67352784 0.64234145,
  0.53449884 0.53449884 0.65469229,0.64269216 0.41730357 0.64249865,
  0.73217668 0.19618615 0.65224865,0.76371119 0.060031162 0.64276083,
  0.72554748 -0.24622094 0.6426166,0.65542383 -0.37840912 0.65362538,
  0.52023964 -0.56272909 0.64240694,0.3776183 -0.65405407 0.65545228,
  0.18867893 -0.74286485 0.64230217,-0.098872551 -0.75101158 0.65284441,
  -0.15196439 -0.73983326 0.65540337,-0.18816544 -0.72445221 0.66314611,
  -0.37709141 -0.65314148 0.65666451,-0.51680826 -0.54118607 0.66334521,
  -0.65177496 -0.37630245 0.65847238,-0.71451214 -0.22117251 0.66374327,
  -0.74692452 0.034429599 0.66401684,-0.72581964 0.19448279 0.65981989,
  -0.63613134 0.39380065 0.66351938,-0.53282258 0.53282258 0.65741935,
  -0.36421312 0.6538249 0.66322078,-0.19529912 0.72886624 0.65621053,
  0 0.74851202 0.66312122,0.19529912 0.72886624 0.65621053,
  0.36421312 0.6538249 0.66322078,0.53282258 0.53282258 0.65741935,
  0.63613134 0.39380065 0.66351938,0.72581964 0.19448279 0.65981989,
  0.74692452 0.034429599 0.66401684,0.71451214 -0.22117251 0.66374327,
  0.65177496 -0.37630245 0.65847238,0.51680826 -0.54118607 0.66334521,
  0.37709141 -0.65314148 0.65666451,0.18816544 -0.72445221 0.66314611,
  0.35737857 -0.65772334 0.66308413,0.62807914 -0.40733001 0.66302252,
  0.74428661 -0.092040788 0.66148767,0.70909404 0.24009994 0.66297637,
  0.50838297 0.5494545 0.66305845,0.18436602 0.72547099 0.66309955,
  -0.18436602 0.72547099 0.66309955,-0.50838297 0.5494545 0.66305845,
  -0.70909404 0.24009994 0.66297637,-0.74428661 -0.092040788 0.66148767,
  -0.62807914 -0.40733001 0.66302252,-0.35737857 -0.65772334 0.66308413] }
}
}
DEF SHAPE_160 Shape {
 appearance USE APP_2
 geometry DEF FACE_160 IndexedFaceSet {
  coord DEF COORD_160 Coordinate { point [
  3 -1.1818898 0,3.0470765 -1.175692 0,
  3.0909449 -1.1575212 0,3.1286155 -1.1286155 0,
  3.1575212 -1.0909449 0,3.175692 -1.0470765 0,
  3.1818898 -1 0,3.175692 -0.95292347 0,
  3.1575212 -0.90905512 0,3.1286155 -0.87138451 0,
  3.0909449 -0.84247884 0,3.0470765 -0.82430798 0,
  3 -0.81811024 0,2.9529235 -0.82430798 0,
  2.9090551 -0.84247884 0,2.8713845 -0.87138451 0,
  2.8424788 -0.90905512 0,2.824308 -0.95292347 0,
  2.8181102 -1 0,2.824308 -1.0470765 0,
  2.8424788 -1.0909449 0,2.8713845 -1.1286155 0,
  2.9090551 -1.1575212 0,2.9529235 -1.175692 0,
  3 -1.1 0,3.0258819 -1.0965926 0,
  3.05 -1.0866025 0,3.0707107 -1.0707107 0,
  3.0866025 -1.05 0,3.0965926 -1.0258819 0,
  3.1 -1 0,3.0965926 -0.9741181 0,
  3.0866025 -0.95 0,3.0707107 -0.92928932 0,
  3.05 -0.91339746 0,3.0258819 -0.90340742 0,
  3 -0.9 0,2.9741181 -0.90340742 0,
  2.95 -0.91339746 0,2.9292893 -0.92928932 0,
  2.9133975 -0.95 0,2.9034074 -0.9741181 0,
  2.9 -1 0,2.9034074 -1.0258819 0,
  2.9133975 -1.05 0,2.9292893 -1.0707107 0,
  2.95 -1.0866025 0,2.9741181 -1.0965926 0] }
 coordIndex [
  46,22,21,-1,46,21,45,-1,44,21,20,-1,44,45,21,-1,47,23,22,-1,47,22,46,-1,43,20,19,-1,43,44,20,-1,
  42,19,18,-1,42,43,19,-1,24,0,23,-1,24,23,47,-1,41,18,17,-1,41,42,18,-1,25,1,0,-1,25,0,24,-1,
  40,17,16,-1,40,41,17,-1,26,2,1,-1,26,1,25,-1,39,16,15,-1,39,40,16,-1,3,26,27,-1,3,2,26,-1,
  38,39,15,-1,14,38,15,-1,4,3,27,-1,4,27,28,-1,29,4,28,-1,13,36,37,-1,13,37,38,-1,13,38,14,-1,
  5,4,29,-1,12,36,13,-1,6,5,29,-1,6,29,30,-1,11,36,12,-1,11,35,36,-1,7,6,30,-1,7,30,31,-1,
  8,31,32,-1,8,7,31,-1,10,35,11,-1,10,34,35,-1,9,8,32,-1,9,32,33,-1,9,33,34,-1,9,34,10,-1]
  normalPerVertex TRUE
  normal DEF NORM_160 Normal { vector [
  0 0 -1,0 0 -1,
  0 0 -1,0 0 -1,
  0 0 -1,0 0 -1,
  0 0 -1,0 0 -1,
  0 0 -1,0 0 -1,
  0 0 -1,0 0 -1,
  0 0 -1,0 0 -1,
  0 0 -1,0 0 -1,
  0 0 -1,0 0 -1,
  0 0 -1,0 0 -1,
  0 0 -1,0 0 -1,
  0 0 -1,0 0 -1,
  0 0 -1,0 0 -1,
  0 0 -1,0 0 -1,
  0 0 -1,0 0 -1,
  0 0 -1,0 0 -1,
  0 0 -1,0 0 -1,
  0 0 -1,0 0 -1,
  0 0 -1,0 0 -1,
  0 0 -1,0 0 -1,
  0 0 -1,0 0 -1,
  0 0 -1,0 0 -1,
  0 0 -1,0 0 -1,
  0 0 -1,0 0 -1] }
}
}
DEF SHAPE_161 Shape {
 appearance USE APP_2
 geometry DEF FACE_161 IndexedFaceSet {
  coord DEF COORD_161 Coordinate { point [
  3 -2.1818898 0,3.0470765 -2.175692 0,
  3.0909449 -2.1575212 0,3.1286155 -2.1286155 0,
  3.1575212 -2.0909449 0,3.175692 -2.0470765 0,
  3.1818898 -2 0,3.175692 -1.9529235 0,
  3.1575212 -1.9090551 0,3.1286155 -1.8713845 0,
  3.0909449 -1.8424788 0,3.0470765 -1.824308 0,
  3 -1.8181102 0,2.9529235 -1.824308 0,
  2.9090551 -1.8424788 0,2.8713845 -1.8713845 0,
  2.8424788 -1.9090551 0,2.824308 -1.9529235 0,
  2.8181102 -2 0,2.824308 -2.0470765 0,
  2.8424788 -2.0909449 0,2.8713845 -2.1286155 0,
  2.9090551 -2.1575212 0,2.9529235 -2.175692 0,
  3 -2.1 0,3.0258819 -2.0965926 0,
  3.05 -2.0866025 0,3.0707107 -2.0707107 0,
  3.0866025 -2.05 0,3.0965926 -2.0258819 0,
  3.1 -2 0,3.0965926 -1.9741181 0,
  3.0866025 -1.95 0,3.0707107 -1.9292893 0,
  3.05 -1.9133975 0,3.0258819 -1.9034074 0,
  3 -1.9 0,2.9741181 -1.9034074 0,
  2.95 -1.9133975 0,2.9292893 -1.9292893 0,
  2.9133975 -1.95 0,2.9034074 -1.9741181 0,
  2.9 -2 0,2.9034074 -2.0258819 0,
  2.9133975 -2.05 0,2.9292893 -2.0707107 0,
  2.95 -2.0866025 0,2.9741181 -2.0965926 0] }
 coordIndex [
  46,22,21,-1,46,21,45,-1,44,21,20,-1,44,45,21,-1,47,23,22,-1,47,22,46,-1,43,20,19,-1,43,44,20,-1,
  24,0,23,-1,24,23,47,-1,42,19,18,-1,42,43,19,-1,25,1,0,-1,25,0,24,-1,41,18,17,-1,41,42,18,-1,
  26,2,1,-1,26,1,25,-1,40,17,16,-1,40,41,17,-1,27,3,2,-1,27,2,26,-1,39,40,16,-1,15,39,16,-1,
  4,27,28,-1,4,3,27,-1,14,39,15,-1,14,38,39,-1,5,4,28,-1,5,28,29,-1,13,38,14,-1,13,37,38,-1,
  6,5,29,-1,6,29,30,-1,6,30,31,-1,12,35,36,-1,12,36,37,-1,12,37,13,-1,7,6,31,-1,11,35,12,-1,
  8,7,31,-1,8,31,32,-1,10,34,35,-1,10,35,11,-1,9,32,33,-1,9,33,34,-1,9,8,32,-1,9,34,10,-1]
  normalPerVertex TRUE
  normal DEF NORM_161 Normal { vector [
  0 0 -1,0 0 -1,
  0 0 -1,0 0 -1,
  0 0 -1,0 0 -1,
  0 0 -1,0 0 -1,
  0 0 -1,0 0 -1,
  0 0 -1,0 0 -1,
  0 0 -1,0 0 -1,
  0 0 -1,0 0 -1,
  0 0 -1,0 0 -1,
  0 0 -1,0 0 -1,
  0 0 -1,0 0 -1,
  0 0 -1,0 0 -1,
  0 0 -1,0 0 -1,
  0 0 -1,0 0 -1,
  0 0 -1,0 0 -1,
  0 0 -1,0 0 -1,
  0 0 -1,0 0 -1,
  0 0 -1,0 0 -1,
  0 0 -1,0 0 -1,
  0 0 -1,0 0 -1,
  0 0 -1,0 0 -1,
  0 0 -1,0 0 -1,
  0 0 -1,0 0 -1,
  0 0 -1,0 0 -1] }
}
}
DEF SHAPE_162 Shape {
 appearance USE APP_2
 geometry DEF FACE_162 IndexedFaceSet {
  coord DEF COORD_162 Coordinate { point [
  3 -4.1818898 0,3.0470765 -4.175692 0,
  3.0909449 -4.1575212 0,3.1286155 -4.1286155 0,
  3.1575212 -4.0909449 0,3.175692 -4.0470765 0,
  3.1818898 -4 0,3.175692 -3.9529235 0,
  3.1575212 -3.9090551 0,3.1286155 -3.8713845 0,
  3.0909449 -3.8424788 0,3.0470765 -3.824308 0,
  3 -3.8181102 0,2.9529235 -3.824308 0,
  2.9090551 -3.8424788 0,2.8713845 -3.8713845 0,
  2.8424788 -3.9090551 0,2.824308 -3.9529235 0,
  2.8181102 -4 0,2.824308 -4.0470765 0,
  2.8424788 -4.0909449 0,2.8713845 -4.1286155 0,
  2.9090551 -4.1575212 0,2.9529235 -4.175692 0,
  3 -4.1 0,3.0258819 -4.0965926 0,
  3.05 -4.0866025 0,3.0707107 -4.0707107 0,
  3.0866025 -4.05 0,3.0965926 -4.0258819 0,
  3.1 -4 0,3.0965926 -3.9741181 0,
  3.0866025 -3.95 0,3.0707107 -3.9292893 0,
  3.05 -3.9133975 0,3.0258819 -3.9034074 0,
  3 -3.9 0,2.9741181 -3.9034074 0,
  2.95 -3.9133975 0,2.9292893 -3.9292893 0,
  2.9133975 -3.95 0,2.9034074 -3.9741181 0,
  2.9 -4 0,2.9034074 -4.0258819 0,
  2.9133975 -4.05 0,2.9292893 -4.0707107 0,
  2.95 -4.0866025 0,2.9741181 -4.0965926 0] }
 coordIndex [
  46,22,21,-1,46,21,45,-1,44,21,20,-1,44,45,21,-1,47,23,22,-1,47,22,46,-1,43,20,19,-1,43,44,20,-1,
  24,0,23,-1,24,23,47,-1,42,19,18,-1,42,43,19,-1,25,1,0,-1,25,0,24,-1,41,18,17,-1,41,42,18,-1,
  40,17,16,-1,40,41,17,-1,26,2,1,-1,26,1,25,-1,39,16,15,-1,39,40,16,-1,27,3,2,-1,27,2,26,-1,
  4,3,27,-1,4,27,28,-1,14,38,39,-1,14,39,15,-1,5,4,28,-1,5,28,29,-1,13,36,37,-1,13,37,38,-1,
  13,38,14,-1,12,36,13,-1,6,5,29,-1,6,29,30,-1,7,6,30,-1,7,30,31,-1,11,36,12,-1,11,35,36,-1,
  8,7,31,-1,8,31,32,-1,10,34,35,-1,10,35,11,-1,9,32,33,-1,9,33,34,-1,9,34,10,-1,9,8,32,-1]
  normalPerVertex TRUE
  normal DEF NORM_162 Normal { vector [
  0 0 -1,0 0 -1,
  0 0 -1,0 0 -1,
  0 0 -1,0 0 -1,
  0 0 -1,0 0 -1,
  0 0 -1,0 0 -1,
  0 0 -1,0 0 -1,
  0 0 -1,0 0 -1,
  0 0 -1,0 0 -1,
  0 0 -1,0 0 -1,
  0 0 -1,0 0 -1,
  0 0 -1,0 0 -1,
  0 0 -1,0 0 -1,
  0 0 -1,0 0 -1,
  0 0 -1,0 0 -1,
  0 0 -1,0 0 -1,
  0 0 -1,0 0 -1,
  0 0 -1,0 0 -1,
  0 0 -1,0 0 -1,
  0 0 -1,0 0 -1,
  0 0 -1,0 0 -1,
  0 0 -1,0 0 -1,
  0 0 -1,0 0 -1,
  0 0 -1,0 0 -1,
  0 0 -1,0 0 -1] }
}
}
DEF SHAPE_163 Shape {
 appearance USE APP_2
 geometry DEF FACE_163 IndexedFaceSet {
  coord DEF COORD_163 Coordinate { point [
  3 -3.1818898 0,3.0470765 -3.175692 0,
  3.0909449 -3.1575212 0,3.1286155 -3.1286155 0,
  3.1575212 -3.0909449 0,3.175692 -3.0470765 0,
  3.1818898 -3 0,3.175692 -2.9529235 0,
  3.1575212 -2.9090551 0,3.1286155 -2.8713845 0,
  3.0909449 -2.8424788 0,3.0470765 -2.824308 0,
  3 -2.8181102 0,2.9529235 -2.824308 0,
  2.9090551 -2.8424788 0,2.8713845 -2.8713845 0,
  2.8424788 -2.9090551 0,2.824308 -2.9529235 0,
  2.8181102 -3 0,2.824308 -3.0470765 0,
  2.8424788 -3.0909449 0,2.8713845 -3.1286155 0,
  2.9090551 -3.1575212 0,2.9529235 -3.175692 0,
  3 -3.1 0,3.0258819 -3.0965926 0,
  3.05 -3.0866025 0,3.0707107 -3.0707107 0,
  3.0866025 -3.05 0,3.0965926 -3.0258819 0,
  3.1 -3 0,3.0965926 -2.9741181 0,
  3.0866025 -2.95 0,3.0707107 -2.9292893 0,
  3.05 -2.9133975 0,3.0258819 -2.9034074 0,
  3 -2.9 0,2.9741181 -2.9034074 0,
  2.95 -2.9133975 0,2.9292893 -2.9292893 0,
  2.9133975 -2.95 0,2.9034074 -2.9741181 0,
  2.9 -3 0,2.9034074 -3.0258819 0,
  2.9133975 -3.05 0,2.9292893 -3.0707107 0,
  2.95 -3.0866025 0,2.9741181 -3.0965926 0] }
 coordIndex [
  46,22,21,-1,46,21,45,-1,44,21,20,-1,44,45,21,-1,47,23,22,-1,47,22,46,-1,43,20,19,-1,43,44,20,-1,
  42,19,18,-1,42,43,19,-1,24,0,23,-1,24,23,47,-1,41,18,17,-1,41,42,18,-1,25,1,0,-1,25,0,24,-1,
  40,17,16,-1,40,41,17,-1,26,2,1,-1,26,1,25,-1,39,16,15,-1,39,40,16,-1,27,3,2,-1,27,2,26,-1,
  14,38,39,-1,14,39,15,-1,4,27,28,-1,4,3,27,-1,29,4,28,-1,13,38,14,-1,13,37,38,-1,5,4,29,-1,
  12,37,13,-1,12,36,37,-1,6,5,29,-1,6,29,30,-1,11,36,12,-1,11,34,35,-1,11,35,36,-1,7,6,30,-1,
  7,30,31,-1,8,7,31,-1,8,31,32,-1,10,34,11,-1,9,8,32,-1,9,34,10,-1,9,32,33,-1,9,33,34,-1]
  normalPerVertex TRUE
  normal DEF NORM_163 Normal { vector [
  0 0 -1,0 0 -1,
  0 0 -1,0 0 -1,
  0 0 -1,0 0 -1,
  0 0 -1,0 0 -1,
  0 0 -1,0 0 -1,
  0 0 -1,0 0 -1,
  0 0 -1,0 0 -1,
  0 0 -1,0 0 -1,
  0 0 -1,0 0 -1,
  0 0 -1,0 0 -1,
  0 0 -1,0 0 -1,
  0 0 -1,0 0 -1,
  0 0 -1,0 0 -1,
  0 0 -1,0 0 -1,
  0 0 -1,0 0 -1,
  0 0 -1,0 0 -1,
  0 0 -1,0 0 -1,
  0 0 -1,0 0 -1,
  0 0 -1,0 0 -1,
  0 0 -1,0 0 -1,
  0 0 -1,0 0 -1,
  0 0 -1,0 0 -1,
  0 0 -1,0 0 -1,
  0 0 -1,0 0 -1] }
}
}
DEF SHAPE_164 Shape {
 appearance USE APP_2
 geometry DEF FACE_164 IndexedFaceSet {
  coord DEF COORD_164 Coordinate { point [
  0 -3.8181102 0,-0.047076535 -3.824308 0,
  -0.090944882 -3.8424788 0,-0.12861549 -3.8713845 0,
  -0.15752116 -3.9090551 0,-0.17569202 -3.9529235 0,
  -0.18188976 -4 0,-0.17569202 -4.0470765 0,
  -0.15752116 -4.0909449 0,-0.12861549 -4.1286155 0,
  -0.090944882 -4.1575212 0,-0.047076535 -4.175692 0,
  0 -4.1818898 0,0.047076535 -4.175692 0,
  0.090944882 -4.1575212 0,0.12861549 -4.1286155 0,
  0.15752116 -4.0909449 0,0.17569202 -4.0470765 0,
  0.18188976 -4 0,0.17569202 -3.9529235 0,
  0.15752116 -3.9090551 0,0.12861549 -3.8713845 0,
  0.090944882 -3.8424788 0,0.047076535 -3.824308 0,
  0 -3.9 0,-0.025881905 -3.9034074 0,
  -0.05 -3.9133975 0,-0.070710678 -3.9292893 0,
  -0.08660254 -3.95 0,-0.096592583 -3.9741181 0,
  -0.1 -4 0,-0.096592583 -4.0258819 0,
  -0.08660254 -4.05 0,-0.070710678 -4.0707107 0,
  -0.05 -4.0866025 0,-0.025881905 -4.0965926 0,
  0 -4.1 0,0.025881905 -4.0965926 0,
  0.05 -4.0866025 0,0.070710678 -4.0707107 0,
  0.08660254 -4.05 0,0.096592583 -4.0258819 0,
  0.1 -4 0,0.096592583 -3.9741181 0,
  0.08660254 -3.95 0,0.070710678 -3.9292893 0,
  0.05 -3.9133975 0,0.025881905 -3.9034074 0] }
 coordIndex [
  46,22,21,-1,46,21,45,-1,44,21,20,-1,44,45,21,-1,47,23,22,-1,47,22,46,-1,43,20,19,-1,43,44,20,-1,
  24,0,23,-1,24,23,47,-1,42,19,18,-1,42,43,19,-1,25,1,0,-1,25,0,24,-1,41,18,17,-1,41,42,18,-1,
  40,17,16,-1,40,41,17,-1,26,2,1,-1,26,1,25,-1,39,16,15,-1,39,40,16,-1,27,3,2,-1,27,2,26,-1,
  38,39,15,-1,4,3,27,-1,4,27,28,-1,14,38,15,-1,5,4,28,-1,5,28,29,-1,13,36,37,-1,13,37,38,-1,
  13,38,14,-1,12,36,13,-1,6,5,29,-1,6,29,30,-1,7,6,30,-1,7,30,31,-1,11,36,12,-1,11,35,36,-1,
  8,7,31,-1,8,31,32,-1,10,35,11,-1,10,34,35,-1,9,34,10,-1,9,32,33,-1,9,33,34,-1,9,8,32,-1]
  normalPerVertex TRUE
  normal DEF NORM_164 Normal { vector [
  0 0 -1,0 0 -1,
  0 0 -1,0 0 -1,
  0 0 -1,0 0 -1,
  0 0 -1,0 0 -1,
  0 0 -1,0 0 -1,
  0 0 -1,0 0 -1,
  0 0 -1,0 0 -1,
  0 0 -1,0 0 -1,
  0 0 -1,0 0 -1,
  0 0 -1,0 0 -1,
  0 0 -1,0 0 -1,
  0 0 -1,0 0 -1,
  0 0 -1,0 0 -1,
  0 0 -1,0 0 -1,
  0 0 -1,0 0 -1,
  0 0 -1,0 0 -1,
  0 0 -1,0 0 -1,
  0 0 -1,0 0 -1,
  0 0 -1,0 0 -1,
  0 0 -1,0 0 -1,
  0 0 -1,0 0 -1,
  0 0 -1,0 0 -1,
  0 0 -1,0 0 -1,
  0 0 -1,0 0 -1] }
}
}
DEF SHAPE_165 Shape {
 appearance USE APP_2
 geometry DEF FACE_165 IndexedFaceSet {
  coord DEF COORD_165 Coordinate { point [
  0 -2.8181102 0,-0.047076535 -2.824308 0,
  -0.090944882 -2.8424788 0,-0.12861549 -2.8713845 0,
  -0.15752116 -2.9090551 0,-0.17569202 -2.9529235 0,
  -0.18188976 -3 0,-0.17569202 -3.0470765 0,
  -0.15752116 -3.0909449 0,-0.12861549 -3.1286155 0,
  -0.090944882 -3.1575212 0,-0.047076535 -3.175692 0,
  0 -3.1818898 0,0.047076535 -3.175692 0,
  0.090944882 -3.1575212 0,0.12861549 -3.1286155 0,
  0.15752116 -3.0909449 0,0.17569202 -3.0470765 0,
  0.18188976 -3 0,0.17569202 -2.9529235 0,
  0.15752116 -2.9090551 0,0.12861549 -2.8713845 0,
  0.090944882 -2.8424788 0,0.047076535 -2.824308 0,
  0 -2.9 0,-0.025881905 -2.9034074 0,
  -0.05 -2.9133975 0,-0.070710678 -2.9292893 0,
  -0.08660254 -2.95 0,-0.096592583 -2.9741181 0,
  -0.1 -3 0,-0.096592583 -3.0258819 0,
  -0.08660254 -3.05 0,-0.070710678 -3.0707107 0,
  -0.05 -3.0866025 0,-0.025881905 -3.0965926 0,
  0 -3.1 0,0.025881905 -3.0965926 0,
  0.05 -3.0866025 0,0.070710678 -3.0707107 0,
  0.08660254 -3.05 0,0.096592583 -3.0258819 0,
  0.1 -3 0,0.096592583 -2.9741181 0,
  0.08660254 -2.95 0,0.070710678 -2.9292893 0,
  0.05 -2.9133975 0,0.025881905 -2.9034074 0] }
 coordIndex [
  46,22,21,-1,46,21,45,-1,44,21,20,-1,44,45,21,-1,47,23,22,-1,47,22,46,-1,43,20,19,-1,43,44,20,-1,
  24,0,23,-1,24,23,47,-1,42,19,18,-1,42,43,19,-1,25,1,0,-1,25,0,24,-1,41,18,17,-1,41,42,18,-1,
  26,2,1,-1,26,1,25,-1,40,17,16,-1,40,41,17,-1,27,3,2,-1,27,2,26,-1,39,40,16,-1,15,39,16,-1,
  4,27,28,-1,4,3,27,-1,14,39,15,-1,14,38,39,-1,5,4,28,-1,5,28,29,-1,13,37,38,-1,13,38,14,-1,
  6,5,29,-1,6,29,30,-1,12,37,13,-1,12,35,36,-1,12,36,37,-1,7,6,30,-1,7,30,31,-1,11,35,12,-1,
  8,31,32,-1,8,32,33,-1,8,7,31,-1,10,35,11,-1,10,34,35,-1,9,34,10,-1,9,33,34,-1,9,8,33,-1]
  normalPerVertex TRUE
  normal DEF NORM_165 Normal { vector [
  0 0 -1,0 0 -1,
  0 0 -1,0 0 -1,
  0 0 -1,0 0 -1,
  0 0 -1,0 0 -1,
  0 0 -1,0 0 -1,
  0 0 -1,0 0 -1,
  0 0 -1,0 0 -1,
  0 0 -1,0 0 -1,
  0 0 -1,0 0 -1,
  0 0 -1,0 0 -1,
  0 0 -1,0 0 -1,
  0 0 -1,0 0 -1,
  0 0 -1,0 0 -1,
  0 0 -1,0 0 -1,
  0 0 -1,0 0 -1,
  0 0 -1,0 0 -1,
  0 0 -1,0 0 -1,
  0 0 -1,0 0 -1,
  0 0 -1,0 0 -1,
  0 0 -1,0 0 -1,
  0 0 -1,0 0 -1,
  0 0 -1,0 0 -1,
  0 0 -1,0 0 -1,
  0 0 -1,0 0 -1] }
}
}
DEF SHAPE_166 Shape {
 appearance USE APP_2
 geometry DEF FACE_166 IndexedFaceSet {
  coord DEF COORD_166 Coordinate { point [
  0 -0.81811024 0,-0.047076535 -0.82430798 0,
  -0.090944882 -0.84247884 0,-0.12861549 -0.87138451 0,
  -0.15752116 -0.90905512 0,-0.17569202 -0.95292347 0,
  -0.18188976 -1 0,-0.17569202 -1.0470765 0,
  -0.15752116 -1.0909449 0,-0.12861549 -1.1286155 0,
  -0.090944882 -1.1575212 0,-0.047076535 -1.175692 0,
  0 -1.1818898 0,0.047076535 -1.175692 0,
  0.090944882 -1.1575212 0,0.12861549 -1.1286155 0,
  0.15752116 -1.0909449 0,0.17569202 -1.0470765 0,
  0.18188976 -1 0,0.17569202 -0.95292347 0,
  0.15752116 -0.90905512 0,0.12861549 -0.87138451 0,
  0.090944882 -0.84247884 0,0.047076535 -0.82430798 0,
  0 -0.9 0,-0.025881905 -0.90340742 0,
  -0.05 -0.91339746 0,-0.070710678 -0.92928932 0,
  -0.08660254 -0.95 0,-0.096592583 -0.9741181 0,
  -0.1 -1 0,-0.096592583 -1.0258819 0,
  -0.08660254 -1.05 0,-0.070710678 -1.0707107 0,
  -0.05 -1.0866025 0,-0.025881905 -1.0965926 0,
  0 -1.1 0,0.025881905 -1.0965926 0,
  0.05 -1.0866025 0,0.070710678 -1.0707107 0,
  0.08660254 -1.05 0,0.096592583 -1.0258819 0,
  0.1 -1 0,0.096592583 -0.9741181 0,
  0.08660254 -0.95 0,0.070710678 -0.92928932 0,
  0.05 -0.91339746 0,0.025881905 -0.90340742 0] }
 coordIndex [
  46,22,21,-1,46,21,45,-1,44,21,20,-1,44,45,21,-1,47,23,22,-1,47,22,46,-1,43,20,19,-1,43,44,20,-1,
  24,0,23,-1,24,23,47,-1,42,19,18,-1,42,43,19,-1,41,18,17,-1,41,42,18,-1,25,1,0,-1,25,0,24,-1,
  40,17,16,-1,40,41,17,-1,26,2,1,-1,26,1,25,-1,39,16,15,-1,39,40,16,-1,27,3,2,-1,27,2,26,-1,
  38,39,15,-1,14,38,15,-1,4,27,28,-1,4,3,27,-1,29,4,28,-1,5,4,29,-1,13,38,14,-1,13,36,37,-1,
  13,37,38,-1,12,36,13,-1,6,5,29,-1,6,29,30,-1,6,30,31,-1,11,36,12,-1,11,35,36,-1,7,6,31,-1,
  8,31,32,-1,8,7,31,-1,10,34,35,-1,10,35,11,-1,9,32,33,-1,9,33,34,-1,9,34,10,-1,9,8,32,-1]
  normalPerVertex TRUE
  normal DEF NORM_166 Normal { vector [
  0 0 -1,0 0 -1,
  0 0 -1,0 0 -1,
  0 0 -1,0 0 -1,
  0 0 -1,0 0 -1,
  0 0 -1,0 0 -1,
  0 0 -1,0 0 -1,
  0 0 -1,0 0 -1,
  0 0 -1,0 0 -1,
  0 0 -1,0 0 -1,
  0 0 -1,0 0 -1,
  0 0 -1,0 0 -1,
  0 0 -1,0 0 -1,
  0 0 -1,0 0 -1,
  0 0 -1,0 0 -1,
  0 0 -1,0 0 -1,
  0 0 -1,0 0 -1,
  0 0 -1,0 0 -1,
  0 0 -1,0 0 -1,
  0 0 -1,0 0 -1,
  0 0 -1,0 0 -1,
  0 0 -1,0 0 -1,
  0 0 -1,0 0 -1,
  0 0 -1,0 0 -1,
  0 0 -1,0 0 -1] }
}
}
DEF SHAPE_167 Shape {
 appearance USE APP_2
 geometry DEF FACE_167 IndexedFaceSet {
  coord DEF COORD_167 Coordinate { point [
  0 -1.8181102 0,-0.047076535 -1.824308 0,
  -0.090944882 -1.8424788 0,-0.12861549 -1.8713845 0,
  -0.15752116 -1.9090551 0,-0.17569202 -1.9529235 0,
  -0.18188976 -2 0,-0.17569202 -2.0470765 0,
  -0.15752116 -2.0909449 0,-0.12861549 -2.1286155 0,
  -0.090944882 -2.1575212 0,-0.047076535 -2.175692 0,
  0 -2.1818898 0,0.047076535 -2.175692 0,
  0.090944882 -2.1575212 0,0.12861549 -2.1286155 0,
  0.15752116 -2.0909449 0,0.17569202 -2.0470765 0,
  0.18188976 -2 0,0.17569202 -1.9529235 0,
  0.15752116 -1.9090551 0,0.12861549 -1.8713845 0,
  0.090944882 -1.8424788 0,0.047076535 -1.824308 0,
  0 -1.9 0,-0.025881905 -1.9034074 0,
  -0.05 -1.9133975 0,-0.070710678 -1.9292893 0,
  -0.08660254 -1.95 0,-0.096592583 -1.9741181 0,
  -0.1 -2 0,-0.096592583 -2.0258819 0,
  -0.08660254 -2.05 0,-0.070710678 -2.0707107 0,
  -0.05 -2.0866025 0,-0.025881905 -2.0965926 0,
  0 -2.1 0,0.025881905 -2.0965926 0,
  0.05 -2.0866025 0,0.070710678 -2.0707107 0,
  0.08660254 -2.05 0,0.096592583 -2.0258819 0,
  0.1 -2 0,0.096592583 -1.9741181 0,
  0.08660254 -1.95 0,0.070710678 -1.9292893 0,
  0.05 -1.9133975 0,0.025881905 -1.9034074 0] }
 coordIndex [
  46,22,21,-1,46,21,45,-1,44,21,20,-1,44,45,21,-1,47,23,22,-1,47,22,46,-1,43,20,19,-1,43,44,20,-1,
  24,0,23,-1,24,23,47,-1,42,19,18,-1,42,43,19,-1,25,1,0,-1,25,0,24,-1,41,18,17,-1,41,42,18,-1,
  26,2,1,-1,26,1,25,-1,40,17,16,-1,40,41,17,-1,27,3,2,-1,27,2,26,-1,15,39,40,-1,15,40,16,-1,
  4,27,28,-1,4,3,27,-1,14,39,15,-1,14,38,39,-1,5,4,28,-1,5,28,29,-1,13,38,14,-1,13,37,38,-1,
  6,5,29,-1,6,29,30,-1,12,37,13,-1,12,36,37,-1,7,6,30,-1,7,30,31,-1,11,35,36,-1,11,36,12,-1,
  8,31,32,-1,8,32,33,-1,8,7,31,-1,10,34,35,-1,10,35,11,-1,9,33,34,-1,9,8,33,-1,9,34,10,-1]
  normalPerVertex TRUE
  normal DEF NORM_167 Normal { vector [
  0 0 -1,0 0 -1,
  0 0 -1,0 0 -1,
  0 0 -1,0 0 -1,
  0 0 -1,0 0 -1,
  0 0 -1,0 0 -1,
  0 0 -1,0 0 -1,
  0 0 -1,0 0 -1,
  0 0 -1,0 0 -1,
  0 0 -1,0 0 -1,
  0 0 -1,0 0 -1,
  0 0 -1,0 0 -1,
  0 0 -1,0 0 -1,
  0 0 -1,0 0 -1,
  0 0 -1,0 0 -1,
  0 0 -1,0 0 -1,
  0 0 -1,0 0 -1,
  0 0 -1,0 0 -1,
  0 0 -1,0 0 -1,
  0 0 -1,0 0 -1,
  0 0 -1,0 0 -1,
  0 0 -1,0 0 -1,
  0 0 -1,0 0 -1,
  0 0 -1,0 0 -1,
  0 0 -1,0 0 -1] }
}
}
DEF SHAPE_168 Shape {
 appearance USE APP_2
 geometry DEF FACE_168 IndexedFaceSet {
  coord DEF COORD_168 Coordinate { point [
  3 -0.18188976 0,3.0470765 -0.17569202 0,
  3.0909449 -0.15752116 0,3.1286155 -0.12861549 0,
  3.1575212 -0.090944882 0,3.175692 -0.047076535 0,
  3.1818898 0 0,3.175692 0.047076535 0,
  3.1575212 0.090944882 0,3.1286155 0.12861549 0,
  3.0909449 0.15752116 0,3.0470765 0.17569202 0,
  3 0.18188976 0,2.9529235 0.17569202 0,
  2.9090551 0.15752116 0,2.8713845 0.12861549 0,
  2.8424788 0.090944882 0,2.824308 0.047076535 0,
  2.8181102 0 0,2.824308 -0.047076535 0,
  2.8424788 -0.090944882 0,2.8713845 -0.12861549 0,
  2.9090551 -0.15752116 0,2.9529235 -0.17569202 0,
  3 -0.1 0,3.0258819 -0.096592583 0,
  3.05 -0.08660254 0,3.0707107 -0.070710678 0,
  3.0866025 -0.05 0,3.0965926 -0.025881905 0,
  3.1 0 0,3.0965926 0.025881905 0,
  3.0866025 0.05 0,3.0707107 0.070710678 0,
  3.05 0.08660254 0,3.0258819 0.096592583 0,
  3 0.1 0,2.9741181 0.096592583 0,
  2.95 0.08660254 0,2.9292893 0.070710678 0,
  2.9133975 0.05 0,2.9034074 0.025881905 0,
  2.9 0 0,2.9034074 -0.025881905 0,
  2.9133975 -0.05 0,2.9292893 -0.070710678 0,
  2.95 -0.08660254 0,2.9741181 -0.096592583 0] }
 coordIndex [
  46,22,21,-1,46,21,45,-1,44,21,20,-1,44,45,21,-1,47,23,22,-1,47,22,46,-1,43,20,19,-1,43,44,20,-1,
  24,0,23,-1,24,23,47,-1,42,19,18,-1,42,43,19,-1,41,18,17,-1,41,42,18,-1,25,1,0,-1,25,0,24,-1,
  40,17,16,-1,40,41,17,-1,26,2,1,-1,26,1,25,-1,39,16,15,-1,39,40,16,-1,27,3,2,-1,27,2,26,-1,
  28,3,27,-1,14,38,39,-1,14,39,15,-1,4,3,28,-1,5,4,28,-1,5,28,29,-1,13,38,14,-1,13,37,38,-1,
  12,37,13,-1,12,35,36,-1,12,36,37,-1,6,5,29,-1,6,29,30,-1,7,6,30,-1,7,30,31,-1,11,35,12,-1,
  8,7,31,-1,8,31,32,-1,8,32,33,-1,10,35,11,-1,10,34,35,-1,9,34,10,-1,9,33,34,-1,9,8,33,-1]
  normalPerVertex TRUE
  normal DEF NORM_168 Normal { vector [
  0 0 -1,0 0 -1,
  0 0 -1,0 0 -1,
  0 0 -1,0 0 -1,
  0 0 -1,0 0 -1,
  0 0 -1,0 0 -1,
  0 0 -1,0 0 -1,
  0 0 -1,0 0 -1,
  0 0 -1,0 0 -1,
  0 0 -1,0 0 -1,
  0 0 -1,0 0 -1,
  0 0 -1,0 0 -1,
  0 0 -1,0 0 -1,
  0 0 -1,0 0 -1,
  0 0 -1,0 0 -1,
  0 0 -1,0 0 -1,
  0 0 -1,0 0 -1,
  0 0 -1,0 0 -1,
  0 0 -1,0 0 -1,
  0 0 -1,0 0 -1,
  0 0 -1,0 0 -1,
  0 0 -1,0 0 -1,
  0 0 -1,0 0 -1,
  0 0 -1,0 0 -1,
  0 0 -1,0 0 -1] }
}
}
DEF SHAPE_169 Shape {
 appearance USE APP_2
 geometry DEF FACE_169 IndexedFaceSet {
  coord DEF COORD_169 Coordinate { point [
  0 0.18188976 0,-0.047076535 0.17569202 0,
  -0.090944882 0.15752116 0,-0.12861549 0.12861549 0,
  -0.15752116 0.090944882 0,-0.17569202 0.047076535 0,
  -0.18188976 0 0,-0.17569202 -0.047076535 0,
  -0.15752116 -0.090944882 0,-0.12861549 -0.12861549 0,
  -0.090944882 -0.15752116 0,-0.047076535 -0.17569202 0,
  0 -0.18188976 0,0.047076535 -0.17569202 0,
  0.090944882 -0.15752116 0,0.12861549 -0.12861549 0,
  0.15752116 -0.090944882 0,0.17569202 -0.047076535 0,
  0.18188976 0 0,0.17569202 0.047076535 0,
  0.15752116 0.090944882 0,0.12861549 0.12861549 0,
  0.090944882 0.15752116 0,0.047076535 0.17569202 0,
  0 0.1 0,-0.025881905 0.096592583 0,
  -0.05 0.08660254 0,-0.070710678 0.070710678 0,
  -0.08660254 0.05 0,-0.096592583 0.025881905 0,
  -0.1 0 0,-0.096592583 -0.025881905 0,
  -0.08660254 -0.05 0,-0.070710678 -0.070710678 0,
  -0.05 -0.08660254 0,-0.025881905 -0.096592583 0,
  0 -0.1 0,0.025881905 -0.096592583 0,
  0.05 -0.08660254 0,0.070710678 -0.070710678 0,
  0.08660254 -0.05 0,0.096592583 -0.025881905 0,
  0.1 0 0,0.096592583 0.025881905 0,
  0.08660254 0.05 0,0.070710678 0.070710678 0,
  0.05 0.08660254 0,0.025881905 0.096592583 0] }
 coordIndex [
  46,22,21,-1,46,21,45,-1,44,21,20,-1,44,45,21,-1,47,23,22,-1,47,22,46,-1,43,20,19,-1,43,44,20,-1,
  24,0,23,-1,24,23,47,-1,42,19,18,-1,42,43,19,-1,41,18,17,-1,41,42,18,-1,25,1,0,-1,25,0,24,-1,
  40,17,16,-1,40,41,17,-1,26,2,1,-1,26,1,25,-1,39,16,15,-1,39,40,16,-1,27,3,2,-1,27,2,26,-1,
  38,39,15,-1,14,38,15,-1,4,27,28,-1,4,3,27,-1,5,4,28,-1,5,28,29,-1,13,38,14,-1,13,37,38,-1,
  12,37,13,-1,12,35,36,-1,12,36,37,-1,6,5,29,-1,6,29,30,-1,6,30,31,-1,7,6,31,-1,11,35,12,-1,
  8,7,31,-1,8,31,32,-1,10,34,35,-1,10,35,11,-1,9,32,33,-1,9,33,34,-1,9,8,32,-1,9,34,10,-1]
  normalPerVertex TRUE
  normal DEF NORM_169 Normal { vector [
  0 0 -1,0 0 -1,
  0 0 -1,0 0 -1,
  0 0 -1,0 0 -1,
  0 0 -1,0 0 -1,
  0 0 -1,0 0 -1,
  0 0 -1,0 0 -1,
  0 0 -1,0 0 -1,
  0 0 -1,0 0 -1,
  0 0 -1,0 0 -1,
  0 0 -1,0 0 -1,
  0 0 -1,0 0 -1,
  0 0 -1,0 0 -1,
  0 0 -1,0 0 -1,
  0 0 -1,0 0 -1,
  0 0 -1,0 0 -1,
  0 0 -1,0 0 -1,
  0 0 -1,0 0 -1,
  0 0 -1,0 0 -1,
  0 0 -1,0 0 -1,
  0 0 -1,0 0 -1,
  0 0 -1,0 0 -1,
  0 0 -1,0 0 -1,
  0 0 -1,0 0 -1,
  0 0 -1,0 0 -1] }
}
}
DEF SHAPE_170 Shape {
 appearance USE APP_2
 geometry DEF FACE_170 IndexedFaceSet {
  coord DEF COORD_170 Coordinate { point [
  0 -8.8181102 0,-0.047076535 -8.824308 0,
  -0.090944882 -8.8424788 0,-0.12861549 -8.8713845 0,
  -0.15752116 -8.9090551 0,-0.17569202 -8.9529235 0,
  -0.18188976 -9 0,-0.17569202 -9.0470765 0,
  -0.15752116 -9.0909449 0,-0.12861549 -9.1286155 0,
  -0.090944882 -9.1575212 0,-0.047076535 -9.175692 0,
  0 -9.1818898 0,0.047076535 -9.175692 0,
  0.090944882 -9.1575212 0,0.12861549 -9.1286155 0,
  0.15752116 -9.0909449 0,0.17569202 -9.0470765 0,
  0.18188976 -9 0,0.17569202 -8.9529235 0,
  0.15752116 -8.9090551 0,0.12861549 -8.8713845 0,
  0.090944882 -8.8424788 0,0.047076535 -8.824308 0,
  0 -8.9 0,-0.025881905 -8.9034074 0,
  -0.05 -8.9133975 0,-0.070710678 -8.9292893 0,
  -0.08660254 -8.95 0,-0.096592583 -8.9741181 0,
  -0.1 -9 0,-0.096592583 -9.0258819 0,
  -0.08660254 -9.05 0,-0.070710678 -9.0707107 0,
  -0.05 -9.0866025 0,-0.025881905 -9.0965926 0,
  0 -9.1 0,0.025881905 -9.0965926 0,
  0.05 -9.0866025 0,0.070710678 -9.0707107 0,
  0.08660254 -9.05 0,0.096592583 -9.0258819 0,
  0.1 -9 0,0.096592583 -8.9741181 0,
  0.08660254 -8.95 0,0.070710678 -8.9292893 0,
  0.05 -8.9133975 0,0.025881905 -8.9034074 0] }
 coordIndex [
  46,22,21,-1,46,21,45,-1,44,21,20,-1,44,45,21,-1,47,23,22,-1,47,22,46,-1,43,20,19,-1,43,44,20,-1,
  24,0,23,-1,24,23,47,-1,42,19,18,-1,42,43,19,-1,25,1,0,-1,25,0,24,-1,41,18,17,-1,41,42,18,-1,
  40,17,16,-1,40,41,17,-1,26,2,1,-1,26,1,25,-1,27,3,2,-1,27,2,26,-1,39,16,15,-1,39,40,16,-1,
  38,39,15,-1,4,27,28,-1,4,3,27,-1,14,38,15,-1,5,4,28,-1,5,28,29,-1,5,29,30,-1,13,38,14,-1,
  13,37,38,-1,12,37,13,-1,12,36,37,-1,6,5,30,-1,6,30,31,-1,7,6,31,-1,11,36,12,-1,11,34,35,-1,
  11,35,36,-1,8,7,31,-1,8,31,32,-1,10,34,11,-1,9,34,10,-1,9,32,33,-1,9,33,34,-1,9,8,32,-1]
  normalPerVertex TRUE
  normal DEF NORM_170 Normal { vector [
  0 0 -1,0 0 -1,
  0 0 -1,0 0 -1,
  0 0 -1,0 0 -1,
  0 0 -1,0 0 -1,
  0 0 -1,0 0 -1,
  0 0 -1,0 0 -1,
  0 0 -1,0 0 -1,
  0 0 -1,0 0 -1,
  0 0 -1,0 0 -1,
  0 0 -1,0 0 -1,
  0 0 -1,0 0 -1,
  0 0 -1,0 0 -1,
  0 0 -1,0 0 -1,
  0 0 -1,0 0 -1,
  0 0 -1,0 0 -1,
  0 0 -1,0 0 -1,
  0 0 -1,0 0 -1,
  0 0 -1,0 0 -1,
  0 0 -1,0 0 -1,
  0 0 -1,0 0 -1,
  0 0 -1,0 0 -1,
  0 0 -1,0 0 -1,
  0 0 -1,0 0 -1,
  0 0 -1,0 0 -1] }
}
}
DEF SHAPE_171 Shape {
 appearance USE APP_2
 geometry DEF FACE_171 IndexedFaceSet {
  coord DEF COORD_171 Coordinate { point [
  0 -7.8181102 0,-0.047076535 -7.824308 0,
  -0.090944882 -7.8424788 0,-0.12861549 -7.8713845 0,
  -0.15752116 -7.9090551 0,-0.17569202 -7.9529235 0,
  -0.18188976 -8 0,-0.17569202 -8.0470765 0,
  -0.15752116 -8.0909449 0,-0.12861549 -8.1286155 0,
  -0.090944882 -8.1575212 0,-0.047076535 -8.175692 0,
  0 -8.1818898 0,0.047076535 -8.175692 0,
  0.090944882 -8.1575212 0,0.12861549 -8.1286155 0,
  0.15752116 -8.0909449 0,0.17569202 -8.0470765 0,
  0.18188976 -8 0,0.17569202 -7.9529235 0,
  0.15752116 -7.9090551 0,0.12861549 -7.8713845 0,
  0.090944882 -7.8424788 0,0.047076535 -7.824308 0,
  0 -7.9 0,-0.025881905 -7.9034074 0,
  -0.05 -7.9133975 0,-0.070710678 -7.9292893 0,
  -0.08660254 -7.95 0,-0.096592583 -7.9741181 0,
  -0.1 -8 0,-0.096592583 -8.0258819 0,
  -0.08660254 -8.05 0,-0.070710678 -8.0707107 0,
  -0.05 -8.0866025 0,-0.025881905 -8.0965926 0,
  0 -8.1 0,0.025881905 -8.0965926 0,
  0.05 -8.0866025 0,0.070710678 -8.0707107 0,
  0.08660254 -8.05 0,0.096592583 -8.0258819 0,
  0.1 -8 0,0.096592583 -7.9741181 0,
  0.08660254 -7.95 0,0.070710678 -7.9292893 0,
  0.05 -7.9133975 0,0.025881905 -7.9034074 0] }
 coordIndex [
  46,22,21,-1,46,21,45,-1,44,21,20,-1,44,45,21,-1,47,23,22,-1,47,22,46,-1,43,20,19,-1,43,44,20,-1,
  24,0,23,-1,24,23,47,-1,42,19,18,-1,42,43,19,-1,25,1,0,-1,25,0,24,-1,41,18,17,-1,41,42,18,-1,
  40,17,16,-1,40,41,17,-1,26,2,1,-1,26,1,25,-1,27,3,2,-1,27,2,26,-1,39,16,15,-1,39,40,16,-1,
  38,39,15,-1,4,27,28,-1,4,3,27,-1,14,38,15,-1,5,4,28,-1,5,28,29,-1,5,29,30,-1,13,38,14,-1,
  13,37,38,-1,12,37,13,-1,12,36,37,-1,6,5,30,-1,6,30,31,-1,7,6,31,-1,11,36,12,-1,11,34,35,-1,
  11,35,36,-1,8,7,31,-1,8,31,32,-1,10,34,11,-1,9,34,10,-1,9,32,33,-1,9,33,34,-1,9,8,32,-1]
  normalPerVertex TRUE
  normal DEF NORM_171 Normal { vector [
  0 0 -1,0 0 -1,
  0 0 -1,0 0 -1,
  0 0 -1,0 0 -1,
  0 0 -1,0 0 -1,
  0 0 -1,0 0 -1,
  0 0 -1,0 0 -1,
  0 0 -1,0 0 -1,
  0 0 -1,0 0 -1,
  0 0 -1,0 0 -1,
  0 0 -1,0 0 -1,
  0 0 -1,0 0 -1,
  0 0 -1,0 0 -1,
  0 0 -1,0 0 -1,
  0 0 -1,0 0 -1,
  0 0 -1,0 0 -1,
  0 0 -1,0 0 -1,
  0 0 -1,0 0 -1,
  0 0 -1,0 0 -1,
  0 0 -1,0 0 -1,
  0 0 -1,0 0 -1,
  0 0 -1,0 0 -1,
  0 0 -1,0 0 -1,
  0 0 -1,0 0 -1,
  0 0 -1,0 0 -1] }
}
}
DEF SHAPE_172 Shape {
 appearance USE APP_2
 geometry DEF FACE_172 IndexedFaceSet {
  coord DEF COORD_172 Coordinate { point [
  0 -6.8181102 0,-0.047076535 -6.824308 0,
  -0.090944882 -6.8424788 0,-0.12861549 -6.8713845 0,
  -0.15752116 -6.9090551 0,-0.17569202 -6.9529235 0,
  -0.18188976 -7 0,-0.17569202 -7.0470765 0,
  -0.15752116 -7.0909449 0,-0.12861549 -7.1286155 0,
  -0.090944882 -7.1575212 0,-0.047076535 -7.175692 0,
  0 -7.1818898 0,0.047076535 -7.175692 0,
  0.090944882 -7.1575212 0,0.12861549 -7.1286155 0,
  0.15752116 -7.0909449 0,0.17569202 -7.0470765 0,
  0.18188976 -7 0,0.17569202 -6.9529235 0,
  0.15752116 -6.9090551 0,0.12861549 -6.8713845 0,
  0.090944882 -6.8424788 0,0.047076535 -6.824308 0,
  0 -6.9 0,-0.025881905 -6.9034074 0,
  -0.05 -6.9133975 0,-0.070710678 -6.9292893 0,
  -0.08660254 -6.95 0,-0.096592583 -6.9741181 0,
  -0.1 -7 0,-0.096592583 -7.0258819 0,
  -0.08660254 -7.05 0,-0.070710678 -7.0707107 0,
  -0.05 -7.0866025 0,-0.025881905 -7.0965926 0,
  0 -7.1 0,0.025881905 -7.0965926 0,
  0.05 -7.0866025 0,0.070710678 -7.0707107 0,
  0.08660254 -7.05 0,0.096592583 -7.0258819 0,
  0.1 -7 0,0.096592583 -6.9741181 0,
  0.08660254 -6.95 0,0.070710678 -6.9292893 0,
  0.05 -6.9133975 0,0.025881905 -6.9034074 0] }
 coordIndex [
  46,22,21,-1,46,21,45,-1,44,21,20,-1,44,45,21,-1,47,23,22,-1,47,22,46,-1,43,20,19,-1,43,44,20,-1,
  24,0,23,-1,24,23,47,-1,42,19,18,-1,42,43,19,-1,25,1,0,-1,25,0,24,-1,41,18,17,-1,41,42,18,-1,
  40,17,16,-1,40,41,17,-1,26,2,1,-1,26,1,25,-1,27,3,2,-1,27,2,26,-1,39,16,15,-1,39,40,16,-1,
  38,39,15,-1,4,27,28,-1,4,3,27,-1,14,38,15,-1,5,4,28,-1,5,28,29,-1,5,29,30,-1,13,38,14,-1,
  13,37,38,-1,12,37,13,-1,12,36,37,-1,6,5,30,-1,6,30,31,-1,7,6,31,-1,11,36,12,-1,11,34,35,-1,
  11,35,36,-1,8,7,31,-1,8,31,32,-1,10,34,11,-1,9,34,10,-1,9,32,33,-1,9,33,34,-1,9,8,32,-1]
  normalPerVertex TRUE
  normal DEF NORM_172 Normal { vector [
  0 0 -1,0 0 -1,
  0 0 -1,0 0 -1,
  0 0 -1,0 0 -1,
  0 0 -1,0 0 -1,
  0 0 -1,0 0 -1,
  0 0 -1,0 0 -1,
  0 0 -1,0 0 -1,
  0 0 -1,0 0 -1,
  0 0 -1,0 0 -1,
  0 0 -1,0 0 -1,
  0 0 -1,0 0 -1,
  0 0 -1,0 0 -1,
  0 0 -1,0 0 -1,
  0 0 -1,0 0 -1,
  0 0 -1,0 0 -1,
  0 0 -1,0 0 -1,
  0 0 -1,0 0 -1,
  0 0 -1,0 0 -1,
  0 0 -1,0 0 -1,
  0 0 -1,0 0 -1,
  0 0 -1,0 0 -1,
  0 0 -1,0 0 -1,
  0 0 -1,0 0 -1,
  0 0 -1,0 0 -1] }
}
}
DEF SHAPE_173 Shape {
 appearance USE APP_2
 geometry DEF FACE_173 IndexedFaceSet {
  coord DEF COORD_173 Coordinate { point [
  3 -7.1818898 0,3.0470765 -7.175692 0,
  3.0909449 -7.1575212 0,3.1286155 -7.1286155 0,
  3.1575212 -7.0909449 0,3.175692 -7.0470765 0,
  3.1818898 -7 0,3.175692 -6.9529235 0,
  3.1575212 -6.9090551 0,3.1286155 -6.8713845 0,
  3.0909449 -6.8424788 0,3.0470765 -6.824308 0,
  3 -6.8181102 0,2.9529235 -6.824308 0,
  2.9090551 -6.8424788 0,2.8713845 -6.8713845 0,
  2.8424788 -6.9090551 0,2.824308 -6.9529235 0,
  2.8181102 -7 0,2.824308 -7.0470765 0,
  2.8424788 -7.0909449 0,2.8713845 -7.1286155 0,
  2.9090551 -7.1575212 0,2.9529235 -7.175692 0,
  3 -7.1 0,3.0258819 -7.0965926 0,
  3.05 -7.0866025 0,3.0707107 -7.0707107 0,
  3.0866025 -7.05 0,3.0965926 -7.0258819 0,
  3.1 -7 0,3.0965926 -6.9741181 0,
  3.0866025 -6.95 0,3.0707107 -6.9292893 0,
  3.05 -6.9133975 0,3.0258819 -6.9034074 0,
  3 -6.9 0,2.9741181 -6.9034074 0,
  2.95 -6.9133975 0,2.9292893 -6.9292893 0,
  2.9133975 -6.95 0,2.9034074 -6.9741181 0,
  2.9 -7 0,2.9034074 -7.0258819 0,
  2.9133975 -7.05 0,2.9292893 -7.0707107 0,
  2.95 -7.0866025 0,2.9741181 -7.0965926 0] }
 coordIndex [
  46,22,21,-1,46,21,45,-1,44,21,20,-1,44,45,21,-1,47,23,22,-1,47,22,46,-1,43,20,19,-1,43,44,20,-1,
  24,0,23,-1,24,23,47,-1,42,19,18,-1,42,43,19,-1,25,1,0,-1,25,0,24,-1,41,18,17,-1,41,42,18,-1,
  40,17,16,-1,40,41,17,-1,26,2,1,-1,26,1,25,-1,27,3,2,-1,27,2,26,-1,39,16,15,-1,39,40,16,-1,
  4,27,28,-1,4,3,27,-1,14,38,39,-1,14,39,15,-1,5,4,28,-1,5,28,29,-1,5,29,30,-1,13,38,14,-1,
  13,37,38,-1,12,37,13,-1,12,35,36,-1,12,36,37,-1,6,5,30,-1,6,30,31,-1,7,6,31,-1,11,35,12,-1,
  8,7,31,-1,8,31,32,-1,10,35,11,-1,10,34,35,-1,9,32,33,-1,9,33,34,-1,9,8,32,-1,9,34,10,-1]
  normalPerVertex TRUE
  normal DEF NORM_173 Normal { vector [
  0 0 -1,0 0 -1,
  0 0 -1,0 0 -1,
  0 0 -1,0 0 -1,
  0 0 -1,0 0 -1,
  0 0 -1,0 0 -1,
  0 0 -1,0 0 -1,
  0 0 -1,0 0 -1,
  0 0 -1,0 0 -1,
  0 0 -1,0 0 -1,
  0 0 -1,0 0 -1,
  0 0 -1,0 0 -1,
  0 0 -1,0 0 -1,
  0 0 -1,0 0 -1,
  0 0 -1,0 0 -1,
  0 0 -1,0 0 -1,
  0 0 -1,0 0 -1,
  0 0 -1,0 0 -1,
  0 0 -1,0 0 -1,
  0 0 -1,0 0 -1,
  0 0 -1,0 0 -1,
  0 0 -1,0 0 -1,
  0 0 -1,0 0 -1,
  0 0 -1,0 0 -1,
  0 0 -1,0 0 -1] }
}
}
DEF SHAPE_174 Shape {
 appearance USE APP_2
 geometry DEF FACE_174 IndexedFaceSet {
  coord DEF COORD_174 Coordinate { point [
  3 -9.1818898 0,3.0470765 -9.175692 0,
  3.0909449 -9.1575212 0,3.1286155 -9.1286155 0,
  3.1575212 -9.0909449 0,3.175692 -9.0470765 0,
  3.1818898 -9 0,3.175692 -8.9529235 0,
  3.1575212 -8.9090551 0,3.1286155 -8.8713845 0,
  3.0909449 -8.8424788 0,3.0470765 -8.824308 0,
  3 -8.8181102 0,2.9529235 -8.824308 0,
  2.9090551 -8.8424788 0,2.8713845 -8.8713845 0,
  2.8424788 -8.9090551 0,2.824308 -8.9529235 0,
  2.8181102 -9 0,2.824308 -9.0470765 0,
  2.8424788 -9.0909449 0,2.8713845 -9.1286155 0,
  2.9090551 -9.1575212 0,2.9529235 -9.175692 0,
  3 -9.1 0,3.0258819 -9.0965926 0,
  3.05 -9.0866025 0,3.0707107 -9.0707107 0,
  3.0866025 -9.05 0,3.0965926 -9.0258819 0,
  3.1 -9 0,3.0965926 -8.9741181 0,
  3.0866025 -8.95 0,3.0707107 -8.9292893 0,
  3.05 -8.9133975 0,3.0258819 -8.9034074 0,
  3 -8.9 0,2.9741181 -8.9034074 0,
  2.95 -8.9133975 0,2.9292893 -8.9292893 0,
  2.9133975 -8.95 0,2.9034074 -8.9741181 0,
  2.9 -9 0,2.9034074 -9.0258819 0,
  2.9133975 -9.05 0,2.9292893 -9.0707107 0,
  2.95 -9.0866025 0,2.9741181 -9.0965926 0] }
 coordIndex [
  46,22,21,-1,46,21,45,-1,44,21,20,-1,44,45,21,-1,47,23,22,-1,47,22,46,-1,43,20,19,-1,43,44,20,-1,
  24,0,23,-1,24,23,47,-1,42,19,18,-1,42,43,19,-1,25,1,0,-1,25,0,24,-1,41,18,17,-1,41,42,18,-1,
  40,17,16,-1,40,41,17,-1,26,2,1,-1,26,1,25,-1,27,3,2,-1,27,2,26,-1,39,16,15,-1,39,40,16,-1,
  4,27,28,-1,4,3,27,-1,14,38,39,-1,14,39,15,-1,5,4,28,-1,5,28,29,-1,5,29,30,-1,13,38,14,-1,
  13,37,38,-1,12,37,13,-1,12,35,36,-1,12,36,37,-1,6,5,30,-1,6,30,31,-1,7,6,31,-1,11,35,12,-1,
  8,7,31,-1,8,31,32,-1,10,35,11,-1,10,34,35,-1,9,32,33,-1,9,33,34,-1,9,8,32,-1,9,34,10,-1]
  normalPerVertex TRUE
  normal DEF NORM_174 Normal { vector [
  0 0 -1,0 0 -1,
  0 0 -1,0 0 -1,
  0 0 -1,0 0 -1,
  0 0 -1,0 0 -1,
  0 0 -1,0 0 -1,
  0 0 -1,0 0 -1,
  0 0 -1,0 0 -1,
  0 0 -1,0 0 -1,
  0 0 -1,0 0 -1,
  0 0 -1,0 0 -1,
  0 0 -1,0 0 -1,
  0 0 -1,0 0 -1,
  0 0 -1,0 0 -1,
  0 0 -1,0 0 -1,
  0 0 -1,0 0 -1,
  0 0 -1,0 0 -1,
  0 0 -1,0 0 -1,
  0 0 -1,0 0 -1,
  0 0 -1,0 0 -1,
  0 0 -1,0 0 -1,
  0 0 -1,0 0 -1,
  0 0 -1,0 0 -1,
  0 0 -1,0 0 -1,
  0 0 -1,0 0 -1] }
}
}
DEF SHAPE_175 Shape {
 appearance USE APP_2
 geometry DEF FACE_175 IndexedFaceSet {
  coord DEF COORD_175 Coordinate { point [
  3 -8.1818898 0,3.0470765 -8.175692 0,
  3.0909449 -8.1575212 0,3.1286155 -8.1286155 0,
  3.1575212 -8.0909449 0,3.175692 -8.0470765 0,
  3.1818898 -8 0,3.175692 -7.9529235 0,
  3.1575212 -7.9090551 0,3.1286155 -7.8713845 0,
  3.0909449 -7.8424788 0,3.0470765 -7.824308 0,
  3 -7.8181102 0,2.9529235 -7.824308 0,
  2.9090551 -7.8424788 0,2.8713845 -7.8713845 0,
  2.8424788 -7.9090551 0,2.824308 -7.9529235 0,
  2.8181102 -8 0,2.824308 -8.0470765 0,
  2.8424788 -8.0909449 0,2.8713845 -8.1286155 0,
  2.9090551 -8.1575212 0,2.9529235 -8.175692 0,
  3 -8.1 0,3.0258819 -8.0965926 0,
  3.05 -8.0866025 0,3.0707107 -8.0707107 0,
  3.0866025 -8.05 0,3.0965926 -8.0258819 0,
  3.1 -8 0,3.0965926 -7.9741181 0,
  3.0866025 -7.95 0,3.0707107 -7.9292893 0,
  3.05 -7.9133975 0,3.0258819 -7.9034074 0,
  3 -7.9 0,2.9741181 -7.9034074 0,
  2.95 -7.9133975 0,2.9292893 -7.9292893 0,
  2.9133975 -7.95 0,2.9034074 -7.9741181 0,
  2.9 -8 0,2.9034074 -8.0258819 0,
  2.9133975 -8.05 0,2.9292893 -8.0707107 0,
  2.95 -8.0866025 0,2.9741181 -8.0965926 0] }
 coordIndex [
  46,22,21,-1,46,21,45,-1,44,21,20,-1,44,45,21,-1,47,23,22,-1,47,22,46,-1,43,20,19,-1,43,44,20,-1,
  24,0,23,-1,24,23,47,-1,42,19,18,-1,42,43,19,-1,25,1,0,-1,25,0,24,-1,41,18,17,-1,41,42,18,-1,
  40,17,16,-1,40,41,17,-1,26,2,1,-1,26,1,25,-1,27,3,2,-1,27,2,26,-1,39,16,15,-1,39,40,16,-1,
  4,27,28,-1,4,3,27,-1,14,38,39,-1,14,39,15,-1,5,4,28,-1,5,28,29,-1,5,29,30,-1,13,38,14,-1,
  13,37,38,-1,12,37,13,-1,12,35,36,-1,12,36,37,-1,6,5,30,-1,6,30,31,-1,7,6,31,-1,11,35,12,-1,
  8,7,31,-1,8,31,32,-1,10,35,11,-1,10,34,35,-1,9,32,33,-1,9,33,34,-1,9,8,32,-1,9,34,10,-1]
  normalPerVertex TRUE
  normal DEF NORM_175 Normal { vector [
  0 0 -1,0 0 -1,
  0 0 -1,0 0 -1,
  0 0 -1,0 0 -1,
  0 0 -1,0 0 -1,
  0 0 -1,0 0 -1,
  0 0 -1,0 0 -1,
  0 0 -1,0 0 -1,
  0 0 -1,0 0 -1,
  0 0 -1,0 0 -1,
  0 0 -1,0 0 -1,
  0 0 -1,0 0 -1,
  0 0 -1,0 0 -1,
  0 0 -1,0 0 -1,
  0 0 -1,0 0 -1,
  0 0 -1,0 0 -1,
  0 0 -1,0 0 -1,
  0 0 -1,0 0 -1,
  0 0 -1,0 0 -1,
  0 0 -1,0 0 -1,
  0 0 -1,0 0 -1,
  0 0 -1,0 0 -1,
  0 0 -1,0 0 -1,
  0 0 -1,0 0 -1,
  0 0 -1,0 0 -1] }
}
}
DEF SHAPE_176 Shape {
 appearance USE APP_2
 geometry DEF FACE_176 IndexedFaceSet {
  coord DEF COORD_176 Coordinate { point [
  3 -5.1818898 0,3.0470765 -5.175692 0,
  3.0909449 -5.1575212 0,3.1286155 -5.1286155 0,
  3.1575212 -5.0909449 0,3.175692 -5.0470765 0,
  3.1818898 -5 0,3.175692 -4.9529235 0,
  3.1575212 -4.9090551 0,3.1286155 -4.8713845 0,
  3.0909449 -4.8424788 0,3.0470765 -4.824308 0,
  3 -4.8181102 0,2.9529235 -4.824308 0,
  2.9090551 -4.8424788 0,2.8713845 -4.8713845 0,
  2.8424788 -4.9090551 0,2.824308 -4.9529235 0,
  2.8181102 -5 0,2.824308 -5.0470765 0,
  2.8424788 -5.0909449 0,2.8713845 -5.1286155 0,
  2.9090551 -5.1575212 0,2.9529235 -5.175692 0,
  3 -5.1 0,3.0258819 -5.0965926 0,
  3.05 -5.0866025 0,3.0707107 -5.0707107 0,
  3.0866025 -5.05 0,3.0965926 -5.0258819 0,
  3.1 -5 0,3.0965926 -4.9741181 0,
  3.0866025 -4.95 0,3.0707107 -4.9292893 0,
  3.05 -4.9133975 0,3.0258819 -4.9034074 0,
  3 -4.9 0,2.9741181 -4.9034074 0,
  2.95 -4.9133975 0,2.9292893 -4.9292893 0,
  2.9133975 -4.95 0,2.9034074 -4.9741181 0,
  2.9 -5 0,2.9034074 -5.0258819 0,
  2.9133975 -5.05 0,2.9292893 -5.0707107 0,
  2.95 -5.0866025 0,2.9741181 -5.0965926 0] }
 coordIndex [
  46,22,21,-1,46,21,45,-1,44,21,20,-1,44,45,21,-1,47,23,22,-1,47,22,46,-1,43,20,19,-1,43,44,20,-1,
  24,0,23,-1,24,23,47,-1,42,19,18,-1,42,43,19,-1,25,1,0,-1,25,0,24,-1,41,18,17,-1,41,42,18,-1,
  40,17,16,-1,40,41,17,-1,26,2,1,-1,26,1,25,-1,39,16,15,-1,39,40,16,-1,27,3,2,-1,27,2,26,-1,
  4,3,27,-1,4,27,28,-1,14,38,39,-1,14,39,15,-1,5,4,28,-1,5,28,29,-1,13,36,37,-1,13,37,38,-1,
  13,38,14,-1,12,36,13,-1,6,5,29,-1,6,29,30,-1,7,6,30,-1,7,30,31,-1,11,36,12,-1,11,35,36,-1,
  8,7,31,-1,8,31,32,-1,10,34,35,-1,10,35,11,-1,9,32,33,-1,9,33,34,-1,9,34,10,-1,9,8,32,-1]
  normalPerVertex TRUE
  normal DEF NORM_176 Normal { vector [
  0 0 -1,0 0 -1,
  0 0 -1,0 0 -1,
  0 0 -1,0 0 -1,
  0 0 -1,0 0 -1,
  0 0 -1,0 0 -1,
  0 0 -1,0 0 -1,
  0 0 -1,0 0 -1,
  0 0 -1,0 0 -1,
  0 0 -1,0 0 -1,
  0 0 -1,0 0 -1,
  0 0 -1,0 0 -1,
  0 0 -1,0 0 -1,
  0 0 -1,0 0 -1,
  0 0 -1,0 0 -1,
  0 0 -1,0 0 -1,
  0 0 -1,0 0 -1,
  0 0 -1,0 0 -1,
  0 0 -1,0 0 -1,
  0 0 -1,0 0 -1,
  0 0 -1,0 0 -1,
  0 0 -1,0 0 -1,
  0 0 -1,0 0 -1,
  0 0 -1,0 0 -1,
  0 0 -1,0 0 -1] }
}
}
DEF SHAPE_177 Shape {
 appearance USE APP_2
 geometry DEF FACE_177 IndexedFaceSet {
  coord DEF COORD_177 Coordinate { point [
  0 -4.8181102 0,-0.047076535 -4.824308 0,
  -0.090944882 -4.8424788 0,-0.12861549 -4.8713845 0,
  -0.15752116 -4.9090551 0,-0.17569202 -4.9529235 0,
  -0.18188976 -5 0,-0.17569202 -5.0470765 0,
  -0.15752116 -5.0909449 0,-0.12861549 -5.1286155 0,
  -0.090944882 -5.1575212 0,-0.047076535 -5.175692 0,
  0 -5.1818898 0,0.047076535 -5.175692 0,
  0.090944882 -5.1575212 0,0.12861549 -5.1286155 0,
  0.15752116 -5.0909449 0,0.17569202 -5.0470765 0,
  0.18188976 -5 0,0.17569202 -4.9529235 0,
  0.15752116 -4.9090551 0,0.12861549 -4.8713845 0,
  0.090944882 -4.8424788 0,0.047076535 -4.824308 0,
  0 -4.9 0,-0.025881905 -4.9034074 0,
  -0.05 -4.9133975 0,-0.070710678 -4.9292893 0,
  -0.08660254 -4.95 0,-0.096592583 -4.9741181 0,
  -0.1 -5 0,-0.096592583 -5.0258819 0,
  -0.08660254 -5.05 0,-0.070710678 -5.0707107 0,
  -0.05 -5.0866025 0,-0.025881905 -5.0965926 0,
  0 -5.1 0,0.025881905 -5.0965926 0,
  0.05 -5.0866025 0,0.070710678 -5.0707107 0,
  0.08660254 -5.05 0,0.096592583 -5.0258819 0,
  0.1 -5 0,0.096592583 -4.9741181 0,
  0.08660254 -4.95 0,0.070710678 -4.9292893 0,
  0.05 -4.9133975 0,0.025881905 -4.9034074 0] }
 coordIndex [
  46,22,21,-1,46,21,45,-1,44,21,20,-1,44,45,21,-1,47,23,22,-1,47,22,46,-1,43,20,19,-1,43,44,20,-1,
  24,0,23,-1,24,23,47,-1,42,19,18,-1,42,43,19,-1,25,1,0,-1,25,0,24,-1,41,18,17,-1,41,42,18,-1,
  40,17,16,-1,40,41,17,-1,26,2,1,-1,26,1,25,-1,39,16,15,-1,39,40,16,-1,27,3,2,-1,27,2,26,-1,
  38,39,15,-1,4,3,27,-1,4,27,28,-1,14,38,15,-1,5,4,28,-1,5,28,29,-1,13,36,37,-1,13,37,38,-1,
  13,38,14,-1,12,36,13,-1,6,5,29,-1,6,29,30,-1,7,6,30,-1,7,30,31,-1,11,36,12,-1,11,35,36,-1,
  8,7,31,-1,8,31,32,-1,10,35,11,-1,10,34,35,-1,9,34,10,-1,9,32,33,-1,9,33,34,-1,9,8,32,-1]
  normalPerVertex TRUE
  normal DEF NORM_177 Normal { vector [
  0 0 -1,0 0 -1,
  0 0 -1,0 0 -1,
  0 0 -1,0 0 -1,
  0 0 -1,0 0 -1,
  0 0 -1,0 0 -1,
  0 0 -1,0 0 -1,
  0 0 -1,0 0 -1,
  0 0 -1,0 0 -1,
  0 0 -1,0 0 -1,
  0 0 -1,0 0 -1,
  0 0 -1,0 0 -1,
  0 0 -1,0 0 -1,
  0 0 -1,0 0 -1,
  0 0 -1,0 0 -1,
  0 0 -1,0 0 -1,
  0 0 -1,0 0 -1,
  0 0 -1,0 0 -1,
  0 0 -1,0 0 -1,
  0 0 -1,0 0 -1,
  0 0 -1,0 0 -1,
  0 0 -1,0 0 -1,
  0 0 -1,0 0 -1,
  0 0 -1,0 0 -1,
  0 0 -1,0 0 -1] }
}
}
DEF SHAPE_178 Shape {
 appearance USE APP_2
 geometry DEF FACE_178 IndexedFaceSet {
  coord DEF COORD_178 Coordinate { point [
  0 -5.8181102 0,-0.047076535 -5.824308 0,
  -0.090944882 -5.8424788 0,-0.12861549 -5.8713845 0,
  -0.15752116 -5.9090551 0,-0.17569202 -5.9529235 0,
  -0.18188976 -6 0,-0.17569202 -6.0470765 0,
  -0.15752116 -6.0909449 0,-0.12861549 -6.1286155 0,
  -0.090944882 -6.1575212 0,-0.047076535 -6.175692 0,
  0 -6.1818898 0,0.047076535 -6.175692 0,
  0.090944882 -6.1575212 0,0.12861549 -6.1286155 0,
  0.15752116 -6.0909449 0,0.17569202 -6.0470765 0,
  0.18188976 -6 0,0.17569202 -5.9529235 0,
  0.15752116 -5.9090551 0,0.12861549 -5.8713845 0,
  0.090944882 -5.8424788 0,0.047076535 -5.824308 0,
  0 -5.9 0,-0.025881905 -5.9034074 0,
  -0.05 -5.9133975 0,-0.070710678 -5.9292893 0,
  -0.08660254 -5.95 0,-0.096592583 -5.9741181 0,
  -0.1 -6 0,-0.096592583 -6.0258819 0,
  -0.08660254 -6.05 0,-0.070710678 -6.0707107 0,
  -0.05 -6.0866025 0,-0.025881905 -6.0965926 0,
  0 -6.1 0,0.025881905 -6.0965926 0,
  0.05 -6.0866025 0,0.070710678 -6.0707107 0,
  0.08660254 -6.05 0,0.096592583 -6.0258819 0,
  0.1 -6 0,0.096592583 -5.9741181 0,
  0.08660254 -5.95 0,0.070710678 -5.9292893 0,
  0.05 -5.9133975 0,0.025881905 -5.9034074 0] }
 coordIndex [
  46,22,21,-1,46,21,45,-1,44,21,20,-1,44,45,21,-1,47,23,22,-1,47,22,46,-1,43,20,19,-1,43,44,20,-1,
  24,0,23,-1,24,23,47,-1,42,19,18,-1,42,43,19,-1,25,1,0,-1,25,0,24,-1,41,18,17,-1,41,42,18,-1,
  26,2,1,-1,26,1,25,-1,40,17,16,-1,40,41,17,-1,27,3,2,-1,27,2,26,-1,15,39,40,-1,15,40,16,-1,
  4,27,28,-1,4,3,27,-1,14,39,15,-1,14,38,39,-1,5,4,28,-1,5,28,29,-1,13,38,14,-1,13,37,38,-1,
  6,5,29,-1,6,29,30,-1,12,37,13,-1,12,36,37,-1,7,6,30,-1,7,30,31,-1,11,35,36,-1,11,36,12,-1,
  8,31,32,-1,8,32,33,-1,8,7,31,-1,10,34,35,-1,10,35,11,-1,9,33,34,-1,9,8,33,-1,9,34,10,-1]
  normalPerVertex TRUE
  normal DEF NORM_178 Normal { vector [
  0 0 -1,0 0 -1,
  0 0 -1,0 0 -1,
  0 0 -1,0 0 -1,
  0 0 -1,0 0 -1,
  0 0 -1,0 0 -1,
  0 0 -1,0 0 -1,
  0 0 -1,0 0 -1,
  0 0 -1,0 0 -1,
  0 0 -1,0 0 -1,
  0 0 -1,0 0 -1,
  0 0 -1,0 0 -1,
  0 0 -1,0 0 -1,
  0 0 -1,0 0 -1,
  0 0 -1,0 0 -1,
  0 0 -1,0 0 -1,
  0 0 -1,0 0 -1,
  0 0 -1,0 0 -1,
  0 0 -1,0 0 -1,
  0 0 -1,0 0 -1,
  0 0 -1,0 0 -1,
  0 0 -1,0 0 -1,
  0 0 -1,0 0 -1,
  0 0 -1,0 0 -1,
  0 0 -1,0 0 -1] }
}
}
DEF SHAPE_179 Shape {
 appearance USE APP_2
 geometry DEF FACE_179 IndexedFaceSet {
  coord DEF COORD_179 Coordinate { point [
  3 -6.1818898 0,3.0470765 -6.175692 0,
  3.0909449 -6.1575212 0,3.1286155 -6.1286155 0,
  3.1575212 -6.0909449 0,3.175692 -6.0470765 0,
  3.1818898 -6 0,3.175692 -5.9529235 0,
  3.1575212 -5.9090551 0,3.1286155 -5.8713845 0,
  3.0909449 -5.8424788 0,3.0470765 -5.824308 0,
  3 -5.8181102 0,2.9529235 -5.824308 0,
  2.9090551 -5.8424788 0,2.8713845 -5.8713845 0,
  2.8424788 -5.9090551 0,2.824308 -5.9529235 0,
  2.8181102 -6 0,2.824308 -6.0470765 0,
  2.8424788 -6.0909449 0,2.8713845 -6.1286155 0,
  2.9090551 -6.1575212 0,2.9529235 -6.175692 0,
  3 -6.1 0,3.0258819 -6.0965926 0,
  3.05 -6.0866025 0,3.0707107 -6.0707107 0,
  3.0866025 -6.05 0,3.0965926 -6.0258819 0,
  3.1 -6 0,3.0965926 -5.9741181 0,
  3.0866025 -5.95 0,3.0707107 -5.9292893 0,
  3.05 -5.9133975 0,3.0258819 -5.9034074 0,
  3 -5.9 0,2.9741181 -5.9034074 0,
  2.95 -5.9133975 0,2.9292893 -5.9292893 0,
  2.9133975 -5.95 0,2.9034074 -5.9741181 0,
  2.9 -6 0,2.9034074 -6.0258819 0,
  2.9133975 -6.05 0,2.9292893 -6.0707107 0,
  2.95 -6.0866025 0,2.9741181 -6.0965926 0] }
 coordIndex [
  46,22,21,-1,46,21,45,-1,44,21,20,-1,44,45,21,-1,47,23,22,-1,47,22,46,-1,43,20,19,-1,43,44,20,-1,
  24,0,23,-1,24,23,47,-1,42,19,18,-1,42,43,19,-1,25,1,0,-1,25,0,24,-1,41,18,17,-1,41,42,18,-1,
  40,17,16,-1,40,41,17,-1,26,2,1,-1,26,1,25,-1,39,16,15,-1,39,40,16,-1,27,3,2,-1,27,2,26,-1,
  4,3,27,-1,4,27,28,-1,14,38,39,-1,14,39,15,-1,5,4,28,-1,5,28,29,-1,13,36,37,-1,13,37,38,-1,
  13,38,14,-1,12,36,13,-1,6,5,29,-1,6,29,30,-1,7,6,30,-1,7,30,31,-1,11,36,12,-1,11,35,36,-1,
  8,7,31,-1,8,31,32,-1,10,34,35,-1,10,35,11,-1,9,32,33,-1,9,33,34,-1,9,34,10,-1,9,8,32,-1]
  normalPerVertex TRUE
  normal DEF NORM_179 Normal { vector [
  0 0 -1,0 0 -1,
  0 0 -1,0 0 -1,
  0 0 -1,0 0 -1,
  0 0 -1,0 0 -1,
  0 0 -1,0 0 -1,
  0 0 -1,0 0 -1,
  0 0 -1,0 0 -1,
  0 0 -1,0 0 -1,
  0 0 -1,0 0 -1,
  0 0 -1,0 0 -1,
  0 0 -1,0 0 -1,
  0 0 -1,0 0 -1,
  0 0 -1,0 0 -1,
  0 0 -1,0 0 -1,
  0 0 -1,0 0 -1,
  0 0 -1,0 0 -1,
  0 0 -1,0 0 -1,
  0 0 -1,0 0 -1,
  0 0 -1,0 0 -1,
  0 0 -1,0 0 -1,
  0 0 -1,0 0 -1,
  0 0 -1,0 0 -1,
  0 0 -1,0 0 -1,
  0 0 -1,0 0 -1] }
}
}
DEF SHAPE_180 Shape {
 appearance USE APP_2
 geometry DEF FACE_180 IndexedFaceSet {
  coord DEF COORD_180 Coordinate { point [
  0 -7.1 1.3474854,0 -7.1 0.52755906,
  0 -7.1 0.52755906,-0.025881905 -7.0965926 0.52755906,
  -0.05 -7.0866025 0.52755906,-0.070710678 -7.0707107 0.52755906,
  -0.08660254 -7.05 0.52755906,-0.096592583 -7.0258819 0.52755906,
  -0.1 -7 0.52755906,-0.096592583 -6.9741181 0.52755906,
  -0.08660254 -6.95 0.52755906,-0.070710678 -6.9292893 0.52755906,
  -0.05 -6.9133975 0.52755906,-0.025881905 -6.9034074 0.52755906,
  0 -6.9 0.52755906,0.025881905 -6.9034074 0.52755906,
  0.05 -6.9133975 0.52755906,0.070710678 -6.9292893 0.52755906,
  0.08660254 -6.95 0.52755906,0.096592583 -6.9741181 0.52755906,
  0.1 -7 0.52755906,0.096592583 -7.0258819 0.52755906,
  0.08660254 -7.05 0.52755906,0.070710678 -7.0707107 0.52755906,
  0.05 -7.0866025 0.52755906,0.025881905 -7.0965926 0.52755906,
  0 -7.1 1.3474854,-0.025881905 -7.0965926 1.3474854,
  -0.05 -7.0866025 1.3474854,-0.070710678 -7.0707107 1.3474854,
  -0.08660254 -7.05 1.3474854,-0.096592583 -7.0258819 1.3474854,
  -0.1 -7 1.3474854,-0.096592583 -6.9741181 1.3474854,
  -0.08660254 -6.95 1.3474854,-0.070710678 -6.9292893 1.3474854,
  -0.05 -6.9133975 1.3474854,-0.025881905 -6.9034074 1.3474854,
  0 -6.9 1.3474854,0.025881905 -6.9034074 1.3474854,
  0.05 -6.9133975 1.3474854,0.070710678 -6.9292893 1.3474854,
  0.08660254 -6.95 1.3474854,0.096592583 -6.9741181 1.3474854,
  0.1 -7 1.3474854,0.096592583 -7.0258819 1.3474854,
  0.08660254 -7.05 1.3474854,0.070710678 -7.0707107 1.3474854,
  0.05 -7.0866025 1.3474854,0.025881905 -7.0965926 1.3474854] }
 coordIndex [
  2,27,26,-1,3,28,27,-1,3,27,2,-1,4,29,28,-1,4,28,3,-1,5,30,29,-1,5,29,4,-1,6,31,30,-1,
  6,30,5,-1,7,32,31,-1,7,31,6,-1,8,33,32,-1,8,32,7,-1,9,34,33,-1,9,33,8,-1,10,35,34,-1,
  10,34,9,-1,11,36,35,-1,11,35,10,-1,12,37,36,-1,12,36,11,-1,13,38,37,-1,13,37,12,-1,14,38,13,-1,
  14,39,38,-1,15,39,14,-1,15,40,39,-1,16,40,15,-1,16,41,40,-1,17,41,16,-1,18,41,17,-1,18,42,41,-1,
  18,43,42,-1,19,43,18,-1,20,43,19,-1,20,44,43,-1,20,45,44,-1,21,45,20,-1,22,45,21,-1,22,46,45,-1,
  22,47,46,-1,23,47,22,-1,24,47,23,-1,24,48,47,-1,25,48,24,-1,25,49,48,-1,25,0,49,-1,1,0,25,-1]
  normalPerVertex TRUE
  normal DEF NORM_180 Normal { vector [
  -0.13052619 0.99144486 0,-0.13052619 0.99144486 0,
  0.13052619 0.99144486 0,0.30091828 0.95364993 0,
  0.5374875 0.84327172 0,0.73742784 0.67542593 0,
  0.88711369 0.46155098 0,0.9763442 0.21622209 0,
  0.99903848 -0.04384197 0,0.95364993 -0.30091828 0,
  0.84327172 -0.5374875 0,0.67542593 -0.73742784 0,
  0.46155098 -0.88711369 0,0.21622209 -0.9763442 0,
  -0.04384197 -0.99903848 0,-0.30091828 -0.95364993 0,
  -0.5374875 -0.84327172 0,-0.70710678 -0.70710678 0,
  -0.8660254 -0.5 0,-0.96592583 -0.25881905 0,
  -1 0 0,-0.96592583 0.25881905 0,
  -0.8660254 0.5 0,-0.70710678 0.70710678 0,
  -0.5374875 0.84327172 0,-0.25881905 0.96592583 0,
  0.13052619 0.99144486 0,0.21622209 0.9763442 0,
  0.46155098 0.88711369 0,0.67542593 0.73742784 0,
  0.84327172 0.5374875 0,0.95364993 0.30091828 0,
  0.99903848 0.04384197 0,0.9763442 -0.21622209 0,
  0.88711369 -0.46155098 0,0.73742784 -0.67542593 0,
  0.5374875 -0.84327172 0,0.30091828 -0.95364993 0,
  0.04384197 -0.99903848 0,-0.21622209 -0.9763442 0,
  -0.46155098 -0.88711369 0,-0.70710678 -0.70710678 0,
  -0.8660254 -0.5 0,-0.96592583 -0.25881905 0,
  -1 0 0,-0.96592583 0.25881905 0,
  -0.8660254 0.5 0,-0.70710678 0.70710678 0,
  -0.46155098 0.88711369 0,-0.25881905 0.96592583 0] }
}
}
DEF SHAPE_181 Shape {
 appearance USE APP_2
 geometry DEF FACE_181 IndexedFaceSet {
  coord DEF COORD_181 Coordinate { point [
  0 -6.1 1.3474854,0 -6.1 0.52755906,
  0 -6.1 0.52755906,-0.025881905 -6.0965926 0.52755906,
  -0.05 -6.0866025 0.52755906,-0.070710678 -6.0707107 0.52755906,
  -0.08660254 -6.05 0.52755906,-0.096592583 -6.0258819 0.52755906,
  -0.1 -6 0.52755906,-0.096592583 -5.9741181 0.52755906,
  -0.08660254 -5.95 0.52755906,-0.070710678 -5.9292893 0.52755906,
  -0.05 -5.9133975 0.52755906,-0.025881905 -5.9034074 0.52755906,
  0 -5.9 0.52755906,0.025881905 -5.9034074 0.52755906,
  0.05 -5.9133975 0.52755906,0.070710678 -5.9292893 0.52755906,
  0.08660254 -5.95 0.52755906,0.096592583 -5.9741181 0.52755906,
  0.1 -6 0.52755906,0.096592583 -6.0258819 0.52755906,
  0.08660254 -6.05 0.52755906,0.070710678 -6.0707107 0.52755906,
  0.05 -6.0866025 0.52755906,0.025881905 -6.0965926 0.52755906,
  0 -6.1 1.3474854,-0.025881905 -6.0965926 1.3474854,
  -0.05 -6.0866025 1.3474854,-0.070710678 -6.0707107 1.3474854,
  -0.08660254 -6.05 1.3474854,-0.096592583 -6.0258819 1.3474854,
  -0.1 -6 1.3474854,-0.096592583 -5.9741181 1.3474854,
  -0.08660254 -5.95 1.3474854,-0.070710678 -5.9292893 1.3474854,
  -0.05 -5.9133975 1.3474854,-0.025881905 -5.9034074 1.3474854,
  0 -5.9 1.3474854,0.025881905 -5.9034074 1.3474854,
  0.05 -5.9133975 1.3474854,0.070710678 -5.9292893 1.3474854,
  0.08660254 -5.95 1.3474854,0.096592583 -5.9741181 1.3474854,
  0.1 -6 1.3474854,0.096592583 -6.0258819 1.3474854,
  0.08660254 -6.05 1.3474854,0.070710678 -6.0707107 1.3474854,
  0.05 -6.0866025 1.3474854,0.025881905 -6.0965926 1.3474854] }
 coordIndex [
  2,27,26,-1,3,28,27,-1,3,27,2,-1,4,29,28,-1,4,28,3,-1,5,30,29,-1,5,29,4,-1,6,31,30,-1,
  6,30,5,-1,7,32,31,-1,7,31,6,-1,8,33,32,-1,8,32,7,-1,9,34,33,-1,9,33,8,-1,10,35,34,-1,
  10,34,9,-1,11,36,35,-1,11,35,10,-1,12,37,36,-1,12,36,11,-1,13,38,37,-1,13,37,12,-1,14,38,13,-1,
  14,39,38,-1,15,39,14,-1,15,40,39,-1,16,40,15,-1,16,41,40,-1,17,41,16,-1,18,41,17,-1,18,42,41,-1,
  18,43,42,-1,19,43,18,-1,20,43,19,-1,20,44,43,-1,20,45,44,-1,21,45,20,-1,22,45,21,-1,22,46,45,-1,
  22,47,46,-1,23,47,22,-1,24,47,23,-1,24,48,47,-1,25,48,24,-1,25,49,48,-1,25,0,49,-1,1,0,25,-1]
  normalPerVertex TRUE
  normal DEF NORM_181 Normal { vector [
  -0.13052619 0.99144486 0,-0.13052619 0.99144486 0,
  0.13052619 0.99144486 0,0.30091828 0.95364993 0,
  0.5374875 0.84327172 0,0.73742784 0.67542593 0,
  0.88711369 0.46155098 0,0.9763442 0.21622209 0,
  0.99903848 -0.04384197 0,0.95364993 -0.30091828 0,
  0.84327172 -0.5374875 0,0.67542593 -0.73742784 0,
  0.46155098 -0.88711369 0,0.21622209 -0.9763442 0,
  -0.04384197 -0.99903848 0,-0.30091828 -0.95364993 0,
  -0.5374875 -0.84327172 0,-0.70710678 -0.70710678 0,
  -0.8660254 -0.5 0,-0.96592583 -0.25881905 0,
  -1 0 0,-0.96592583 0.25881905 0,
  -0.8660254 0.5 0,-0.70710678 0.70710678 0,
  -0.5374875 0.84327172 0,-0.25881905 0.96592583 0,
  0.13052619 0.99144486 0,0.21622209 0.9763442 0,
  0.46155098 0.88711369 0,0.67542593 0.73742784 0,
  0.84327172 0.5374875 0,0.95364993 0.30091828 0,
  0.99903848 0.04384197 0,0.9763442 -0.21622209 0,
  0.88711369 -0.46155098 0,0.73742784 -0.67542593 0,
  0.5374875 -0.84327172 0,0.30091828 -0.95364993 0,
  0.04384197 -0.99903848 0,-0.21622209 -0.9763442 0,
  -0.46155098 -0.88711369 0,-0.70710678 -0.70710678 0,
  -0.8660254 -0.5 0,-0.96592583 -0.25881905 0,
  -1 0 0,-0.96592583 0.25881905 0,
  -0.8660254 0.5 0,-0.70710678 0.70710678 0,
  -0.46155098 0.88711369 0,-0.25881905 0.96592583 0] }
}
}
DEF SHAPE_182 Shape {
 appearance USE APP_2
 geometry DEF FACE_182 IndexedFaceSet {
  coord DEF COORD_182 Coordinate { point [
  0 -4.1 1.3474854,0 -4.1 0.52755906,
  0 -4.1 0.52755906,-0.025881905 -4.0965926 0.52755906,
  -0.05 -4.0866025 0.52755906,-0.070710678 -4.0707107 0.52755906,
  -0.08660254 -4.05 0.52755906,-0.096592583 -4.0258819 0.52755906,
  -0.1 -4 0.52755906,-0.096592583 -3.9741181 0.52755906,
  -0.08660254 -3.95 0.52755906,-0.070710678 -3.9292893 0.52755906,
  -0.05 -3.9133975 0.52755906,-0.025881905 -3.9034074 0.52755906,
  0 -3.9 0.52755906,0.025881905 -3.9034074 0.52755906,
  0.05 -3.9133975 0.52755906,0.070710678 -3.9292893 0.52755906,
  0.08660254 -3.95 0.52755906,0.096592583 -3.9741181 0.52755906,
  0.1 -4 0.52755906,0.096592583 -4.0258819 0.52755906,
  0.08660254 -4.05 0.52755906,0.070710678 -4.0707107 0.52755906,
  0.05 -4.0866025 0.52755906,0.025881905 -4.0965926 0.52755906,
  0 -4.1 1.3474854,-0.025881905 -4.0965926 1.3474854,
  -0.05 -4.0866025 1.3474854,-0.070710678 -4.0707107 1.3474854,
  -0.08660254 -4.05 1.3474854,-0.096592583 -4.0258819 1.3474854,
  -0.1 -4 1.3474854,-0.096592583 -3.9741181 1.3474854,
  -0.08660254 -3.95 1.3474854,-0.070710678 -3.9292893 1.3474854,
  -0.05 -3.9133975 1.3474854,-0.025881905 -3.9034074 1.3474854,
  0 -3.9 1.3474854,0.025881905 -3.9034074 1.3474854,
  0.05 -3.9133975 1.3474854,0.070710678 -3.9292893 1.3474854,
  0.08660254 -3.95 1.3474854,0.096592583 -3.9741181 1.3474854,
  0.1 -4 1.3474854,0.096592583 -4.0258819 1.3474854,
  0.08660254 -4.05 1.3474854,0.070710678 -4.0707107 1.3474854,
  0.05 -4.0866025 1.3474854,0.025881905 -4.0965926 1.3474854] }
 coordIndex [
  2,27,26,-1,3,28,27,-1,3,27,2,-1,4,29,28,-1,4,28,3,-1,5,30,29,-1,5,29,4,-1,6,31,30,-1,
  6,30,5,-1,7,32,31,-1,7,31,6,-1,8,33,32,-1,8,32,7,-1,9,34,33,-1,9,33,8,-1,10,35,34,-1,
  10,34,9,-1,11,36,35,-1,11,35,10,-1,12,37,36,-1,12,36,11,-1,13,38,37,-1,13,37,12,-1,14,38,13,-1,
  14,39,38,-1,15,39,14,-1,15,40,39,-1,16,40,15,-1,16,41,40,-1,17,41,16,-1,18,41,17,-1,18,42,41,-1,
  18,43,42,-1,19,43,18,-1,20,43,19,-1,20,44,43,-1,20,45,44,-1,21,45,20,-1,22,45,21,-1,22,46,45,-1,
  22,47,46,-1,23,47,22,-1,24,47,23,-1,24,48,47,-1,25,48,24,-1,25,49,48,-1,25,0,49,-1,1,0,25,-1]
  normalPerVertex TRUE
  normal DEF NORM_182 Normal { vector [
  -0.13052619 0.99144486 0,-0.13052619 0.99144486 0,
  0.13052619 0.99144486 0,0.30091828 0.95364993 0,
  0.5374875 0.84327172 0,0.73742784 0.67542593 0,
  0.88711369 0.46155098 0,0.9763442 0.21622209 0,
  0.99903848 -0.04384197 0,0.95364993 -0.30091828 0,
  0.84327172 -0.5374875 0,0.67542593 -0.73742784 0,
  0.46155098 -0.88711369 0,0.21622209 -0.9763442 0,
  -0.04384197 -0.99903848 0,-0.30091828 -0.95364993 0,
  -0.5374875 -0.84327172 0,-0.70710678 -0.70710678 0,
  -0.8660254 -0.5 0,-0.96592583 -0.25881905 0,
  -1 0 0,-0.96592583 0.25881905 0,
  -0.8660254 0.5 0,-0.70710678 0.70710678 0,
  -0.5374875 0.84327172 0,-0.25881905 0.96592583 0,
  0.13052619 0.99144486 0,0.21622209 0.9763442 0,
  0.46155098 0.88711369 0,0.67542593 0.73742784 0,
  0.84327172 0.5374875 0,0.95364993 0.30091828 0,
  0.99903848 0.04384197 0,0.9763442 -0.21622209 0,
  0.88711369 -0.46155098 0,0.73742784 -0.67542593 0,
  0.5374875 -0.84327172 0,0.30091828 -0.95364993 0,
  0.04384197 -0.99903848 0,-0.21622209 -0.9763442 0,
  -0.46155098 -0.88711369 0,-0.70710678 -0.70710678 0,
  -0.8660254 -0.5 0,-0.96592583 -0.25881905 0,
  -1 0 0,-0.96592583 0.25881905 0,
  -0.8660254 0.5 0,-0.70710678 0.70710678 0,
  -0.46155098 0.88711369 0,-0.25881905 0.96592583 0] }
}
}
DEF SHAPE_183 Shape {
 appearance USE APP_2
 geometry DEF FACE_183 IndexedFaceSet {
  coord DEF COORD_183 Coordinate { point [
  0 -5.1 1.3474854,0 -5.1 0.52755906,
  0 -5.1 0.52755906,-0.025881905 -5.0965926 0.52755906,
  -0.05 -5.0866025 0.52755906,-0.070710678 -5.0707107 0.52755906,
  -0.08660254 -5.05 0.52755906,-0.096592583 -5.0258819 0.52755906,
  -0.1 -5 0.52755906,-0.096592583 -4.9741181 0.52755906,
  -0.08660254 -4.95 0.52755906,-0.070710678 -4.9292893 0.52755906,
  -0.05 -4.9133975 0.52755906,-0.025881905 -4.9034074 0.52755906,
  0 -4.9 0.52755906,0.025881905 -4.9034074 0.52755906,
  0.05 -4.9133975 0.52755906,0.070710678 -4.9292893 0.52755906,
  0.08660254 -4.95 0.52755906,0.096592583 -4.9741181 0.52755906,
  0.1 -5 0.52755906,0.096592583 -5.0258819 0.52755906,
  0.08660254 -5.05 0.52755906,0.070710678 -5.0707107 0.52755906,
  0.05 -5.0866025 0.52755906,0.025881905 -5.0965926 0.52755906,
  0 -5.1 1.3474854,-0.025881905 -5.0965926 1.3474854,
  -0.05 -5.0866025 1.3474854,-0.070710678 -5.0707107 1.3474854,
  -0.08660254 -5.05 1.3474854,-0.096592583 -5.0258819 1.3474854,
  -0.1 -5 1.3474854,-0.096592583 -4.9741181 1.3474854,
  -0.08660254 -4.95 1.3474854,-0.070710678 -4.9292893 1.3474854,
  -0.05 -4.9133975 1.3474854,-0.025881905 -4.9034074 1.3474854,
  0 -4.9 1.3474854,0.025881905 -4.9034074 1.3474854,
  0.05 -4.9133975 1.3474854,0.070710678 -4.9292893 1.3474854,
  0.08660254 -4.95 1.3474854,0.096592583 -4.9741181 1.3474854,
  0.1 -5 1.3474854,0.096592583 -5.0258819 1.3474854,
  0.08660254 -5.05 1.3474854,0.070710678 -5.0707107 1.3474854,
  0.05 -5.0866025 1.3474854,0.025881905 -5.0965926 1.3474854] }
 coordIndex [
  2,27,26,-1,3,28,27,-1,3,27,2,-1,4,29,28,-1,4,28,3,-1,5,30,29,-1,5,29,4,-1,6,31,30,-1,
  6,30,5,-1,7,32,31,-1,7,31,6,-1,8,33,32,-1,8,32,7,-1,9,34,33,-1,9,33,8,-1,10,35,34,-1,
  10,34,9,-1,11,36,35,-1,11,35,10,-1,12,37,36,-1,12,36,11,-1,13,38,37,-1,13,37,12,-1,14,38,13,-1,
  14,39,38,-1,15,39,14,-1,15,40,39,-1,16,40,15,-1,16,41,40,-1,17,41,16,-1,18,41,17,-1,18,42,41,-1,
  18,43,42,-1,19,43,18,-1,20,43,19,-1,20,44,43,-1,20,45,44,-1,21,45,20,-1,22,45,21,-1,22,46,45,-1,
  22,47,46,-1,23,47,22,-1,24,47,23,-1,24,48,47,-1,25,48,24,-1,25,49,48,-1,25,0,49,-1,1,0,25,-1]
  normalPerVertex TRUE
  normal DEF NORM_183 Normal { vector [
  -0.13052619 0.99144486 0,-0.13052619 0.99144486 0,
  0.13052619 0.99144486 0,0.30091828 0.95364993 0,
  0.5374875 0.84327172 0,0.73742784 0.67542593 0,
  0.88711369 0.46155098 0,0.9763442 0.21622209 0,
  0.99903848 -0.04384197 0,0.95364993 -0.30091828 0,
  0.84327172 -0.5374875 0,0.67542593 -0.73742784 0,
  0.46155098 -0.88711369 0,0.21622209 -0.9763442 0,
  -0.04384197 -0.99903848 0,-0.30091828 -0.95364993 0,
  -0.5374875 -0.84327172 0,-0.70710678 -0.70710678 0,
  -0.8660254 -0.5 0,-0.96592583 -0.25881905 0,
  -1 0 0,-0.96592583 0.25881905 0,
  -0.8660254 0.5 0,-0.70710678 0.70710678 0,
  -0.5374875 0.84327172 0,-0.25881905 0.96592583 0,
  0.13052619 0.99144486 0,0.21622209 0.9763442 0,
  0.46155098 0.88711369 0,0.67542593 0.73742784 0,
  0.84327172 0.5374875 0,0.95364993 0.30091828 0,
  0.99903848 0.04384197 0,0.9763442 -0.21622209 0,
  0.88711369 -0.46155098 0,0.73742784 -0.67542593 0,
  0.5374875 -0.84327172 0,0.30091828 -0.95364993 0,
  0.04384197 -0.99903848 0,-0.21622209 -0.9763442 0,
  -0.46155098 -0.88711369 0,-0.70710678 -0.70710678 0,
  -0.8660254 -0.5 0,-0.96592583 -0.25881905 0,
  -1 0 0,-0.96592583 0.25881905 0,
  -0.8660254 0.5 0,-0.70710678 0.70710678 0,
  -0.46155098 0.88711369 0,-0.25881905 0.96592583 0] }
}
}
DEF SHAPE_184 Shape {
 appearance USE APP_2
 geometry DEF FACE_184 IndexedFaceSet {
  coord DEF COORD_184 Coordinate { point [
  0 -1.1 1.3474854,0 -1.1 0.52755906,
  0 -1.1 0.52755906,-0.025881905 -1.0965926 0.52755906,
  -0.05 -1.0866025 0.52755906,-0.070710678 -1.0707107 0.52755906,
  -0.08660254 -1.05 0.52755906,-0.096592583 -1.0258819 0.52755906,
  -0.1 -1 0.52755906,-0.096592583 -0.9741181 0.52755906,
  -0.08660254 -0.95 0.52755906,-0.070710678 -0.92928932 0.52755906,
  -0.05 -0.91339746 0.52755906,-0.025881905 -0.90340742 0.52755906,
  0 -0.9 0.52755906,0.025881905 -0.90340742 0.52755906,
  0.05 -0.91339746 0.52755906,0.070710678 -0.92928932 0.52755906,
  0.08660254 -0.95 0.52755906,0.096592583 -0.9741181 0.52755906,
  0.1 -1 0.52755906,0.096592583 -1.0258819 0.52755906,
  0.08660254 -1.05 0.52755906,0.070710678 -1.0707107 0.52755906,
  0.05 -1.0866025 0.52755906,0.025881905 -1.0965926 0.52755906,
  0 -1.1 1.3474854,-0.025881905 -1.0965926 1.3474854,
  -0.05 -1.0866025 1.3474854,-0.070710678 -1.0707107 1.3474854,
  -0.08660254 -1.05 1.3474854,-0.096592583 -1.0258819 1.3474854,
  -0.1 -1 1.3474854,-0.096592583 -0.9741181 1.3474854,
  -0.08660254 -0.95 1.3474854,-0.070710678 -0.92928932 1.3474854,
  -0.05 -0.91339746 1.3474854,-0.025881905 -0.90340742 1.3474854,
  0 -0.9 1.3474854,0.025881905 -0.90340742 1.3474854,
  0.05 -0.91339746 1.3474854,0.070710678 -0.92928932 1.3474854,
  0.08660254 -0.95 1.3474854,0.096592583 -0.9741181 1.3474854,
  0.1 -1 1.3474854,0.096592583 -1.0258819 1.3474854,
  0.08660254 -1.05 1.3474854,0.070710678 -1.0707107 1.3474854,
  0.05 -1.0866025 1.3474854,0.025881905 -1.0965926 1.3474854] }
 coordIndex [
  2,27,26,-1,3,28,27,-1,3,27,2,-1,4,29,28,-1,4,28,3,-1,5,30,29,-1,5,29,4,-1,6,31,30,-1,
  6,30,5,-1,7,32,31,-1,7,31,6,-1,8,33,32,-1,8,32,7,-1,9,34,33,-1,9,33,8,-1,10,35,34,-1,
  10,34,9,-1,11,36,35,-1,11,35,10,-1,12,37,36,-1,12,36,11,-1,13,38,37,-1,13,37,12,-1,14,38,13,-1,
  14,39,38,-1,15,39,14,-1,15,40,39,-1,16,40,15,-1,16,41,40,-1,17,41,16,-1,18,41,17,-1,18,42,41,-1,
  18,43,42,-1,19,43,18,-1,20,43,19,-1,20,44,43,-1,20,45,44,-1,21,45,20,-1,22,45,21,-1,22,46,45,-1,
  22,47,46,-1,23,47,22,-1,24,47,23,-1,24,48,47,-1,25,48,24,-1,25,49,48,-1,25,0,49,-1,1,0,25,-1]
  normalPerVertex TRUE
  normal DEF NORM_184 Normal { vector [
  -0.13052619 0.99144486 0,-0.13052619 0.99144486 0,
  0.13052619 0.99144486 0,0.30091828 0.95364993 0,
  0.5374875 0.84327172 0,0.73742784 0.67542593 0,
  0.88711369 0.46155098 0,0.9763442 0.21622209 0,
  0.99903848 -0.04384197 0,0.95364993 -0.30091828 0,
  0.84327172 -0.5374875 0,0.67542593 -0.73742784 0,
  0.46155098 -0.88711369 0,0.21622209 -0.9763442 0,
  -0.04384197 -0.99903848 0,-0.30091828 -0.95364993 0,
  -0.5374875 -0.84327172 0,-0.70710678 -0.70710678 0,
  -0.8660254 -0.5 0,-0.96592583 -0.25881905 0,
  -1 0 0,-0.96592583 0.25881905 0,
  -0.8660254 0.5 0,-0.70710678 0.70710678 0,
  -0.5374875 0.84327172 0,-0.25881905 0.96592583 0,
  0.13052619 0.99144486 0,0.21622209 0.9763442 0,
  0.46155098 0.88711369 0,0.67542593 0.73742784 0,
  0.84327172 0.5374875 0,0.95364993 0.30091828 0,
  0.99903848 0.04384197 0,0.9763442 -0.21622209 0,
  0.88711369 -0.46155098 0,0.73742784 -0.67542593 0,
  0.5374875 -0.84327172 0,0.30091828 -0.95364993 0,
  0.04384197 -0.99903848 0,-0.21622209 -0.9763442 0,
  -0.46155098 -0.88711369 0,-0.70710678 -0.70710678 0,
  -0.8660254 -0.5 0,-0.96592583 -0.25881905 0,
  -1 0 0,-0.96592583 0.25881905 0,
  -0.8660254 0.5 0,-0.70710678 0.70710678 0,
  -0.46155098 0.88711369 0,-0.25881905 0.96592583 0] }
}
}
DEF SHAPE_185 Shape {
 appearance USE APP_2
 geometry DEF FACE_185 IndexedFaceSet {
  coord DEF COORD_185 Coordinate { point [
  0 -2.1 1.3474854,0 -2.1 0.52755906,
  0 -2.1 0.52755906,-0.025881905 -2.0965926 0.52755906,
  -0.05 -2.0866025 0.52755906,-0.070710678 -2.0707107 0.52755906,
  -0.08660254 -2.05 0.52755906,-0.096592583 -2.0258819 0.52755906,
  -0.1 -2 0.52755906,-0.096592583 -1.9741181 0.52755906,
  -0.08660254 -1.95 0.52755906,-0.070710678 -1.9292893 0.52755906,
  -0.05 -1.9133975 0.52755906,-0.025881905 -1.9034074 0.52755906,
  0 -1.9 0.52755906,0.025881905 -1.9034074 0.52755906,
  0.05 -1.9133975 0.52755906,0.070710678 -1.9292893 0.52755906,
  0.08660254 -1.95 0.52755906,0.096592583 -1.9741181 0.52755906,
  0.1 -2 0.52755906,0.096592583 -2.0258819 0.52755906,
  0.08660254 -2.05 0.52755906,0.070710678 -2.0707107 0.52755906,
  0.05 -2.0866025 0.52755906,0.025881905 -2.0965926 0.52755906,
  0 -2.1 1.3474854,-0.025881905 -2.0965926 1.3474854,
  -0.05 -2.0866025 1.3474854,-0.070710678 -2.0707107 1.3474854,
  -0.08660254 -2.05 1.3474854,-0.096592583 -2.0258819 1.3474854,
  -0.1 -2 1.3474854,-0.096592583 -1.9741181 1.3474854,
  -0.08660254 -1.95 1.3474854,-0.070710678 -1.9292893 1.3474854,
  -0.05 -1.9133975 1.3474854,-0.025881905 -1.9034074 1.3474854,
  0 -1.9 1.3474854,0.025881905 -1.9034074 1.3474854,
  0.05 -1.9133975 1.3474854,0.070710678 -1.9292893 1.3474854,
  0.08660254 -1.95 1.3474854,0.096592583 -1.9741181 1.3474854,
  0.1 -2 1.3474854,0.096592583 -2.0258819 1.3474854,
  0.08660254 -2.05 1.3474854,0.070710678 -2.0707107 1.3474854,
  0.05 -2.0866025 1.3474854,0.025881905 -2.0965926 1.3474854] }
 coordIndex [
  2,27,26,-1,3,28,27,-1,3,27,2,-1,4,29,28,-1,4,28,3,-1,5,30,29,-1,5,29,4,-1,6,31,30,-1,
  6,30,5,-1,7,32,31,-1,7,31,6,-1,8,33,32,-1,8,32,7,-1,9,34,33,-1,9,33,8,-1,10,35,34,-1,
  10,34,9,-1,11,36,35,-1,11,35,10,-1,12,37,36,-1,12,36,11,-1,13,38,37,-1,13,37,12,-1,14,38,13,-1,
  14,39,38,-1,15,39,14,-1,15,40,39,-1,16,40,15,-1,16,41,40,-1,17,41,16,-1,18,41,17,-1,18,42,41,-1,
  18,43,42,-1,19,43,18,-1,20,43,19,-1,20,44,43,-1,20,45,44,-1,21,45,20,-1,22,45,21,-1,22,46,45,-1,
  22,47,46,-1,23,47,22,-1,24,47,23,-1,24,48,47,-1,25,48,24,-1,25,49,48,-1,25,0,49,-1,1,0,25,-1]
  normalPerVertex TRUE
  normal DEF NORM_185 Normal { vector [
  -0.13052619 0.99144486 0,-0.13052619 0.99144486 0,
  0.13052619 0.99144486 0,0.30091828 0.95364993 0,
  0.5374875 0.84327172 0,0.73742784 0.67542593 0,
  0.88711369 0.46155098 0,0.9763442 0.21622209 0,
  0.99903848 -0.04384197 0,0.95364993 -0.30091828 0,
  0.84327172 -0.5374875 0,0.67542593 -0.73742784 0,
  0.46155098 -0.88711369 0,0.21622209 -0.9763442 0,
  -0.04384197 -0.99903848 0,-0.30091828 -0.95364993 0,
  -0.5374875 -0.84327172 0,-0.70710678 -0.70710678 0,
  -0.8660254 -0.5 0,-0.96592583 -0.25881905 0,
  -1 0 0,-0.96592583 0.25881905 0,
  -0.8660254 0.5 0,-0.70710678 0.70710678 0,
  -0.5374875 0.84327172 0,-0.25881905 0.96592583 0,
  0.13052619 0.99144486 0,0.21622209 0.9763442 0,
  0.46155098 0.88711369 0,0.67542593 0.73742784 0,
  0.84327172 0.5374875 0,0.95364993 0.30091828 0,
  0.99903848 0.04384197 0,0.9763442 -0.21622209 0,
  0.88711369 -0.46155098 0,0.73742784 -0.67542593 0,
  0.5374875 -0.84327172 0,0.30091828 -0.95364993 0,
  0.04384197 -0.99903848 0,-0.21622209 -0.9763442 0,
  -0.46155098 -0.88711369 0,-0.70710678 -0.70710678 0,
  -0.8660254 -0.5 0,-0.96592583 -0.25881905 0,
  -1 0 0,-0.96592583 0.25881905 0,
  -0.8660254 0.5 0,-0.70710678 0.70710678 0,
  -0.46155098 0.88711369 0,-0.25881905 0.96592583 0] }
}
}
DEF SHAPE_186 Shape {
 appearance USE APP_2
 geometry DEF FACE_186 IndexedFaceSet {
  coord DEF COORD_186 Coordinate { point [
  0 -3.1 1.3474854,0 -3.1 0.52755906,
  0 -3.1 0.52755906,-0.025881905 -3.0965926 0.52755906,
  -0.05 -3.0866025 0.52755906,-0.070710678 -3.0707107 0.52755906,
  -0.08660254 -3.05 0.52755906,-0.096592583 -3.0258819 0.52755906,
  -0.1 -3 0.52755906,-0.096592583 -2.9741181 0.52755906,
  -0.08660254 -2.95 0.52755906,-0.070710678 -2.9292893 0.52755906,
  -0.05 -2.9133975 0.52755906,-0.025881905 -2.9034074 0.52755906,
  0 -2.9 0.52755906,0.025881905 -2.9034074 0.52755906,
  0.05 -2.9133975 0.52755906,0.070710678 -2.9292893 0.52755906,
  0.08660254 -2.95 0.52755906,0.096592583 -2.9741181 0.52755906,
  0.1 -3 0.52755906,0.096592583 -3.0258819 0.52755906,
  0.08660254 -3.05 0.52755906,0.070710678 -3.0707107 0.52755906,
  0.05 -3.0866025 0.52755906,0.025881905 -3.0965926 0.52755906,
  0 -3.1 1.3474854,-0.025881905 -3.0965926 1.3474854,
  -0.05 -3.0866025 1.3474854,-0.070710678 -3.0707107 1.3474854,
  -0.08660254 -3.05 1.3474854,-0.096592583 -3.0258819 1.3474854,
  -0.1 -3 1.3474854,-0.096592583 -2.9741181 1.3474854,
  -0.08660254 -2.95 1.3474854,-0.070710678 -2.9292893 1.3474854,
  -0.05 -2.9133975 1.3474854,-0.025881905 -2.9034074 1.3474854,
  0 -2.9 1.3474854,0.025881905 -2.9034074 1.3474854,
  0.05 -2.9133975 1.3474854,0.070710678 -2.9292893 1.3474854,
  0.08660254 -2.95 1.3474854,0.096592583 -2.9741181 1.3474854,
  0.1 -3 1.3474854,0.096592583 -3.0258819 1.3474854,
  0.08660254 -3.05 1.3474854,0.070710678 -3.0707107 1.3474854,
  0.05 -3.0866025 1.3474854,0.025881905 -3.0965926 1.3474854] }
 coordIndex [
  2,27,26,-1,3,28,27,-1,3,27,2,-1,4,29,28,-1,4,28,3,-1,5,30,29,-1,5,29,4,-1,6,31,30,-1,
  6,30,5,-1,7,32,31,-1,7,31,6,-1,8,33,32,-1,8,32,7,-1,9,34,33,-1,9,33,8,-1,10,35,34,-1,
  10,34,9,-1,11,36,35,-1,11,35,10,-1,12,37,36,-1,12,36,11,-1,13,38,37,-1,13,37,12,-1,14,38,13,-1,
  14,39,38,-1,15,39,14,-1,15,40,39,-1,16,40,15,-1,16,41,40,-1,17,41,16,-1,18,41,17,-1,18,42,41,-1,
  18,43,42,-1,19,43,18,-1,20,43,19,-1,20,44,43,-1,20,45,44,-1,21,45,20,-1,22,45,21,-1,22,46,45,-1,
  22,47,46,-1,23,47,22,-1,24,47,23,-1,24,48,47,-1,25,48,24,-1,25,49,48,-1,25,0,49,-1,1,0,25,-1]
  normalPerVertex TRUE
  normal DEF NORM_186 Normal { vector [
  -0.13052619 0.99144486 0,-0.13052619 0.99144486 0,
  0.13052619 0.99144486 0,0.30091828 0.95364993 0,
  0.5374875 0.84327172 0,0.73742784 0.67542593 0,
  0.88711369 0.46155098 0,0.9763442 0.21622209 0,
  0.99903848 -0.04384197 0,0.95364993 -0.30091828 0,
  0.84327172 -0.5374875 0,0.67542593 -0.73742784 0,
  0.46155098 -0.88711369 0,0.21622209 -0.9763442 0,
  -0.04384197 -0.99903848 0,-0.30091828 -0.95364993 0,
  -0.5374875 -0.84327172 0,-0.70710678 -0.70710678 0,
  -0.8660254 -0.5 0,-0.96592583 -0.25881905 0,
  -1 0 0,-0.96592583 0.25881905 0,
  -0.8660254 0.5 0,-0.70710678 0.70710678 0,
  -0.5374875 0.84327172 0,-0.25881905 0.96592583 0,
  0.13052619 0.99144486 0,0.21622209 0.9763442 0,
  0.46155098 0.88711369 0,0.67542593 0.73742784 0,
  0.84327172 0.5374875 0,0.95364993 0.30091828 0,
  0.99903848 0.04384197 0,0.9763442 -0.21622209 0,
  0.88711369 -0.46155098 0,0.73742784 -0.67542593 0,
  0.5374875 -0.84327172 0,0.30091828 -0.95364993 0,
  0.04384197 -0.99903848 0,-0.21622209 -0.9763442 0,
  -0.46155098 -0.88711369 0,-0.70710678 -0.70710678 0,
  -0.8660254 -0.5 0,-0.96592583 -0.25881905 0,
  -1 0 0,-0.96592583 0.25881905 0,
  -0.8660254 0.5 0,-0.70710678 0.70710678 0,
  -0.46155098 0.88711369 0,-0.25881905 0.96592583 0] }
}
}
DEF SHAPE_187 Shape {
 appearance USE APP_2
 geometry DEF FACE_187 IndexedFaceSet {
  coord DEF COORD_187 Coordinate { point [
  0 -0.1 1.3474854,0 -0.1 0.52755906,
  0 -0.1 0.52755906,-0.025881905 -0.096592583 0.52755906,
  -0.05 -0.08660254 0.52755906,-0.070710678 -0.070710678 0.52755906,
  -0.08660254 -0.05 0.52755906,-0.096592583 -0.025881905 0.52755906,
  -0.1 0 0.52755906,-0.096592583 0.025881905 0.52755906,
  -0.08660254 0.05 0.52755906,-0.070710678 0.070710678 0.52755906,
  -0.05 0.08660254 0.52755906,-0.025881905 0.096592583 0.52755906,
  0 0.1 0.52755906,0.025881905 0.096592583 0.52755906,
  0.05 0.08660254 0.52755906,0.070710678 0.070710678 0.52755906,
  0.08660254 0.05 0.52755906,0.096592583 0.025881905 0.52755906,
  0.1 0 0.52755906,0.096592583 -0.025881905 0.52755906,
  0.08660254 -0.05 0.52755906,0.070710678 -0.070710678 0.52755906,
  0.05 -0.08660254 0.52755906,0.025881905 -0.096592583 0.52755906,
  0 -0.1 1.3474854,-0.025881905 -0.096592583 1.3474854,
  -0.05 -0.08660254 1.3474854,-0.070710678 -0.070710678 1.3474854,
  -0.08660254 -0.05 1.3474854,-0.096592583 -0.025881905 1.3474854,
  -0.1 0 1.3474854,-0.096592583 0.025881905 1.3474854,
  -0.08660254 0.05 1.3474854,-0.070710678 0.070710678 1.3474854,
  -0.05 0.08660254 1.3474854,-0.025881905 0.096592583 1.3474854,
  0 0.1 1.3474854,0.025881905 0.096592583 1.3474854,
  0.05 0.08660254 1.3474854,0.070710678 0.070710678 1.3474854,
  0.08660254 0.05 1.3474854,0.096592583 0.025881905 1.3474854,
  0.1 0 1.3474854,0.096592583 -0.025881905 1.3474854,
  0.08660254 -0.05 1.3474854,0.070710678 -0.070710678 1.3474854,
  0.05 -0.08660254 1.3474854,0.025881905 -0.096592583 1.3474854] }
 coordIndex [
  2,27,26,-1,3,28,27,-1,3,27,2,-1,4,29,28,-1,4,28,3,-1,5,30,29,-1,5,29,4,-1,6,31,30,-1,
  6,30,5,-1,7,32,31,-1,7,31,6,-1,8,33,32,-1,8,32,7,-1,9,34,33,-1,9,33,8,-1,10,35,34,-1,
  10,34,9,-1,11,36,35,-1,11,35,10,-1,12,37,36,-1,12,36,11,-1,13,38,37,-1,13,37,12,-1,14,38,13,-1,
  14,39,38,-1,15,39,14,-1,15,40,39,-1,16,40,15,-1,16,41,40,-1,17,41,16,-1,18,41,17,-1,18,42,41,-1,
  18,43,42,-1,19,43,18,-1,20,43,19,-1,20,44,43,-1,20,45,44,-1,21,45,20,-1,22,45,21,-1,22,46,45,-1,
  22,47,46,-1,23,47,22,-1,24,47,23,-1,24,48,47,-1,25,48,24,-1,25,49,48,-1,25,0,49,-1,1,0,25,-1]
  normalPerVertex TRUE
  normal DEF NORM_187 Normal { vector [
  -0.13052619 0.99144486 0,-0.13052619 0.99144486 0,
  0.13052619 0.99144486 0,0.30091828 0.95364993 0,
  0.5374875 0.84327172 0,0.73742784 0.67542593 0,
  0.88711369 0.46155098 0,0.9763442 0.21622209 0,
  0.99903848 -0.04384197 0,0.95364993 -0.30091828 0,
  0.84327172 -0.5374875 0,0.67542593 -0.73742784 0,
  0.46155098 -0.88711369 0,0.21622209 -0.9763442 0,
  -0.04384197 -0.99903848 0,-0.30091828 -0.95364993 0,
  -0.5374875 -0.84327172 0,-0.70710678 -0.70710678 0,
  -0.8660254 -0.5 0,-0.96592583 -0.25881905 0,
  -1 0 0,-0.96592583 0.25881905 0,
  -0.8660254 0.5 0,-0.70710678 0.70710678 0,
  -0.5374875 0.84327172 0,-0.25881905 0.96592583 0,
  0.13052619 0.99144486 0,0.21622209 0.9763442 0,
  0.46155098 0.88711369 0,0.67542593 0.73742784 0,
  0.84327172 0.5374875 0,0.95364993 0.30091828 0,
  0.99903848 0.04384197 0,0.9763442 -0.21622209 0,
  0.88711369 -0.46155098 0,0.73742784 -0.67542593 0,
  0.5374875 -0.84327172 0,0.30091828 -0.95364993 0,
  0.04384197 -0.99903848 0,-0.21622209 -0.9763442 0,
  -0.46155098 -0.88711369 0,-0.70710678 -0.70710678 0,
  -0.8660254 -0.5 0,-0.96592583 -0.25881905 0,
  -1 0 0,-0.96592583 0.25881905 0,
  -0.8660254 0.5 0,-0.70710678 0.70710678 0,
  -0.46155098 0.88711369 0,-0.25881905 0.96592583 0] }
}
}
DEF SHAPE_188 Shape {
 appearance USE APP_2
 geometry DEF FACE_188 IndexedFaceSet {
  coord DEF COORD_188 Coordinate { point [
  0 -9.1 1.3474854,0 -9.1 0.52755906,
  0 -9.1 0.52755906,-0.025881905 -9.0965926 0.52755906,
  -0.05 -9.0866025 0.52755906,-0.070710678 -9.0707107 0.52755906,
  -0.08660254 -9.05 0.52755906,-0.096592583 -9.0258819 0.52755906,
  -0.1 -9 0.52755906,-0.096592583 -8.9741181 0.52755906,
  -0.08660254 -8.95 0.52755906,-0.070710678 -8.9292893 0.52755906,
  -0.05 -8.9133975 0.52755906,-0.025881905 -8.9034074 0.52755906,
  0 -8.9 0.52755906,0.025881905 -8.9034074 0.52755906,
  0.05 -8.9133975 0.52755906,0.070710678 -8.9292893 0.52755906,
  0.08660254 -8.95 0.52755906,0.096592583 -8.9741181 0.52755906,
  0.1 -9 0.52755906,0.096592583 -9.0258819 0.52755906,
  0.08660254 -9.05 0.52755906,0.070710678 -9.0707107 0.52755906,
  0.05 -9.0866025 0.52755906,0.025881905 -9.0965926 0.52755906,
  0 -9.1 1.3474854,-0.025881905 -9.0965926 1.3474854,
  -0.05 -9.0866025 1.3474854,-0.070710678 -9.0707107 1.3474854,
  -0.08660254 -9.05 1.3474854,-0.096592583 -9.0258819 1.3474854,
  -0.1 -9 1.3474854,-0.096592583 -8.9741181 1.3474854,
  -0.08660254 -8.95 1.3474854,-0.070710678 -8.9292893 1.3474854,
  -0.05 -8.9133975 1.3474854,-0.025881905 -8.9034074 1.3474854,
  0 -8.9 1.3474854,0.025881905 -8.9034074 1.3474854,
  0.05 -8.9133975 1.3474854,0.070710678 -8.9292893 1.3474854,
  0.08660254 -8.95 1.3474854,0.096592583 -8.9741181 1.3474854,
  0.1 -9 1.3474854,0.096592583 -9.0258819 1.3474854,
  0.08660254 -9.05 1.3474854,0.070710678 -9.0707107 1.3474854,
  0.05 -9.0866025 1.3474854,0.025881905 -9.0965926 1.3474854] }
 coordIndex [
  2,27,26,-1,3,28,27,-1,3,27,2,-1,4,29,28,-1,4,28,3,-1,5,30,29,-1,5,29,4,-1,6,31,30,-1,
  6,30,5,-1,7,32,31,-1,7,31,6,-1,8,33,32,-1,8,32,7,-1,9,34,33,-1,9,33,8,-1,10,35,34,-1,
  10,34,9,-1,11,36,35,-1,11,35,10,-1,12,37,36,-1,12,36,11,-1,13,38,37,-1,13,37,12,-1,14,38,13,-1,
  14,39,38,-1,15,39,14,-1,15,40,39,-1,16,40,15,-1,16,41,40,-1,17,41,16,-1,18,41,17,-1,18,42,41,-1,
  18,43,42,-1,19,43,18,-1,20,43,19,-1,20,44,43,-1,20,45,44,-1,21,45,20,-1,22,45,21,-1,22,46,45,-1,
  22,47,46,-1,23,47,22,-1,24,47,23,-1,24,48,47,-1,25,48,24,-1,25,49,48,-1,25,0,49,-1,1,0,25,-1]
  normalPerVertex TRUE
  normal DEF NORM_188 Normal { vector [
  -0.13052619 0.99144486 0,-0.13052619 0.99144486 0,
  0.13052619 0.99144486 0,0.30091828 0.95364993 0,
  0.5374875 0.84327172 0,0.73742784 0.67542593 0,
  0.88711369 0.46155098 0,0.9763442 0.21622209 0,
  0.99903848 -0.04384197 0,0.95364993 -0.30091828 0,
  0.84327172 -0.5374875 0,0.67542593 -0.73742784 0,
  0.46155098 -0.88711369 0,0.21622209 -0.9763442 0,
  -0.04384197 -0.99903848 0,-0.30091828 -0.95364993 0,
  -0.5374875 -0.84327172 0,-0.70710678 -0.70710678 0,
  -0.8660254 -0.5 0,-0.96592583 -0.25881905 0,
  -1 0 0,-0.96592583 0.25881905 0,
  -0.8660254 0.5 0,-0.70710678 0.70710678 0,
  -0.5374875 0.84327172 0,-0.25881905 0.96592583 0,
  0.13052619 0.99144486 0,0.21622209 0.9763442 0,
  0.46155098 0.88711369 0,0.67542593 0.73742784 0,
  0.84327172 0.5374875 0,0.95364993 0.30091828 0,
  0.99903848 0.04384197 0,0.9763442 -0.21622209 0,
  0.88711369 -0.46155098 0,0.73742784 -0.67542593 0,
  0.5374875 -0.84327172 0,0.30091828 -0.95364993 0,
  0.04384197 -0.99903848 0,-0.21622209 -0.9763442 0,
  -0.46155098 -0.88711369 0,-0.70710678 -0.70710678 0,
  -0.8660254 -0.5 0,-0.96592583 -0.25881905 0,
  -1 0 0,-0.96592583 0.25881905 0,
  -0.8660254 0.5 0,-0.70710678 0.70710678 0,
  -0.46155098 0.88711369 0,-0.25881905 0.96592583 0] }
}
}
DEF SHAPE_189 Shape {
 appearance USE APP_2
 geometry DEF FACE_189 IndexedFaceSet {
  coord DEF COORD_189 Coordinate { point [
  0 -8.1 1.3474854,0 -8.1 0.52755906,
  0 -8.1 0.52755906,-0.025881905 -8.0965926 0.52755906,
  -0.05 -8.0866025 0.52755906,-0.070710678 -8.0707107 0.52755906,
  -0.08660254 -8.05 0.52755906,-0.096592583 -8.0258819 0.52755906,
  -0.1 -8 0.52755906,-0.096592583 -7.9741181 0.52755906,
  -0.08660254 -7.95 0.52755906,-0.070710678 -7.9292893 0.52755906,
  -0.05 -7.9133975 0.52755906,-0.025881905 -7.9034074 0.52755906,
  0 -7.9 0.52755906,0.025881905 -7.9034074 0.52755906,
  0.05 -7.9133975 0.52755906,0.070710678 -7.9292893 0.52755906,
  0.08660254 -7.95 0.52755906,0.096592583 -7.9741181 0.52755906,
  0.1 -8 0.52755906,0.096592583 -8.0258819 0.52755906,
  0.08660254 -8.05 0.52755906,0.070710678 -8.0707107 0.52755906,
  0.05 -8.0866025 0.52755906,0.025881905 -8.0965926 0.52755906,
  0 -8.1 1.3474854,-0.025881905 -8.0965926 1.3474854,
  -0.05 -8.0866025 1.3474854,-0.070710678 -8.0707107 1.3474854,
  -0.08660254 -8.05 1.3474854,-0.096592583 -8.0258819 1.3474854,
  -0.1 -8 1.3474854,-0.096592583 -7.9741181 1.3474854,
  -0.08660254 -7.95 1.3474854,-0.070710678 -7.9292893 1.3474854,
  -0.05 -7.9133975 1.3474854,-0.025881905 -7.9034074 1.3474854,
  0 -7.9 1.3474854,0.025881905 -7.9034074 1.3474854,
  0.05 -7.9133975 1.3474854,0.070710678 -7.9292893 1.3474854,
  0.08660254 -7.95 1.3474854,0.096592583 -7.9741181 1.3474854,
  0.1 -8 1.3474854,0.096592583 -8.0258819 1.3474854,
  0.08660254 -8.05 1.3474854,0.070710678 -8.0707107 1.3474854,
  0.05 -8.0866025 1.3474854,0.025881905 -8.0965926 1.3474854] }
 coordIndex [
  2,27,26,-1,3,28,27,-1,3,27,2,-1,4,29,28,-1,4,28,3,-1,5,30,29,-1,5,29,4,-1,6,31,30,-1,
  6,30,5,-1,7,32,31,-1,7,31,6,-1,8,33,32,-1,8,32,7,-1,9,34,33,-1,9,33,8,-1,10,35,34,-1,
  10,34,9,-1,11,36,35,-1,11,35,10,-1,12,37,36,-1,12,36,11,-1,13,38,37,-1,13,37,12,-1,14,38,13,-1,
  14,39,38,-1,15,39,14,-1,15,40,39,-1,16,40,15,-1,16,41,40,-1,17,41,16,-1,18,41,17,-1,18,42,41,-1,
  18,43,42,-1,19,43,18,-1,20,43,19,-1,20,44,43,-1,20,45,44,-1,21,45,20,-1,22,45,21,-1,22,46,45,-1,
  22,47,46,-1,23,47,22,-1,24,47,23,-1,24,48,47,-1,25,48,24,-1,25,49,48,-1,25,0,49,-1,1,0,25,-1]
  normalPerVertex TRUE
  normal DEF NORM_189 Normal { vector [
  -0.13052619 0.99144486 0,-0.13052619 0.99144486 0,
  0.13052619 0.99144486 0,0.30091828 0.95364993 0,
  0.5374875 0.84327172 0,0.73742784 0.67542593 0,
  0.88711369 0.46155098 0,0.9763442 0.21622209 0,
  0.99903848 -0.04384197 0,0.95364993 -0.30091828 0,
  0.84327172 -0.5374875 0,0.67542593 -0.73742784 0,
  0.46155098 -0.88711369 0,0.21622209 -0.9763442 0,
  -0.04384197 -0.99903848 0,-0.30091828 -0.95364993 0,
  -0.5374875 -0.84327172 0,-0.70710678 -0.70710678 0,
  -0.8660254 -0.5 0,-0.96592583 -0.25881905 0,
  -1 0 0,-0.96592583 0.25881905 0,
  -0.8660254 0.5 0,-0.70710678 0.70710678 0,
  -0.5374875 0.84327172 0,-0.25881905 0.96592583 0,
  0.13052619 0.99144486 0,0.21622209 0.9763442 0,
  0.46155098 0.88711369 0,0.67542593 0.73742784 0,
  0.84327172 0.5374875 0,0.95364993 0.30091828 0,
  0.99903848 0.04384197 0,0.9763442 -0.21622209 0,
  0.88711369 -0.46155098 0,0.73742784 -0.67542593 0,
  0.5374875 -0.84327172 0,0.30091828 -0.95364993 0,
  0.04384197 -0.99903848 0,-0.21622209 -0.9763442 0,
  -0.46155098 -0.88711369 0,-0.70710678 -0.70710678 0,
  -0.8660254 -0.5 0,-0.96592583 -0.25881905 0,
  -1 0 0,-0.96592583 0.25881905 0,
  -0.8660254 0.5 0,-0.70710678 0.70710678 0,
  -0.46155098 0.88711369 0,-0.25881905 0.96592583 0] }
}
}
DEF SHAPE_190 Shape {
 appearance USE APP_2
 geometry DEF FACE_190 IndexedFaceSet {
  coord DEF COORD_190 Coordinate { point [
  3 -1.9 1.3474854,3 -1.9 0.52755906,
  3 -1.9 0.52755906,3.0258819 -1.9034074 0.52755906,
  3.05 -1.9133975 0.52755906,3.0707107 -1.9292893 0.52755906,
  3.0866025 -1.95 0.52755906,3.0965926 -1.9741181 0.52755906,
  3.1 -2 0.52755906,3.0965926 -2.0258819 0.52755906,
  3.0866025 -2.05 0.52755906,3.0707107 -2.0707107 0.52755906,
  3.05 -2.0866025 0.52755906,3.0258819 -2.0965926 0.52755906,
  3 -2.1 0.52755906,2.9741181 -2.0965926 0.52755906,
  2.95 -2.0866025 0.52755906,2.9292893 -2.0707107 0.52755906,
  2.9133975 -2.05 0.52755906,2.9034074 -2.0258819 0.52755906,
  2.9 -2 0.52755906,2.9034074 -1.9741181 0.52755906,
  2.9133975 -1.95 0.52755906,2.9292893 -1.9292893 0.52755906,
  2.95 -1.9133975 0.52755906,2.9741181 -1.9034074 0.52755906,
  3 -1.9 1.3474854,3.0258819 -1.9034074 1.3474854,
  3.05 -1.9133975 1.3474854,3.0707107 -1.9292893 1.3474854,
  3.0866025 -1.95 1.3474854,3.0965926 -1.9741181 1.3474854,
  3.1 -2 1.3474854,3.0965926 -2.0258819 1.3474854,
  3.0866025 -2.05 1.3474854,3.0707107 -2.0707107 1.3474854,
  3.05 -2.0866025 1.3474854,3.0258819 -2.0965926 1.3474854,
  3 -2.1 1.3474854,2.9741181 -2.0965926 1.3474854,
  2.95 -2.0866025 1.3474854,2.9292893 -2.0707107 1.3474854,
  2.9133975 -2.05 1.3474854,2.9034074 -2.0258819 1.3474854,
  2.9 -2 1.3474854,2.9034074 -1.9741181 1.3474854,
  2.9133975 -1.95 1.3474854,2.9292893 -1.9292893 1.3474854,
  2.95 -1.9133975 1.3474854,2.9741181 -1.9034074 1.3474854] }
 coordIndex [
  2,27,26,-1,3,28,27,-1,3,27,2,-1,4,29,28,-1,4,28,3,-1,5,30,29,-1,5,29,4,-1,6,31,30,-1,
  6,30,5,-1,7,32,31,-1,7,31,6,-1,8,33,32,-1,8,32,7,-1,9,34,33,-1,9,33,8,-1,10,35,34,-1,
  10,34,9,-1,11,36,35,-1,11,35,10,-1,12,37,36,-1,12,36,11,-1,13,38,37,-1,13,37,12,-1,14,38,13,-1,
  14,39,38,-1,15,39,14,-1,15,40,39,-1,16,40,15,-1,16,41,40,-1,17,41,16,-1,18,41,17,-1,18,42,41,-1,
  18,43,42,-1,19,43,18,-1,20,43,19,-1,20,44,43,-1,20,45,44,-1,21,45,20,-1,22,45,21,-1,22,46,45,-1,
  22,47,46,-1,23,47,22,-1,24,47,23,-1,24,48,47,-1,25,48,24,-1,25,49,48,-1,25,0,49,-1,1,0,25,-1]
  normalPerVertex TRUE
  normal DEF NORM_190 Normal { vector [
  0.13052619 -0.99144486 0,0.13052619 -0.99144486 0,
  -0.13052619 -0.99144486 0,-0.30091828 -0.95364993 0,
  -0.5374875 -0.84327172 0,-0.73742784 -0.67542593 0,
  -0.88711369 -0.46155098 0,-0.9763442 -0.21622209 0,
  -0.99903848 0.04384197 0,-0.95364993 0.30091828 0,
  -0.84327172 0.5374875 0,-0.67542593 0.73742784 0,
  -0.46155098 0.88711369 0,-0.21622209 0.9763442 0,
  0.04384197 0.99903848 0,0.30091828 0.95364993 0,
  0.5374875 0.84327172 0,0.70710678 0.70710678 0,
  0.8660254 0.5 0,0.96592583 0.25881905 0,
  1 0 0,0.96592583 -0.25881905 0,
  0.8660254 -0.5 0,0.70710678 -0.70710678 0,
  0.5374875 -0.84327172 0,0.25881905 -0.96592583 0,
  -0.13052619 -0.99144486 0,-0.21622209 -0.9763442 0,
  -0.46155098 -0.88711369 0,-0.67542593 -0.73742784 0,
  -0.84327172 -0.5374875 0,-0.95364993 -0.30091828 0,
  -0.99903848 -0.04384197 0,-0.9763442 0.21622209 0,
  -0.88711369 0.46155098 0,-0.73742784 0.67542593 0,
  -0.5374875 0.84327172 0,-0.30091828 0.95364993 0,
  -0.04384197 0.99903848 0,0.21622209 0.9763442 0,
  0.46155098 0.88711369 0,0.70710678 0.70710678 0,
  0.8660254 0.5 0,0.96592583 0.25881905 0,
  1 0 0,0.96592583 -0.25881905 0,
  0.8660254 -0.5 0,0.70710678 -0.70710678 0,
  0.46155098 -0.88711369 0,0.25881905 -0.96592583 0] }
}
}
DEF SHAPE_191 Shape {
 appearance USE APP_2
 geometry DEF FACE_191 IndexedFaceSet {
  coord DEF COORD_191 Coordinate { point [
  3 -0.9 1.3474854,3 -0.9 0.52755906,
  3 -0.9 0.52755906,3.0258819 -0.90340742 0.52755906,
  3.05 -0.91339746 0.52755906,3.0707107 -0.92928932 0.52755906,
  3.0866025 -0.95 0.52755906,3.0965926 -0.9741181 0.52755906,
  3.1 -1 0.52755906,3.0965926 -1.0258819 0.52755906,
  3.0866025 -1.05 0.52755906,3.0707107 -1.0707107 0.52755906,
  3.05 -1.0866025 0.52755906,3.0258819 -1.0965926 0.52755906,
  3 -1.1 0.52755906,2.9741181 -1.0965926 0.52755906,
  2.95 -1.0866025 0.52755906,2.9292893 -1.0707107 0.52755906,
  2.9133975 -1.05 0.52755906,2.9034074 -1.0258819 0.52755906,
  2.9 -1 0.52755906,2.9034074 -0.9741181 0.52755906,
  2.9133975 -0.95 0.52755906,2.9292893 -0.92928932 0.52755906,
  2.95 -0.91339746 0.52755906,2.9741181 -0.90340742 0.52755906,
  3 -0.9 1.3474854,3.0258819 -0.90340742 1.3474854,
  3.05 -0.91339746 1.3474854,3.0707107 -0.92928932 1.3474854,
  3.0866025 -0.95 1.3474854,3.0965926 -0.9741181 1.3474854,
  3.1 -1 1.3474854,3.0965926 -1.0258819 1.3474854,
  3.0866025 -1.05 1.3474854,3.0707107 -1.0707107 1.3474854,
  3.05 -1.0866025 1.3474854,3.0258819 -1.0965926 1.3474854,
  3 -1.1 1.3474854,2.9741181 -1.0965926 1.3474854,
  2.95 -1.0866025 1.3474854,2.9292893 -1.0707107 1.3474854,
  2.9133975 -1.05 1.3474854,2.9034074 -1.0258819 1.3474854,
  2.9 -1 1.3474854,2.9034074 -0.9741181 1.3474854,
  2.9133975 -0.95 1.3474854,2.9292893 -0.92928932 1.3474854,
  2.95 -0.91339746 1.3474854,2.9741181 -0.90340742 1.3474854] }
 coordIndex [
  2,27,26,-1,3,28,27,-1,3,27,2,-1,4,29,28,-1,4,28,3,-1,5,30,29,-1,5,29,4,-1,6,31,30,-1,
  6,30,5,-1,7,32,31,-1,7,31,6,-1,8,33,32,-1,8,32,7,-1,9,34,33,-1,9,33,8,-1,10,35,34,-1,
  10,34,9,-1,11,36,35,-1,11,35,10,-1,12,37,36,-1,12,36,11,-1,13,38,37,-1,13,37,12,-1,14,38,13,-1,
  14,39,38,-1,15,39,14,-1,15,40,39,-1,16,40,15,-1,16,41,40,-1,17,41,16,-1,18,41,17,-1,18,42,41,-1,
  18,43,42,-1,19,43,18,-1,20,43,19,-1,20,44,43,-1,20,45,44,-1,21,45,20,-1,22,45,21,-1,22,46,45,-1,
  22,47,46,-1,23,47,22,-1,24,47,23,-1,24,48,47,-1,25,48,24,-1,25,49,48,-1,25,0,49,-1,1,0,25,-1]
  normalPerVertex TRUE
  normal DEF NORM_191 Normal { vector [
  0.13052619 -0.99144486 0,0.13052619 -0.99144486 0,
  -0.13052619 -0.99144486 0,-0.30091828 -0.95364993 0,
  -0.5374875 -0.84327172 0,-0.73742784 -0.67542593 0,
  -0.88711369 -0.46155098 0,-0.9763442 -0.21622209 0,
  -0.99903848 0.04384197 0,-0.95364993 0.30091828 0,
  -0.84327172 0.5374875 0,-0.67542593 0.73742784 0,
  -0.46155098 0.88711369 0,-0.21622209 0.9763442 0,
  0.04384197 0.99903848 0,0.30091828 0.95364993 0,
  0.5374875 0.84327172 0,0.70710678 0.70710678 0,
  0.8660254 0.5 0,0.96592583 0.25881905 0,
  1 0 0,0.96592583 -0.25881905 0,
  0.8660254 -0.5 0,0.70710678 -0.70710678 0,
  0.5374875 -0.84327172 0,0.25881905 -0.96592583 0,
  -0.13052619 -0.99144486 0,-0.21622209 -0.9763442 0,
  -0.46155098 -0.88711369 0,-0.67542593 -0.73742784 0,
  -0.84327172 -0.5374875 0,-0.95364993 -0.30091828 0,
  -0.99903848 -0.04384197 0,-0.9763442 0.21622209 0,
  -0.88711369 0.46155098 0,-0.73742784 0.67542593 0,
  -0.5374875 0.84327172 0,-0.30091828 0.95364993 0,
  -0.04384197 0.99903848 0,0.21622209 0.9763442 0,
  0.46155098 0.88711369 0,0.70710678 0.70710678 0,
  0.8660254 0.5 0,0.96592583 0.25881905 0,
  1 0 0,0.96592583 -0.25881905 0,
  0.8660254 -0.5 0,0.70710678 -0.70710678 0,
  0.46155098 -0.88711369 0,0.25881905 -0.96592583 0] }
}
}
DEF SHAPE_192 Shape {
 appearance USE APP_2
 geometry DEF FACE_192 IndexedFaceSet {
  coord DEF COORD_192 Coordinate { point [
  3 -3.9 1.3474854,3 -3.9 0.52755906,
  3 -3.9 0.52755906,3.0258819 -3.9034074 0.52755906,
  3.05 -3.9133975 0.52755906,3.0707107 -3.9292893 0.52755906,
  3.0866025 -3.95 0.52755906,3.0965926 -3.9741181 0.52755906,
  3.1 -4 0.52755906,3.0965926 -4.0258819 0.52755906,
  3.0866025 -4.05 0.52755906,3.0707107 -4.0707107 0.52755906,
  3.05 -4.0866025 0.52755906,3.0258819 -4.0965926 0.52755906,
  3 -4.1 0.52755906,2.9741181 -4.0965926 0.52755906,
  2.95 -4.0866025 0.52755906,2.9292893 -4.0707107 0.52755906,
  2.9133975 -4.05 0.52755906,2.9034074 -4.0258819 0.52755906,
  2.9 -4 0.52755906,2.9034074 -3.9741181 0.52755906,
  2.9133975 -3.95 0.52755906,2.9292893 -3.9292893 0.52755906,
  2.95 -3.9133975 0.52755906,2.9741181 -3.9034074 0.52755906,
  3 -3.9 1.3474854,3.0258819 -3.9034074 1.3474854,
  3.05 -3.9133975 1.3474854,3.0707107 -3.9292893 1.3474854,
  3.0866025 -3.95 1.3474854,3.0965926 -3.9741181 1.3474854,
  3.1 -4 1.3474854,3.0965926 -4.0258819 1.3474854,
  3.0866025 -4.05 1.3474854,3.0707107 -4.0707107 1.3474854,
  3.05 -4.0866025 1.3474854,3.0258819 -4.0965926 1.3474854,
  3 -4.1 1.3474854,2.9741181 -4.0965926 1.3474854,
  2.95 -4.0866025 1.3474854,2.9292893 -4.0707107 1.3474854,
  2.9133975 -4.05 1.3474854,2.9034074 -4.0258819 1.3474854,
  2.9 -4 1.3474854,2.9034074 -3.9741181 1.3474854,
  2.9133975 -3.95 1.3474854,2.9292893 -3.9292893 1.3474854,
  2.95 -3.9133975 1.3474854,2.9741181 -3.9034074 1.3474854] }
 coordIndex [
  2,27,26,-1,3,28,27,-1,3,27,2,-1,4,29,28,-1,4,28,3,-1,5,30,29,-1,5,29,4,-1,6,31,30,-1,
  6,30,5,-1,7,32,31,-1,7,31,6,-1,8,33,32,-1,8,32,7,-1,9,34,33,-1,9,33,8,-1,10,35,34,-1,
  10,34,9,-1,11,36,35,-1,11,35,10,-1,12,37,36,-1,12,36,11,-1,13,38,37,-1,13,37,12,-1,14,38,13,-1,
  14,39,38,-1,15,39,14,-1,15,40,39,-1,16,40,15,-1,16,41,40,-1,17,41,16,-1,18,41,17,-1,18,42,41,-1,
  18,43,42,-1,19,43,18,-1,20,43,19,-1,20,44,43,-1,20,45,44,-1,21,45,20,-1,22,45,21,-1,22,46,45,-1,
  22,47,46,-1,23,47,22,-1,24,47,23,-1,24,48,47,-1,25,48,24,-1,25,49,48,-1,25,0,49,-1,1,0,25,-1]
  normalPerVertex TRUE
  normal DEF NORM_192 Normal { vector [
  0.13052619 -0.99144486 0,0.13052619 -0.99144486 0,
  -0.13052619 -0.99144486 0,-0.30091828 -0.95364993 0,
  -0.5374875 -0.84327172 0,-0.73742784 -0.67542593 0,
  -0.88711369 -0.46155098 0,-0.9763442 -0.21622209 0,
  -0.99903848 0.04384197 0,-0.95364993 0.30091828 0,
  -0.84327172 0.5374875 0,-0.67542593 0.73742784 0,
  -0.46155098 0.88711369 0,-0.21622209 0.9763442 0,
  0.04384197 0.99903848 0,0.30091828 0.95364993 0,
  0.5374875 0.84327172 0,0.70710678 0.70710678 0,
  0.8660254 0.5 0,0.96592583 0.25881905 0,
  1 0 0,0.96592583 -0.25881905 0,
  0.8660254 -0.5 0,0.70710678 -0.70710678 0,
  0.5374875 -0.84327172 0,0.25881905 -0.96592583 0,
  -0.13052619 -0.99144486 0,-0.21622209 -0.9763442 0,
  -0.46155098 -0.88711369 0,-0.67542593 -0.73742784 0,
  -0.84327172 -0.5374875 0,-0.95364993 -0.30091828 0,
  -0.99903848 -0.04384197 0,-0.9763442 0.21622209 0,
  -0.88711369 0.46155098 0,-0.73742784 0.67542593 0,
  -0.5374875 0.84327172 0,-0.30091828 0.95364993 0,
  -0.04384197 0.99903848 0,0.21622209 0.9763442 0,
  0.46155098 0.88711369 0,0.70710678 0.70710678 0,
  0.8660254 0.5 0,0.96592583 0.25881905 0,
  1 0 0,0.96592583 -0.25881905 0,
  0.8660254 -0.5 0,0.70710678 -0.70710678 0,
  0.46155098 -0.88711369 0,0.25881905 -0.96592583 0] }
}
}
DEF SHAPE_193 Shape {
 appearance USE APP_2
 geometry DEF FACE_193 IndexedFaceSet {
  coord DEF COORD_193 Coordinate { point [
  3 -2.9 1.3474854,3 -2.9 0.52755906,
  3 -2.9 0.52755906,3.0258819 -2.9034074 0.52755906,
  3.05 -2.9133975 0.52755906,3.0707107 -2.9292893 0.52755906,
  3.0866025 -2.95 0.52755906,3.0965926 -2.9741181 0.52755906,
  3.1 -3 0.52755906,3.0965926 -3.0258819 0.52755906,
  3.0866025 -3.05 0.52755906,3.0707107 -3.0707107 0.52755906,
  3.05 -3.0866025 0.52755906,3.0258819 -3.0965926 0.52755906,
  3 -3.1 0.52755906,2.9741181 -3.0965926 0.52755906,
  2.95 -3.0866025 0.52755906,2.9292893 -3.0707107 0.52755906,
  2.9133975 -3.05 0.52755906,2.9034074 -3.0258819 0.52755906,
  2.9 -3 0.52755906,2.9034074 -2.9741181 0.52755906,
  2.9133975 -2.95 0.52755906,2.9292893 -2.9292893 0.52755906,
  2.95 -2.9133975 0.52755906,2.9741181 -2.9034074 0.52755906,
  3 -2.9 1.3474854,3.0258819 -2.9034074 1.3474854,
  3.05 -2.9133975 1.3474854,3.0707107 -2.9292893 1.3474854,
  3.0866025 -2.95 1.3474854,3.0965926 -2.9741181 1.3474854,
  3.1 -3 1.3474854,3.0965926 -3.0258819 1.3474854,
  3.0866025 -3.05 1.3474854,3.0707107 -3.0707107 1.3474854,
  3.05 -3.0866025 1.3474854,3.0258819 -3.0965926 1.3474854,
  3 -3.1 1.3474854,2.9741181 -3.0965926 1.3474854,
  2.95 -3.0866025 1.3474854,2.9292893 -3.0707107 1.3474854,
  2.9133975 -3.05 1.3474854,2.9034074 -3.0258819 1.3474854,
  2.9 -3 1.3474854,2.9034074 -2.9741181 1.3474854,
  2.9133975 -2.95 1.3474854,2.9292893 -2.9292893 1.3474854,
  2.95 -2.9133975 1.3474854,2.9741181 -2.9034074 1.3474854] }
 coordIndex [
  2,27,26,-1,3,28,27,-1,3,27,2,-1,4,29,28,-1,4,28,3,-1,5,30,29,-1,5,29,4,-1,6,31,30,-1,
  6,30,5,-1,7,32,31,-1,7,31,6,-1,8,33,32,-1,8,32,7,-1,9,34,33,-1,9,33,8,-1,10,35,34,-1,
  10,34,9,-1,11,36,35,-1,11,35,10,-1,12,37,36,-1,12,36,11,-1,13,38,37,-1,13,37,12,-1,14,38,13,-1,
  14,39,38,-1,15,39,14,-1,15,40,39,-1,16,40,15,-1,16,41,40,-1,17,41,16,-1,18,41,17,-1,18,42,41,-1,
  18,43,42,-1,19,43,18,-1,20,43,19,-1,20,44,43,-1,20,45,44,-1,21,45,20,-1,22,45,21,-1,22,46,45,-1,
  22,47,46,-1,23,47,22,-1,24,47,23,-1,24,48,47,-1,25,48,24,-1,25,49,48,-1,25,0,49,-1,1,0,25,-1]
  normalPerVertex TRUE
  normal DEF NORM_193 Normal { vector [
  0.13052619 -0.99144486 0,0.13052619 -0.99144486 0,
  -0.13052619 -0.99144486 0,-0.30091828 -0.95364993 0,
  -0.5374875 -0.84327172 0,-0.73742784 -0.67542593 0,
  -0.88711369 -0.46155098 0,-0.9763442 -0.21622209 0,
  -0.99903848 0.04384197 0,-0.95364993 0.30091828 0,
  -0.84327172 0.5374875 0,-0.67542593 0.73742784 0,
  -0.46155098 0.88711369 0,-0.21622209 0.9763442 0,
  0.04384197 0.99903848 0,0.30091828 0.95364993 0,
  0.5374875 0.84327172 0,0.70710678 0.70710678 0,
  0.8660254 0.5 0,0.96592583 0.25881905 0,
  1 0 0,0.96592583 -0.25881905 0,
  0.8660254 -0.5 0,0.70710678 -0.70710678 0,
  0.5374875 -0.84327172 0,0.25881905 -0.96592583 0,
  -0.13052619 -0.99144486 0,-0.21622209 -0.9763442 0,
  -0.46155098 -0.88711369 0,-0.67542593 -0.73742784 0,
  -0.84327172 -0.5374875 0,-0.95364993 -0.30091828 0,
  -0.99903848 -0.04384197 0,-0.9763442 0.21622209 0,
  -0.88711369 0.46155098 0,-0.73742784 0.67542593 0,
  -0.5374875 0.84327172 0,-0.30091828 0.95364993 0,
  -0.04384197 0.99903848 0,0.21622209 0.9763442 0,
  0.46155098 0.88711369 0,0.70710678 0.70710678 0,
  0.8660254 0.5 0,0.96592583 0.25881905 0,
  1 0 0,0.96592583 -0.25881905 0,
  0.8660254 -0.5 0,0.70710678 -0.70710678 0,
  0.46155098 -0.88711369 0,0.25881905 -0.96592583 0] }
}
}
DEF SHAPE_194 Shape {
 appearance USE APP_2
 geometry DEF FACE_194 IndexedFaceSet {
  coord DEF COORD_194 Coordinate { point [
  3 -8.9 1.3474854,3 -8.9 0.52755906,
  3 -8.9 0.52755906,3.0258819 -8.9034074 0.52755906,
  3.05 -8.9133975 0.52755906,3.0707107 -8.9292893 0.52755906,
  3.0866025 -8.95 0.52755906,3.0965926 -8.9741181 0.52755906,
  3.1 -9 0.52755906,3.0965926 -9.0258819 0.52755906,
  3.0866025 -9.05 0.52755906,3.0707107 -9.0707107 0.52755906,
  3.05 -9.0866025 0.52755906,3.0258819 -9.0965926 0.52755906,
  3 -9.1 0.52755906,2.9741181 -9.0965926 0.52755906,
  2.95 -9.0866025 0.52755906,2.9292893 -9.0707107 0.52755906,
  2.9133975 -9.05 0.52755906,2.9034074 -9.0258819 0.52755906,
  2.9 -9 0.52755906,2.9034074 -8.9741181 0.52755906,
  2.9133975 -8.95 0.52755906,2.9292893 -8.9292893 0.52755906,
  2.95 -8.9133975 0.52755906,2.9741181 -8.9034074 0.52755906,
  3 -8.9 1.3474854,3.0258819 -8.9034074 1.3474854,
  3.05 -8.9133975 1.3474854,3.0707107 -8.9292893 1.3474854,
  3.0866025 -8.95 1.3474854,3.0965926 -8.9741181 1.3474854,
  3.1 -9 1.3474854,3.0965926 -9.0258819 1.3474854,
  3.0866025 -9.05 1.3474854,3.0707107 -9.0707107 1.3474854,
  3.05 -9.0866025 1.3474854,3.0258819 -9.0965926 1.3474854,
  3 -9.1 1.3474854,2.9741181 -9.0965926 1.3474854,
  2.95 -9.0866025 1.3474854,2.9292893 -9.0707107 1.3474854,
  2.9133975 -9.05 1.3474854,2.9034074 -9.0258819 1.3474854,
  2.9 -9 1.3474854,2.9034074 -8.9741181 1.3474854,
  2.9133975 -8.95 1.3474854,2.9292893 -8.9292893 1.3474854,
  2.95 -8.9133975 1.3474854,2.9741181 -8.9034074 1.3474854] }
 coordIndex [
  2,27,26,-1,3,28,27,-1,3,27,2,-1,4,29,28,-1,4,28,3,-1,5,30,29,-1,5,29,4,-1,6,31,30,-1,
  6,30,5,-1,7,32,31,-1,7,31,6,-1,8,33,32,-1,8,32,7,-1,9,34,33,-1,9,33,8,-1,10,35,34,-1,
  10,34,9,-1,11,36,35,-1,11,35,10,-1,12,37,36,-1,12,36,11,-1,13,38,37,-1,13,37,12,-1,14,38,13,-1,
  14,39,38,-1,15,39,14,-1,15,40,39,-1,16,40,15,-1,16,41,40,-1,17,41,16,-1,18,41,17,-1,18,42,41,-1,
  18,43,42,-1,19,43,18,-1,20,43,19,-1,20,44,43,-1,20,45,44,-1,21,45,20,-1,22,45,21,-1,22,46,45,-1,
  22,47,46,-1,23,47,22,-1,24,47,23,-1,24,48,47,-1,25,48,24,-1,25,49,48,-1,25,0,49,-1,1,0,25,-1]
  normalPerVertex TRUE
  normal DEF NORM_194 Normal { vector [
  0.13052619 -0.99144486 0,0.13052619 -0.99144486 0,
  -0.13052619 -0.99144486 0,-0.30091828 -0.95364993 0,
  -0.5374875 -0.84327172 0,-0.73742784 -0.67542593 0,
  -0.88711369 -0.46155098 0,-0.9763442 -0.21622209 0,
  -0.99903848 0.04384197 0,-0.95364993 0.30091828 0,
  -0.84327172 0.5374875 0,-0.67542593 0.73742784 0,
  -0.46155098 0.88711369 0,-0.21622209 0.9763442 0,
  0.04384197 0.99903848 0,0.30091828 0.95364993 0,
  0.5374875 0.84327172 0,0.70710678 0.70710678 0,
  0.8660254 0.5 0,0.96592583 0.25881905 0,
  1 0 0,0.96592583 -0.25881905 0,
  0.8660254 -0.5 0,0.70710678 -0.70710678 0,
  0.5374875 -0.84327172 0,0.25881905 -0.96592583 0,
  -0.13052619 -0.99144486 0,-0.21622209 -0.9763442 0,
  -0.46155098 -0.88711369 0,-0.67542593 -0.73742784 0,
  -0.84327172 -0.5374875 0,-0.95364993 -0.30091828 0,
  -0.99903848 -0.04384197 0,-0.9763442 0.21622209 0,
  -0.88711369 0.46155098 0,-0.73742784 0.67542593 0,
  -0.5374875 0.84327172 0,-0.30091828 0.95364993 0,
  -0.04384197 0.99903848 0,0.21622209 0.9763442 0,
  0.46155098 0.88711369 0,0.70710678 0.70710678 0,
  0.8660254 0.5 0,0.96592583 0.25881905 0,
  1 0 0,0.96592583 -0.25881905 0,
  0.8660254 -0.5 0,0.70710678 -0.70710678 0,
  0.46155098 -0.88711369 0,0.25881905 -0.96592583 0] }
}
}
DEF SHAPE_195 Shape {
 appearance USE APP_2
 geometry DEF FACE_195 IndexedFaceSet {
  coord DEF COORD_195 Coordinate { point [
  3 -7.9 1.3474854,3 -7.9 0.52755906,
  3 -7.9 0.52755906,3.0258819 -7.9034074 0.52755906,
  3.05 -7.9133975 0.52755906,3.0707107 -7.9292893 0.52755906,
  3.0866025 -7.95 0.52755906,3.0965926 -7.9741181 0.52755906,
  3.1 -8 0.52755906,3.0965926 -8.0258819 0.52755906,
  3.0866025 -8.05 0.52755906,3.0707107 -8.0707107 0.52755906,
  3.05 -8.0866025 0.52755906,3.0258819 -8.0965926 0.52755906,
  3 -8.1 0.52755906,2.9741181 -8.0965926 0.52755906,
  2.95 -8.0866025 0.52755906,2.9292893 -8.0707107 0.52755906,
  2.9133975 -8.05 0.52755906,2.9034074 -8.0258819 0.52755906,
  2.9 -8 0.52755906,2.9034074 -7.9741181 0.52755906,
  2.9133975 -7.95 0.52755906,2.9292893 -7.9292893 0.52755906,
  2.95 -7.9133975 0.52755906,2.9741181 -7.9034074 0.52755906,
  3 -7.9 1.3474854,3.0258819 -7.9034074 1.3474854,
  3.05 -7.9133975 1.3474854,3.0707107 -7.9292893 1.3474854,
  3.0866025 -7.95 1.3474854,3.0965926 -7.9741181 1.3474854,
  3.1 -8 1.3474854,3.0965926 -8.0258819 1.3474854,
  3.0866025 -8.05 1.3474854,3.0707107 -8.0707107 1.3474854,
  3.05 -8.0866025 1.3474854,3.0258819 -8.0965926 1.3474854,
  3 -8.1 1.3474854,2.9741181 -8.0965926 1.3474854,
  2.95 -8.0866025 1.3474854,2.9292893 -8.0707107 1.3474854,
  2.9133975 -8.05 1.3474854,2.9034074 -8.0258819 1.3474854,
  2.9 -8 1.3474854,2.9034074 -7.9741181 1.3474854,
  2.9133975 -7.95 1.3474854,2.9292893 -7.9292893 1.3474854,
  2.95 -7.9133975 1.3474854,2.9741181 -7.9034074 1.3474854] }
 coordIndex [
  2,27,26,-1,3,28,27,-1,3,27,2,-1,4,29,28,-1,4,28,3,-1,5,30,29,-1,5,29,4,-1,6,31,30,-1,
  6,30,5,-1,7,32,31,-1,7,31,6,-1,8,33,32,-1,8,32,7,-1,9,34,33,-1,9,33,8,-1,10,35,34,-1,
  10,34,9,-1,11,36,35,-1,11,35,10,-1,12,37,36,-1,12,36,11,-1,13,38,37,-1,13,37,12,-1,14,38,13,-1,
  14,39,38,-1,15,39,14,-1,15,40,39,-1,16,40,15,-1,16,41,40,-1,17,41,16,-1,18,41,17,-1,18,42,41,-1,
  18,43,42,-1,19,43,18,-1,20,43,19,-1,20,44,43,-1,20,45,44,-1,21,45,20,-1,22,45,21,-1,22,46,45,-1,
  22,47,46,-1,23,47,22,-1,24,47,23,-1,24,48,47,-1,25,48,24,-1,25,49,48,-1,25,0,49,-1,1,0,25,-1]
  normalPerVertex TRUE
  normal DEF NORM_195 Normal { vector [
  0.13052619 -0.99144486 0,0.13052619 -0.99144486 0,
  -0.13052619 -0.99144486 0,-0.30091828 -0.95364993 0,
  -0.5374875 -0.84327172 0,-0.73742784 -0.67542593 0,
  -0.88711369 -0.46155098 0,-0.9763442 -0.21622209 0,
  -0.99903848 0.04384197 0,-0.95364993 0.30091828 0,
  -0.84327172 0.5374875 0,-0.67542593 0.73742784 0,
  -0.46155098 0.88711369 0,-0.21622209 0.9763442 0,
  0.04384197 0.99903848 0,0.30091828 0.95364993 0,
  0.5374875 0.84327172 0,0.70710678 0.70710678 0,
  0.8660254 0.5 0,0.96592583 0.25881905 0,
  1 0 0,0.96592583 -0.25881905 0,
  0.8660254 -0.5 0,0.70710678 -0.70710678 0,
  0.5374875 -0.84327172 0,0.25881905 -0.96592583 0,
  -0.13052619 -0.99144486 0,-0.21622209 -0.9763442 0,
  -0.46155098 -0.88711369 0,-0.67542593 -0.73742784 0,
  -0.84327172 -0.5374875 0,-0.95364993 -0.30091828 0,
  -0.99903848 -0.04384197 0,-0.9763442 0.21622209 0,
  -0.88711369 0.46155098 0,-0.73742784 0.67542593 0,
  -0.5374875 0.84327172 0,-0.30091828 0.95364993 0,
  -0.04384197 0.99903848 0,0.21622209 0.9763442 0,
  0.46155098 0.88711369 0,0.70710678 0.70710678 0,
  0.8660254 0.5 0,0.96592583 0.25881905 0,
  1 0 0,0.96592583 -0.25881905 0,
  0.8660254 -0.5 0,0.70710678 -0.70710678 0,
  0.46155098 -0.88711369 0,0.25881905 -0.96592583 0] }
}
}
DEF SHAPE_196 Shape {
 appearance USE APP_2
 geometry DEF FACE_196 IndexedFaceSet {
  coord DEF COORD_196 Coordinate { point [
  3 -6.9 1.3474854,3 -6.9 0.52755906,
  3 -6.9 0.52755906,3.0258819 -6.9034074 0.52755906,
  3.05 -6.9133975 0.52755906,3.0707107 -6.9292893 0.52755906,
  3.0866025 -6.95 0.52755906,3.0965926 -6.9741181 0.52755906,
  3.1 -7 0.52755906,3.0965926 -7.0258819 0.52755906,
  3.0866025 -7.05 0.52755906,3.0707107 -7.0707107 0.52755906,
  3.05 -7.0866025 0.52755906,3.0258819 -7.0965926 0.52755906,
  3 -7.1 0.52755906,2.9741181 -7.0965926 0.52755906,
  2.95 -7.0866025 0.52755906,2.9292893 -7.0707107 0.52755906,
  2.9133975 -7.05 0.52755906,2.9034074 -7.0258819 0.52755906,
  2.9 -7 0.52755906,2.9034074 -6.9741181 0.52755906,
  2.9133975 -6.95 0.52755906,2.9292893 -6.9292893 0.52755906,
  2.95 -6.9133975 0.52755906,2.9741181 -6.9034074 0.52755906,
  3 -6.9 1.3474854,3.0258819 -6.9034074 1.3474854,
  3.05 -6.9133975 1.3474854,3.0707107 -6.9292893 1.3474854,
  3.0866025 -6.95 1.3474854,3.0965926 -6.9741181 1.3474854,
  3.1 -7 1.3474854,3.0965926 -7.0258819 1.3474854,
  3.0866025 -7.05 1.3474854,3.0707107 -7.0707107 1.3474854,
  3.05 -7.0866025 1.3474854,3.0258819 -7.0965926 1.3474854,
  3 -7.1 1.3474854,2.9741181 -7.0965926 1.3474854,
  2.95 -7.0866025 1.3474854,2.9292893 -7.0707107 1.3474854,
  2.9133975 -7.05 1.3474854,2.9034074 -7.0258819 1.3474854,
  2.9 -7 1.3474854,2.9034074 -6.9741181 1.3474854,
  2.9133975 -6.95 1.3474854,2.9292893 -6.9292893 1.3474854,
  2.95 -6.9133975 1.3474854,2.9741181 -6.9034074 1.3474854] }
 coordIndex [
  2,27,26,-1,3,28,27,-1,3,27,2,-1,4,29,28,-1,4,28,3,-1,5,30,29,-1,5,29,4,-1,6,31,30,-1,
  6,30,5,-1,7,32,31,-1,7,31,6,-1,8,33,32,-1,8,32,7,-1,9,34,33,-1,9,33,8,-1,10,35,34,-1,
  10,34,9,-1,11,36,35,-1,11,35,10,-1,12,37,36,-1,12,36,11,-1,13,38,37,-1,13,37,12,-1,14,38,13,-1,
  14,39,38,-1,15,39,14,-1,15,40,39,-1,16,40,15,-1,16,41,40,-1,17,41,16,-1,18,41,17,-1,18,42,41,-1,
  18,43,42,-1,19,43,18,-1,20,43,19,-1,20,44,43,-1,20,45,44,-1,21,45,20,-1,22,45,21,-1,22,46,45,-1,
  22,47,46,-1,23,47,22,-1,24,47,23,-1,24,48,47,-1,25,48,24,-1,25,49,48,-1,25,0,49,-1,1,0,25,-1]
  normalPerVertex TRUE
  normal DEF NORM_196 Normal { vector [
  0.13052619 -0.99144486 0,0.13052619 -0.99144486 0,
  -0.13052619 -0.99144486 0,-0.30091828 -0.95364993 0,
  -0.5374875 -0.84327172 0,-0.73742784 -0.67542593 0,
  -0.88711369 -0.46155098 0,-0.9763442 -0.21622209 0,
  -0.99903848 0.04384197 0,-0.95364993 0.30091828 0,
  -0.84327172 0.5374875 0,-0.67542593 0.73742784 0,
  -0.46155098 0.88711369 0,-0.21622209 0.9763442 0,
  0.04384197 0.99903848 0,0.30091828 0.95364993 0,
  0.5374875 0.84327172 0,0.70710678 0.70710678 0,
  0.8660254 0.5 0,0.96592583 0.25881905 0,
  1 0 0,0.96592583 -0.25881905 0,
  0.8660254 -0.5 0,0.70710678 -0.70710678 0,
  0.5374875 -0.84327172 0,0.25881905 -0.96592583 0,
  -0.13052619 -0.99144486 0,-0.21622209 -0.9763442 0,
  -0.46155098 -0.88711369 0,-0.67542593 -0.73742784 0,
  -0.84327172 -0.5374875 0,-0.95364993 -0.30091828 0,
  -0.99903848 -0.04384197 0,-0.9763442 0.21622209 0,
  -0.88711369 0.46155098 0,-0.73742784 0.67542593 0,
  -0.5374875 0.84327172 0,-0.30091828 0.95364993 0,
  -0.04384197 0.99903848 0,0.21622209 0.9763442 0,
  0.46155098 0.88711369 0,0.70710678 0.70710678 0,
  0.8660254 0.5 0,0.96592583 0.25881905 0,
  1 0 0,0.96592583 -0.25881905 0,
  0.8660254 -0.5 0,0.70710678 -0.70710678 0,
  0.46155098 -0.88711369 0,0.25881905 -0.96592583 0] }
}
}
DEF SHAPE_197 Shape {
 appearance USE APP_2
 geometry DEF FACE_197 IndexedFaceSet {
  coord DEF COORD_197 Coordinate { point [
  3 -4.9 1.3474854,3 -4.9 0.52755906,
  3 -4.9 0.52755906,3.0258819 -4.9034074 0.52755906,
  3.05 -4.9133975 0.52755906,3.0707107 -4.9292893 0.52755906,
  3.0866025 -4.95 0.52755906,3.0965926 -4.9741181 0.52755906,
  3.1 -5 0.52755906,3.0965926 -5.0258819 0.52755906,
  3.0866025 -5.05 0.52755906,3.0707107 -5.0707107 0.52755906,
  3.05 -5.0866025 0.52755906,3.0258819 -5.0965926 0.52755906,
  3 -5.1 0.52755906,2.9741181 -5.0965926 0.52755906,
  2.95 -5.0866025 0.52755906,2.9292893 -5.0707107 0.52755906,
  2.9133975 -5.05 0.52755906,2.9034074 -5.0258819 0.52755906,
  2.9 -5 0.52755906,2.9034074 -4.9741181 0.52755906,
  2.9133975 -4.95 0.52755906,2.9292893 -4.9292893 0.52755906,
  2.95 -4.9133975 0.52755906,2.9741181 -4.9034074 0.52755906,
  3 -4.9 1.3474854,3.0258819 -4.9034074 1.3474854,
  3.05 -4.9133975 1.3474854,3.0707107 -4.9292893 1.3474854,
  3.0866025 -4.95 1.3474854,3.0965926 -4.9741181 1.3474854,
  3.1 -5 1.3474854,3.0965926 -5.0258819 1.3474854,
  3.0866025 -5.05 1.3474854,3.0707107 -5.0707107 1.3474854,
  3.05 -5.0866025 1.3474854,3.0258819 -5.0965926 1.3474854,
  3 -5.1 1.3474854,2.9741181 -5.0965926 1.3474854,
  2.95 -5.0866025 1.3474854,2.9292893 -5.0707107 1.3474854,
  2.9133975 -5.05 1.3474854,2.9034074 -5.0258819 1.3474854,
  2.9 -5 1.3474854,2.9034074 -4.9741181 1.3474854,
  2.9133975 -4.95 1.3474854,2.9292893 -4.9292893 1.3474854,
  2.95 -4.9133975 1.3474854,2.9741181 -4.9034074 1.3474854] }
 coordIndex [
  2,27,26,-1,3,28,27,-1,3,27,2,-1,4,29,28,-1,4,28,3,-1,5,30,29,-1,5,29,4,-1,6,31,30,-1,
  6,30,5,-1,7,32,31,-1,7,31,6,-1,8,33,32,-1,8,32,7,-1,9,34,33,-1,9,33,8,-1,10,35,34,-1,
  10,34,9,-1,11,36,35,-1,11,35,10,-1,12,37,36,-1,12,36,11,-1,13,38,37,-1,13,37,12,-1,14,38,13,-1,
  14,39,38,-1,15,39,14,-1,15,40,39,-1,16,40,15,-1,16,41,40,-1,17,41,16,-1,18,41,17,-1,18,42,41,-1,
  18,43,42,-1,19,43,18,-1,20,43,19,-1,20,44,43,-1,20,45,44,-1,21,45,20,-1,22,45,21,-1,22,46,45,-1,
  22,47,46,-1,23,47,22,-1,24,47,23,-1,24,48,47,-1,25,48,24,-1,25,49,48,-1,25,0,49,-1,1,0,25,-1]
  normalPerVertex TRUE
  normal DEF NORM_197 Normal { vector [
  0.13052619 -0.99144486 0,0.13052619 -0.99144486 0,
  -0.13052619 -0.99144486 0,-0.30091828 -0.95364993 0,
  -0.5374875 -0.84327172 0,-0.73742784 -0.67542593 0,
  -0.88711369 -0.46155098 0,-0.9763442 -0.21622209 0,
  -0.99903848 0.04384197 0,-0.95364993 0.30091828 0,
  -0.84327172 0.5374875 0,-0.67542593 0.73742784 0,
  -0.46155098 0.88711369 0,-0.21622209 0.9763442 0,
  0.04384197 0.99903848 0,0.30091828 0.95364993 0,
  0.5374875 0.84327172 0,0.70710678 0.70710678 0,
  0.8660254 0.5 0,0.96592583 0.25881905 0,
  1 0 0,0.96592583 -0.25881905 0,
  0.8660254 -0.5 0,0.70710678 -0.70710678 0,
  0.5374875 -0.84327172 0,0.25881905 -0.96592583 0,
  -0.13052619 -0.99144486 0,-0.21622209 -0.9763442 0,
  -0.46155098 -0.88711369 0,-0.67542593 -0.73742784 0,
  -0.84327172 -0.5374875 0,-0.95364993 -0.30091828 0,
  -0.99903848 -0.04384197 0,-0.9763442 0.21622209 0,
  -0.88711369 0.46155098 0,-0.73742784 0.67542593 0,
  -0.5374875 0.84327172 0,-0.30091828 0.95364993 0,
  -0.04384197 0.99903848 0,0.21622209 0.9763442 0,
  0.46155098 0.88711369 0,0.70710678 0.70710678 0,
  0.8660254 0.5 0,0.96592583 0.25881905 0,
  1 0 0,0.96592583 -0.25881905 0,
  0.8660254 -0.5 0,0.70710678 -0.70710678 0,
  0.46155098 -0.88711369 0,0.25881905 -0.96592583 0] }
}
}
DEF SHAPE_198 Shape {
 appearance USE APP_2
 geometry DEF FACE_198 IndexedFaceSet {
  coord DEF COORD_198 Coordinate { point [
  3 -5.9 1.3474854,3 -5.9 0.52755906,
  3 -5.9 0.52755906,3.0258819 -5.9034074 0.52755906,
  3.05 -5.9133975 0.52755906,3.0707107 -5.9292893 0.52755906,
  3.0866025 -5.95 0.52755906,3.0965926 -5.9741181 0.52755906,
  3.1 -6 0.52755906,3.0965926 -6.0258819 0.52755906,
  3.0866025 -6.05 0.52755906,3.0707107 -6.0707107 0.52755906,
  3.05 -6.0866025 0.52755906,3.0258819 -6.0965926 0.52755906,
  3 -6.1 0.52755906,2.9741181 -6.0965926 0.52755906,
  2.95 -6.0866025 0.52755906,2.9292893 -6.0707107 0.52755906,
  2.9133975 -6.05 0.52755906,2.9034074 -6.0258819 0.52755906,
  2.9 -6 0.52755906,2.9034074 -5.9741181 0.52755906,
  2.9133975 -5.95 0.52755906,2.9292893 -5.9292893 0.52755906,
  2.95 -5.9133975 0.52755906,2.9741181 -5.9034074 0.52755906,
  3 -5.9 1.3474854,3.0258819 -5.9034074 1.3474854,
  3.05 -5.9133975 1.3474854,3.0707107 -5.9292893 1.3474854,
  3.0866025 -5.95 1.3474854,3.0965926 -5.9741181 1.3474854,
  3.1 -6 1.3474854,3.0965926 -6.0258819 1.3474854,
  3.0866025 -6.05 1.3474854,3.0707107 -6.0707107 1.3474854,
  3.05 -6.0866025 1.3474854,3.0258819 -6.0965926 1.3474854,
  3 -6.1 1.3474854,2.9741181 -6.0965926 1.3474854,
  2.95 -6.0866025 1.3474854,2.9292893 -6.0707107 1.3474854,
  2.9133975 -6.05 1.3474854,2.9034074 -6.0258819 1.3474854,
  2.9 -6 1.3474854,2.9034074 -5.9741181 1.3474854,
  2.9133975 -5.95 1.3474854,2.9292893 -5.9292893 1.3474854,
  2.95 -5.9133975 1.3474854,2.9741181 -5.9034074 1.3474854] }
 coordIndex [
  2,27,26,-1,3,28,27,-1,3,27,2,-1,4,29,28,-1,4,28,3,-1,5,30,29,-1,5,29,4,-1,6,31,30,-1,
  6,30,5,-1,7,32,31,-1,7,31,6,-1,8,33,32,-1,8,32,7,-1,9,34,33,-1,9,33,8,-1,10,35,34,-1,
  10,34,9,-1,11,36,35,-1,11,35,10,-1,12,37,36,-1,12,36,11,-1,13,38,37,-1,13,37,12,-1,14,38,13,-1,
  14,39,38,-1,15,39,14,-1,15,40,39,-1,16,40,15,-1,16,41,40,-1,17,41,16,-1,18,41,17,-1,18,42,41,-1,
  18,43,42,-1,19,43,18,-1,20,43,19,-1,20,44,43,-1,20,45,44,-1,21,45,20,-1,22,45,21,-1,22,46,45,-1,
  22,47,46,-1,23,47,22,-1,24,47,23,-1,24,48,47,-1,25,48,24,-1,25,49,48,-1,25,0,49,-1,1,0,25,-1]
  normalPerVertex TRUE
  normal DEF NORM_198 Normal { vector [
  0.13052619 -0.99144486 0,0.13052619 -0.99144486 0,
  -0.13052619 -0.99144486 0,-0.30091828 -0.95364993 0,
  -0.5374875 -0.84327172 0,-0.73742784 -0.67542593 0,
  -0.88711369 -0.46155098 0,-0.9763442 -0.21622209 0,
  -0.99903848 0.04384197 0,-0.95364993 0.30091828 0,
  -0.84327172 0.5374875 0,-0.67542593 0.73742784 0,
  -0.46155098 0.88711369 0,-0.21622209 0.9763442 0,
  0.04384197 0.99903848 0,0.30091828 0.95364993 0,
  0.5374875 0.84327172 0,0.70710678 0.70710678 0,
  0.8660254 0.5 0,0.96592583 0.25881905 0,
  1 0 0,0.96592583 -0.25881905 0,
  0.8660254 -0.5 0,0.70710678 -0.70710678 0,
  0.5374875 -0.84327172 0,0.25881905 -0.96592583 0,
  -0.13052619 -0.99144486 0,-0.21622209 -0.9763442 0,
  -0.46155098 -0.88711369 0,-0.67542593 -0.73742784 0,
  -0.84327172 -0.5374875 0,-0.95364993 -0.30091828 0,
  -0.99903848 -0.04384197 0,-0.9763442 0.21622209 0,
  -0.88711369 0.46155098 0,-0.73742784 0.67542593 0,
  -0.5374875 0.84327172 0,-0.30091828 0.95364993 0,
  -0.04384197 0.99903848 0,0.21622209 0.9763442 0,
  0.46155098 0.88711369 0,0.70710678 0.70710678 0,
  0.8660254 0.5 0,0.96592583 0.25881905 0,
  1 0 0,0.96592583 -0.25881905 0,
  0.8660254 -0.5 0,0.70710678 -0.70710678 0,
  0.46155098 -0.88711369 0,0.25881905 -0.96592583 0] }
}
}
DEF SHAPE_199 Shape {
 appearance USE APP_2
 geometry DEF FACE_199 IndexedFaceSet {
  coord DEF COORD_199 Coordinate { point [
  3 0.1 1.3474854,3 0.1 0.52755906,
  3 0.1 0.52755906,3.0258819 0.096592583 0.52755906,
  3.05 0.08660254 0.52755906,3.0707107 0.070710678 0.52755906,
  3.0866025 0.05 0.52755906,3.0965926 0.025881905 0.52755906,
  3.1 0 0.52755906,3.0965926 -0.025881905 0.52755906,
  3.0866025 -0.05 0.52755906,3.0707107 -0.070710678 0.52755906,
  3.05 -0.08660254 0.52755906,3.0258819 -0.096592583 0.52755906,
  3 -0.1 0.52755906,2.9741181 -0.096592583 0.52755906,
  2.95 -0.08660254 0.52755906,2.9292893 -0.070710678 0.52755906,
  2.9133975 -0.05 0.52755906,2.9034074 -0.025881905 0.52755906,
  2.9 0 0.52755906,2.9034074 0.025881905 0.52755906,
  2.9133975 0.05 0.52755906,2.9292893 0.070710678 0.52755906,
  2.95 0.08660254 0.52755906,2.9741181 0.096592583 0.52755906,
  3 0.1 1.3474854,3.0258819 0.096592583 1.3474854,
  3.05 0.08660254 1.3474854,3.0707107 0.070710678 1.3474854,
  3.0866025 0.05 1.3474854,3.0965926 0.025881905 1.3474854,
  3.1 0 1.3474854,3.0965926 -0.025881905 1.3474854,
  3.0866025 -0.05 1.3474854,3.0707107 -0.070710678 1.3474854,
  3.05 -0.08660254 1.3474854,3.0258819 -0.096592583 1.3474854,
  3 -0.1 1.3474854,2.9741181 -0.096592583 1.3474854,
  2.95 -0.08660254 1.3474854,2.9292893 -0.070710678 1.3474854,
  2.9133975 -0.05 1.3474854,2.9034074 -0.025881905 1.3474854,
  2.9 0 1.3474854,2.9034074 0.025881905 1.3474854,
  2.9133975 0.05 1.3474854,2.9292893 0.070710678 1.3474854,
  2.95 0.08660254 1.3474854,2.9741181 0.096592583 1.3474854] }
 coordIndex [
  2,27,26,-1,3,28,27,-1,3,27,2,-1,4,29,28,-1,4,28,3,-1,5,30,29,-1,5,29,4,-1,6,31,30,-1,
  6,30,5,-1,7,32,31,-1,7,31,6,-1,8,33,32,-1,8,32,7,-1,9,34,33,-1,9,33,8,-1,10,35,34,-1,
  10,34,9,-1,11,36,35,-1,11,35,10,-1,12,37,36,-1,12,36,11,-1,13,38,37,-1,13,37,12,-1,14,38,13,-1,
  14,39,38,-1,15,39,14,-1,15,40,39,-1,16,40,15,-1,16,41,40,-1,17,41,16,-1,18,41,17,-1,18,42,41,-1,
  18,43,42,-1,19,43,18,-1,20,43,19,-1,20,44,43,-1,20,45,44,-1,21,45,20,-1,22,45,21,-1,22,46,45,-1,
  22,47,46,-1,23,47,22,-1,24,47,23,-1,24,48,47,-1,25,48,24,-1,25,49,48,-1,25,0,49,-1,1,0,25,-1]
  normalPerVertex TRUE
  normal DEF NORM_199 Normal { vector [
  0.13052619 -0.99144486 0,0.13052619 -0.99144486 0,
  -0.13052619 -0.99144486 0,-0.30091828 -0.95364993 0,
  -0.5374875 -0.84327172 0,-0.73742784 -0.67542593 0,
  -0.88711369 -0.46155098 0,-0.9763442 -0.21622209 0,
  -0.99903848 0.04384197 0,-0.95364993 0.30091828 0,
  -0.84327172 0.5374875 0,-0.67542593 0.73742784 0,
  -0.46155098 0.88711369 0,-0.21622209 0.9763442 0,
  0.04384197 0.99903848 0,0.30091828 0.95364993 0,
  0.5374875 0.84327172 0,0.70710678 0.70710678 0,
  0.8660254 0.5 0,0.96592583 0.25881905 0,
  1 0 0,0.96592583 -0.25881905 0,
  0.8660254 -0.5 0,0.70710678 -0.70710678 0,
  0.5374875 -0.84327172 0,0.25881905 -0.96592583 0,
  -0.13052619 -0.99144486 0,-0.21622209 -0.9763442 0,
  -0.46155098 -0.88711369 0,-0.67542593 -0.73742784 0,
  -0.84327172 -0.5374875 0,-0.95364993 -0.30091828 0,
  -0.99903848 -0.04384197 0,-0.9763442 0.21622209 0,
  -0.88711369 0.46155098 0,-0.73742784 0.67542593 0,
  -0.5374875 0.84327172 0,-0.30091828 0.95364993 0,
  -0.04384197 0.99903848 0,0.21622209 0.9763442 0,
  0.46155098 0.88711369 0,0.70710678 0.70710678 0,
  0.8660254 0.5 0,0.96592583 0.25881905 0,
  1 0 0,0.96592583 -0.25881905 0,
  0.8660254 -0.5 0,0.70710678 -0.70710678 0,
  0.46155098 -0.88711369 0,0.25881905 -0.96592583 0] }
}
}
DEF SHAPE_200 Shape {
 appearance USE APP_2
 geometry DEF FACE_200 IndexedFaceSet {
  coord DEF COORD_200 Coordinate { point [
  3 -1.1 0,3 -1.1 -1.4488189,
  3 -1.1 0,3.0258819 -1.0965926 0,
  3.05 -1.0866025 0,3.0707107 -1.0707107 0,
  3.0866025 -1.05 0,3.0965926 -1.0258819 0,
  3.1 -1 0,3.0965926 -0.9741181 0,
  3.0866025 -0.95 0,3.0707107 -0.92928932 0,
  3.05 -0.91339746 0,3.0258819 -0.90340742 0,
  3 -0.9 0,2.9741181 -0.90340742 0,
  2.95 -0.91339746 0,2.9292893 -0.92928932 0,
  2.9133975 -0.95 0,2.9034074 -0.9741181 0,
  2.9 -1 0,2.9034074 -1.0258819 0,
  2.9133975 -1.05 0,2.9292893 -1.0707107 0,
  2.95 -1.0866025 0,2.9741181 -1.0965926 0,
  3 -1.1 -1.4488189,3.0258819 -1.0965926 -1.4488189,
  3.05 -1.0866025 -1.4488189,3.0707107 -1.0707107 -1.4488189,
  3.0866025 -1.05 -1.4488189,3.0965926 -1.0258819 -1.4488189,
  3.1 -1 -1.4488189,3.0965926 -0.9741181 -1.4488189,
  3.0866025 -0.95 -1.4488189,3.0707107 -0.92928932 -1.4488189,
  3.05 -0.91339746 -1.4488189,3.0258819 -0.90340742 -1.4488189,
  3 -0.9 -1.4488189,2.9741181 -0.90340742 -1.4488189,
  2.95 -0.91339746 -1.4488189,2.9292893 -0.92928932 -1.4488189,
  2.9133975 -0.95 -1.4488189,2.9034074 -0.9741181 -1.4488189,
  2.9 -1 -1.4488189,2.9034074 -1.0258819 -1.4488189,
  2.9133975 -1.05 -1.4488189,2.9292893 -1.0707107 -1.4488189,
  2.95 -1.0866025 -1.4488189,2.9741181 -1.0965926 -1.4488189] }
 coordIndex [
  3,2,26,-1,3,26,27,-1,4,27,28,-1,4,3,27,-1,5,28,29,-1,5,4,28,-1,6,29,30,-1,6,30,31,-1,
  6,5,29,-1,7,6,31,-1,8,31,32,-1,8,7,31,-1,9,32,33,-1,9,33,34,-1,9,8,32,-1,10,9,34,-1,
  11,34,35,-1,11,10,34,-1,12,35,36,-1,12,36,37,-1,12,11,35,-1,13,12,37,-1,14,37,38,-1,14,13,37,-1,
  15,14,38,-1,15,38,39,-1,16,15,39,-1,16,39,40,-1,17,16,40,-1,17,40,41,-1,18,17,41,-1,18,41,42,-1,
  19,18,42,-1,19,42,43,-1,20,19,43,-1,20,43,44,-1,21,20,44,-1,21,44,45,-1,22,21,45,-1,22,45,46,-1,
  23,22,46,-1,23,46,47,-1,24,23,47,-1,24,47,48,-1,24,48,49,-1,25,24,49,-1,0,25,49,-1,0,49,1,-1]
  normalPerVertex TRUE
  normal DEF NORM_200 Normal { vector [
  -0.13052619 -0.99144486 0,-0.13052619 -0.99144486 0,
  0.13052619 -0.99144486 0,0.21622209 -0.9763442 0,
  0.46155098 -0.88711369 0,0.67542593 -0.73742784 0,
  0.8660254 -0.5 0,0.96592583 -0.25881905 0,
  0.99903848 -0.04384197 0,0.96592583 0.25881905 0,
  0.8660254 0.5 0,0.73742784 0.67542593 0,
  0.5 0.8660254 0,0.25881905 0.96592583 0,
  0.04384197 0.99903848 0,-0.21622209 0.9763442 0,
  -0.46155098 0.88711369 0,-0.67542593 0.73742784 0,
  -0.84327172 0.5374875 0,-0.95364993 0.30091828 0,
  -0.99903848 0.04384197 0,-0.9763442 -0.21622209 0,
  -0.88711369 -0.46155098 0,-0.73742784 -0.67542593 0,
  -0.5 -0.8660254 0,-0.25881905 -0.96592583 0,
  0.13052619 -0.99144486 0,0.30091828 -0.95364993 0,
  0.5374875 -0.84327172 0,0.73742784 -0.67542593 0,
  0.8660254 -0.5 0,0.96592583 -0.25881905 0,
  0.99903848 0.04384197 0,0.96592583 0.25881905 0,
  0.8660254 0.5 0,0.67542593 0.73742784 0,
  0.5 0.8660254 0,0.25881905 0.96592583 0,
  -0.04384197 0.99903848 0,-0.30091828 0.95364993 0,
  -0.5374875 0.84327172 0,-0.73742784 0.67542593 0,
  -0.88711369 0.46155098 0,-0.9763442 0.21622209 0,
  -0.99903848 -0.04384197 0,-0.95364993 -0.30091828 0,
  -0.84327172 -0.5374875 0,-0.67542593 -0.73742784 0,
  -0.5 -0.8660254 0,-0.25881905 -0.96592583 0] }
}
}
DEF SHAPE_201 Shape {
 appearance USE APP_2
 geometry DEF FACE_201 IndexedFaceSet {
  coord DEF COORD_201 Coordinate { point [
  3 -2.1 0,3 -2.1 -1.4488189,
  3 -2.1 0,3.0258819 -2.0965926 0,
  3.05 -2.0866025 0,3.0707107 -2.0707107 0,
  3.0866025 -2.05 0,3.0965926 -2.0258819 0,
  3.1 -2 0,3.0965926 -1.9741181 0,
  3.0866025 -1.95 0,3.0707107 -1.9292893 0,
  3.05 -1.9133975 0,3.0258819 -1.9034074 0,
  3 -1.9 0,2.9741181 -1.9034074 0,
  2.95 -1.9133975 0,2.9292893 -1.9292893 0,
  2.9133975 -1.95 0,2.9034074 -1.9741181 0,
  2.9 -2 0,2.9034074 -2.0258819 0,
  2.9133975 -2.05 0,2.9292893 -2.0707107 0,
  2.95 -2.0866025 0,2.9741181 -2.0965926 0,
  3 -2.1 -1.4488189,3.0258819 -2.0965926 -1.4488189,
  3.05 -2.0866025 -1.4488189,3.0707107 -2.0707107 -1.4488189,
  3.0866025 -2.05 -1.4488189,3.0965926 -2.0258819 -1.4488189,
  3.1 -2 -1.4488189,3.0965926 -1.9741181 -1.4488189,
  3.0866025 -1.95 -1.4488189,3.0707107 -1.9292893 -1.4488189,
  3.05 -1.9133975 -1.4488189,3.0258819 -1.9034074 -1.4488189,
  3 -1.9 -1.4488189,2.9741181 -1.9034074 -1.4488189,
  2.95 -1.9133975 -1.4488189,2.9292893 -1.9292893 -1.4488189,
  2.9133975 -1.95 -1.4488189,2.9034074 -1.9741181 -1.4488189,
  2.9 -2 -1.4488189,2.9034074 -2.0258819 -1.4488189,
  2.9133975 -2.05 -1.4488189,2.9292893 -2.0707107 -1.4488189,
  2.95 -2.0866025 -1.4488189,2.9741181 -2.0965926 -1.4488189] }
 coordIndex [
  3,2,26,-1,3,26,27,-1,4,27,28,-1,4,3,27,-1,5,28,29,-1,5,4,28,-1,6,29,30,-1,6,30,31,-1,
  6,5,29,-1,7,6,31,-1,8,31,32,-1,8,7,31,-1,9,32,33,-1,9,33,34,-1,9,8,32,-1,10,9,34,-1,
  11,34,35,-1,11,10,34,-1,12,35,36,-1,12,36,37,-1,12,11,35,-1,13,12,37,-1,14,37,38,-1,14,13,37,-1,
  15,14,38,-1,15,38,39,-1,16,15,39,-1,16,39,40,-1,17,16,40,-1,17,40,41,-1,18,17,41,-1,18,41,42,-1,
  19,18,42,-1,19,42,43,-1,20,19,43,-1,20,43,44,-1,21,20,44,-1,21,44,45,-1,22,21,45,-1,22,45,46,-1,
  23,22,46,-1,23,46,47,-1,24,23,47,-1,24,47,48,-1,24,48,49,-1,25,24,49,-1,0,25,49,-1,0,49,1,-1]
  normalPerVertex TRUE
  normal DEF NORM_201 Normal { vector [
  -0.13052619 -0.99144486 0,-0.13052619 -0.99144486 0,
  0.13052619 -0.99144486 0,0.21622209 -0.9763442 0,
  0.46155098 -0.88711369 0,0.67542593 -0.73742784 0,
  0.8660254 -0.5 0,0.96592583 -0.25881905 0,
  0.99903848 -0.04384197 0,0.96592583 0.25881905 0,
  0.8660254 0.5 0,0.73742784 0.67542593 0,
  0.5 0.8660254 0,0.25881905 0.96592583 0,
  0.04384197 0.99903848 0,-0.21622209 0.9763442 0,
  -0.46155098 0.88711369 0,-0.67542593 0.73742784 0,
  -0.84327172 0.5374875 0,-0.95364993 0.30091828 0,
  -0.99903848 0.04384197 0,-0.9763442 -0.21622209 0,
  -0.88711369 -0.46155098 0,-0.73742784 -0.67542593 0,
  -0.5 -0.8660254 0,-0.25881905 -0.96592583 0,
  0.13052619 -0.99144486 0,0.30091828 -0.95364993 0,
  0.5374875 -0.84327172 0,0.73742784 -0.67542593 0,
  0.8660254 -0.5 0,0.96592583 -0.25881905 0,
  0.99903848 0.04384197 0,0.96592583 0.25881905 0,
  0.8660254 0.5 0,0.67542593 0.73742784 0,
  0.5 0.8660254 0,0.25881905 0.96592583 0,
  -0.04384197 0.99903848 0,-0.30091828 0.95364993 0,
  -0.5374875 0.84327172 0,-0.73742784 0.67542593 0,
  -0.88711369 0.46155098 0,-0.9763442 0.21622209 0,
  -0.99903848 -0.04384197 0,-0.95364993 -0.30091828 0,
  -0.84327172 -0.5374875 0,-0.67542593 -0.73742784 0,
  -0.5 -0.8660254 0,-0.25881905 -0.96592583 0] }
}
}
DEF SHAPE_202 Shape {
 appearance USE APP_2
 geometry DEF FACE_202 IndexedFaceSet {
  coord DEF COORD_202 Coordinate { point [
  3 -4.1 0,3 -4.1 -1.4488189,
  3 -4.1 0,3.0258819 -4.0965926 0,
  3.05 -4.0866025 0,3.0707107 -4.0707107 0,
  3.0866025 -4.05 0,3.0965926 -4.0258819 0,
  3.1 -4 0,3.0965926 -3.9741181 0,
  3.0866025 -3.95 0,3.0707107 -3.9292893 0,
  3.05 -3.9133975 0,3.0258819 -3.9034074 0,
  3 -3.9 0,2.9741181 -3.9034074 0,
  2.95 -3.9133975 0,2.9292893 -3.9292893 0,
  2.9133975 -3.95 0,2.9034074 -3.9741181 0,
  2.9 -4 0,2.9034074 -4.0258819 0,
  2.9133975 -4.05 0,2.9292893 -4.0707107 0,
  2.95 -4.0866025 0,2.9741181 -4.0965926 0,
  3 -4.1 -1.4488189,3.0258819 -4.0965926 -1.4488189,
  3.05 -4.0866025 -1.4488189,3.0707107 -4.0707107 -1.4488189,
  3.0866025 -4.05 -1.4488189,3.0965926 -4.0258819 -1.4488189,
  3.1 -4 -1.4488189,3.0965926 -3.9741181 -1.4488189,
  3.0866025 -3.95 -1.4488189,3.0707107 -3.9292893 -1.4488189,
  3.05 -3.9133975 -1.4488189,3.0258819 -3.9034074 -1.4488189,
  3 -3.9 -1.4488189,2.9741181 -3.9034074 -1.4488189,
  2.95 -3.9133975 -1.4488189,2.9292893 -3.9292893 -1.4488189,
  2.9133975 -3.95 -1.4488189,2.9034074 -3.9741181 -1.4488189,
  2.9 -4 -1.4488189,2.9034074 -4.0258819 -1.4488189,
  2.9133975 -4.05 -1.4488189,2.9292893 -4.0707107 -1.4488189,
  2.95 -4.0866025 -1.4488189,2.9741181 -4.0965926 -1.4488189] }
 coordIndex [
  3,2,26,-1,3,26,27,-1,4,27,28,-1,4,3,27,-1,5,28,29,-1,5,4,28,-1,6,29,30,-1,6,30,31,-1,
  6,5,29,-1,7,6,31,-1,8,31,32,-1,8,7,31,-1,9,32,33,-1,9,33,34,-1,9,8,32,-1,10,9,34,-1,
  11,34,35,-1,11,10,34,-1,12,35,36,-1,12,36,37,-1,12,11,35,-1,13,12,37,-1,14,37,38,-1,14,13,37,-1,
  15,14,38,-1,15,38,39,-1,16,15,39,-1,16,39,40,-1,17,16,40,-1,17,40,41,-1,18,17,41,-1,18,41,42,-1,
  19,18,42,-1,19,42,43,-1,20,19,43,-1,20,43,44,-1,21,20,44,-1,21,44,45,-1,22,21,45,-1,22,45,46,-1,
  23,22,46,-1,23,46,47,-1,24,23,47,-1,24,47,48,-1,24,48,49,-1,25,24,49,-1,0,25,49,-1,0,49,1,-1]
  normalPerVertex TRUE
  normal DEF NORM_202 Normal { vector [
  -0.13052619 -0.99144486 0,-0.13052619 -0.99144486 0,
  0.13052619 -0.99144486 0,0.21622209 -0.9763442 0,
  0.46155098 -0.88711369 0,0.67542593 -0.73742784 0,
  0.8660254 -0.5 0,0.96592583 -0.25881905 0,
  0.99903848 -0.04384197 0,0.96592583 0.25881905 0,
  0.8660254 0.5 0,0.73742784 0.67542593 0,
  0.5 0.8660254 0,0.25881905 0.96592583 0,
  0.04384197 0.99903848 0,-0.21622209 0.9763442 0,
  -0.46155098 0.88711369 0,-0.67542593 0.73742784 0,
  -0.84327172 0.5374875 0,-0.95364993 0.30091828 0,
  -0.99903848 0.04384197 0,-0.9763442 -0.21622209 0,
  -0.88711369 -0.46155098 0,-0.73742784 -0.67542593 0,
  -0.5 -0.8660254 0,-0.25881905 -0.96592583 0,
  0.13052619 -0.99144486 0,0.30091828 -0.95364993 0,
  0.5374875 -0.84327172 0,0.73742784 -0.67542593 0,
  0.8660254 -0.5 0,0.96592583 -0.25881905 0,
  0.99903848 0.04384197 0,0.96592583 0.25881905 0,
  0.8660254 0.5 0,0.67542593 0.73742784 0,
  0.5 0.8660254 0,0.25881905 0.96592583 0,
  -0.04384197 0.99903848 0,-0.30091828 0.95364993 0,
  -0.5374875 0.84327172 0,-0.73742784 0.67542593 0,
  -0.88711369 0.46155098 0,-0.9763442 0.21622209 0,
  -0.99903848 -0.04384197 0,-0.95364993 -0.30091828 0,
  -0.84327172 -0.5374875 0,-0.67542593 -0.73742784 0,
  -0.5 -0.8660254 0,-0.25881905 -0.96592583 0] }
}
}
DEF SHAPE_203 Shape {
 appearance USE APP_2
 geometry DEF FACE_203 IndexedFaceSet {
  coord DEF COORD_203 Coordinate { point [
  3 -3.1 0,3 -3.1 -1.4488189,
  3 -3.1 0,3.0258819 -3.0965926 0,
  3.05 -3.0866025 0,3.0707107 -3.0707107 0,
  3.0866025 -3.05 0,3.0965926 -3.0258819 0,
  3.1 -3 0,3.0965926 -2.9741181 0,
  3.0866025 -2.95 0,3.0707107 -2.9292893 0,
  3.05 -2.9133975 0,3.0258819 -2.9034074 0,
  3 -2.9 0,2.9741181 -2.9034074 0,
  2.95 -2.9133975 0,2.9292893 -2.9292893 0,
  2.9133975 -2.95 0,2.9034074 -2.9741181 0,
  2.9 -3 0,2.9034074 -3.0258819 0,
  2.9133975 -3.05 0,2.9292893 -3.0707107 0,
  2.95 -3.0866025 0,2.9741181 -3.0965926 0,
  3 -3.1 -1.4488189,3.0258819 -3.0965926 -1.4488189,
  3.05 -3.0866025 -1.4488189,3.0707107 -3.0707107 -1.4488189,
  3.0866025 -3.05 -1.4488189,3.0965926 -3.0258819 -1.4488189,
  3.1 -3 -1.4488189,3.0965926 -2.9741181 -1.4488189,
  3.0866025 -2.95 -1.4488189,3.0707107 -2.9292893 -1.4488189,
  3.05 -2.9133975 -1.4488189,3.0258819 -2.9034074 -1.4488189,
  3 -2.9 -1.4488189,2.9741181 -2.9034074 -1.4488189,
  2.95 -2.9133975 -1.4488189,2.9292893 -2.9292893 -1.4488189,
  2.9133975 -2.95 -1.4488189,2.9034074 -2.9741181 -1.4488189,
  2.9 -3 -1.4488189,2.9034074 -3.0258819 -1.4488189,
  2.9133975 -3.05 -1.4488189,2.9292893 -3.0707107 -1.4488189,
  2.95 -3.0866025 -1.4488189,2.9741181 -3.0965926 -1.4488189] }
 coordIndex [
  3,2,26,-1,3,26,27,-1,4,27,28,-1,4,3,27,-1,5,28,29,-1,5,4,28,-1,6,29,30,-1,6,30,31,-1,
  6,5,29,-1,7,6,31,-1,8,31,32,-1,8,7,31,-1,9,32,33,-1,9,33,34,-1,9,8,32,-1,10,9,34,-1,
  11,34,35,-1,11,10,34,-1,12,35,36,-1,12,36,37,-1,12,11,35,-1,13,12,37,-1,14,37,38,-1,14,13,37,-1,
  15,14,38,-1,15,38,39,-1,16,15,39,-1,16,39,40,-1,17,16,40,-1,17,40,41,-1,18,17,41,-1,18,41,42,-1,
  19,18,42,-1,19,42,43,-1,20,19,43,-1,20,43,44,-1,21,20,44,-1,21,44,45,-1,22,21,45,-1,22,45,46,-1,
  23,22,46,-1,23,46,47,-1,24,23,47,-1,24,47,48,-1,24,48,49,-1,25,24,49,-1,0,25,49,-1,0,49,1,-1]
  normalPerVertex TRUE
  normal DEF NORM_203 Normal { vector [
  -0.13052619 -0.99144486 0,-0.13052619 -0.99144486 0,
  0.13052619 -0.99144486 0,0.21622209 -0.9763442 0,
  0.46155098 -0.88711369 0,0.67542593 -0.73742784 0,
  0.8660254 -0.5 0,0.96592583 -0.25881905 0,
  0.99903848 -0.04384197 0,0.96592583 0.25881905 0,
  0.8660254 0.5 0,0.73742784 0.67542593 0,
  0.5 0.8660254 0,0.25881905 0.96592583 0,
  0.04384197 0.99903848 0,-0.21622209 0.9763442 0,
  -0.46155098 0.88711369 0,-0.67542593 0.73742784 0,
  -0.84327172 0.5374875 0,-0.95364993 0.30091828 0,
  -0.99903848 0.04384197 0,-0.9763442 -0.21622209 0,
  -0.88711369 -0.46155098 0,-0.73742784 -0.67542593 0,
  -0.5 -0.8660254 0,-0.25881905 -0.96592583 0,
  0.13052619 -0.99144486 0,0.30091828 -0.95364993 0,
  0.5374875 -0.84327172 0,0.73742784 -0.67542593 0,
  0.8660254 -0.5 0,0.96592583 -0.25881905 0,
  0.99903848 0.04384197 0,0.96592583 0.25881905 0,
  0.8660254 0.5 0,0.67542593 0.73742784 0,
  0.5 0.8660254 0,0.25881905 0.96592583 0,
  -0.04384197 0.99903848 0,-0.30091828 0.95364993 0,
  -0.5374875 0.84327172 0,-0.73742784 0.67542593 0,
  -0.88711369 0.46155098 0,-0.9763442 0.21622209 0,
  -0.99903848 -0.04384197 0,-0.95364993 -0.30091828 0,
  -0.84327172 -0.5374875 0,-0.67542593 -0.73742784 0,
  -0.5 -0.8660254 0,-0.25881905 -0.96592583 0] }
}
}
DEF SHAPE_204 Shape {
 appearance USE APP_2
 geometry DEF FACE_204 IndexedFaceSet {
  coord DEF COORD_204 Coordinate { point [
  0 -3.9 0,0 -3.9 -1.4488189,
  0 -3.9 0,-0.025881905 -3.9034074 0,
  -0.05 -3.9133975 0,-0.070710678 -3.9292893 0,
  -0.08660254 -3.95 0,-0.096592583 -3.9741181 0,
  -0.1 -4 0,-0.096592583 -4.0258819 0,
  -0.08660254 -4.05 0,-0.070710678 -4.0707107 0,
  -0.05 -4.0866025 0,-0.025881905 -4.0965926 0,
  0 -4.1 0,0.025881905 -4.0965926 0,
  0.05 -4.0866025 0,0.070710678 -4.0707107 0,
  0.08660254 -4.05 0,0.096592583 -4.0258819 0,
  0.1 -4 0,0.096592583 -3.9741181 0,
  0.08660254 -3.95 0,0.070710678 -3.9292893 0,
  0.05 -3.9133975 0,0.025881905 -3.9034074 0,
  0 -3.9 -1.4488189,-0.025881905 -3.9034074 -1.4488189,
  -0.05 -3.9133975 -1.4488189,-0.070710678 -3.9292893 -1.4488189,
  -0.08660254 -3.95 -1.4488189,-0.096592583 -3.9741181 -1.4488189,
  -0.1 -4 -1.4488189,-0.096592583 -4.0258819 -1.4488189,
  -0.08660254 -4.05 -1.4488189,-0.070710678 -4.0707107 -1.4488189,
  -0.05 -4.0866025 -1.4488189,-0.025881905 -4.0965926 -1.4488189,
  0 -4.1 -1.4488189,0.025881905 -4.0965926 -1.4488189,
  0.05 -4.0866025 -1.4488189,0.070710678 -4.0707107 -1.4488189,
  0.08660254 -4.05 -1.4488189,0.096592583 -4.0258819 -1.4488189,
  0.1 -4 -1.4488189,0.096592583 -3.9741181 -1.4488189,
  0.08660254 -3.95 -1.4488189,0.070710678 -3.9292893 -1.4488189,
  0.05 -3.9133975 -1.4488189,0.025881905 -3.9034074 -1.4488189] }
 coordIndex [
  3,2,26,-1,3,26,27,-1,4,27,28,-1,4,3,27,-1,5,28,29,-1,5,4,28,-1,6,29,30,-1,6,30,31,-1,
  6,5,29,-1,7,6,31,-1,8,31,32,-1,8,7,31,-1,9,32,33,-1,9,33,34,-1,9,8,32,-1,10,9,34,-1,
  11,34,35,-1,11,10,34,-1,12,35,36,-1,12,36,37,-1,12,11,35,-1,13,12,37,-1,14,37,38,-1,14,13,37,-1,
  15,14,38,-1,15,38,39,-1,16,15,39,-1,16,39,40,-1,17,16,40,-1,17,40,41,-1,18,17,41,-1,18,41,42,-1,
  19,18,42,-1,19,42,43,-1,20,19,43,-1,20,43,44,-1,21,20,44,-1,21,44,45,-1,22,21,45,-1,22,45,46,-1,
  23,22,46,-1,23,46,47,-1,24,23,47,-1,24,47,48,-1,24,48,49,-1,25,24,49,-1,0,25,49,-1,0,49,1,-1]
  normalPerVertex TRUE
  normal DEF NORM_204 Normal { vector [
  0.13052619 0.99144486 0,0.13052619 0.99144486 0,
  -0.13052619 0.99144486 0,-0.21622209 0.9763442 0,
  -0.46155098 0.88711369 0,-0.67542593 0.73742784 0,
  -0.8660254 0.5 0,-0.96592583 0.25881905 0,
  -0.99903848 0.04384197 0,-0.96592583 -0.25881905 0,
  -0.8660254 -0.5 0,-0.73742784 -0.67542593 0,
  -0.5 -0.8660254 0,-0.25881905 -0.96592583 0,
  -0.04384197 -0.99903848 0,0.21622209 -0.9763442 0,
  0.46155098 -0.88711369 0,0.67542593 -0.73742784 0,
  0.84327172 -0.5374875 0,0.95364993 -0.30091828 0,
  0.99903848 -0.04384197 0,0.9763442 0.21622209 0,
  0.88711369 0.46155098 0,0.73742784 0.67542593 0,
  0.5 0.8660254 0,0.25881905 0.96592583 0,
  -0.13052619 0.99144486 0,-0.30091828 0.95364993 0,
  -0.5374875 0.84327172 0,-0.73742784 0.67542593 0,
  -0.8660254 0.5 0,-0.96592583 0.25881905 0,
  -0.99903848 -0.04384197 0,-0.96592583 -0.25881905 0,
  -0.8660254 -0.5 0,-0.67542593 -0.73742784 0,
  -0.5 -0.8660254 0,-0.25881905 -0.96592583 0,
  0.04384197 -0.99903848 0,0.30091828 -0.95364993 0,
  0.5374875 -0.84327172 0,0.73742784 -0.67542593 0,
  0.88711369 -0.46155098 0,0.9763442 -0.21622209 0,
  0.99903848 0.04384197 0,0.95364993 0.30091828 0,
  0.84327172 0.5374875 0,0.67542593 0.73742784 0,
  0.5 0.8660254 0,0.25881905 0.96592583 0] }
}
}
DEF SHAPE_205 Shape {
 appearance USE APP_2
 geometry DEF FACE_205 IndexedFaceSet {
  coord DEF COORD_205 Coordinate { point [
  0 -2.9 0,0 -2.9 -1.4488189,
  0 -2.9 0,-0.025881905 -2.9034074 0,
  -0.05 -2.9133975 0,-0.070710678 -2.9292893 0,
  -0.08660254 -2.95 0,-0.096592583 -2.9741181 0,
  -0.1 -3 0,-0.096592583 -3.0258819 0,
  -0.08660254 -3.05 0,-0.070710678 -3.0707107 0,
  -0.05 -3.0866025 0,-0.025881905 -3.0965926 0,
  0 -3.1 0,0.025881905 -3.0965926 0,
  0.05 -3.0866025 0,0.070710678 -3.0707107 0,
  0.08660254 -3.05 0,0.096592583 -3.0258819 0,
  0.1 -3 0,0.096592583 -2.9741181 0,
  0.08660254 -2.95 0,0.070710678 -2.9292893 0,
  0.05 -2.9133975 0,0.025881905 -2.9034074 0,
  0 -2.9 -1.4488189,-0.025881905 -2.9034074 -1.4488189,
  -0.05 -2.9133975 -1.4488189,-0.070710678 -2.9292893 -1.4488189,
  -0.08660254 -2.95 -1.4488189,-0.096592583 -2.9741181 -1.4488189,
  -0.1 -3 -1.4488189,-0.096592583 -3.0258819 -1.4488189,
  -0.08660254 -3.05 -1.4488189,-0.070710678 -3.0707107 -1.4488189,
  -0.05 -3.0866025 -1.4488189,-0.025881905 -3.0965926 -1.4488189,
  0 -3.1 -1.4488189,0.025881905 -3.0965926 -1.4488189,
  0.05 -3.0866025 -1.4488189,0.070710678 -3.0707107 -1.4488189,
  0.08660254 -3.05 -1.4488189,0.096592583 -3.0258819 -1.4488189,
  0.1 -3 -1.4488189,0.096592583 -2.9741181 -1.4488189,
  0.08660254 -2.95 -1.4488189,0.070710678 -2.9292893 -1.4488189,
  0.05 -2.9133975 -1.4488189,0.025881905 -2.9034074 -1.4488189] }
 coordIndex [
  3,2,26,-1,3,26,27,-1,4,27,28,-1,4,3,27,-1,5,28,29,-1,5,4,28,-1,6,29,30,-1,6,30,31,-1,
  6,5,29,-1,7,6,31,-1,8,31,32,-1,8,7,31,-1,9,32,33,-1,9,33,34,-1,9,8,32,-1,10,9,34,-1,
  11,34,35,-1,11,10,34,-1,12,35,36,-1,12,36,37,-1,12,11,35,-1,13,12,37,-1,14,37,38,-1,14,13,37,-1,
  15,14,38,-1,15,38,39,-1,16,15,39,-1,16,39,40,-1,17,16,40,-1,17,40,41,-1,18,17,41,-1,18,41,42,-1,
  19,18,42,-1,19,42,43,-1,20,19,43,-1,20,43,44,-1,21,20,44,-1,21,44,45,-1,22,21,45,-1,22,45,46,-1,
  23,22,46,-1,23,46,47,-1,24,23,47,-1,24,47,48,-1,24,48,49,-1,25,24,49,-1,0,25,49,-1,0,49,1,-1]
  normalPerVertex TRUE
  normal DEF NORM_205 Normal { vector [
  0.13052619 0.99144486 0,0.13052619 0.99144486 0,
  -0.13052619 0.99144486 0,-0.21622209 0.9763442 0,
  -0.46155098 0.88711369 0,-0.67542593 0.73742784 0,
  -0.8660254 0.5 0,-0.96592583 0.25881905 0,
  -0.99903848 0.04384197 0,-0.96592583 -0.25881905 0,
  -0.8660254 -0.5 0,-0.73742784 -0.67542593 0,
  -0.5 -0.8660254 0,-0.25881905 -0.96592583 0,
  -0.04384197 -0.99903848 0,0.21622209 -0.9763442 0,
  0.46155098 -0.88711369 0,0.67542593 -0.73742784 0,
  0.84327172 -0.5374875 0,0.95364993 -0.30091828 0,
  0.99903848 -0.04384197 0,0.9763442 0.21622209 0,
  0.88711369 0.46155098 0,0.73742784 0.67542593 0,
  0.5 0.8660254 0,0.25881905 0.96592583 0,
  -0.13052619 0.99144486 0,-0.30091828 0.95364993 0,
  -0.5374875 0.84327172 0,-0.73742784 0.67542593 0,
  -0.8660254 0.5 0,-0.96592583 0.25881905 0,
  -0.99903848 -0.04384197 0,-0.96592583 -0.25881905 0,
  -0.8660254 -0.5 0,-0.67542593 -0.73742784 0,
  -0.5 -0.8660254 0,-0.25881905 -0.96592583 0,
  0.04384197 -0.99903848 0,0.30091828 -0.95364993 0,
  0.5374875 -0.84327172 0,0.73742784 -0.67542593 0,
  0.88711369 -0.46155098 0,0.9763442 -0.21622209 0,
  0.99903848 0.04384197 0,0.95364993 0.30091828 0,
  0.84327172 0.5374875 0,0.67542593 0.73742784 0,
  0.5 0.8660254 0,0.25881905 0.96592583 0] }
}
}
DEF SHAPE_206 Shape {
 appearance USE APP_2
 geometry DEF FACE_206 IndexedFaceSet {
  coord DEF COORD_206 Coordinate { point [
  0 -0.9 0,0 -0.9 -1.4488189,
  0 -0.9 0,-0.025881905 -0.90340742 0,
  -0.05 -0.91339746 0,-0.070710678 -0.92928932 0,
  -0.08660254 -0.95 0,-0.096592583 -0.9741181 0,
  -0.1 -1 0,-0.096592583 -1.0258819 0,
  -0.08660254 -1.05 0,-0.070710678 -1.0707107 0,
  -0.05 -1.0866025 0,-0.025881905 -1.0965926 0,
  0 -1.1 0,0.025881905 -1.0965926 0,
  0.05 -1.0866025 0,0.070710678 -1.0707107 0,
  0.08660254 -1.05 0,0.096592583 -1.0258819 0,
  0.1 -1 0,0.096592583 -0.9741181 0,
  0.08660254 -0.95 0,0.070710678 -0.92928932 0,
  0.05 -0.91339746 0,0.025881905 -0.90340742 0,
  0 -0.9 -1.4488189,-0.025881905 -0.90340742 -1.4488189,
  -0.05 -0.91339746 -1.4488189,-0.070710678 -0.92928932 -1.4488189,
  -0.08660254 -0.95 -1.4488189,-0.096592583 -0.9741181 -1.4488189,
  -0.1 -1 -1.4488189,-0.096592583 -1.0258819 -1.4488189,
  -0.08660254 -1.05 -1.4488189,-0.070710678 -1.0707107 -1.4488189,
  -0.05 -1.0866025 -1.4488189,-0.025881905 -1.0965926 -1.4488189,
  0 -1.1 -1.4488189,0.025881905 -1.0965926 -1.4488189,
  0.05 -1.0866025 -1.4488189,0.070710678 -1.0707107 -1.4488189,
  0.08660254 -1.05 -1.4488189,0.096592583 -1.0258819 -1.4488189,
  0.1 -1 -1.4488189,0.096592583 -0.9741181 -1.4488189,
  0.08660254 -0.95 -1.4488189,0.070710678 -0.92928932 -1.4488189,
  0.05 -0.91339746 -1.4488189,0.025881905 -0.90340742 -1.4488189] }
 coordIndex [
  3,2,26,-1,3,26,27,-1,4,27,28,-1,4,3,27,-1,5,28,29,-1,5,4,28,-1,6,29,30,-1,6,30,31,-1,
  6,5,29,-1,7,6,31,-1,8,31,32,-1,8,7,31,-1,9,32,33,-1,9,33,34,-1,9,8,32,-1,10,9,34,-1,
  11,34,35,-1,11,10,34,-1,12,35,36,-1,12,36,37,-1,12,11,35,-1,13,12,37,-1,14,37,38,-1,14,13,37,-1,
  15,14,38,-1,15,38,39,-1,16,15,39,-1,16,39,40,-1,17,16,40,-1,17,40,41,-1,18,17,41,-1,18,41,42,-1,
  19,18,42,-1,19,42,43,-1,20,19,43,-1,20,43,44,-1,21,20,44,-1,21,44,45,-1,22,21,45,-1,22,45,46,-1,
  23,22,46,-1,23,46,47,-1,24,23,47,-1,24,47,48,-1,24,48,49,-1,25,24,49,-1,0,25,49,-1,0,49,1,-1]
  normalPerVertex TRUE
  normal DEF NORM_206 Normal { vector [
  0.13052619 0.99144486 0,0.13052619 0.99144486 0,
  -0.13052619 0.99144486 0,-0.21622209 0.9763442 0,
  -0.46155098 0.88711369 0,-0.67542593 0.73742784 0,
  -0.8660254 0.5 0,-0.96592583 0.25881905 0,
  -0.99903848 0.04384197 0,-0.96592583 -0.25881905 0,
  -0.8660254 -0.5 0,-0.73742784 -0.67542593 0,
  -0.5 -0.8660254 0,-0.25881905 -0.96592583 0,
  -0.04384197 -0.99903848 0,0.21622209 -0.9763442 0,
  0.46155098 -0.88711369 0,0.67542593 -0.73742784 0,
  0.84327172 -0.5374875 0,0.95364993 -0.30091828 0,
  0.99903848 -0.04384197 0,0.9763442 0.21622209 0,
  0.88711369 0.46155098 0,0.73742784 0.67542593 0,
  0.5 0.8660254 0,0.25881905 0.96592583 0,
  -0.13052619 0.99144486 0,-0.30091828 0.95364993 0,
  -0.5374875 0.84327172 0,-0.73742784 0.67542593 0,
  -0.8660254 0.5 0,-0.96592583 0.25881905 0,
  -0.99903848 -0.04384197 0,-0.96592583 -0.25881905 0,
  -0.8660254 -0.5 0,-0.67542593 -0.73742784 0,
  -0.5 -0.8660254 0,-0.25881905 -0.96592583 0,
  0.04384197 -0.99903848 0,0.30091828 -0.95364993 0,
  0.5374875 -0.84327172 0,0.73742784 -0.67542593 0,
  0.88711369 -0.46155098 0,0.9763442 -0.21622209 0,
  0.99903848 0.04384197 0,0.95364993 0.30091828 0,
  0.84327172 0.5374875 0,0.67542593 0.73742784 0,
  0.5 0.8660254 0,0.25881905 0.96592583 0] }
}
}
DEF SHAPE_207 Shape {
 appearance USE APP_2
 geometry DEF FACE_207 IndexedFaceSet {
  coord DEF COORD_207 Coordinate { point [
  0 -1.9 0,0 -1.9 -1.4488189,
  0 -1.9 0,-0.025881905 -1.9034074 0,
  -0.05 -1.9133975 0,-0.070710678 -1.9292893 0,
  -0.08660254 -1.95 0,-0.096592583 -1.9741181 0,
  -0.1 -2 0,-0.096592583 -2.0258819 0,
  -0.08660254 -2.05 0,-0.070710678 -2.0707107 0,
  -0.05 -2.0866025 0,-0.025881905 -2.0965926 0,
  0 -2.1 0,0.025881905 -2.0965926 0,
  0.05 -2.0866025 0,0.070710678 -2.0707107 0,
  0.08660254 -2.05 0,0.096592583 -2.0258819 0,
  0.1 -2 0,0.096592583 -1.9741181 0,
  0.08660254 -1.95 0,0.070710678 -1.9292893 0,
  0.05 -1.9133975 0,0.025881905 -1.9034074 0,
  0 -1.9 -1.4488189,-0.025881905 -1.9034074 -1.4488189,
  -0.05 -1.9133975 -1.4488189,-0.070710678 -1.9292893 -1.4488189,
  -0.08660254 -1.95 -1.4488189,-0.096592583 -1.9741181 -1.4488189,
  -0.1 -2 -1.4488189,-0.096592583 -2.0258819 -1.4488189,
  -0.08660254 -2.05 -1.4488189,-0.070710678 -2.0707107 -1.4488189,
  -0.05 -2.0866025 -1.4488189,-0.025881905 -2.0965926 -1.4488189,
  0 -2.1 -1.4488189,0.025881905 -2.0965926 -1.4488189,
  0.05 -2.0866025 -1.4488189,0.070710678 -2.0707107 -1.4488189,
  0.08660254 -2.05 -1.4488189,0.096592583 -2.0258819 -1.4488189,
  0.1 -2 -1.4488189,0.096592583 -1.9741181 -1.4488189,
  0.08660254 -1.95 -1.4488189,0.070710678 -1.9292893 -1.4488189,
  0.05 -1.9133975 -1.4488189,0.025881905 -1.9034074 -1.4488189] }
 coordIndex [
  3,2,26,-1,3,26,27,-1,4,27,28,-1,4,3,27,-1,5,28,29,-1,5,4,28,-1,6,29,30,-1,6,30,31,-1,
  6,5,29,-1,7,6,31,-1,8,31,32,-1,8,7,31,-1,9,32,33,-1,9,33,34,-1,9,8,32,-1,10,9,34,-1,
  11,34,35,-1,11,10,34,-1,12,35,36,-1,12,36,37,-1,12,11,35,-1,13,12,37,-1,14,37,38,-1,14,13,37,-1,
  15,14,38,-1,15,38,39,-1,16,15,39,-1,16,39,40,-1,17,16,40,-1,17,40,41,-1,18,17,41,-1,18,41,42,-1,
  19,18,42,-1,19,42,43,-1,20,19,43,-1,20,43,44,-1,21,20,44,-1,21,44,45,-1,22,21,45,-1,22,45,46,-1,
  23,22,46,-1,23,46,47,-1,24,23,47,-1,24,47,48,-1,24,48,49,-1,25,24,49,-1,0,25,49,-1,0,49,1,-1]
  normalPerVertex TRUE
  normal DEF NORM_207 Normal { vector [
  0.13052619 0.99144486 0,0.13052619 0.99144486 0,
  -0.13052619 0.99144486 0,-0.21622209 0.9763442 0,
  -0.46155098 0.88711369 0,-0.67542593 0.73742784 0,
  -0.8660254 0.5 0,-0.96592583 0.25881905 0,
  -0.99903848 0.04384197 0,-0.96592583 -0.25881905 0,
  -0.8660254 -0.5 0,-0.73742784 -0.67542593 0,
  -0.5 -0.8660254 0,-0.25881905 -0.96592583 0,
  -0.04384197 -0.99903848 0,0.21622209 -0.9763442 0,
  0.46155098 -0.88711369 0,0.67542593 -0.73742784 0,
  0.84327172 -0.5374875 0,0.95364993 -0.30091828 0,
  0.99903848 -0.04384197 0,0.9763442 0.21622209 0,
  0.88711369 0.46155098 0,0.73742784 0.67542593 0,
  0.5 0.8660254 0,0.25881905 0.96592583 0,
  -0.13052619 0.99144486 0,-0.30091828 0.95364993 0,
  -0.5374875 0.84327172 0,-0.73742784 0.67542593 0,
  -0.8660254 0.5 0,-0.96592583 0.25881905 0,
  -0.99903848 -0.04384197 0,-0.96592583 -0.25881905 0,
  -0.8660254 -0.5 0,-0.67542593 -0.73742784 0,
  -0.5 -0.8660254 0,-0.25881905 -0.96592583 0,
  0.04384197 -0.99903848 0,0.30091828 -0.95364993 0,
  0.5374875 -0.84327172 0,0.73742784 -0.67542593 0,
  0.88711369 -0.46155098 0,0.9763442 -0.21622209 0,
  0.99903848 0.04384197 0,0.95364993 0.30091828 0,
  0.84327172 0.5374875 0,0.67542593 0.73742784 0,
  0.5 0.8660254 0,0.25881905 0.96592583 0] }
}
}
DEF SHAPE_208 Shape {
 appearance USE APP_2
 geometry DEF FACE_208 IndexedFaceSet {
  coord DEF COORD_208 Coordinate { point [
  3 -0.1 0,3 -0.1 -1.4488189,
  3 -0.1 0,3.0258819 -0.096592583 0,
  3.05 -0.08660254 0,3.0707107 -0.070710678 0,
  3.0866025 -0.05 0,3.0965926 -0.025881905 0,
  3.1 0 0,3.0965926 0.025881905 0,
  3.0866025 0.05 0,3.0707107 0.070710678 0,
  3.05 0.08660254 0,3.0258819 0.096592583 0,
  3 0.1 0,2.9741181 0.096592583 0,
  2.95 0.08660254 0,2.9292893 0.070710678 0,
  2.9133975 0.05 0,2.9034074 0.025881905 0,
  2.9 0 0,2.9034074 -0.025881905 0,
  2.9133975 -0.05 0,2.9292893 -0.070710678 0,
  2.95 -0.08660254 0,2.9741181 -0.096592583 0,
  3 -0.1 -1.4488189,3.0258819 -0.096592583 -1.4488189,
  3.05 -0.08660254 -1.4488189,3.0707107 -0.070710678 -1.4488189,
  3.0866025 -0.05 -1.4488189,3.0965926 -0.025881905 -1.4488189,
  3.1 0 -1.4488189,3.0965926 0.025881905 -1.4488189,
  3.0866025 0.05 -1.4488189,3.0707107 0.070710678 -1.4488189,
  3.05 0.08660254 -1.4488189,3.0258819 0.096592583 -1.4488189,
  3 0.1 -1.4488189,2.9741181 0.096592583 -1.4488189,
  2.95 0.08660254 -1.4488189,2.9292893 0.070710678 -1.4488189,
  2.9133975 0.05 -1.4488189,2.9034074 0.025881905 -1.4488189,
  2.9 0 -1.4488189,2.9034074 -0.025881905 -1.4488189,
  2.9133975 -0.05 -1.4488189,2.9292893 -0.070710678 -1.4488189,
  2.95 -0.08660254 -1.4488189,2.9741181 -0.096592583 -1.4488189] }
 coordIndex [
  3,2,26,-1,3,26,27,-1,4,27,28,-1,4,3,27,-1,5,28,29,-1,5,4,28,-1,6,29,30,-1,6,30,31,-1,
  6,5,29,-1,7,6,31,-1,8,31,32,-1,8,7,31,-1,9,32,33,-1,9,33,34,-1,9,8,32,-1,10,9,34,-1,
  11,34,35,-1,11,10,34,-1,12,35,36,-1,12,36,37,-1,12,11,35,-1,13,12,37,-1,14,37,38,-1,14,13,37,-1,
  15,14,38,-1,15,38,39,-1,16,15,39,-1,16,39,40,-1,17,16,40,-1,17,40,41,-1,18,17,41,-1,18,41,42,-1,
  19,18,42,-1,19,42,43,-1,20,19,43,-1,20,43,44,-1,21,20,44,-1,21,44,45,-1,22,21,45,-1,22,45,46,-1,
  23,22,46,-1,23,46,47,-1,24,23,47,-1,24,47,48,-1,24,48,49,-1,25,24,49,-1,0,25,49,-1,0,49,1,-1]
  normalPerVertex TRUE
  normal DEF NORM_208 Normal { vector [
  -0.13052619 -0.99144486 0,-0.13052619 -0.99144486 0,
  0.13052619 -0.99144486 0,0.21622209 -0.9763442 0,
  0.46155098 -0.88711369 0,0.67542593 -0.73742784 0,
  0.8660254 -0.5 0,0.96592583 -0.25881905 0,
  0.99903848 -0.04384197 0,0.96592583 0.25881905 0,
  0.8660254 0.5 0,0.73742784 0.67542593 0,
  0.5 0.8660254 0,0.25881905 0.96592583 0,
  0.04384197 0.99903848 0,-0.21622209 0.9763442 0,
  -0.46155098 0.88711369 0,-0.67542593 0.73742784 0,
  -0.84327172 0.5374875 0,-0.95364993 0.30091828 0,
  -0.99903848 0.04384197 0,-0.9763442 -0.21622209 0,
  -0.88711369 -0.46155098 0,-0.73742784 -0.67542593 0,
  -0.5 -0.8660254 0,-0.25881905 -0.96592583 0,
  0.13052619 -0.99144486 0,0.30091828 -0.95364993 0,
  0.5374875 -0.84327172 0,0.73742784 -0.67542593 0,
  0.8660254 -0.5 0,0.96592583 -0.25881905 0,
  0.99903848 0.04384197 0,0.96592583 0.25881905 0,
  0.8660254 0.5 0,0.67542593 0.73742784 0,
  0.5 0.8660254 0,0.25881905 0.96592583 0,
  -0.04384197 0.99903848 0,-0.30091828 0.95364993 0,
  -0.5374875 0.84327172 0,-0.73742784 0.67542593 0,
  -0.88711369 0.46155098 0,-0.9763442 0.21622209 0,
  -0.99903848 -0.04384197 0,-0.95364993 -0.30091828 0,
  -0.84327172 -0.5374875 0,-0.67542593 -0.73742784 0,
  -0.5 -0.8660254 0,-0.25881905 -0.96592583 0] }
}
}
DEF SHAPE_209 Shape {
 appearance USE APP_2
 geometry DEF FACE_209 IndexedFaceSet {
  coord DEF COORD_209 Coordinate { point [
  0 0.1 0,0 0.1 -1.4488189,
  0 0.1 0,-0.025881905 0.096592583 0,
  -0.05 0.08660254 0,-0.070710678 0.070710678 0,
  -0.08660254 0.05 0,-0.096592583 0.025881905 0,
  -0.1 0 0,-0.096592583 -0.025881905 0,
  -0.08660254 -0.05 0,-0.070710678 -0.070710678 0,
  -0.05 -0.08660254 0,-0.025881905 -0.096592583 0,
  0 -0.1 0,0.025881905 -0.096592583 0,
  0.05 -0.08660254 0,0.070710678 -0.070710678 0,
  0.08660254 -0.05 0,0.096592583 -0.025881905 0,
  0.1 0 0,0.096592583 0.025881905 0,
  0.08660254 0.05 0,0.070710678 0.070710678 0,
  0.05 0.08660254 0,0.025881905 0.096592583 0,
  0 0.1 -1.4488189,-0.025881905 0.096592583 -1.4488189,
  -0.05 0.08660254 -1.4488189,-0.070710678 0.070710678 -1.4488189,
  -0.08660254 0.05 -1.4488189,-0.096592583 0.025881905 -1.4488189,
  -0.1 0 -1.4488189,-0.096592583 -0.025881905 -1.4488189,
  -0.08660254 -0.05 -1.4488189,-0.070710678 -0.070710678 -1.4488189,
  -0.05 -0.08660254 -1.4488189,-0.025881905 -0.096592583 -1.4488189,
  0 -0.1 -1.4488189,0.025881905 -0.096592583 -1.4488189,
  0.05 -0.08660254 -1.4488189,0.070710678 -0.070710678 -1.4488189,
  0.08660254 -0.05 -1.4488189,0.096592583 -0.025881905 -1.4488189,
  0.1 0 -1.4488189,0.096592583 0.025881905 -1.4488189,
  0.08660254 0.05 -1.4488189,0.070710678 0.070710678 -1.4488189,
  0.05 0.08660254 -1.4488189,0.025881905 0.096592583 -1.4488189] }
 coordIndex [
  3,2,26,-1,3,26,27,-1,4,27,28,-1,4,3,27,-1,5,28,29,-1,5,4,28,-1,6,29,30,-1,6,30,31,-1,
  6,5,29,-1,7,6,31,-1,8,31,32,-1,8,7,31,-1,9,32,33,-1,9,33,34,-1,9,8,32,-1,10,9,34,-1,
  11,34,35,-1,11,10,34,-1,12,35,36,-1,12,36,37,-1,12,11,35,-1,13,12,37,-1,14,37,38,-1,14,13,37,-1,
  15,14,38,-1,15,38,39,-1,16,15,39,-1,16,39,40,-1,17,16,40,-1,17,40,41,-1,18,17,41,-1,18,41,42,-1,
  19,18,42,-1,19,42,43,-1,20,19,43,-1,20,43,44,-1,21,20,44,-1,21,44,45,-1,22,21,45,-1,22,45,46,-1,
  23,22,46,-1,23,46,47,-1,24,23,47,-1,24,47,48,-1,24,48,49,-1,25,24,49,-1,0,25,49,-1,0,49,1,-1]
  normalPerVertex TRUE
  normal DEF NORM_209 Normal { vector [
  0.13052619 0.99144486 0,0.13052619 0.99144486 0,
  -0.13052619 0.99144486 0,-0.21622209 0.9763442 0,
  -0.46155098 0.88711369 0,-0.67542593 0.73742784 0,
  -0.8660254 0.5 0,-0.96592583 0.25881905 0,
  -0.99903848 0.04384197 0,-0.96592583 -0.25881905 0,
  -0.8660254 -0.5 0,-0.73742784 -0.67542593 0,
  -0.5 -0.8660254 0,-0.25881905 -0.96592583 0,
  -0.04384197 -0.99903848 0,0.21622209 -0.9763442 0,
  0.46155098 -0.88711369 0,0.67542593 -0.73742784 0,
  0.84327172 -0.5374875 0,0.95364993 -0.30091828 0,
  0.99903848 -0.04384197 0,0.9763442 0.21622209 0,
  0.88711369 0.46155098 0,0.73742784 0.67542593 0,
  0.5 0.8660254 0,0.25881905 0.96592583 0,
  -0.13052619 0.99144486 0,-0.30091828 0.95364993 0,
  -0.5374875 0.84327172 0,-0.73742784 0.67542593 0,
  -0.8660254 0.5 0,-0.96592583 0.25881905 0,
  -0.99903848 -0.04384197 0,-0.96592583 -0.25881905 0,
  -0.8660254 -0.5 0,-0.67542593 -0.73742784 0,
  -0.5 -0.8660254 0,-0.25881905 -0.96592583 0,
  0.04384197 -0.99903848 0,0.30091828 -0.95364993 0,
  0.5374875 -0.84327172 0,0.73742784 -0.67542593 0,
  0.88711369 -0.46155098 0,0.9763442 -0.21622209 0,
  0.99903848 0.04384197 0,0.95364993 0.30091828 0,
  0.84327172 0.5374875 0,0.67542593 0.73742784 0,
  0.5 0.8660254 0,0.25881905 0.96592583 0] }
}
}
DEF SHAPE_210 Shape {
 appearance USE APP_2
 geometry DEF FACE_210 IndexedFaceSet {
  coord DEF COORD_210 Coordinate { point [
  0 -8.9 0,0 -8.9 -1.4488189,
  0 -8.9 0,-0.025881905 -8.9034074 0,
  -0.05 -8.9133975 0,-0.070710678 -8.9292893 0,
  -0.08660254 -8.95 0,-0.096592583 -8.9741181 0,
  -0.1 -9 0,-0.096592583 -9.0258819 0,
  -0.08660254 -9.05 0,-0.070710678 -9.0707107 0,
  -0.05 -9.0866025 0,-0.025881905 -9.0965926 0,
  0 -9.1 0,0.025881905 -9.0965926 0,
  0.05 -9.0866025 0,0.070710678 -9.0707107 0,
  0.08660254 -9.05 0,0.096592583 -9.0258819 0,
  0.1 -9 0,0.096592583 -8.9741181 0,
  0.08660254 -8.95 0,0.070710678 -8.9292893 0,
  0.05 -8.9133975 0,0.025881905 -8.9034074 0,
  0 -8.9 -1.4488189,-0.025881905 -8.9034074 -1.4488189,
  -0.05 -8.9133975 -1.4488189,-0.070710678 -8.9292893 -1.4488189,
  -0.08660254 -8.95 -1.4488189,-0.096592583 -8.9741181 -1.4488189,
  -0.1 -9 -1.4488189,-0.096592583 -9.0258819 -1.4488189,
  -0.08660254 -9.05 -1.4488189,-0.070710678 -9.0707107 -1.4488189,
  -0.05 -9.0866025 -1.4488189,-0.025881905 -9.0965926 -1.4488189,
  0 -9.1 -1.4488189,0.025881905 -9.0965926 -1.4488189,
  0.05 -9.0866025 -1.4488189,0.070710678 -9.0707107 -1.4488189,
  0.08660254 -9.05 -1.4488189,0.096592583 -9.0258819 -1.4488189,
  0.1 -9 -1.4488189,0.096592583 -8.9741181 -1.4488189,
  0.08660254 -8.95 -1.4488189,0.070710678 -8.9292893 -1.4488189,
  0.05 -8.9133975 -1.4488189,0.025881905 -8.9034074 -1.4488189] }
 coordIndex [
  3,2,26,-1,3,26,27,-1,4,27,28,-1,4,3,27,-1,5,28,29,-1,5,4,28,-1,6,29,30,-1,6,30,31,-1,
  6,5,29,-1,7,6,31,-1,8,31,32,-1,8,7,31,-1,9,32,33,-1,9,33,34,-1,9,8,32,-1,10,9,34,-1,
  11,34,35,-1,11,10,34,-1,12,35,36,-1,12,36,37,-1,12,11,35,-1,13,12,37,-1,14,37,38,-1,14,13,37,-1,
  15,14,38,-1,15,38,39,-1,16,15,39,-1,16,39,40,-1,17,16,40,-1,17,40,41,-1,18,17,41,-1,18,41,42,-1,
  19,18,42,-1,19,42,43,-1,20,19,43,-1,20,43,44,-1,21,20,44,-1,21,44,45,-1,22,21,45,-1,22,45,46,-1,
  23,22,46,-1,23,46,47,-1,24,23,47,-1,24,47,48,-1,24,48,49,-1,25,24,49,-1,0,25,49,-1,0,49,1,-1]
  normalPerVertex TRUE
  normal DEF NORM_210 Normal { vector [
  0.13052619 0.99144486 0,0.13052619 0.99144486 0,
  -0.13052619 0.99144486 0,-0.21622209 0.9763442 0,
  -0.46155098 0.88711369 0,-0.67542593 0.73742784 0,
  -0.8660254 0.5 0,-0.96592583 0.25881905 0,
  -0.99903848 0.04384197 0,-0.96592583 -0.25881905 0,
  -0.8660254 -0.5 0,-0.73742784 -0.67542593 0,
  -0.5 -0.8660254 0,-0.25881905 -0.96592583 0,
  -0.04384197 -0.99903848 0,0.21622209 -0.9763442 0,
  0.46155098 -0.88711369 0,0.67542593 -0.73742784 0,
  0.84327172 -0.5374875 0,0.95364993 -0.30091828 0,
  0.99903848 -0.04384197 0,0.9763442 0.21622209 0,
  0.88711369 0.46155098 0,0.73742784 0.67542593 0,
  0.5 0.8660254 0,0.25881905 0.96592583 0,
  -0.13052619 0.99144486 0,-0.30091828 0.95364993 0,
  -0.5374875 0.84327172 0,-0.73742784 0.67542593 0,
  -0.8660254 0.5 0,-0.96592583 0.25881905 0,
  -0.99903848 -0.04384197 0,-0.96592583 -0.25881905 0,
  -0.8660254 -0.5 0,-0.67542593 -0.73742784 0,
  -0.5 -0.8660254 0,-0.25881905 -0.96592583 0,
  0.04384197 -0.99903848 0,0.30091828 -0.95364993 0,
  0.5374875 -0.84327172 0,0.73742784 -0.67542593 0,
  0.88711369 -0.46155098 0,0.9763442 -0.21622209 0,
  0.99903848 0.04384197 0,0.95364993 0.30091828 0,
  0.84327172 0.5374875 0,0.67542593 0.73742784 0,
  0.5 0.8660254 0,0.25881905 0.96592583 0] }
}
}
DEF SHAPE_211 Shape {
 appearance USE APP_2
 geometry DEF FACE_211 IndexedFaceSet {
  coord DEF COORD_211 Coordinate { point [
  0 -7.9 0,0 -7.9 -1.4488189,
  0 -7.9 0,-0.025881905 -7.9034074 0,
  -0.05 -7.9133975 0,-0.070710678 -7.9292893 0,
  -0.08660254 -7.95 0,-0.096592583 -7.9741181 0,
  -0.1 -8 0,-0.096592583 -8.0258819 0,
  -0.08660254 -8.05 0,-0.070710678 -8.0707107 0,
  -0.05 -8.0866025 0,-0.025881905 -8.0965926 0,
  0 -8.1 0,0.025881905 -8.0965926 0,
  0.05 -8.0866025 0,0.070710678 -8.0707107 0,
  0.08660254 -8.05 0,0.096592583 -8.0258819 0,
  0.1 -8 0,0.096592583 -7.9741181 0,
  0.08660254 -7.95 0,0.070710678 -7.9292893 0,
  0.05 -7.9133975 0,0.025881905 -7.9034074 0,
  0 -7.9 -1.4488189,-0.025881905 -7.9034074 -1.4488189,
  -0.05 -7.9133975 -1.4488189,-0.070710678 -7.9292893 -1.4488189,
  -0.08660254 -7.95 -1.4488189,-0.096592583 -7.9741181 -1.4488189,
  -0.1 -8 -1.4488189,-0.096592583 -8.0258819 -1.4488189,
  -0.08660254 -8.05 -1.4488189,-0.070710678 -8.0707107 -1.4488189,
  -0.05 -8.0866025 -1.4488189,-0.025881905 -8.0965926 -1.4488189,
  0 -8.1 -1.4488189,0.025881905 -8.0965926 -1.4488189,
  0.05 -8.0866025 -1.4488189,0.070710678 -8.0707107 -1.4488189,
  0.08660254 -8.05 -1.4488189,0.096592583 -8.0258819 -1.4488189,
  0.1 -8 -1.4488189,0.096592583 -7.9741181 -1.4488189,
  0.08660254 -7.95 -1.4488189,0.070710678 -7.9292893 -1.4488189,
  0.05 -7.9133975 -1.4488189,0.025881905 -7.9034074 -1.4488189] }
 coordIndex [
  3,2,26,-1,3,26,27,-1,4,27,28,-1,4,3,27,-1,5,28,29,-1,5,4,28,-1,6,29,30,-1,6,30,31,-1,
  6,5,29,-1,7,6,31,-1,8,31,32,-1,8,7,31,-1,9,32,33,-1,9,33,34,-1,9,8,32,-1,10,9,34,-1,
  11,34,35,-1,11,10,34,-1,12,35,36,-1,12,36,37,-1,12,11,35,-1,13,12,37,-1,14,37,38,-1,14,13,37,-1,
  15,14,38,-1,15,38,39,-1,16,15,39,-1,16,39,40,-1,17,16,40,-1,17,40,41,-1,18,17,41,-1,18,41,42,-1,
  19,18,42,-1,19,42,43,-1,20,19,43,-1,20,43,44,-1,21,20,44,-1,21,44,45,-1,22,21,45,-1,22,45,46,-1,
  23,22,46,-1,23,46,47,-1,24,23,47,-1,24,47,48,-1,24,48,49,-1,25,24,49,-1,0,25,49,-1,0,49,1,-1]
  normalPerVertex TRUE
  normal DEF NORM_211 Normal { vector [
  0.13052619 0.99144486 0,0.13052619 0.99144486 0,
  -0.13052619 0.99144486 0,-0.21622209 0.9763442 0,
  -0.46155098 0.88711369 0,-0.67542593 0.73742784 0,
  -0.8660254 0.5 0,-0.96592583 0.25881905 0,
  -0.99903848 0.04384197 0,-0.96592583 -0.25881905 0,
  -0.8660254 -0.5 0,-0.73742784 -0.67542593 0,
  -0.5 -0.8660254 0,-0.25881905 -0.96592583 0,
  -0.04384197 -0.99903848 0,0.21622209 -0.9763442 0,
  0.46155098 -0.88711369 0,0.67542593 -0.73742784 0,
  0.84327172 -0.5374875 0,0.95364993 -0.30091828 0,
  0.99903848 -0.04384197 0,0.9763442 0.21622209 0,
  0.88711369 0.46155098 0,0.73742784 0.67542593 0,
  0.5 0.8660254 0,0.25881905 0.96592583 0,
  -0.13052619 0.99144486 0,-0.30091828 0.95364993 0,
  -0.5374875 0.84327172 0,-0.73742784 0.67542593 0,
  -0.8660254 0.5 0,-0.96592583 0.25881905 0,
  -0.99903848 -0.04384197 0,-0.96592583 -0.25881905 0,
  -0.8660254 -0.5 0,-0.67542593 -0.73742784 0,
  -0.5 -0.8660254 0,-0.25881905 -0.96592583 0,
  0.04384197 -0.99903848 0,0.30091828 -0.95364993 0,
  0.5374875 -0.84327172 0,0.73742784 -0.67542593 0,
  0.88711369 -0.46155098 0,0.9763442 -0.21622209 0,
  0.99903848 0.04384197 0,0.95364993 0.30091828 0,
  0.84327172 0.5374875 0,0.67542593 0.73742784 0,
  0.5 0.8660254 0,0.25881905 0.96592583 0] }
}
}
DEF SHAPE_212 Shape {
 appearance USE APP_2
 geometry DEF FACE_212 IndexedFaceSet {
  coord DEF COORD_212 Coordinate { point [
  0 -6.9 0,0 -6.9 -1.4488189,
  0 -6.9 0,-0.025881905 -6.9034074 0,
  -0.05 -6.9133975 0,-0.070710678 -6.9292893 0,
  -0.08660254 -6.95 0,-0.096592583 -6.9741181 0,
  -0.1 -7 0,-0.096592583 -7.0258819 0,
  -0.08660254 -7.05 0,-0.070710678 -7.0707107 0,
  -0.05 -7.0866025 0,-0.025881905 -7.0965926 0,
  0 -7.1 0,0.025881905 -7.0965926 0,
  0.05 -7.0866025 0,0.070710678 -7.0707107 0,
  0.08660254 -7.05 0,0.096592583 -7.0258819 0,
  0.1 -7 0,0.096592583 -6.9741181 0,
  0.08660254 -6.95 0,0.070710678 -6.9292893 0,
  0.05 -6.9133975 0,0.025881905 -6.9034074 0,
  0 -6.9 -1.4488189,-0.025881905 -6.9034074 -1.4488189,
  -0.05 -6.9133975 -1.4488189,-0.070710678 -6.9292893 -1.4488189,
  -0.08660254 -6.95 -1.4488189,-0.096592583 -6.9741181 -1.4488189,
  -0.1 -7 -1.4488189,-0.096592583 -7.0258819 -1.4488189,
  -0.08660254 -7.05 -1.4488189,-0.070710678 -7.0707107 -1.4488189,
  -0.05 -7.0866025 -1.4488189,-0.025881905 -7.0965926 -1.4488189,
  0 -7.1 -1.4488189,0.025881905 -7.0965926 -1.4488189,
  0.05 -7.0866025 -1.4488189,0.070710678 -7.0707107 -1.4488189,
  0.08660254 -7.05 -1.4488189,0.096592583 -7.0258819 -1.4488189,
  0.1 -7 -1.4488189,0.096592583 -6.9741181 -1.4488189,
  0.08660254 -6.95 -1.4488189,0.070710678 -6.9292893 -1.4488189,
  0.05 -6.9133975 -1.4488189,0.025881905 -6.9034074 -1.4488189] }
 coordIndex [
  3,2,26,-1,3,26,27,-1,4,27,28,-1,4,3,27,-1,5,28,29,-1,5,4,28,-1,6,29,30,-1,6,30,31,-1,
  6,5,29,-1,7,6,31,-1,8,31,32,-1,8,7,31,-1,9,32,33,-1,9,33,34,-1,9,8,32,-1,10,9,34,-1,
  11,34,35,-1,11,10,34,-1,12,35,36,-1,12,36,37,-1,12,11,35,-1,13,12,37,-1,14,37,38,-1,14,13,37,-1,
  15,14,38,-1,15,38,39,-1,16,15,39,-1,16,39,40,-1,17,16,40,-1,17,40,41,-1,18,17,41,-1,18,41,42,-1,
  19,18,42,-1,19,42,43,-1,20,19,43,-1,20,43,44,-1,21,20,44,-1,21,44,45,-1,22,21,45,-1,22,45,46,-1,
  23,22,46,-1,23,46,47,-1,24,23,47,-1,24,47,48,-1,24,48,49,-1,25,24,49,-1,0,25,49,-1,0,49,1,-1]
  normalPerVertex TRUE
  normal DEF NORM_212 Normal { vector [
  0.13052619 0.99144486 0,0.13052619 0.99144486 0,
  -0.13052619 0.99144486 0,-0.21622209 0.9763442 0,
  -0.46155098 0.88711369 0,-0.67542593 0.73742784 0,
  -0.8660254 0.5 0,-0.96592583 0.25881905 0,
  -0.99903848 0.04384197 0,-0.96592583 -0.25881905 0,
  -0.8660254 -0.5 0,-0.73742784 -0.67542593 0,
  -0.5 -0.8660254 0,-0.25881905 -0.96592583 0,
  -0.04384197 -0.99903848 0,0.21622209 -0.9763442 0,
  0.46155098 -0.88711369 0,0.67542593 -0.73742784 0,
  0.84327172 -0.5374875 0,0.95364993 -0.30091828 0,
  0.99903848 -0.04384197 0,0.9763442 0.21622209 0,
  0.88711369 0.46155098 0,0.73742784 0.67542593 0,
  0.5 0.8660254 0,0.25881905 0.96592583 0,
  -0.13052619 0.99144486 0,-0.30091828 0.95364993 0,
  -0.5374875 0.84327172 0,-0.73742784 0.67542593 0,
  -0.8660254 0.5 0,-0.96592583 0.25881905 0,
  -0.99903848 -0.04384197 0,-0.96592583 -0.25881905 0,
  -0.8660254 -0.5 0,-0.67542593 -0.73742784 0,
  -0.5 -0.8660254 0,-0.25881905 -0.96592583 0,
  0.04384197 -0.99903848 0,0.30091828 -0.95364993 0,
  0.5374875 -0.84327172 0,0.73742784 -0.67542593 0,
  0.88711369 -0.46155098 0,0.9763442 -0.21622209 0,
  0.99903848 0.04384197 0,0.95364993 0.30091828 0,
  0.84327172 0.5374875 0,0.67542593 0.73742784 0,
  0.5 0.8660254 0,0.25881905 0.96592583 0] }
}
}
DEF SHAPE_213 Shape {
 appearance USE APP_2
 geometry DEF FACE_213 IndexedFaceSet {
  coord DEF COORD_213 Coordinate { point [
  3 -7.1 0,3 -7.1 -1.4488189,
  3 -7.1 0,3.0258819 -7.0965926 0,
  3.05 -7.0866025 0,3.0707107 -7.0707107 0,
  3.0866025 -7.05 0,3.0965926 -7.0258819 0,
  3.1 -7 0,3.0965926 -6.9741181 0,
  3.0866025 -6.95 0,3.0707107 -6.9292893 0,
  3.05 -6.9133975 0,3.0258819 -6.9034074 0,
  3 -6.9 0,2.9741181 -6.9034074 0,
  2.95 -6.9133975 0,2.9292893 -6.9292893 0,
  2.9133975 -6.95 0,2.9034074 -6.9741181 0,
  2.9 -7 0,2.9034074 -7.0258819 0,
  2.9133975 -7.05 0,2.9292893 -7.0707107 0,
  2.95 -7.0866025 0,2.9741181 -7.0965926 0,
  3 -7.1 -1.4488189,3.0258819 -7.0965926 -1.4488189,
  3.05 -7.0866025 -1.4488189,3.0707107 -7.0707107 -1.4488189,
  3.0866025 -7.05 -1.4488189,3.0965926 -7.0258819 -1.4488189,
  3.1 -7 -1.4488189,3.0965926 -6.9741181 -1.4488189,
  3.0866025 -6.95 -1.4488189,3.0707107 -6.9292893 -1.4488189,
  3.05 -6.9133975 -1.4488189,3.0258819 -6.9034074 -1.4488189,
  3 -6.9 -1.4488189,2.9741181 -6.9034074 -1.4488189,
  2.95 -6.9133975 -1.4488189,2.9292893 -6.9292893 -1.4488189,
  2.9133975 -6.95 -1.4488189,2.9034074 -6.9741181 -1.4488189,
  2.9 -7 -1.4488189,2.9034074 -7.0258819 -1.4488189,
  2.9133975 -7.05 -1.4488189,2.9292893 -7.0707107 -1.4488189,
  2.95 -7.0866025 -1.4488189,2.9741181 -7.0965926 -1.4488189] }
 coordIndex [
  3,2,26,-1,3,26,27,-1,4,27,28,-1,4,3,27,-1,5,28,29,-1,5,4,28,-1,6,29,30,-1,6,30,31,-1,
  6,5,29,-1,7,6,31,-1,8,31,32,-1,8,7,31,-1,9,32,33,-1,9,33,34,-1,9,8,32,-1,10,9,34,-1,
  11,34,35,-1,11,10,34,-1,12,35,36,-1,12,36,37,-1,12,11,35,-1,13,12,37,-1,14,37,38,-1,14,13,37,-1,
  15,14,38,-1,15,38,39,-1,16,15,39,-1,16,39,40,-1,17,16,40,-1,17,40,41,-1,18,17,41,-1,18,41,42,-1,
  19,18,42,-1,19,42,43,-1,20,19,43,-1,20,43,44,-1,21,20,44,-1,21,44,45,-1,22,21,45,-1,22,45,46,-1,
  23,22,46,-1,23,46,47,-1,24,23,47,-1,24,47,48,-1,24,48,49,-1,25,24,49,-1,0,25,49,-1,0,49,1,-1]
  normalPerVertex TRUE
  normal DEF NORM_213 Normal { vector [
  -0.13052619 -0.99144486 0,-0.13052619 -0.99144486 0,
  0.13052619 -0.99144486 0,0.21622209 -0.9763442 0,
  0.46155098 -0.88711369 0,0.67542593 -0.73742784 0,
  0.8660254 -0.5 0,0.96592583 -0.25881905 0,
  0.99903848 -0.04384197 0,0.96592583 0.25881905 0,
  0.8660254 0.5 0,0.73742784 0.67542593 0,
  0.5 0.8660254 0,0.25881905 0.96592583 0,
  0.04384197 0.99903848 0,-0.21622209 0.9763442 0,
  -0.46155098 0.88711369 0,-0.67542593 0.73742784 0,
  -0.84327172 0.5374875 0,-0.95364993 0.30091828 0,
  -0.99903848 0.04384197 0,-0.9763442 -0.21622209 0,
  -0.88711369 -0.46155098 0,-0.73742784 -0.67542593 0,
  -0.5 -0.8660254 0,-0.25881905 -0.96592583 0,
  0.13052619 -0.99144486 0,0.30091828 -0.95364993 0,
  0.5374875 -0.84327172 0,0.73742784 -0.67542593 0,
  0.8660254 -0.5 0,0.96592583 -0.25881905 0,
  0.99903848 0.04384197 0,0.96592583 0.25881905 0,
  0.8660254 0.5 0,0.67542593 0.73742784 0,
  0.5 0.8660254 0,0.25881905 0.96592583 0,
  -0.04384197 0.99903848 0,-0.30091828 0.95364993 0,
  -0.5374875 0.84327172 0,-0.73742784 0.67542593 0,
  -0.88711369 0.46155098 0,-0.9763442 0.21622209 0,
  -0.99903848 -0.04384197 0,-0.95364993 -0.30091828 0,
  -0.84327172 -0.5374875 0,-0.67542593 -0.73742784 0,
  -0.5 -0.8660254 0,-0.25881905 -0.96592583 0] }
}
}
DEF SHAPE_214 Shape {
 appearance USE APP_2
 geometry DEF FACE_214 IndexedFaceSet {
  coord DEF COORD_214 Coordinate { point [
  3 -9.1 0,3 -9.1 -1.4488189,
  3 -9.1 0,3.0258819 -9.0965926 0,
  3.05 -9.0866025 0,3.0707107 -9.0707107 0,
  3.0866025 -9.05 0,3.0965926 -9.0258819 0,
  3.1 -9 0,3.0965926 -8.9741181 0,
  3.0866025 -8.95 0,3.0707107 -8.9292893 0,
  3.05 -8.9133975 0,3.0258819 -8.9034074 0,
  3 -8.9 0,2.9741181 -8.9034074 0,
  2.95 -8.9133975 0,2.9292893 -8.9292893 0,
  2.9133975 -8.95 0,2.9034074 -8.9741181 0,
  2.9 -9 0,2.9034074 -9.0258819 0,
  2.9133975 -9.05 0,2.9292893 -9.0707107 0,
  2.95 -9.0866025 0,2.9741181 -9.0965926 0,
  3 -9.1 -1.4488189,3.0258819 -9.0965926 -1.4488189,
  3.05 -9.0866025 -1.4488189,3.0707107 -9.0707107 -1.4488189,
  3.0866025 -9.05 -1.4488189,3.0965926 -9.0258819 -1.4488189,
  3.1 -9 -1.4488189,3.0965926 -8.9741181 -1.4488189,
  3.0866025 -8.95 -1.4488189,3.0707107 -8.9292893 -1.4488189,
  3.05 -8.9133975 -1.4488189,3.0258819 -8.9034074 -1.4488189,
  3 -8.9 -1.4488189,2.9741181 -8.9034074 -1.4488189,
  2.95 -8.9133975 -1.4488189,2.9292893 -8.9292893 -1.4488189,
  2.9133975 -8.95 -1.4488189,2.9034074 -8.9741181 -1.4488189,
  2.9 -9 -1.4488189,2.9034074 -9.0258819 -1.4488189,
  2.9133975 -9.05 -1.4488189,2.9292893 -9.0707107 -1.4488189,
  2.95 -9.0866025 -1.4488189,2.9741181 -9.0965926 -1.4488189] }
 coordIndex [
  3,2,26,-1,3,26,27,-1,4,27,28,-1,4,3,27,-1,5,28,29,-1,5,4,28,-1,6,29,30,-1,6,30,31,-1,
  6,5,29,-1,7,6,31,-1,8,31,32,-1,8,7,31,-1,9,32,33,-1,9,33,34,-1,9,8,32,-1,10,9,34,-1,
  11,34,35,-1,11,10,34,-1,12,35,36,-1,12,36,37,-1,12,11,35,-1,13,12,37,-1,14,37,38,-1,14,13,37,-1,
  15,14,38,-1,15,38,39,-1,16,15,39,-1,16,39,40,-1,17,16,40,-1,17,40,41,-1,18,17,41,-1,18,41,42,-1,
  19,18,42,-1,19,42,43,-1,20,19,43,-1,20,43,44,-1,21,20,44,-1,21,44,45,-1,22,21,45,-1,22,45,46,-1,
  23,22,46,-1,23,46,47,-1,24,23,47,-1,24,47,48,-1,24,48,49,-1,25,24,49,-1,0,25,49,-1,0,49,1,-1]
  normalPerVertex TRUE
  normal DEF NORM_214 Normal { vector [
  -0.13052619 -0.99144486 0,-0.13052619 -0.99144486 0,
  0.13052619 -0.99144486 0,0.21622209 -0.9763442 0,
  0.46155098 -0.88711369 0,0.67542593 -0.73742784 0,
  0.8660254 -0.5 0,0.96592583 -0.25881905 0,
  0.99903848 -0.04384197 0,0.96592583 0.25881905 0,
  0.8660254 0.5 0,0.73742784 0.67542593 0,
  0.5 0.8660254 0,0.25881905 0.96592583 0,
  0.04384197 0.99903848 0,-0.21622209 0.9763442 0,
  -0.46155098 0.88711369 0,-0.67542593 0.73742784 0,
  -0.84327172 0.5374875 0,-0.95364993 0.30091828 0,
  -0.99903848 0.04384197 0,-0.9763442 -0.21622209 0,
  -0.88711369 -0.46155098 0,-0.73742784 -0.67542593 0,
  -0.5 -0.8660254 0,-0.25881905 -0.96592583 0,
  0.13052619 -0.99144486 0,0.30091828 -0.95364993 0,
  0.5374875 -0.84327172 0,0.73742784 -0.67542593 0,
  0.8660254 -0.5 0,0.96592583 -0.25881905 0,
  0.99903848 0.04384197 0,0.96592583 0.25881905 0,
  0.8660254 0.5 0,0.67542593 0.73742784 0,
  0.5 0.8660254 0,0.25881905 0.96592583 0,
  -0.04384197 0.99903848 0,-0.30091828 0.95364993 0,
  -0.5374875 0.84327172 0,-0.73742784 0.67542593 0,
  -0.88711369 0.46155098 0,-0.9763442 0.21622209 0,
  -0.99903848 -0.04384197 0,-0.95364993 -0.30091828 0,
  -0.84327172 -0.5374875 0,-0.67542593 -0.73742784 0,
  -0.5 -0.8660254 0,-0.25881905 -0.96592583 0] }
}
}
DEF SHAPE_215 Shape {
 appearance USE APP_2
 geometry DEF FACE_215 IndexedFaceSet {
  coord DEF COORD_215 Coordinate { point [
  3 -8.1 0,3 -8.1 -1.4488189,
  3 -8.1 0,3.0258819 -8.0965926 0,
  3.05 -8.0866025 0,3.0707107 -8.0707107 0,
  3.0866025 -8.05 0,3.0965926 -8.0258819 0,
  3.1 -8 0,3.0965926 -7.9741181 0,
  3.0866025 -7.95 0,3.0707107 -7.9292893 0,
  3.05 -7.9133975 0,3.0258819 -7.9034074 0,
  3 -7.9 0,2.9741181 -7.9034074 0,
  2.95 -7.9133975 0,2.9292893 -7.9292893 0,
  2.9133975 -7.95 0,2.9034074 -7.9741181 0,
  2.9 -8 0,2.9034074 -8.0258819 0,
  2.9133975 -8.05 0,2.9292893 -8.0707107 0,
  2.95 -8.0866025 0,2.9741181 -8.0965926 0,
  3 -8.1 -1.4488189,3.0258819 -8.0965926 -1.4488189,
  3.05 -8.0866025 -1.4488189,3.0707107 -8.0707107 -1.4488189,
  3.0866025 -8.05 -1.4488189,3.0965926 -8.0258819 -1.4488189,
  3.1 -8 -1.4488189,3.0965926 -7.9741181 -1.4488189,
  3.0866025 -7.95 -1.4488189,3.0707107 -7.9292893 -1.4488189,
  3.05 -7.9133975 -1.4488189,3.0258819 -7.9034074 -1.4488189,
  3 -7.9 -1.4488189,2.9741181 -7.9034074 -1.4488189,
  2.95 -7.9133975 -1.4488189,2.9292893 -7.9292893 -1.4488189,
  2.9133975 -7.95 -1.4488189,2.9034074 -7.9741181 -1.4488189,
  2.9 -8 -1.4488189,2.9034074 -8.0258819 -1.4488189,
  2.9133975 -8.05 -1.4488189,2.9292893 -8.0707107 -1.4488189,
  2.95 -8.0866025 -1.4488189,2.9741181 -8.0965926 -1.4488189] }
 coordIndex [
  3,2,26,-1,3,26,27,-1,4,27,28,-1,4,3,27,-1,5,28,29,-1,5,4,28,-1,6,29,30,-1,6,30,31,-1,
  6,5,29,-1,7,6,31,-1,8,31,32,-1,8,7,31,-1,9,32,33,-1,9,33,34,-1,9,8,32,-1,10,9,34,-1,
  11,34,35,-1,11,10,34,-1,12,35,36,-1,12,36,37,-1,12,11,35,-1,13,12,37,-1,14,37,38,-1,14,13,37,-1,
  15,14,38,-1,15,38,39,-1,16,15,39,-1,16,39,40,-1,17,16,40,-1,17,40,41,-1,18,17,41,-1,18,41,42,-1,
  19,18,42,-1,19,42,43,-1,20,19,43,-1,20,43,44,-1,21,20,44,-1,21,44,45,-1,22,21,45,-1,22,45,46,-1,
  23,22,46,-1,23,46,47,-1,24,23,47,-1,24,47,48,-1,24,48,49,-1,25,24,49,-1,0,25,49,-1,0,49,1,-1]
  normalPerVertex TRUE
  normal DEF NORM_215 Normal { vector [
  -0.13052619 -0.99144486 0,-0.13052619 -0.99144486 0,
  0.13052619 -0.99144486 0,0.21622209 -0.9763442 0,
  0.46155098 -0.88711369 0,0.67542593 -0.73742784 0,
  0.8660254 -0.5 0,0.96592583 -0.25881905 0,
  0.99903848 -0.04384197 0,0.96592583 0.25881905 0,
  0.8660254 0.5 0,0.73742784 0.67542593 0,
  0.5 0.8660254 0,0.25881905 0.96592583 0,
  0.04384197 0.99903848 0,-0.21622209 0.9763442 0,
  -0.46155098 0.88711369 0,-0.67542593 0.73742784 0,
  -0.84327172 0.5374875 0,-0.95364993 0.30091828 0,
  -0.99903848 0.04384197 0,-0.9763442 -0.21622209 0,
  -0.88711369 -0.46155098 0,-0.73742784 -0.67542593 0,
  -0.5 -0.8660254 0,-0.25881905 -0.96592583 0,
  0.13052619 -0.99144486 0,0.30091828 -0.95364993 0,
  0.5374875 -0.84327172 0,0.73742784 -0.67542593 0,
  0.8660254 -0.5 0,0.96592583 -0.25881905 0,
  0.99903848 0.04384197 0,0.96592583 0.25881905 0,
  0.8660254 0.5 0,0.67542593 0.73742784 0,
  0.5 0.8660254 0,0.25881905 0.96592583 0,
  -0.04384197 0.99903848 0,-0.30091828 0.95364993 0,
  -0.5374875 0.84327172 0,-0.73742784 0.67542593 0,
  -0.88711369 0.46155098 0,-0.9763442 0.21622209 0,
  -0.99903848 -0.04384197 0,-0.95364993 -0.30091828 0,
  -0.84327172 -0.5374875 0,-0.67542593 -0.73742784 0,
  -0.5 -0.8660254 0,-0.25881905 -0.96592583 0] }
}
}
DEF SHAPE_216 Shape {
 appearance USE APP_2
 geometry DEF FACE_216 IndexedFaceSet {
  coord DEF COORD_216 Coordinate { point [
  3 -5.1 0,3 -5.1 -1.4488189,
  3 -5.1 0,3.0258819 -5.0965926 0,
  3.05 -5.0866025 0,3.0707107 -5.0707107 0,
  3.0866025 -5.05 0,3.0965926 -5.0258819 0,
  3.1 -5 0,3.0965926 -4.9741181 0,
  3.0866025 -4.95 0,3.0707107 -4.9292893 0,
  3.05 -4.9133975 0,3.0258819 -4.9034074 0,
  3 -4.9 0,2.9741181 -4.9034074 0,
  2.95 -4.9133975 0,2.9292893 -4.9292893 0,
  2.9133975 -4.95 0,2.9034074 -4.9741181 0,
  2.9 -5 0,2.9034074 -5.0258819 0,
  2.9133975 -5.05 0,2.9292893 -5.0707107 0,
  2.95 -5.0866025 0,2.9741181 -5.0965926 0,
  3 -5.1 -1.4488189,3.0258819 -5.0965926 -1.4488189,
  3.05 -5.0866025 -1.4488189,3.0707107 -5.0707107 -1.4488189,
  3.0866025 -5.05 -1.4488189,3.0965926 -5.0258819 -1.4488189,
  3.1 -5 -1.4488189,3.0965926 -4.9741181 -1.4488189,
  3.0866025 -4.95 -1.4488189,3.0707107 -4.9292893 -1.4488189,
  3.05 -4.9133975 -1.4488189,3.0258819 -4.9034074 -1.4488189,
  3 -4.9 -1.4488189,2.9741181 -4.9034074 -1.4488189,
  2.95 -4.9133975 -1.4488189,2.9292893 -4.9292893 -1.4488189,
  2.9133975 -4.95 -1.4488189,2.9034074 -4.9741181 -1.4488189,
  2.9 -5 -1.4488189,2.9034074 -5.0258819 -1.4488189,
  2.9133975 -5.05 -1.4488189,2.9292893 -5.0707107 -1.4488189,
  2.95 -5.0866025 -1.4488189,2.9741181 -5.0965926 -1.4488189] }
 coordIndex [
  3,2,26,-1,3,26,27,-1,4,27,28,-1,4,3,27,-1,5,28,29,-1,5,4,28,-1,6,29,30,-1,6,30,31,-1,
  6,5,29,-1,7,6,31,-1,8,31,32,-1,8,7,31,-1,9,32,33,-1,9,33,34,-1,9,8,32,-1,10,9,34,-1,
  11,34,35,-1,11,10,34,-1,12,35,36,-1,12,36,37,-1,12,11,35,-1,13,12,37,-1,14,37,38,-1,14,13,37,-1,
  15,14,38,-1,15,38,39,-1,16,15,39,-1,16,39,40,-1,17,16,40,-1,17,40,41,-1,18,17,41,-1,18,41,42,-1,
  19,18,42,-1,19,42,43,-1,20,19,43,-1,20,43,44,-1,21,20,44,-1,21,44,45,-1,22,21,45,-1,22,45,46,-1,
  23,22,46,-1,23,46,47,-1,24,23,47,-1,24,47,48,-1,24,48,49,-1,25,24,49,-1,0,25,49,-1,0,49,1,-1]
  normalPerVertex TRUE
  normal DEF NORM_216 Normal { vector [
  -0.13052619 -0.99144486 0,-0.13052619 -0.99144486 0,
  0.13052619 -0.99144486 0,0.21622209 -0.9763442 0,
  0.46155098 -0.88711369 0,0.67542593 -0.73742784 0,
  0.8660254 -0.5 0,0.96592583 -0.25881905 0,
  0.99903848 -0.04384197 0,0.96592583 0.25881905 0,
  0.8660254 0.5 0,0.73742784 0.67542593 0,
  0.5 0.8660254 0,0.25881905 0.96592583 0,
  0.04384197 0.99903848 0,-0.21622209 0.9763442 0,
  -0.46155098 0.88711369 0,-0.67542593 0.73742784 0,
  -0.84327172 0.5374875 0,-0.95364993 0.30091828 0,
  -0.99903848 0.04384197 0,-0.9763442 -0.21622209 0,
  -0.88711369 -0.46155098 0,-0.73742784 -0.67542593 0,
  -0.5 -0.8660254 0,-0.25881905 -0.96592583 0,
  0.13052619 -0.99144486 0,0.30091828 -0.95364993 0,
  0.5374875 -0.84327172 0,0.73742784 -0.67542593 0,
  0.8660254 -0.5 0,0.96592583 -0.25881905 0,
  0.99903848 0.04384197 0,0.96592583 0.25881905 0,
  0.8660254 0.5 0,0.67542593 0.73742784 0,
  0.5 0.8660254 0,0.25881905 0.96592583 0,
  -0.04384197 0.99903848 0,-0.30091828 0.95364993 0,
  -0.5374875 0.84327172 0,-0.73742784 0.67542593 0,
  -0.88711369 0.46155098 0,-0.9763442 0.21622209 0,
  -0.99903848 -0.04384197 0,-0.95364993 -0.30091828 0,
  -0.84327172 -0.5374875 0,-0.67542593 -0.73742784 0,
  -0.5 -0.8660254 0,-0.25881905 -0.96592583 0] }
}
}
DEF SHAPE_217 Shape {
 appearance USE APP_2
 geometry DEF FACE_217 IndexedFaceSet {
  coord DEF COORD_217 Coordinate { point [
  0 -4.9 0,0 -4.9 -1.4488189,
  0 -4.9 0,-0.025881905 -4.9034074 0,
  -0.05 -4.9133975 0,-0.070710678 -4.9292893 0,
  -0.08660254 -4.95 0,-0.096592583 -4.9741181 0,
  -0.1 -5 0,-0.096592583 -5.0258819 0,
  -0.08660254 -5.05 0,-0.070710678 -5.0707107 0,
  -0.05 -5.0866025 0,-0.025881905 -5.0965926 0,
  0 -5.1 0,0.025881905 -5.0965926 0,
  0.05 -5.0866025 0,0.070710678 -5.0707107 0,
  0.08660254 -5.05 0,0.096592583 -5.0258819 0,
  0.1 -5 0,0.096592583 -4.9741181 0,
  0.08660254 -4.95 0,0.070710678 -4.9292893 0,
  0.05 -4.9133975 0,0.025881905 -4.9034074 0,
  0 -4.9 -1.4488189,-0.025881905 -4.9034074 -1.4488189,
  -0.05 -4.9133975 -1.4488189,-0.070710678 -4.9292893 -1.4488189,
  -0.08660254 -4.95 -1.4488189,-0.096592583 -4.9741181 -1.4488189,
  -0.1 -5 -1.4488189,-0.096592583 -5.0258819 -1.4488189,
  -0.08660254 -5.05 -1.4488189,-0.070710678 -5.0707107 -1.4488189,
  -0.05 -5.0866025 -1.4488189,-0.025881905 -5.0965926 -1.4488189,
  0 -5.1 -1.4488189,0.025881905 -5.0965926 -1.4488189,
  0.05 -5.0866025 -1.4488189,0.070710678 -5.0707107 -1.4488189,
  0.08660254 -5.05 -1.4488189,0.096592583 -5.0258819 -1.4488189,
  0.1 -5 -1.4488189,0.096592583 -4.9741181 -1.4488189,
  0.08660254 -4.95 -1.4488189,0.070710678 -4.9292893 -1.4488189,
  0.05 -4.9133975 -1.4488189,0.025881905 -4.9034074 -1.4488189] }
 coordIndex [
  3,2,26,-1,3,26,27,-1,4,27,28,-1,4,3,27,-1,5,28,29,-1,5,4,28,-1,6,29,30,-1,6,30,31,-1,
  6,5,29,-1,7,6,31,-1,8,31,32,-1,8,7,31,-1,9,32,33,-1,9,33,34,-1,9,8,32,-1,10,9,34,-1,
  11,34,35,-1,11,10,34,-1,12,35,36,-1,12,36,37,-1,12,11,35,-1,13,12,37,-1,14,37,38,-1,14,13,37,-1,
  15,14,38,-1,15,38,39,-1,16,15,39,-1,16,39,40,-1,17,16,40,-1,17,40,41,-1,18,17,41,-1,18,41,42,-1,
  19,18,42,-1,19,42,43,-1,20,19,43,-1,20,43,44,-1,21,20,44,-1,21,44,45,-1,22,21,45,-1,22,45,46,-1,
  23,22,46,-1,23,46,47,-1,24,23,47,-1,24,47,48,-1,24,48,49,-1,25,24,49,-1,0,25,49,-1,0,49,1,-1]
  normalPerVertex TRUE
  normal DEF NORM_217 Normal { vector [
  0.13052619 0.99144486 0,0.13052619 0.99144486 0,
  -0.13052619 0.99144486 0,-0.21622209 0.9763442 0,
  -0.46155098 0.88711369 0,-0.67542593 0.73742784 0,
  -0.8660254 0.5 0,-0.96592583 0.25881905 0,
  -0.99903848 0.04384197 0,-0.96592583 -0.25881905 0,
  -0.8660254 -0.5 0,-0.73742784 -0.67542593 0,
  -0.5 -0.8660254 0,-0.25881905 -0.96592583 0,
  -0.04384197 -0.99903848 0,0.21622209 -0.9763442 0,
  0.46155098 -0.88711369 0,0.67542593 -0.73742784 0,
  0.84327172 -0.5374875 0,0.95364993 -0.30091828 0,
  0.99903848 -0.04384197 0,0.9763442 0.21622209 0,
  0.88711369 0.46155098 0,0.73742784 0.67542593 0,
  0.5 0.8660254 0,0.25881905 0.96592583 0,
  -0.13052619 0.99144486 0,-0.30091828 0.95364993 0,
  -0.5374875 0.84327172 0,-0.73742784 0.67542593 0,
  -0.8660254 0.5 0,-0.96592583 0.25881905 0,
  -0.99903848 -0.04384197 0,-0.96592583 -0.25881905 0,
  -0.8660254 -0.5 0,-0.67542593 -0.73742784 0,
  -0.5 -0.8660254 0,-0.25881905 -0.96592583 0,
  0.04384197 -0.99903848 0,0.30091828 -0.95364993 0,
  0.5374875 -0.84327172 0,0.73742784 -0.67542593 0,
  0.88711369 -0.46155098 0,0.9763442 -0.21622209 0,
  0.99903848 0.04384197 0,0.95364993 0.30091828 0,
  0.84327172 0.5374875 0,0.67542593 0.73742784 0,
  0.5 0.8660254 0,0.25881905 0.96592583 0] }
}
}
DEF SHAPE_218 Shape {
 appearance USE APP_2
 geometry DEF FACE_218 IndexedFaceSet {
  coord DEF COORD_218 Coordinate { point [
  0 -5.9 0,0 -5.9 -1.4488189,
  0 -5.9 0,-0.025881905 -5.9034074 0,
  -0.05 -5.9133975 0,-0.070710678 -5.9292893 0,
  -0.08660254 -5.95 0,-0.096592583 -5.9741181 0,
  -0.1 -6 0,-0.096592583 -6.0258819 0,
  -0.08660254 -6.05 0,-0.070710678 -6.0707107 0,
  -0.05 -6.0866025 0,-0.025881905 -6.0965926 0,
  0 -6.1 0,0.025881905 -6.0965926 0,
  0.05 -6.0866025 0,0.070710678 -6.0707107 0,
  0.08660254 -6.05 0,0.096592583 -6.0258819 0,
  0.1 -6 0,0.096592583 -5.9741181 0,
  0.08660254 -5.95 0,0.070710678 -5.9292893 0,
  0.05 -5.9133975 0,0.025881905 -5.9034074 0,
  0 -5.9 -1.4488189,-0.025881905 -5.9034074 -1.4488189,
  -0.05 -5.9133975 -1.4488189,-0.070710678 -5.9292893 -1.4488189,
  -0.08660254 -5.95 -1.4488189,-0.096592583 -5.9741181 -1.4488189,
  -0.1 -6 -1.4488189,-0.096592583 -6.0258819 -1.4488189,
  -0.08660254 -6.05 -1.4488189,-0.070710678 -6.0707107 -1.4488189,
  -0.05 -6.0866025 -1.4488189,-0.025881905 -6.0965926 -1.4488189,
  0 -6.1 -1.4488189,0.025881905 -6.0965926 -1.4488189,
  0.05 -6.0866025 -1.4488189,0.070710678 -6.0707107 -1.4488189,
  0.08660254 -6.05 -1.4488189,0.096592583 -6.0258819 -1.4488189,
  0.1 -6 -1.4488189,0.096592583 -5.9741181 -1.4488189,
  0.08660254 -5.95 -1.4488189,0.070710678 -5.9292893 -1.4488189,
  0.05 -5.9133975 -1.4488189,0.025881905 -5.9034074 -1.4488189] }
 coordIndex [
  3,2,26,-1,3,26,27,-1,4,27,28,-1,4,3,27,-1,5,28,29,-1,5,4,28,-1,6,29,30,-1,6,30,31,-1,
  6,5,29,-1,7,6,31,-1,8,31,32,-1,8,7,31,-1,9,32,33,-1,9,33,34,-1,9,8,32,-1,10,9,34,-1,
  11,34,35,-1,11,10,34,-1,12,35,36,-1,12,36,37,-1,12,11,35,-1,13,12,37,-1,14,37,38,-1,14,13,37,-1,
  15,14,38,-1,15,38,39,-1,16,15,39,-1,16,39,40,-1,17,16,40,-1,17,40,41,-1,18,17,41,-1,18,41,42,-1,
  19,18,42,-1,19,42,43,-1,20,19,43,-1,20,43,44,-1,21,20,44,-1,21,44,45,-1,22,21,45,-1,22,45,46,-1,
  23,22,46,-1,23,46,47,-1,24,23,47,-1,24,47,48,-1,24,48,49,-1,25,24,49,-1,0,25,49,-1,0,49,1,-1]
  normalPerVertex TRUE
  normal DEF NORM_218 Normal { vector [
  0.13052619 0.99144486 0,0.13052619 0.99144486 0,
  -0.13052619 0.99144486 0,-0.21622209 0.9763442 0,
  -0.46155098 0.88711369 0,-0.67542593 0.73742784 0,
  -0.8660254 0.5 0,-0.96592583 0.25881905 0,
  -0.99903848 0.04384197 0,-0.96592583 -0.25881905 0,
  -0.8660254 -0.5 0,-0.73742784 -0.67542593 0,
  -0.5 -0.8660254 0,-0.25881905 -0.96592583 0,
  -0.04384197 -0.99903848 0,0.21622209 -0.9763442 0,
  0.46155098 -0.88711369 0,0.67542593 -0.73742784 0,
  0.84327172 -0.5374875 0,0.95364993 -0.30091828 0,
  0.99903848 -0.04384197 0,0.9763442 0.21622209 0,
  0.88711369 0.46155098 0,0.73742784 0.67542593 0,
  0.5 0.8660254 0,0.25881905 0.96592583 0,
  -0.13052619 0.99144486 0,-0.30091828 0.95364993 0,
  -0.5374875 0.84327172 0,-0.73742784 0.67542593 0,
  -0.8660254 0.5 0,-0.96592583 0.25881905 0,
  -0.99903848 -0.04384197 0,-0.96592583 -0.25881905 0,
  -0.8660254 -0.5 0,-0.67542593 -0.73742784 0,
  -0.5 -0.8660254 0,-0.25881905 -0.96592583 0,
  0.04384197 -0.99903848 0,0.30091828 -0.95364993 0,
  0.5374875 -0.84327172 0,0.73742784 -0.67542593 0,
  0.88711369 -0.46155098 0,0.9763442 -0.21622209 0,
  0.99903848 0.04384197 0,0.95364993 0.30091828 0,
  0.84327172 0.5374875 0,0.67542593 0.73742784 0,
  0.5 0.8660254 0,0.25881905 0.96592583 0] }
}
}
DEF SHAPE_219 Shape {
 appearance USE APP_2
 geometry DEF FACE_219 IndexedFaceSet {
  coord DEF COORD_219 Coordinate { point [
  3 -6.1 0,3 -6.1 -1.4488189,
  3 -6.1 0,3.0258819 -6.0965926 0,
  3.05 -6.0866025 0,3.0707107 -6.0707107 0,
  3.0866025 -6.05 0,3.0965926 -6.0258819 0,
  3.1 -6 0,3.0965926 -5.9741181 0,
  3.0866025 -5.95 0,3.0707107 -5.9292893 0,
  3.05 -5.9133975 0,3.0258819 -5.9034074 0,
  3 -5.9 0,2.9741181 -5.9034074 0,
  2.95 -5.9133975 0,2.9292893 -5.9292893 0,
  2.9133975 -5.95 0,2.9034074 -5.9741181 0,
  2.9 -6 0,2.9034074 -6.0258819 0,
  2.9133975 -6.05 0,2.9292893 -6.0707107 0,
  2.95 -6.0866025 0,2.9741181 -6.0965926 0,
  3 -6.1 -1.4488189,3.0258819 -6.0965926 -1.4488189,
  3.05 -6.0866025 -1.4488189,3.0707107 -6.0707107 -1.4488189,
  3.0866025 -6.05 -1.4488189,3.0965926 -6.0258819 -1.4488189,
  3.1 -6 -1.4488189,3.0965926 -5.9741181 -1.4488189,
  3.0866025 -5.95 -1.4488189,3.0707107 -5.9292893 -1.4488189,
  3.05 -5.9133975 -1.4488189,3.0258819 -5.9034074 -1.4488189,
  3 -5.9 -1.4488189,2.9741181 -5.9034074 -1.4488189,
  2.95 -5.9133975 -1.4488189,2.9292893 -5.9292893 -1.4488189,
  2.9133975 -5.95 -1.4488189,2.9034074 -5.9741181 -1.4488189,
  2.9 -6 -1.4488189,2.9034074 -6.0258819 -1.4488189,
  2.9133975 -6.05 -1.4488189,2.9292893 -6.0707107 -1.4488189,
  2.95 -6.0866025 -1.4488189,2.9741181 -6.0965926 -1.4488189] }
 coordIndex [
  3,2,26,-1,3,26,27,-1,4,27,28,-1,4,3,27,-1,5,28,29,-1,5,4,28,-1,6,29,30,-1,6,30,31,-1,
  6,5,29,-1,7,6,31,-1,8,31,32,-1,8,7,31,-1,9,32,33,-1,9,33,34,-1,9,8,32,-1,10,9,34,-1,
  11,34,35,-1,11,10,34,-1,12,35,36,-1,12,36,37,-1,12,11,35,-1,13,12,37,-1,14,37,38,-1,14,13,37,-1,
  15,14,38,-1,15,38,39,-1,16,15,39,-1,16,39,40,-1,17,16,40,-1,17,40,41,-1,18,17,41,-1,18,41,42,-1,
  19,18,42,-1,19,42,43,-1,20,19,43,-1,20,43,44,-1,21,20,44,-1,21,44,45,-1,22,21,45,-1,22,45,46,-1,
  23,22,46,-1,23,46,47,-1,24,23,47,-1,24,47,48,-1,24,48,49,-1,25,24,49,-1,0,25,49,-1,0,49,1,-1]
  normalPerVertex TRUE
  normal DEF NORM_219 Normal { vector [
  -0.13052619 -0.99144486 0,-0.13052619 -0.99144486 0,
  0.13052619 -0.99144486 0,0.21622209 -0.9763442 0,
  0.46155098 -0.88711369 0,0.67542593 -0.73742784 0,
  0.8660254 -0.5 0,0.96592583 -0.25881905 0,
  0.99903848 -0.04384197 0,0.96592583 0.25881905 0,
  0.8660254 0.5 0,0.73742784 0.67542593 0,
  0.5 0.8660254 0,0.25881905 0.96592583 0,
  0.04384197 0.99903848 0,-0.21622209 0.9763442 0,
  -0.46155098 0.88711369 0,-0.67542593 0.73742784 0,
  -0.84327172 0.5374875 0,-0.95364993 0.30091828 0,
  -0.99903848 0.04384197 0,-0.9763442 -0.21622209 0,
  -0.88711369 -0.46155098 0,-0.73742784 -0.67542593 0,
  -0.5 -0.8660254 0,-0.25881905 -0.96592583 0,
  0.13052619 -0.99144486 0,0.30091828 -0.95364993 0,
  0.5374875 -0.84327172 0,0.73742784 -0.67542593 0,
  0.8660254 -0.5 0,0.96592583 -0.25881905 0,
  0.99903848 0.04384197 0,0.96592583 0.25881905 0,
  0.8660254 0.5 0,0.67542593 0.73742784 0,
  0.5 0.8660254 0,0.25881905 0.96592583 0,
  -0.04384197 0.99903848 0,-0.30091828 0.95364993 0,
  -0.5374875 0.84327172 0,-0.73742784 0.67542593 0,
  -0.88711369 0.46155098 0,-0.9763442 0.21622209 0,
  -0.99903848 -0.04384197 0,-0.95364993 -0.30091828 0,
  -0.84327172 -0.5374875 0,-0.67542593 -0.73742784 0,
  -0.5 -0.8660254 0,-0.25881905 -0.96592583 0] }
}
}
DEF SHAPE_220 Shape {
 appearance USE APP_2
 geometry DEF FACE_220 IndexedFaceSet {
  coord DEF COORD_220 Coordinate { point [
  0 -7.1 0.52755906,-0.025881905 -7.0965926 0.52755906,
  -0.05 -7.0866025 0.52755906,-0.070710678 -7.0707107 0.52755906,
  -0.08660254 -7.05 0.52755906,-0.096592583 -7.0258819 0.52755906,
  -0.1 -7 0.52755906,-0.096592583 -6.9741181 0.52755906,
  -0.08660254 -6.95 0.52755906,-0.070710678 -6.9292893 0.52755906,
  -0.05 -6.9133975 0.52755906,-0.025881905 -6.9034074 0.52755906,
  0 -6.9 0.52755906,0.025881905 -6.9034074 0.52755906,
  0.05 -6.9133975 0.52755906,0.070710678 -6.9292893 0.52755906,
  0.08660254 -6.95 0.52755906,0.096592583 -6.9741181 0.52755906,
  0.1 -7 0.52755906,0.096592583 -7.0258819 0.52755906,
  0.08660254 -7.05 0.52755906,0.070710678 -7.0707107 0.52755906,
  0.05 -7.0866025 0.52755906,0.025881905 -7.0965926 0.52755906] }
 coordIndex [
  21,20,19,-1,3,1,0,-1,3,2,1,-1,3,5,4,-1,3,6,5,-1,3,7,6,-1,3,8,7,-1,3,9,8,-1,
  3,10,9,-1,3,11,10,-1,3,12,11,-1,3,13,12,-1,3,14,13,-1,3,15,14,-1,3,16,15,-1,3,17,16,-1,
  3,18,17,-1,3,19,18,-1,3,22,21,-1,3,23,22,-1,3,0,23,-1,3,21,19,-1]
  normalPerVertex TRUE
  normal DEF NORM_220 Normal { vector [
  0 0 1,0 0 1,
  0 0 1,0 0 1,
  0 0 1,0 0 1,
  0 0 1,0 0 1,
  0 0 1,0 0 1,
  0 0 1,0 0 1,
  0 0 1,0 0 1,
  0 0 1,0 0 1,
  0 0 1,0 0 1,
  0 0 1,0 0 1,
  0 0 1,0 0 1,
  0 0 1,0 0 1] }
}
}
DEF SHAPE_221 Shape {
 appearance USE APP_2
 geometry DEF FACE_221 IndexedFaceSet {
  coord DEF COORD_221 Coordinate { point [
  0 -6.1 0.52755906,-0.025881905 -6.0965926 0.52755906,
  -0.05 -6.0866025 0.52755906,-0.070710678 -6.0707107 0.52755906,
  -0.08660254 -6.05 0.52755906,-0.096592583 -6.0258819 0.52755906,
  -0.1 -6 0.52755906,-0.096592583 -5.9741181 0.52755906,
  -0.08660254 -5.95 0.52755906,-0.070710678 -5.9292893 0.52755906,
  -0.05 -5.9133975 0.52755906,-0.025881905 -5.9034074 0.52755906,
  0 -5.9 0.52755906,0.025881905 -5.9034074 0.52755906,
  0.05 -5.9133975 0.52755906,0.070710678 -5.9292893 0.52755906,
  0.08660254 -5.95 0.52755906,0.096592583 -5.9741181 0.52755906,
  0.1 -6 0.52755906,0.096592583 -6.0258819 0.52755906,
  0.08660254 -6.05 0.52755906,0.070710678 -6.0707107 0.52755906,
  0.05 -6.0866025 0.52755906,0.025881905 -6.0965926 0.52755906] }
 coordIndex [
  3,1,0,-1,3,2,1,-1,3,5,4,-1,3,6,5,-1,3,7,6,-1,3,8,7,-1,3,9,8,-1,3,10,9,-1,
  3,11,10,-1,3,12,11,-1,3,13,12,-1,3,14,13,-1,3,15,14,-1,3,16,15,-1,3,17,16,-1,3,18,17,-1,
  3,19,18,-1,3,20,19,-1,3,21,20,-1,3,22,21,-1,3,23,22,-1,3,0,23,-1]
  normalPerVertex TRUE
  normal DEF NORM_221 Normal { vector [
  0 0 1,0 0 1,
  0 0 1,0 0 1,
  0 0 1,0 0 1,
  0 0 1,0 0 1,
  0 0 1,0 0 1,
  0 0 1,0 0 1,
  0 0 1,0 0 1,
  0 0 1,0 0 1,
  0 0 1,0 0 1,
  0 0 1,0 0 1,
  0 0 1,0 0 1,
  0 0 1,0 0 1] }
}
}
DEF SHAPE_222 Shape {
 appearance USE APP_2
 geometry DEF FACE_222 IndexedFaceSet {
  coord DEF COORD_222 Coordinate { point [
  0 -4.1 0.52755906,-0.025881905 -4.0965926 0.52755906,
  -0.05 -4.0866025 0.52755906,-0.070710678 -4.0707107 0.52755906,
  -0.08660254 -4.05 0.52755906,-0.096592583 -4.0258819 0.52755906,
  -0.1 -4 0.52755906,-0.096592583 -3.9741181 0.52755906,
  -0.08660254 -3.95 0.52755906,-0.070710678 -3.9292893 0.52755906,
  -0.05 -3.9133975 0.52755906,-0.025881905 -3.9034074 0.52755906,
  0 -3.9 0.52755906,0.025881905 -3.9034074 0.52755906,
  0.05 -3.9133975 0.52755906,0.070710678 -3.9292893 0.52755906,
  0.08660254 -3.95 0.52755906,0.096592583 -3.9741181 0.52755906,
  0.1 -4 0.52755906,0.096592583 -4.0258819 0.52755906,
  0.08660254 -4.05 0.52755906,0.070710678 -4.0707107 0.52755906,
  0.05 -4.0866025 0.52755906,0.025881905 -4.0965926 0.52755906] }
 coordIndex [
  3,1,0,-1,3,2,1,-1,3,5,4,-1,3,6,5,-1,3,7,6,-1,3,8,7,-1,3,9,8,-1,3,10,9,-1,
  3,11,10,-1,3,12,11,-1,3,13,12,-1,3,14,13,-1,3,15,14,-1,3,16,15,-1,3,17,16,-1,3,18,17,-1,
  3,19,18,-1,3,20,19,-1,3,21,20,-1,3,22,21,-1,3,23,22,-1,3,0,23,-1]
  normalPerVertex TRUE
  normal DEF NORM_222 Normal { vector [
  0 0 1,0 0 1,
  0 0 1,0 0 1,
  0 0 1,0 0 1,
  0 0 1,0 0 1,
  0 0 1,0 0 1,
  0 0 1,0 0 1,
  0 0 1,0 0 1,
  0 0 1,0 0 1,
  0 0 1,0 0 1,
  0 0 1,0 0 1,
  0 0 1,0 0 1,
  0 0 1,0 0 1] }
}
}
DEF SHAPE_223 Shape {
 appearance USE APP_2
 geometry DEF FACE_223 IndexedFaceSet {
  coord DEF COORD_223 Coordinate { point [
  0 -5.1 0.52755906,-0.025881905 -5.0965926 0.52755906,
  -0.05 -5.0866025 0.52755906,-0.070710678 -5.0707107 0.52755906,
  -0.08660254 -5.05 0.52755906,-0.096592583 -5.0258819 0.52755906,
  -0.1 -5 0.52755906,-0.096592583 -4.9741181 0.52755906,
  -0.08660254 -4.95 0.52755906,-0.070710678 -4.9292893 0.52755906,
  -0.05 -4.9133975 0.52755906,-0.025881905 -4.9034074 0.52755906,
  0 -4.9 0.52755906,0.025881905 -4.9034074 0.52755906,
  0.05 -4.9133975 0.52755906,0.070710678 -4.9292893 0.52755906,
  0.08660254 -4.95 0.52755906,0.096592583 -4.9741181 0.52755906,
  0.1 -5 0.52755906,0.096592583 -5.0258819 0.52755906,
  0.08660254 -5.05 0.52755906,0.070710678 -5.0707107 0.52755906,
  0.05 -5.0866025 0.52755906,0.025881905 -5.0965926 0.52755906] }
 coordIndex [
  3,1,0,-1,3,2,1,-1,3,5,4,-1,3,6,5,-1,3,7,6,-1,3,8,7,-1,3,9,8,-1,3,10,9,-1,
  3,11,10,-1,3,12,11,-1,3,13,12,-1,3,14,13,-1,3,15,14,-1,3,16,15,-1,3,17,16,-1,3,18,17,-1,
  3,19,18,-1,3,20,19,-1,3,21,20,-1,3,22,21,-1,3,23,22,-1,3,0,23,-1]
  normalPerVertex TRUE
  normal DEF NORM_223 Normal { vector [
  0 0 1,0 0 1,
  0 0 1,0 0 1,
  0 0 1,0 0 1,
  0 0 1,0 0 1,
  0 0 1,0 0 1,
  0 0 1,0 0 1,
  0 0 1,0 0 1,
  0 0 1,0 0 1,
  0 0 1,0 0 1,
  0 0 1,0 0 1,
  0 0 1,0 0 1,
  0 0 1,0 0 1] }
}
}
DEF SHAPE_224 Shape {
 appearance USE APP_2
 geometry DEF FACE_224 IndexedFaceSet {
  coord DEF COORD_224 Coordinate { point [
  0 -1.1 0.52755906,-0.025881905 -1.0965926 0.52755906,
  -0.05 -1.0866025 0.52755906,-0.070710678 -1.0707107 0.52755906,
  -0.08660254 -1.05 0.52755906,-0.096592583 -1.0258819 0.52755906,
  -0.1 -1 0.52755906,-0.096592583 -0.9741181 0.52755906,
  -0.08660254 -0.95 0.52755906,-0.070710678 -0.92928932 0.52755906,
  -0.05 -0.91339746 0.52755906,-0.025881905 -0.90340742 0.52755906,
  0 -0.9 0.52755906,0.025881905 -0.90340742 0.52755906,
  0.05 -0.91339746 0.52755906,0.070710678 -0.92928932 0.52755906,
  0.08660254 -0.95 0.52755906,0.096592583 -0.9741181 0.52755906,
  0.1 -1 0.52755906,0.096592583 -1.0258819 0.52755906,
  0.08660254 -1.05 0.52755906,0.070710678 -1.0707107 0.52755906,
  0.05 -1.0866025 0.52755906,0.025881905 -1.0965926 0.52755906] }
 coordIndex [
  22,21,20,-1,3,1,0,-1,3,2,1,-1,3,5,4,-1,3,6,5,-1,3,7,6,-1,3,8,7,-1,3,9,8,-1,
  3,10,9,-1,3,11,10,-1,3,12,11,-1,3,13,12,-1,3,14,13,-1,3,15,14,-1,3,16,15,-1,3,17,16,-1,
  3,18,17,-1,3,19,18,-1,3,20,19,-1,3,23,22,-1,3,0,23,-1,3,22,20,-1]
  normalPerVertex TRUE
  normal DEF NORM_224 Normal { vector [
  0 0 1,0 0 1,
  0 0 1,0 0 1,
  0 0 1,0 0 1,
  0 0 1,0 0 1,
  0 0 1,0 0 1,
  0 0 1,0 0 1,
  0 0 1,0 0 1,
  0 0 1,0 0 1,
  0 0 1,0 0 1,
  0 0 1,0 0 1,
  0 0 1,0 0 1,
  0 0 1,0 0 1] }
}
}
DEF SHAPE_225 Shape {
 appearance USE APP_2
 geometry DEF FACE_225 IndexedFaceSet {
  coord DEF COORD_225 Coordinate { point [
  0 -2.1 0.52755906,-0.025881905 -2.0965926 0.52755906,
  -0.05 -2.0866025 0.52755906,-0.070710678 -2.0707107 0.52755906,
  -0.08660254 -2.05 0.52755906,-0.096592583 -2.0258819 0.52755906,
  -0.1 -2 0.52755906,-0.096592583 -1.9741181 0.52755906,
  -0.08660254 -1.95 0.52755906,-0.070710678 -1.9292893 0.52755906,
  -0.05 -1.9133975 0.52755906,-0.025881905 -1.9034074 0.52755906,
  0 -1.9 0.52755906,0.025881905 -1.9034074 0.52755906,
  0.05 -1.9133975 0.52755906,0.070710678 -1.9292893 0.52755906,
  0.08660254 -1.95 0.52755906,0.096592583 -1.9741181 0.52755906,
  0.1 -2 0.52755906,0.096592583 -2.0258819 0.52755906,
  0.08660254 -2.05 0.52755906,0.070710678 -2.0707107 0.52755906,
  0.05 -2.0866025 0.52755906,0.025881905 -2.0965926 0.52755906] }
 coordIndex [
  3,1,0,-1,3,2,1,-1,3,5,4,-1,3,6,5,-1,3,7,6,-1,3,8,7,-1,3,9,8,-1,3,10,9,-1,
  3,11,10,-1,3,12,11,-1,3,13,12,-1,3,14,13,-1,3,15,14,-1,3,16,15,-1,3,17,16,-1,3,18,17,-1,
  3,19,18,-1,3,20,19,-1,3,21,20,-1,3,22,21,-1,3,23,22,-1,3,0,23,-1]
  normalPerVertex TRUE
  normal DEF NORM_225 Normal { vector [
  0 0 1,0 0 1,
  0 0 1,0 0 1,
  0 0 1,0 0 1,
  0 0 1,0 0 1,
  0 0 1,0 0 1,
  0 0 1,0 0 1,
  0 0 1,0 0 1,
  0 0 1,0 0 1,
  0 0 1,0 0 1,
  0 0 1,0 0 1,
  0 0 1,0 0 1,
  0 0 1,0 0 1] }
}
}
DEF SHAPE_226 Shape {
 appearance USE APP_2
 geometry DEF FACE_226 IndexedFaceSet {
  coord DEF COORD_226 Coordinate { point [
  0 -3.1 0.52755906,-0.025881905 -3.0965926 0.52755906,
  -0.05 -3.0866025 0.52755906,-0.070710678 -3.0707107 0.52755906,
  -0.08660254 -3.05 0.52755906,-0.096592583 -3.0258819 0.52755906,
  -0.1 -3 0.52755906,-0.096592583 -2.9741181 0.52755906,
  -0.08660254 -2.95 0.52755906,-0.070710678 -2.9292893 0.52755906,
  -0.05 -2.9133975 0.52755906,-0.025881905 -2.9034074 0.52755906,
  0 -2.9 0.52755906,0.025881905 -2.9034074 0.52755906,
  0.05 -2.9133975 0.52755906,0.070710678 -2.9292893 0.52755906,
  0.08660254 -2.95 0.52755906,0.096592583 -2.9741181 0.52755906,
  0.1 -3 0.52755906,0.096592583 -3.0258819 0.52755906,
  0.08660254 -3.05 0.52755906,0.070710678 -3.0707107 0.52755906,
  0.05 -3.0866025 0.52755906,0.025881905 -3.0965926 0.52755906] }
 coordIndex [
  3,1,0,-1,3,2,1,-1,3,5,4,-1,3,6,5,-1,3,7,6,-1,3,8,7,-1,3,9,8,-1,3,10,9,-1,
  3,11,10,-1,3,12,11,-1,3,13,12,-1,3,14,13,-1,3,15,14,-1,3,16,15,-1,3,17,16,-1,3,18,17,-1,
  3,19,18,-1,3,20,19,-1,3,21,20,-1,3,22,21,-1,3,23,22,-1,3,0,23,-1]
  normalPerVertex TRUE
  normal DEF NORM_226 Normal { vector [
  0 0 1,0 0 1,
  0 0 1,0 0 1,
  0 0 1,0 0 1,
  0 0 1,0 0 1,
  0 0 1,0 0 1,
  0 0 1,0 0 1,
  0 0 1,0 0 1,
  0 0 1,0 0 1,
  0 0 1,0 0 1,
  0 0 1,0 0 1,
  0 0 1,0 0 1,
  0 0 1,0 0 1] }
}
}
DEF SHAPE_227 Shape {
 appearance USE APP_2
 geometry DEF FACE_227 IndexedFaceSet {
  coord DEF COORD_227 Coordinate { point [
  0 -0.1 0.52755906,-0.025881905 -0.096592583 0.52755906,
  -0.05 -0.08660254 0.52755906,-0.070710678 -0.070710678 0.52755906,
  -0.08660254 -0.05 0.52755906,-0.096592583 -0.025881905 0.52755906,
  -0.1 0 0.52755906,-0.096592583 0.025881905 0.52755906,
  -0.08660254 0.05 0.52755906,-0.070710678 0.070710678 0.52755906,
  -0.05 0.08660254 0.52755906,-0.025881905 0.096592583 0.52755906,
  0 0.1 0.52755906,0.025881905 0.096592583 0.52755906,
  0.05 0.08660254 0.52755906,0.070710678 0.070710678 0.52755906,
  0.08660254 0.05 0.52755906,0.096592583 0.025881905 0.52755906,
  0.1 0 0.52755906,0.096592583 -0.025881905 0.52755906,
  0.08660254 -0.05 0.52755906,0.070710678 -0.070710678 0.52755906,
  0.05 -0.08660254 0.52755906,0.025881905 -0.096592583 0.52755906] }
 coordIndex [
  22,21,20,-1,1,0,23,-1,3,2,1,-1,3,5,4,-1,3,6,5,-1,3,7,6,-1,3,8,7,-1,3,9,8,-1,
  3,10,9,-1,3,11,10,-1,3,12,11,-1,3,13,12,-1,3,14,13,-1,3,15,14,-1,3,16,15,-1,3,17,16,-1,
  3,18,17,-1,3,19,18,-1,3,20,19,-1,3,23,22,-1,3,22,20,-1,3,1,23,-1]
  normalPerVertex TRUE
  normal DEF NORM_227 Normal { vector [
  0 0 1,0 0 1,
  0 0 1,0 0 1,
  0 0 1,0 0 1,
  0 0 1,0 0 1,
  0 0 1,0 0 1,
  0 0 1,0 0 1,
  0 0 1,0 0 1,
  0 0 1,0 0 1,
  0 0 1,0 0 1,
  0 0 1,0 0 1,
  0 0 1,0 0 1,
  0 0 1,0 0 1] }
}
}
DEF SHAPE_228 Shape {
 appearance USE APP_2
 geometry DEF FACE_228 IndexedFaceSet {
  coord DEF COORD_228 Coordinate { point [
  0 -9.1 0.52755906,-0.025881905 -9.0965926 0.52755906,
  -0.05 -9.0866025 0.52755906,-0.070710678 -9.0707107 0.52755906,
  -0.08660254 -9.05 0.52755906,-0.096592583 -9.0258819 0.52755906,
  -0.1 -9 0.52755906,-0.096592583 -8.9741181 0.52755906,
  -0.08660254 -8.95 0.52755906,-0.070710678 -8.9292893 0.52755906,
  -0.05 -8.9133975 0.52755906,-0.025881905 -8.9034074 0.52755906,
  0 -8.9 0.52755906,0.025881905 -8.9034074 0.52755906,
  0.05 -8.9133975 0.52755906,0.070710678 -8.9292893 0.52755906,
  0.08660254 -8.95 0.52755906,0.096592583 -8.9741181 0.52755906,
  0.1 -9 0.52755906,0.096592583 -9.0258819 0.52755906,
  0.08660254 -9.05 0.52755906,0.070710678 -9.0707107 0.52755906,
  0.05 -9.0866025 0.52755906,0.025881905 -9.0965926 0.52755906] }
 coordIndex [
  21,20,19,-1,3,1,0,-1,3,2,1,-1,3,5,4,-1,3,6,5,-1,3,7,6,-1,3,8,7,-1,3,9,8,-1,
  3,10,9,-1,3,11,10,-1,3,12,11,-1,3,13,12,-1,3,14,13,-1,3,15,14,-1,3,16,15,-1,3,17,16,-1,
  3,18,17,-1,3,19,18,-1,3,22,21,-1,3,23,22,-1,3,0,23,-1,3,21,19,-1]
  normalPerVertex TRUE
  normal DEF NORM_228 Normal { vector [
  0 0 1,0 0 1,
  0 0 1,0 0 1,
  0 0 1,0 0 1,
  0 0 1,0 0 1,
  0 0 1,0 0 1,
  0 0 1,0 0 1,
  0 0 1,0 0 1,
  0 0 1,0 0 1,
  0 0 1,0 0 1,
  0 0 1,0 0 1,
  0 0 1,0 0 1,
  0 0 1,0 0 1] }
}
}
DEF SHAPE_229 Shape {
 appearance USE APP_2
 geometry DEF FACE_229 IndexedFaceSet {
  coord DEF COORD_229 Coordinate { point [
  0 -8.1 0.52755906,-0.025881905 -8.0965926 0.52755906,
  -0.05 -8.0866025 0.52755906,-0.070710678 -8.0707107 0.52755906,
  -0.08660254 -8.05 0.52755906,-0.096592583 -8.0258819 0.52755906,
  -0.1 -8 0.52755906,-0.096592583 -7.9741181 0.52755906,
  -0.08660254 -7.95 0.52755906,-0.070710678 -7.9292893 0.52755906,
  -0.05 -7.9133975 0.52755906,-0.025881905 -7.9034074 0.52755906,
  0 -7.9 0.52755906,0.025881905 -7.9034074 0.52755906,
  0.05 -7.9133975 0.52755906,0.070710678 -7.9292893 0.52755906,
  0.08660254 -7.95 0.52755906,0.096592583 -7.9741181 0.52755906,
  0.1 -8 0.52755906,0.096592583 -8.0258819 0.52755906,
  0.08660254 -8.05 0.52755906,0.070710678 -8.0707107 0.52755906,
  0.05 -8.0866025 0.52755906,0.025881905 -8.0965926 0.52755906] }
 coordIndex [
  21,20,19,-1,3,1,0,-1,3,2,1,-1,3,5,4,-1,3,6,5,-1,3,7,6,-1,3,8,7,-1,3,9,8,-1,
  3,10,9,-1,3,11,10,-1,3,12,11,-1,3,13,12,-1,3,14,13,-1,3,15,14,-1,3,16,15,-1,3,17,16,-1,
  3,18,17,-1,3,19,18,-1,3,22,21,-1,3,23,22,-1,3,0,23,-1,3,21,19,-1]
  normalPerVertex TRUE
  normal DEF NORM_229 Normal { vector [
  0 0 1,0 0 1,
  0 0 1,0 0 1,
  0 0 1,0 0 1,
  0 0 1,0 0 1,
  0 0 1,0 0 1,
  0 0 1,0 0 1,
  0 0 1,0 0 1,
  0 0 1,0 0 1,
  0 0 1,0 0 1,
  0 0 1,0 0 1,
  0 0 1,0 0 1,
  0 0 1,0 0 1] }
}
}
DEF SHAPE_230 Shape {
 appearance USE APP_2
 geometry DEF FACE_230 IndexedFaceSet {
  coord DEF COORD_230 Coordinate { point [
  3 -1.9 0.52755906,3.0258819 -1.9034074 0.52755906,
  3.05 -1.9133975 0.52755906,3.0707107 -1.9292893 0.52755906,
  3.0866025 -1.95 0.52755906,3.0965926 -1.9741181 0.52755906,
  3.1 -2 0.52755906,3.0965926 -2.0258819 0.52755906,
  3.0866025 -2.05 0.52755906,3.0707107 -2.0707107 0.52755906,
  3.05 -2.0866025 0.52755906,3.0258819 -2.0965926 0.52755906,
  3 -2.1 0.52755906,2.9741181 -2.0965926 0.52755906,
  2.95 -2.0866025 0.52755906,2.9292893 -2.0707107 0.52755906,
  2.9133975 -2.05 0.52755906,2.9034074 -2.0258819 0.52755906,
  2.9 -2 0.52755906,2.9034074 -1.9741181 0.52755906,
  2.9133975 -1.95 0.52755906,2.9292893 -1.9292893 0.52755906,
  2.95 -1.9133975 0.52755906,2.9741181 -1.9034074 0.52755906] }
 coordIndex [
  2,1,0,-1,3,5,4,-1,3,6,5,-1,3,7,6,-1,3,8,7,-1,3,9,8,-1,3,10,9,-1,3,11,10,-1,
  3,12,11,-1,3,13,12,-1,3,14,13,-1,3,15,14,-1,3,16,15,-1,3,17,16,-1,3,18,17,-1,3,19,18,-1,
  3,20,19,-1,3,21,20,-1,3,22,21,-1,3,23,22,-1,3,0,23,-1,3,2,0,-1]
  normalPerVertex TRUE
  normal DEF NORM_230 Normal { vector [
  0 0 1,0 0 1,
  0 0 1,0 0 1,
  0 0 1,0 0 1,
  0 0 1,0 0 1,
  0 0 1,0 0 1,
  0 0 1,0 0 1,
  0 0 1,0 0 1,
  0 0 1,0 0 1,
  0 0 1,0 0 1,
  0 0 1,0 0 1,
  0 0 1,0 0 1,
  0 0 1,0 0 1] }
}
}
DEF SHAPE_231 Shape {
 appearance USE APP_2
 geometry DEF FACE_231 IndexedFaceSet {
  coord DEF COORD_231 Coordinate { point [
  3 -0.9 0.52755906,3.0258819 -0.90340742 0.52755906,
  3.05 -0.91339746 0.52755906,3.0707107 -0.92928932 0.52755906,
  3.0866025 -0.95 0.52755906,3.0965926 -0.9741181 0.52755906,
  3.1 -1 0.52755906,3.0965926 -1.0258819 0.52755906,
  3.0866025 -1.05 0.52755906,3.0707107 -1.0707107 0.52755906,
  3.05 -1.0866025 0.52755906,3.0258819 -1.0965926 0.52755906,
  3 -1.1 0.52755906,2.9741181 -1.0965926 0.52755906,
  2.95 -1.0866025 0.52755906,2.9292893 -1.0707107 0.52755906,
  2.9133975 -1.05 0.52755906,2.9034074 -1.0258819 0.52755906,
  2.9 -1 0.52755906,2.9034074 -0.9741181 0.52755906,
  2.9133975 -0.95 0.52755906,2.9292893 -0.92928932 0.52755906,
  2.95 -0.91339746 0.52755906,2.9741181 -0.90340742 0.52755906] }
 coordIndex [
  3,1,0,-1,3,2,1,-1,3,5,4,-1,3,6,5,-1,3,7,6,-1,3,8,7,-1,3,9,8,-1,3,10,9,-1,
  3,11,10,-1,3,12,11,-1,3,13,12,-1,3,14,13,-1,3,15,14,-1,3,16,15,-1,3,17,16,-1,3,18,17,-1,
  3,19,18,-1,3,20,19,-1,3,21,20,-1,3,22,21,-1,3,23,22,-1,3,0,23,-1]
  normalPerVertex TRUE
  normal DEF NORM_231 Normal { vector [
  0 0 1,0 0 1,
  0 0 1,0 0 1,
  0 0 1,0 0 1,
  0 0 1,0 0 1,
  0 0 1,0 0 1,
  0 0 1,0 0 1,
  0 0 1,0 0 1,
  0 0 1,0 0 1,
  0 0 1,0 0 1,
  0 0 1,0 0 1,
  0 0 1,0 0 1,
  0 0 1,0 0 1] }
}
}
DEF SHAPE_232 Shape {
 appearance USE APP_2
 geometry DEF FACE_232 IndexedFaceSet {
  coord DEF COORD_232 Coordinate { point [
  3 -3.9 0.52755906,3.0258819 -3.9034074 0.52755906,
  3.05 -3.9133975 0.52755906,3.0707107 -3.9292893 0.52755906,
  3.0866025 -3.95 0.52755906,3.0965926 -3.9741181 0.52755906,
  3.1 -4 0.52755906,3.0965926 -4.0258819 0.52755906,
  3.0866025 -4.05 0.52755906,3.0707107 -4.0707107 0.52755906,
  3.05 -4.0866025 0.52755906,3.0258819 -4.0965926 0.52755906,
  3 -4.1 0.52755906,2.9741181 -4.0965926 0.52755906,
  2.95 -4.0866025 0.52755906,2.9292893 -4.0707107 0.52755906,
  2.9133975 -4.05 0.52755906,2.9034074 -4.0258819 0.52755906,
  2.9 -4 0.52755906,2.9034074 -3.9741181 0.52755906,
  2.9133975 -3.95 0.52755906,2.9292893 -3.9292893 0.52755906,
  2.95 -3.9133975 0.52755906,2.9741181 -3.9034074 0.52755906] }
 coordIndex [
  2,1,0,-1,3,5,4,-1,3,6,5,-1,3,7,6,-1,3,8,7,-1,3,9,8,-1,3,10,9,-1,3,11,10,-1,
  3,12,11,-1,3,13,12,-1,3,14,13,-1,3,15,14,-1,3,16,15,-1,3,17,16,-1,3,18,17,-1,3,19,18,-1,
  3,20,19,-1,3,21,20,-1,3,22,21,-1,3,23,22,-1,3,0,23,-1,3,2,0,-1]
  normalPerVertex TRUE
  normal DEF NORM_232 Normal { vector [
  0 0 1,0 0 1,
  0 0 1,0 0 1,
  0 0 1,0 0 1,
  0 0 1,0 0 1,
  0 0 1,0 0 1,
  0 0 1,0 0 1,
  0 0 1,0 0 1,
  0 0 1,0 0 1,
  0 0 1,0 0 1,
  0 0 1,0 0 1,
  0 0 1,0 0 1,
  0 0 1,0 0 1] }
}
}
DEF SHAPE_233 Shape {
 appearance USE APP_2
 geometry DEF FACE_233 IndexedFaceSet {
  coord DEF COORD_233 Coordinate { point [
  3 -2.9 0.52755906,3.0258819 -2.9034074 0.52755906,
  3.05 -2.9133975 0.52755906,3.0707107 -2.9292893 0.52755906,
  3.0866025 -2.95 0.52755906,3.0965926 -2.9741181 0.52755906,
  3.1 -3 0.52755906,3.0965926 -3.0258819 0.52755906,
  3.0866025 -3.05 0.52755906,3.0707107 -3.0707107 0.52755906,
  3.05 -3.0866025 0.52755906,3.0258819 -3.0965926 0.52755906,
  3 -3.1 0.52755906,2.9741181 -3.0965926 0.52755906,
  2.95 -3.0866025 0.52755906,2.9292893 -3.0707107 0.52755906,
  2.9133975 -3.05 0.52755906,2.9034074 -3.0258819 0.52755906,
  2.9 -3 0.52755906,2.9034074 -2.9741181 0.52755906,
  2.9133975 -2.95 0.52755906,2.9292893 -2.9292893 0.52755906,
  2.95 -2.9133975 0.52755906,2.9741181 -2.9034074 0.52755906] }
 coordIndex [
  22,21,20,-1,3,1,0,-1,3,2,1,-1,3,5,4,-1,3,6,5,-1,3,7,6,-1,3,8,7,-1,3,9,8,-1,
  3,10,9,-1,3,11,10,-1,3,12,11,-1,3,13,12,-1,3,14,13,-1,3,15,14,-1,3,16,15,-1,3,17,16,-1,
  3,18,17,-1,3,19,18,-1,3,20,19,-1,3,23,22,-1,3,0,23,-1,3,22,20,-1]
  normalPerVertex TRUE
  normal DEF NORM_233 Normal { vector [
  0 0 1,0 0 1,
  0 0 1,0 0 1,
  0 0 1,0 0 1,
  0 0 1,0 0 1,
  0 0 1,0 0 1,
  0 0 1,0 0 1,
  0 0 1,0 0 1,
  0 0 1,0 0 1,
  0 0 1,0 0 1,
  0 0 1,0 0 1,
  0 0 1,0 0 1,
  0 0 1,0 0 1] }
}
}
DEF SHAPE_234 Shape {
 appearance USE APP_2
 geometry DEF FACE_234 IndexedFaceSet {
  coord DEF COORD_234 Coordinate { point [
  3 -8.9 0.52755906,3.0258819 -8.9034074 0.52755906,
  3.05 -8.9133975 0.52755906,3.0707107 -8.9292893 0.52755906,
  3.0866025 -8.95 0.52755906,3.0965926 -8.9741181 0.52755906,
  3.1 -9 0.52755906,3.0965926 -9.0258819 0.52755906,
  3.0866025 -9.05 0.52755906,3.0707107 -9.0707107 0.52755906,
  3.05 -9.0866025 0.52755906,3.0258819 -9.0965926 0.52755906,
  3 -9.1 0.52755906,2.9741181 -9.0965926 0.52755906,
  2.95 -9.0866025 0.52755906,2.9292893 -9.0707107 0.52755906,
  2.9133975 -9.05 0.52755906,2.9034074 -9.0258819 0.52755906,
  2.9 -9 0.52755906,2.9034074 -8.9741181 0.52755906,
  2.9133975 -8.95 0.52755906,2.9292893 -8.9292893 0.52755906,
  2.95 -8.9133975 0.52755906,2.9741181 -8.9034074 0.52755906] }
 coordIndex [
  3,1,0,-1,3,2,1,-1,3,5,4,-1,3,6,5,-1,3,7,6,-1,3,8,7,-1,3,9,8,-1,3,10,9,-1,
  3,11,10,-1,3,12,11,-1,3,13,12,-1,3,14,13,-1,3,15,14,-1,3,16,15,-1,3,17,16,-1,3,18,17,-1,
  3,19,18,-1,3,20,19,-1,3,21,20,-1,3,22,21,-1,3,23,22,-1,3,0,23,-1]
  normalPerVertex TRUE
  normal DEF NORM_234 Normal { vector [
  0 0 1,0 0 1,
  0 0 1,0 0 1,
  0 0 1,0 0 1,
  0 0 1,0 0 1,
  0 0 1,0 0 1,
  0 0 1,0 0 1,
  0 0 1,0 0 1,
  0 0 1,0 0 1,
  0 0 1,0 0 1,
  0 0 1,0 0 1,
  0 0 1,0 0 1,
  0 0 1,0 0 1] }
}
}
DEF SHAPE_235 Shape {
 appearance USE APP_2
 geometry DEF FACE_235 IndexedFaceSet {
  coord DEF COORD_235 Coordinate { point [
  3 -7.9 0.52755906,3.0258819 -7.9034074 0.52755906,
  3.05 -7.9133975 0.52755906,3.0707107 -7.9292893 0.52755906,
  3.0866025 -7.95 0.52755906,3.0965926 -7.9741181 0.52755906,
  3.1 -8 0.52755906,3.0965926 -8.0258819 0.52755906,
  3.0866025 -8.05 0.52755906,3.0707107 -8.0707107 0.52755906,
  3.05 -8.0866025 0.52755906,3.0258819 -8.0965926 0.52755906,
  3 -8.1 0.52755906,2.9741181 -8.0965926 0.52755906,
  2.95 -8.0866025 0.52755906,2.9292893 -8.0707107 0.52755906,
  2.9133975 -8.05 0.52755906,2.9034074 -8.0258819 0.52755906,
  2.9 -8 0.52755906,2.9034074 -7.9741181 0.52755906,
  2.9133975 -7.95 0.52755906,2.9292893 -7.9292893 0.52755906,
  2.95 -7.9133975 0.52755906,2.9741181 -7.9034074 0.52755906] }
 coordIndex [
  3,1,0,-1,3,2,1,-1,3,5,4,-1,3,6,5,-1,3,7,6,-1,3,8,7,-1,3,9,8,-1,3,10,9,-1,
  3,11,10,-1,3,12,11,-1,3,13,12,-1,3,14,13,-1,3,15,14,-1,3,16,15,-1,3,17,16,-1,3,18,17,-1,
  3,19,18,-1,3,20,19,-1,3,21,20,-1,3,22,21,-1,3,23,22,-1,3,0,23,-1]
  normalPerVertex TRUE
  normal DEF NORM_235 Normal { vector [
  0 0 1,0 0 1,
  0 0 1,0 0 1,
  0 0 1,0 0 1,
  0 0 1,0 0 1,
  0 0 1,0 0 1,
  0 0 1,0 0 1,
  0 0 1,0 0 1,
  0 0 1,0 0 1,
  0 0 1,0 0 1,
  0 0 1,0 0 1,
  0 0 1,0 0 1,
  0 0 1,0 0 1] }
}
}
DEF SHAPE_236 Shape {
 appearance USE APP_2
 geometry DEF FACE_236 IndexedFaceSet {
  coord DEF COORD_236 Coordinate { point [
  3 -6.9 0.52755906,3.0258819 -6.9034074 0.52755906,
  3.05 -6.9133975 0.52755906,3.0707107 -6.9292893 0.52755906,
  3.0866025 -6.95 0.52755906,3.0965926 -6.9741181 0.52755906,
  3.1 -7 0.52755906,3.0965926 -7.0258819 0.52755906,
  3.0866025 -7.05 0.52755906,3.0707107 -7.0707107 0.52755906,
  3.05 -7.0866025 0.52755906,3.0258819 -7.0965926 0.52755906,
  3 -7.1 0.52755906,2.9741181 -7.0965926 0.52755906,
  2.95 -7.0866025 0.52755906,2.9292893 -7.0707107 0.52755906,
  2.9133975 -7.05 0.52755906,2.9034074 -7.0258819 0.52755906,
  2.9 -7 0.52755906,2.9034074 -6.9741181 0.52755906,
  2.9133975 -6.95 0.52755906,2.9292893 -6.9292893 0.52755906,
  2.95 -6.9133975 0.52755906,2.9741181 -6.9034074 0.52755906] }
 coordIndex [
  3,1,0,-1,3,2,1,-1,3,5,4,-1,3,6,5,-1,3,7,6,-1,3,8,7,-1,3,9,8,-1,3,10,9,-1,
  3,11,10,-1,3,12,11,-1,3,13,12,-1,3,14,13,-1,3,15,14,-1,3,16,15,-1,3,17,16,-1,3,18,17,-1,
  3,19,18,-1,3,20,19,-1,3,21,20,-1,3,22,21,-1,3,23,22,-1,3,0,23,-1]
  normalPerVertex TRUE
  normal DEF NORM_236 Normal { vector [
  0 0 1,0 0 1,
  0 0 1,0 0 1,
  0 0 1,0 0 1,
  0 0 1,0 0 1,
  0 0 1,0 0 1,
  0 0 1,0 0 1,
  0 0 1,0 0 1,
  0 0 1,0 0 1,
  0 0 1,0 0 1,
  0 0 1,0 0 1,
  0 0 1,0 0 1,
  0 0 1,0 0 1] }
}
}
DEF SHAPE_237 Shape {
 appearance USE APP_2
 geometry DEF FACE_237 IndexedFaceSet {
  coord DEF COORD_237 Coordinate { point [
  3 -4.9 0.52755906,3.0258819 -4.9034074 0.52755906,
  3.05 -4.9133975 0.52755906,3.0707107 -4.9292893 0.52755906,
  3.0866025 -4.95 0.52755906,3.0965926 -4.9741181 0.52755906,
  3.1 -5 0.52755906,3.0965926 -5.0258819 0.52755906,
  3.0866025 -5.05 0.52755906,3.0707107 -5.0707107 0.52755906,
  3.05 -5.0866025 0.52755906,3.0258819 -5.0965926 0.52755906,
  3 -5.1 0.52755906,2.9741181 -5.0965926 0.52755906,
  2.95 -5.0866025 0.52755906,2.9292893 -5.0707107 0.52755906,
  2.9133975 -5.05 0.52755906,2.9034074 -5.0258819 0.52755906,
  2.9 -5 0.52755906,2.9034074 -4.9741181 0.52755906,
  2.9133975 -4.95 0.52755906,2.9292893 -4.9292893 0.52755906,
  2.95 -4.9133975 0.52755906,2.9741181 -4.9034074 0.52755906] }
 coordIndex [
  2,1,0,-1,3,5,4,-1,3,6,5,-1,3,7,6,-1,3,8,7,-1,3,9,8,-1,3,10,9,-1,3,11,10,-1,
  3,12,11,-1,3,13,12,-1,3,14,13,-1,3,15,14,-1,3,16,15,-1,3,17,16,-1,3,18,17,-1,3,19,18,-1,
  3,20,19,-1,3,21,20,-1,3,22,21,-1,3,23,22,-1,3,0,23,-1,3,2,0,-1]
  normalPerVertex TRUE
  normal DEF NORM_237 Normal { vector [
  0 0 1,0 0 1,
  0 0 1,0 0 1,
  0 0 1,0 0 1,
  0 0 1,0 0 1,
  0 0 1,0 0 1,
  0 0 1,0 0 1,
  0 0 1,0 0 1,
  0 0 1,0 0 1,
  0 0 1,0 0 1,
  0 0 1,0 0 1,
  0 0 1,0 0 1,
  0 0 1,0 0 1] }
}
}
DEF SHAPE_238 Shape {
 appearance USE APP_2
 geometry DEF FACE_238 IndexedFaceSet {
  coord DEF COORD_238 Coordinate { point [
  3 -5.9 0.52755906,3.0258819 -5.9034074 0.52755906,
  3.05 -5.9133975 0.52755906,3.0707107 -5.9292893 0.52755906,
  3.0866025 -5.95 0.52755906,3.0965926 -5.9741181 0.52755906,
  3.1 -6 0.52755906,3.0965926 -6.0258819 0.52755906,
  3.0866025 -6.05 0.52755906,3.0707107 -6.0707107 0.52755906,
  3.05 -6.0866025 0.52755906,3.0258819 -6.0965926 0.52755906,
  3 -6.1 0.52755906,2.9741181 -6.0965926 0.52755906,
  2.95 -6.0866025 0.52755906,2.9292893 -6.0707107 0.52755906,
  2.9133975 -6.05 0.52755906,2.9034074 -6.0258819 0.52755906,
  2.9 -6 0.52755906,2.9034074 -5.9741181 0.52755906,
  2.9133975 -5.95 0.52755906,2.9292893 -5.9292893 0.52755906,
  2.95 -5.9133975 0.52755906,2.9741181 -5.9034074 0.52755906] }
 coordIndex [
  2,1,0,-1,3,5,4,-1,3,6,5,-1,3,7,6,-1,3,8,7,-1,3,9,8,-1,3,10,9,-1,3,11,10,-1,
  3,12,11,-1,3,13,12,-1,3,14,13,-1,3,15,14,-1,3,16,15,-1,3,17,16,-1,3,18,17,-1,3,19,18,-1,
  3,20,19,-1,3,21,20,-1,3,22,21,-1,3,23,22,-1,3,0,23,-1,3,2,0,-1]
  normalPerVertex TRUE
  normal DEF NORM_238 Normal { vector [
  0 0 1,0 0 1,
  0 0 1,0 0 1,
  0 0 1,0 0 1,
  0 0 1,0 0 1,
  0 0 1,0 0 1,
  0 0 1,0 0 1,
  0 0 1,0 0 1,
  0 0 1,0 0 1,
  0 0 1,0 0 1,
  0 0 1,0 0 1,
  0 0 1,0 0 1,
  0 0 1,0 0 1] }
}
}
DEF SHAPE_239 Shape {
 appearance USE APP_2
 geometry DEF FACE_239 IndexedFaceSet {
  coord DEF COORD_239 Coordinate { point [
  3 0.1 0.52755906,3.0258819 0.096592583 0.52755906,
  3.05 0.08660254 0.52755906,3.0707107 0.070710678 0.52755906,
  3.0866025 0.05 0.52755906,3.0965926 0.025881905 0.52755906,
  3.1 0 0.52755906,3.0965926 -0.025881905 0.52755906,
  3.0866025 -0.05 0.52755906,3.0707107 -0.070710678 0.52755906,
  3.05 -0.08660254 0.52755906,3.0258819 -0.096592583 0.52755906,
  3 -0.1 0.52755906,2.9741181 -0.096592583 0.52755906,
  2.95 -0.08660254 0.52755906,2.9292893 -0.070710678 0.52755906,
  2.9133975 -0.05 0.52755906,2.9034074 -0.025881905 0.52755906,
  2.9 0 0.52755906,2.9034074 0.025881905 0.52755906,
  2.9133975 0.05 0.52755906,2.9292893 0.070710678 0.52755906,
  2.95 0.08660254 0.52755906,2.9741181 0.096592583 0.52755906] }
 coordIndex [
  23,21,20,-1,23,22,21,-1,1,0,23,-1,3,2,1,-1,3,5,4,-1,3,6,5,-1,3,7,6,-1,3,8,7,-1,
  3,9,8,-1,3,10,9,-1,3,11,10,-1,3,12,11,-1,3,13,12,-1,3,14,13,-1,3,15,14,-1,3,16,15,-1,
  3,17,16,-1,3,18,17,-1,3,19,18,-1,3,20,19,-1,3,1,23,-1,3,23,20,-1]
  normalPerVertex TRUE
  normal DEF NORM_239 Normal { vector [
  0 0 1,0 0 1,
  0 0 1,0 0 1,
  0 0 1,0 0 1,
  0 0 1,0 0 1,
  0 0 1,0 0 1,
  0 0 1,0 0 1,
  0 0 1,0 0 1,
  0 0 1,0 0 1,
  0 0 1,0 0 1,
  0 0 1,0 0 1,
  0 0 1,0 0 1,
  0 0 1,0 0 1] }
}
}
DEF SHAPE_240 Shape {
 appearance USE APP_2
 geometry DEF FACE_240 IndexedFaceSet {
  coord DEF COORD_240 Coordinate { point [
  3 -1.0606299 -1.488189,3.0156922 -1.058564 -1.488189,
  3.030315 -1.0525071 -1.488189,3.0428718 -1.0428718 -1.488189,
  3.0525071 -1.030315 -1.488189,3.058564 -1.0156922 -1.488189,
  3.0606299 -1 -1.488189,3.058564 -0.98430782 -1.488189,
  3.0525071 -0.96968504 -1.488189,3.0428718 -0.95712817 -1.488189,
  3.030315 -0.94749295 -1.488189,3.0156922 -0.94143599 -1.488189,
  3 -0.93937008 -1.488189,2.9843078 -0.94143599 -1.488189,
  2.969685 -0.94749295 -1.488189,2.9571282 -0.95712817 -1.488189,
  2.9474929 -0.96968504 -1.488189,2.941436 -0.98430782 -1.488189,
  2.9393701 -1 -1.488189,2.941436 -1.0156922 -1.488189,
  2.9474929 -1.030315 -1.488189,2.9571282 -1.0428718 -1.488189,
  2.969685 -1.0525071 -1.488189,2.9843078 -1.058564 -1.488189,
  3 -1.0606299 -1.488189,3 -1.1 -1.4488189,
  3 -1.080315 -1.4685039,3 -1.1 -1.4488189,
  3.0258819 -1.0965926 -1.4488189,3.05 -1.0866025 -1.4488189,
  3.0707107 -1.0707107 -1.4488189,3.0866025 -1.05 -1.4488189,
  3.0965926 -1.0258819 -1.4488189,3.1 -1 -1.4488189,
  3.0965926 -0.9741181 -1.4488189,3.0866025 -0.95 -1.4488189,
  3.0707107 -0.92928932 -1.4488189,3.05 -0.91339746 -1.4488189,
  3.0258819 -0.90340742 -1.4488189,3 -0.9 -1.4488189,
  2.9741181 -0.90340742 -1.4488189,2.95 -0.91339746 -1.4488189,
  2.9292893 -0.92928932 -1.4488189,2.9133975 -0.95 -1.4488189,
  2.9034074 -0.9741181 -1.4488189,2.9 -1 -1.4488189,
  2.9034074 -1.0258819 -1.4488189,2.9133975 -1.05 -1.4488189,
  2.9292893 -1.0707107 -1.4488189,2.95 -1.0866025 -1.4488189,
  2.9741181 -1.0965926 -1.4488189,3 -1.080315 -1.4685039,
  3.0373242 -1.0711154 -1.4685039,3.0660979 -1.0456241 -1.4685039,
  3.0797294 -1.0096809 -1.4685039,3.0750958 -0.97151992 -1.4685039,
  3.0532587 -0.93988339 -1.4685039,3.0192206 -0.92201885 -1.4685039,
  2.9807794 -0.92201885 -1.4685039,2.9467413 -0.93988339 -1.4685039,
  2.9249042 -0.97151992 -1.4685039,2.9202706 -1.0096809 -1.4685039,
  2.9339021 -1.0456241 -1.4685039,2.9626758 -1.0711154 -1.4685039] }
 coordIndex [
  51,0,1,-1,28,27,51,-1,26,23,24,-1,25,50,26,-1,52,1,2,-1,52,2,3,-1,52,29,28,-1,52,30,29,-1,
  52,51,1,-1,52,28,51,-1,53,3,4,-1,53,4,5,-1,53,31,30,-1,53,32,31,-1,53,52,3,-1,53,30,52,-1,
  54,5,6,-1,54,32,53,-1,54,33,32,-1,54,53,5,-1,55,6,7,-1,55,7,8,-1,55,54,6,-1,55,34,33,-1,
  55,35,34,-1,55,33,54,-1,56,8,9,-1,56,9,10,-1,56,36,35,-1,56,37,36,-1,56,55,8,-1,56,35,55,-1,
  57,56,10,-1,57,10,11,-1,57,11,12,-1,57,37,56,-1,57,38,37,-1,57,39,38,-1,58,12,13,-1,58,13,14,-1,
  58,40,39,-1,58,57,12,-1,58,41,40,-1,58,39,57,-1,59,41,58,-1,59,14,15,-1,59,15,16,-1,59,42,41,-1,
  59,43,42,-1,59,58,14,-1,60,16,17,-1,60,17,18,-1,60,44,43,-1,60,45,44,-1,60,43,59,-1,60,59,16,-1,
  61,18,19,-1,61,46,45,-1,61,60,18,-1,61,45,60,-1,62,19,20,-1,62,20,21,-1,62,46,61,-1,62,47,46,-1,
  62,48,47,-1,62,61,19,-1,63,48,62,-1,63,21,22,-1,63,22,23,-1,63,49,48,-1,63,50,49,-1,63,23,26,-1,
  63,26,50,-1,63,62,21,-1]
  normalPerVertex TRUE
  normal DEF NORM_240 Normal { vector [
  0.092691599 -0.70406259 -0.70406259,0.18083706 -0.70611612 -0.68461521,
  0.35413881 -0.61338641 -0.705934,0.49795191 -0.53222991 -0.68467162,
  0.61643664 -0.35589986 -0.70238248,0.6923816 -0.2273274 -0.68478462,
  0.7270604 0.048441691 -0.68486245,0.6901063 0.18491343 -0.69968587,
  0.61438746 0.392027 -0.68472102,0.50186438 0.50186438 -0.70446027,
  0.35035702 0.63915806 -0.68463635,0.18308842 0.68329529 -0.7068141,
  0 0.72891129 -0.68460816,-0.18308842 0.68329529 -0.7068141,
  -0.35035702 0.63915806 -0.68463635,-0.50186438 0.50186438 -0.70446027,
  -0.61438746 0.392027 -0.68472102,-0.6901063 0.18491343 -0.69968587,
  -0.7270604 0.048441691 -0.68486245,-0.6923816 -0.2273274 -0.68478462,
  -0.61643664 -0.35589986 -0.70238248,-0.49795191 -0.53222991 -0.68467162,
  -0.35413881 -0.61338641 -0.705934,-0.18083706 -0.70611612 -0.68461521,
  -0.092691599 -0.70406259 -0.70406259,-0.092691599 -0.70406259 -0.70406259,
  -0.14239671 -0.69325338 -0.70648633,0.092691599 -0.70406259 -0.70406259,
  0.1732148 -0.66937254 -0.7224521,0.35296894 -0.61136014 -0.70827375,
  0.47599206 -0.50115412 -0.72268673,0.60833502 -0.35122239 -0.71173825,
  0.65886941 -0.20721275 -0.72315557,0.68943323 0.035524633 -0.72347759,
  0.675992 0.18113151 -0.71430119,0.58618107 0.36581283 -0.72289191,
  0.49814254 0.49814254 -0.7097239,0.33533802 0.6045529 -0.7225401,
  0.18293701 0.68273023 -0.7073991,0 0.69145162 -0.72242276,
  -0.18293701 0.68273023 -0.7073991,-0.33533802 0.6045529 -0.7225401,
  -0.49814254 0.49814254 -0.7097239,-0.58618107 0.36581283 -0.72289191,
  -0.675992 0.18113151 -0.71430119,-0.68943323 0.035524633 -0.72347759,
  -0.65886941 -0.20721275 -0.72315557,-0.60833502 -0.35122239 -0.71173825,
  -0.47599206 -0.50115412 -0.72268673,-0.35296894 -0.61136014 -0.70827375,
  -0.1732148 -0.66937254 -0.7224521,0.14239671 -0.69325338 -0.70648633,
  0.33439764 -0.615429 -0.7137404,0.58769784 -0.3811414 -0.71368234,
  0.69663444 -0.086147973 -0.7122352,0.66350977 0.22466506 -0.71363885,
  0.47569413 0.51412477 -0.7137162,0.17251002 0.67881823 -0.71375493,
  -0.17251002 0.67881823 -0.71375493,-0.47569413 0.51412477 -0.7137162,
  -0.66350977 0.22466506 -0.71363885,-0.69663444 -0.086147973 -0.7122352,
  -0.58769784 -0.3811414 -0.71368234,-0.33439764 -0.615429 -0.7137404] }
}
}
DEF SHAPE_241 Shape {
 appearance USE APP_2
 geometry DEF FACE_241 IndexedFaceSet {
  coord DEF COORD_241 Coordinate { point [
  3 -2.0606299 -1.488189,3.0156922 -2.058564 -1.488189,
  3.030315 -2.0525071 -1.488189,3.0428718 -2.0428718 -1.488189,
  3.0525071 -2.030315 -1.488189,3.058564 -2.0156922 -1.488189,
  3.0606299 -2 -1.488189,3.058564 -1.9843078 -1.488189,
  3.0525071 -1.969685 -1.488189,3.0428718 -1.9571282 -1.488189,
  3.030315 -1.9474929 -1.488189,3.0156922 -1.941436 -1.488189,
  3 -1.9393701 -1.488189,2.9843078 -1.941436 -1.488189,
  2.969685 -1.9474929 -1.488189,2.9571282 -1.9571282 -1.488189,
  2.9474929 -1.969685 -1.488189,2.941436 -1.9843078 -1.488189,
  2.9393701 -2 -1.488189,2.941436 -2.0156922 -1.488189,
  2.9474929 -2.030315 -1.488189,2.9571282 -2.0428718 -1.488189,
  2.969685 -2.0525071 -1.488189,2.9843078 -2.058564 -1.488189,
  3 -2.0606299 -1.488189,3 -2.1 -1.4488189,
  3 -2.080315 -1.4685039,3 -2.1 -1.4488189,
  3.0258819 -2.0965926 -1.4488189,3.05 -2.0866025 -1.4488189,
  3.0707107 -2.0707107 -1.4488189,3.0866025 -2.05 -1.4488189,
  3.0965926 -2.0258819 -1.4488189,3.1 -2 -1.4488189,
  3.0965926 -1.9741181 -1.4488189,3.0866025 -1.95 -1.4488189,
  3.0707107 -1.9292893 -1.4488189,3.05 -1.9133975 -1.4488189,
  3.0258819 -1.9034074 -1.4488189,3 -1.9 -1.4488189,
  2.9741181 -1.9034074 -1.4488189,2.95 -1.9133975 -1.4488189,
  2.9292893 -1.9292893 -1.4488189,2.9133975 -1.95 -1.4488189,
  2.9034074 -1.9741181 -1.4488189,2.9 -2 -1.4488189,
  2.9034074 -2.0258819 -1.4488189,2.9133975 -2.05 -1.4488189,
  2.9292893 -2.0707107 -1.4488189,2.95 -2.0866025 -1.4488189,
  2.9741181 -2.0965926 -1.4488189,3 -2.080315 -1.4685039,
  3.0373242 -2.0711154 -1.4685039,3.0660979 -2.0456241 -1.4685039,
  3.0797294 -2.0096809 -1.4685039,3.0750958 -1.9715199 -1.4685039,
  3.0532587 -1.9398834 -1.4685039,3.0192206 -1.9220188 -1.4685039,
  2.9807794 -1.9220188 -1.4685039,2.9467413 -1.9398834 -1.4685039,
  2.9249042 -1.9715199 -1.4685039,2.9202706 -2.0096809 -1.4685039,
  2.9339021 -2.0456241 -1.4685039,2.9626758 -2.0711154 -1.4685039] }
 coordIndex [
  51,0,1,-1,28,27,51,-1,26,23,24,-1,25,50,26,-1,52,1,2,-1,52,2,3,-1,52,29,28,-1,52,30,29,-1,
  52,51,1,-1,52,28,51,-1,53,3,4,-1,53,4,5,-1,53,31,30,-1,53,32,31,-1,53,52,3,-1,53,30,52,-1,
  54,5,6,-1,54,32,53,-1,54,33,32,-1,54,53,5,-1,55,6,7,-1,55,7,8,-1,55,54,6,-1,55,34,33,-1,
  55,35,34,-1,55,33,54,-1,56,8,9,-1,56,9,10,-1,56,36,35,-1,56,37,36,-1,56,55,8,-1,56,35,55,-1,
  57,56,10,-1,57,10,11,-1,57,11,12,-1,57,37,56,-1,57,38,37,-1,57,39,38,-1,58,12,13,-1,58,13,14,-1,
  58,40,39,-1,58,57,12,-1,58,41,40,-1,58,39,57,-1,59,41,58,-1,59,14,15,-1,59,15,16,-1,59,42,41,-1,
  59,43,42,-1,59,58,14,-1,60,16,17,-1,60,17,18,-1,60,44,43,-1,60,45,44,-1,60,43,59,-1,60,59,16,-1,
  61,18,19,-1,61,46,45,-1,61,60,18,-1,61,45,60,-1,62,19,20,-1,62,20,21,-1,62,46,61,-1,62,47,46,-1,
  62,48,47,-1,62,61,19,-1,63,48,62,-1,63,21,22,-1,63,22,23,-1,63,49,48,-1,63,50,49,-1,63,23,26,-1,
  63,26,50,-1,63,62,21,-1]
  normalPerVertex TRUE
  normal DEF NORM_241 Normal { vector [
  0.092691599 -0.70406259 -0.70406259,0.18083706 -0.70611612 -0.68461521,
  0.35413881 -0.61338641 -0.705934,0.49795191 -0.53222991 -0.68467162,
  0.61643664 -0.35589986 -0.70238248,0.6923816 -0.2273274 -0.68478462,
  0.7270604 0.048441691 -0.68486245,0.6901063 0.18491343 -0.69968587,
  0.61438746 0.392027 -0.68472102,0.50186438 0.50186438 -0.70446027,
  0.35035702 0.63915806 -0.68463635,0.18308842 0.68329529 -0.7068141,
  0 0.72891129 -0.68460816,-0.18308842 0.68329529 -0.7068141,
  -0.35035702 0.63915806 -0.68463635,-0.50186438 0.50186438 -0.70446027,
  -0.61438746 0.392027 -0.68472102,-0.6901063 0.18491343 -0.69968587,
  -0.7270604 0.048441691 -0.68486245,-0.6923816 -0.2273274 -0.68478462,
  -0.61643664 -0.35589986 -0.70238248,-0.49795191 -0.53222991 -0.68467162,
  -0.35413881 -0.61338641 -0.705934,-0.18083706 -0.70611612 -0.68461521,
  -0.092691599 -0.70406259 -0.70406259,-0.092691599 -0.70406259 -0.70406259,
  -0.14239671 -0.69325338 -0.70648633,0.092691599 -0.70406259 -0.70406259,
  0.1732148 -0.66937254 -0.7224521,0.35296894 -0.61136014 -0.70827375,
  0.47599206 -0.50115412 -0.72268673,0.60833502 -0.35122239 -0.71173825,
  0.65886941 -0.20721275 -0.72315557,0.68943323 0.035524633 -0.72347759,
  0.675992 0.18113151 -0.71430119,0.58618107 0.36581283 -0.72289191,
  0.49814254 0.49814254 -0.7097239,0.33533802 0.6045529 -0.7225401,
  0.18293701 0.68273023 -0.7073991,0 0.69145162 -0.72242276,
  -0.18293701 0.68273023 -0.7073991,-0.33533802 0.6045529 -0.7225401,
  -0.49814254 0.49814254 -0.7097239,-0.58618107 0.36581283 -0.72289191,
  -0.675992 0.18113151 -0.71430119,-0.68943323 0.035524633 -0.72347759,
  -0.65886941 -0.20721275 -0.72315557,-0.60833502 -0.35122239 -0.71173825,
  -0.47599206 -0.50115412 -0.72268673,-0.35296894 -0.61136014 -0.70827375,
  -0.1732148 -0.66937254 -0.7224521,0.14239671 -0.69325338 -0.70648633,
  0.33439764 -0.615429 -0.7137404,0.58769784 -0.3811414 -0.71368234,
  0.69663444 -0.086147973 -0.7122352,0.66350977 0.22466506 -0.71363885,
  0.47569413 0.51412477 -0.7137162,0.17251002 0.67881823 -0.71375493,
  -0.17251002 0.67881823 -0.71375493,-0.47569413 0.51412477 -0.7137162,
  -0.66350977 0.22466506 -0.71363885,-0.69663444 -0.086147973 -0.7122352,
  -0.58769784 -0.3811414 -0.71368234,-0.33439764 -0.615429 -0.7137404] }
}
}
DEF SHAPE_242 Shape {
 appearance USE APP_2
 geometry DEF FACE_242 IndexedFaceSet {
  coord DEF COORD_242 Coordinate { point [
  3 -4.0606299 -1.488189,3.0156922 -4.058564 -1.488189,
  3.030315 -4.0525071 -1.488189,3.0428718 -4.0428718 -1.488189,
  3.0525071 -4.030315 -1.488189,3.058564 -4.0156922 -1.488189,
  3.0606299 -4 -1.488189,3.058564 -3.9843078 -1.488189,
  3.0525071 -3.969685 -1.488189,3.0428718 -3.9571282 -1.488189,
  3.030315 -3.9474929 -1.488189,3.0156922 -3.941436 -1.488189,
  3 -3.9393701 -1.488189,2.9843078 -3.941436 -1.488189,
  2.969685 -3.9474929 -1.488189,2.9571282 -3.9571282 -1.488189,
  2.9474929 -3.969685 -1.488189,2.941436 -3.9843078 -1.488189,
  2.9393701 -4 -1.488189,2.941436 -4.0156922 -1.488189,
  2.9474929 -4.030315 -1.488189,2.9571282 -4.0428718 -1.488189,
  2.969685 -4.0525071 -1.488189,2.9843078 -4.058564 -1.488189,
  3 -4.0606299 -1.488189,3 -4.1 -1.4488189,
  3 -4.080315 -1.4685039,3 -4.1 -1.4488189,
  3.0258819 -4.0965926 -1.4488189,3.05 -4.0866025 -1.4488189,
  3.0707107 -4.0707107 -1.4488189,3.0866025 -4.05 -1.4488189,
  3.0965926 -4.0258819 -1.4488189,3.1 -4 -1.4488189,
  3.0965926 -3.9741181 -1.4488189,3.0866025 -3.95 -1.4488189,
  3.0707107 -3.9292893 -1.4488189,3.05 -3.9133975 -1.4488189,
  3.0258819 -3.9034074 -1.4488189,3 -3.9 -1.4488189,
  2.9741181 -3.9034074 -1.4488189,2.95 -3.9133975 -1.4488189,
  2.9292893 -3.9292893 -1.4488189,2.9133975 -3.95 -1.4488189,
  2.9034074 -3.9741181 -1.4488189,2.9 -4 -1.4488189,
  2.9034074 -4.0258819 -1.4488189,2.9133975 -4.05 -1.4488189,
  2.9292893 -4.0707107 -1.4488189,2.95 -4.0866025 -1.4488189,
  2.9741181 -4.0965926 -1.4488189,3 -4.080315 -1.4685039,
  3.0373242 -4.0711154 -1.4685039,3.0660979 -4.0456241 -1.4685039,
  3.0797294 -4.0096809 -1.4685039,3.0750958 -3.9715199 -1.4685039,
  3.0532587 -3.9398834 -1.4685039,3.0192206 -3.9220188 -1.4685039,
  2.9807794 -3.9220188 -1.4685039,2.9467413 -3.9398834 -1.4685039,
  2.9249042 -3.9715199 -1.4685039,2.9202706 -4.0096809 -1.4685039,
  2.9339021 -4.0456241 -1.4685039,2.9626758 -4.0711154 -1.4685039] }
 coordIndex [
  51,0,1,-1,28,27,51,-1,26,23,24,-1,25,50,26,-1,52,1,2,-1,52,2,3,-1,52,29,28,-1,52,30,29,-1,
  52,51,1,-1,52,28,51,-1,53,3,4,-1,53,4,5,-1,53,31,30,-1,53,32,31,-1,53,52,3,-1,53,30,52,-1,
  54,5,6,-1,54,32,53,-1,54,33,32,-1,54,53,5,-1,55,6,7,-1,55,7,8,-1,55,54,6,-1,55,34,33,-1,
  55,35,34,-1,55,33,54,-1,56,8,9,-1,56,9,10,-1,56,36,35,-1,56,37,36,-1,56,55,8,-1,56,35,55,-1,
  57,56,10,-1,57,10,11,-1,57,11,12,-1,57,37,56,-1,57,38,37,-1,57,39,38,-1,58,12,13,-1,58,13,14,-1,
  58,40,39,-1,58,57,12,-1,58,41,40,-1,58,39,57,-1,59,41,58,-1,59,14,15,-1,59,15,16,-1,59,42,41,-1,
  59,43,42,-1,59,58,14,-1,60,16,17,-1,60,17,18,-1,60,44,43,-1,60,45,44,-1,60,43,59,-1,60,59,16,-1,
  61,18,19,-1,61,46,45,-1,61,60,18,-1,61,45,60,-1,62,19,20,-1,62,20,21,-1,62,46,61,-1,62,47,46,-1,
  62,48,47,-1,62,61,19,-1,63,48,62,-1,63,21,22,-1,63,22,23,-1,63,49,48,-1,63,50,49,-1,63,23,26,-1,
  63,26,50,-1,63,62,21,-1]
  normalPerVertex TRUE
  normal DEF NORM_242 Normal { vector [
  0.092691599 -0.70406259 -0.70406259,0.18083706 -0.70611612 -0.68461521,
  0.35413881 -0.61338641 -0.705934,0.49795191 -0.53222991 -0.68467162,
  0.61643664 -0.35589986 -0.70238248,0.6923816 -0.2273274 -0.68478462,
  0.7270604 0.048441691 -0.68486245,0.6901063 0.18491343 -0.69968587,
  0.61438746 0.392027 -0.68472102,0.50186438 0.50186438 -0.70446027,
  0.35035702 0.63915806 -0.68463635,0.18308842 0.68329529 -0.7068141,
  0 0.72891129 -0.68460816,-0.18308842 0.68329529 -0.7068141,
  -0.35035702 0.63915806 -0.68463635,-0.50186438 0.50186438 -0.70446027,
  -0.61438746 0.392027 -0.68472102,-0.6901063 0.18491343 -0.69968587,
  -0.7270604 0.048441691 -0.68486245,-0.6923816 -0.2273274 -0.68478462,
  -0.61643664 -0.35589986 -0.70238248,-0.49795191 -0.53222991 -0.68467162,
  -0.35413881 -0.61338641 -0.705934,-0.18083706 -0.70611612 -0.68461521,
  -0.092691599 -0.70406259 -0.70406259,-0.092691599 -0.70406259 -0.70406259,
  -0.14239671 -0.69325338 -0.70648633,0.092691599 -0.70406259 -0.70406259,
  0.1732148 -0.66937254 -0.7224521,0.35296894 -0.61136014 -0.70827375,
  0.47599206 -0.50115412 -0.72268673,0.60833502 -0.35122239 -0.71173825,
  0.65886941 -0.20721275 -0.72315557,0.68943323 0.035524633 -0.72347759,
  0.675992 0.18113151 -0.71430119,0.58618107 0.36581283 -0.72289191,
  0.49814254 0.49814254 -0.7097239,0.33533802 0.6045529 -0.7225401,
  0.18293701 0.68273023 -0.7073991,0 0.69145162 -0.72242276,
  -0.18293701 0.68273023 -0.7073991,-0.33533802 0.6045529 -0.7225401,
  -0.49814254 0.49814254 -0.7097239,-0.58618107 0.36581283 -0.72289191,
  -0.675992 0.18113151 -0.71430119,-0.68943323 0.035524633 -0.72347759,
  -0.65886941 -0.20721275 -0.72315557,-0.60833502 -0.35122239 -0.71173825,
  -0.47599206 -0.50115412 -0.72268673,-0.35296894 -0.61136014 -0.70827375,
  -0.1732148 -0.66937254 -0.7224521,0.14239671 -0.69325338 -0.70648633,
  0.33439764 -0.615429 -0.7137404,0.58769784 -0.3811414 -0.71368234,
  0.69663444 -0.086147973 -0.7122352,0.66350977 0.22466506 -0.71363885,
  0.47569413 0.51412477 -0.7137162,0.17251002 0.67881823 -0.71375493,
  -0.17251002 0.67881823 -0.71375493,-0.47569413 0.51412477 -0.7137162,
  -0.66350977 0.22466506 -0.71363885,-0.69663444 -0.086147973 -0.7122352,
  -0.58769784 -0.3811414 -0.71368234,-0.33439764 -0.615429 -0.7137404] }
}
}
DEF SHAPE_243 Shape {
 appearance USE APP_2
 geometry DEF FACE_243 IndexedFaceSet {
  coord DEF COORD_243 Coordinate { point [
  3 -3.0606299 -1.488189,3.0156922 -3.058564 -1.488189,
  3.030315 -3.0525071 -1.488189,3.0428718 -3.0428718 -1.488189,
  3.0525071 -3.030315 -1.488189,3.058564 -3.0156922 -1.488189,
  3.0606299 -3 -1.488189,3.058564 -2.9843078 -1.488189,
  3.0525071 -2.969685 -1.488189,3.0428718 -2.9571282 -1.488189,
  3.030315 -2.9474929 -1.488189,3.0156922 -2.941436 -1.488189,
  3 -2.9393701 -1.488189,2.9843078 -2.941436 -1.488189,
  2.969685 -2.9474929 -1.488189,2.9571282 -2.9571282 -1.488189,
  2.9474929 -2.969685 -1.488189,2.941436 -2.9843078 -1.488189,
  2.9393701 -3 -1.488189,2.941436 -3.0156922 -1.488189,
  2.9474929 -3.030315 -1.488189,2.9571282 -3.0428718 -1.488189,
  2.969685 -3.0525071 -1.488189,2.9843078 -3.058564 -1.488189,
  3 -3.0606299 -1.488189,3 -3.1 -1.4488189,
  3 -3.080315 -1.4685039,3 -3.1 -1.4488189,
  3.0258819 -3.0965926 -1.4488189,3.05 -3.0866025 -1.4488189,
  3.0707107 -3.0707107 -1.4488189,3.0866025 -3.05 -1.4488189,
  3.0965926 -3.0258819 -1.4488189,3.1 -3 -1.4488189,
  3.0965926 -2.9741181 -1.4488189,3.0866025 -2.95 -1.4488189,
  3.0707107 -2.9292893 -1.4488189,3.05 -2.9133975 -1.4488189,
  3.0258819 -2.9034074 -1.4488189,3 -2.9 -1.4488189,
  2.9741181 -2.9034074 -1.4488189,2.95 -2.9133975 -1.4488189,
  2.9292893 -2.9292893 -1.4488189,2.9133975 -2.95 -1.4488189,
  2.9034074 -2.9741181 -1.4488189,2.9 -3 -1.4488189,
  2.9034074 -3.0258819 -1.4488189,2.9133975 -3.05 -1.4488189,
  2.9292893 -3.0707107 -1.4488189,2.95 -3.0866025 -1.4488189,
  2.9741181 -3.0965926 -1.4488189,3 -3.080315 -1.4685039,
  3.0373242 -3.0711154 -1.4685039,3.0660979 -3.0456241 -1.4685039,
  3.0797294 -3.0096809 -1.4685039,3.0750958 -2.9715199 -1.4685039,
  3.0532587 -2.9398834 -1.4685039,3.0192206 -2.9220188 -1.4685039,
  2.9807794 -2.9220188 -1.4685039,2.9467413 -2.9398834 -1.4685039,
  2.9249042 -2.9715199 -1.4685039,2.9202706 -3.0096809 -1.4685039,
  2.9339021 -3.0456241 -1.4685039,2.9626758 -3.0711154 -1.4685039] }
 coordIndex [
  51,0,1,-1,28,27,51,-1,26,23,24,-1,25,50,26,-1,52,1,2,-1,52,2,3,-1,52,29,28,-1,52,30,29,-1,
  52,51,1,-1,52,28,51,-1,53,3,4,-1,53,4,5,-1,53,31,30,-1,53,32,31,-1,53,52,3,-1,53,30,52,-1,
  54,5,6,-1,54,32,53,-1,54,33,32,-1,54,53,5,-1,55,6,7,-1,55,7,8,-1,55,54,6,-1,55,34,33,-1,
  55,35,34,-1,55,33,54,-1,56,8,9,-1,56,9,10,-1,56,36,35,-1,56,37,36,-1,56,55,8,-1,56,35,55,-1,
  57,56,10,-1,57,10,11,-1,57,11,12,-1,57,37,56,-1,57,38,37,-1,57,39,38,-1,58,12,13,-1,58,13,14,-1,
  58,40,39,-1,58,57,12,-1,58,41,40,-1,58,39,57,-1,59,41,58,-1,59,14,15,-1,59,15,16,-1,59,42,41,-1,
  59,43,42,-1,59,58,14,-1,60,16,17,-1,60,17,18,-1,60,44,43,-1,60,45,44,-1,60,43,59,-1,60,59,16,-1,
  61,18,19,-1,61,46,45,-1,61,60,18,-1,61,45,60,-1,62,19,20,-1,62,20,21,-1,62,46,61,-1,62,47,46,-1,
  62,48,47,-1,62,61,19,-1,63,48,62,-1,63,26,50,-1,63,21,22,-1,63,22,23,-1,63,23,26,-1,63,49,48,-1,
  63,50,49,-1,63,62,21,-1]
  normalPerVertex TRUE
  normal DEF NORM_243 Normal { vector [
  0.092691599 -0.70406259 -0.70406259,0.18083706 -0.70611612 -0.68461521,
  0.35413881 -0.61338641 -0.705934,0.49795191 -0.53222991 -0.68467162,
  0.61643664 -0.35589986 -0.70238248,0.6923816 -0.2273274 -0.68478462,
  0.7270604 0.048441691 -0.68486245,0.6901063 0.18491343 -0.69968587,
  0.61438746 0.392027 -0.68472102,0.50186438 0.50186438 -0.70446027,
  0.35035702 0.63915806 -0.68463635,0.18308842 0.68329529 -0.7068141,
  0 0.72891129 -0.68460816,-0.18308842 0.68329529 -0.7068141,
  -0.35035702 0.63915806 -0.68463635,-0.50186438 0.50186438 -0.70446027,
  -0.61438746 0.392027 -0.68472102,-0.6901063 0.18491343 -0.69968587,
  -0.7270604 0.048441691 -0.68486245,-0.6923816 -0.2273274 -0.68478462,
  -0.61643664 -0.35589986 -0.70238248,-0.49795191 -0.53222991 -0.68467162,
  -0.35413881 -0.61338641 -0.705934,-0.18083706 -0.70611612 -0.68461521,
  -0.092691599 -0.70406259 -0.70406259,-0.092691599 -0.70406259 -0.70406259,
  -0.14239671 -0.69325338 -0.70648633,0.092691599 -0.70406259 -0.70406259,
  0.1732148 -0.66937254 -0.7224521,0.35296894 -0.61136014 -0.70827375,
  0.47599206 -0.50115412 -0.72268673,0.60833502 -0.35122239 -0.71173825,
  0.65886941 -0.20721275 -0.72315557,0.68943323 0.035524633 -0.72347759,
  0.675992 0.18113151 -0.71430119,0.58618107 0.36581283 -0.72289191,
  0.49814254 0.49814254 -0.7097239,0.33533802 0.6045529 -0.7225401,
  0.18293701 0.68273023 -0.7073991,0 0.69145162 -0.72242276,
  -0.18293701 0.68273023 -0.7073991,-0.33533802 0.6045529 -0.7225401,
  -0.49814254 0.49814254 -0.7097239,-0.58618107 0.36581283 -0.72289191,
  -0.675992 0.18113151 -0.71430119,-0.68943323 0.035524633 -0.72347759,
  -0.65886941 -0.20721275 -0.72315557,-0.60833502 -0.35122239 -0.71173825,
  -0.47599206 -0.50115412 -0.72268673,-0.35296894 -0.61136014 -0.70827375,
  -0.1732148 -0.66937254 -0.7224521,0.14239671 -0.69325338 -0.70648633,
  0.33439764 -0.615429 -0.7137404,0.58769784 -0.3811414 -0.71368234,
  0.69663444 -0.086147973 -0.7122352,0.66350977 0.22466506 -0.71363885,
  0.47569413 0.51412477 -0.7137162,0.17251002 0.67881823 -0.71375493,
  -0.17251002 0.67881823 -0.71375493,-0.47569413 0.51412477 -0.7137162,
  -0.66350977 0.22466506 -0.71363885,-0.69663444 -0.086147973 -0.7122352,
  -0.58769784 -0.3811414 -0.71368234,-0.33439764 -0.615429 -0.7137404] }
}
}
DEF SHAPE_244 Shape {
 appearance USE APP_2
 geometry DEF FACE_244 IndexedFaceSet {
  coord DEF COORD_244 Coordinate { point [
  0 -3.9393701 -1.488189,-0.015692178 -3.941436 -1.488189,
  -0.030314961 -3.9474929 -1.488189,-0.042871828 -3.9571282 -1.488189,
  -0.052507052 -3.969685 -1.488189,-0.058564007 -3.9843078 -1.488189,
  -0.060629921 -4 -1.488189,-0.058564007 -4.0156922 -1.488189,
  -0.052507052 -4.030315 -1.488189,-0.042871828 -4.0428718 -1.488189,
  -0.030314961 -4.0525071 -1.488189,-0.015692178 -4.058564 -1.488189,
  0 -4.0606299 -1.488189,0.015692178 -4.058564 -1.488189,
  0.030314961 -4.0525071 -1.488189,0.042871828 -4.0428718 -1.488189,
  0.052507052 -4.030315 -1.488189,0.058564007 -4.0156922 -1.488189,
  0.060629921 -4 -1.488189,0.058564007 -3.9843078 -1.488189,
  0.052507052 -3.969685 -1.488189,0.042871828 -3.9571282 -1.488189,
  0.030314961 -3.9474929 -1.488189,0.015692178 -3.941436 -1.488189,
  0 -3.9393701 -1.488189,0 -3.9 -1.4488189,
  0 -3.919685 -1.4685039,0 -3.9 -1.4488189,
  -0.025881905 -3.9034074 -1.4488189,-0.05 -3.9133975 -1.4488189,
  -0.070710678 -3.9292893 -1.4488189,-0.08660254 -3.95 -1.4488189,
  -0.096592583 -3.9741181 -1.4488189,-0.1 -4 -1.4488189,
  -0.096592583 -4.0258819 -1.4488189,-0.08660254 -4.05 -1.4488189,
  -0.070710678 -4.0707107 -1.4488189,-0.05 -4.0866025 -1.4488189,
  -0.025881905 -4.0965926 -1.4488189,0 -4.1 -1.4488189,
  0.025881905 -4.0965926 -1.4488189,0.05 -4.0866025 -1.4488189,
  0.070710678 -4.0707107 -1.4488189,0.08660254 -4.05 -1.4488189,
  0.096592583 -4.0258819 -1.4488189,0.1 -4 -1.4488189,
  0.096592583 -3.9741181 -1.4488189,0.08660254 -3.95 -1.4488189,
  0.070710678 -3.9292893 -1.4488189,0.05 -3.9133975 -1.4488189,
  0.025881905 -3.9034074 -1.4488189,0 -3.919685 -1.4685039,
  -0.037324223 -3.9288846 -1.4685039,-0.066097917 -3.9543759 -1.4685039,
  -0.079729374 -3.9903191 -1.4685039,-0.075095793 -4.0284801 -1.4685039,
  -0.05325867 -4.0601166 -1.4685039,-0.019220628 -4.0779812 -1.4685039,
  0.019220628 -4.0779812 -1.4685039,0.05325867 -4.0601166 -1.4685039,
  0.075095793 -4.0284801 -1.4685039,0.079729374 -3.9903191 -1.4685039,
  0.066097917 -3.9543759 -1.4685039,0.037324223 -3.9288846 -1.4685039] }
 coordIndex [
  51,0,1,-1,28,27,51,-1,26,23,24,-1,25,50,26,-1,52,1,2,-1,52,2,3,-1,52,29,28,-1,52,30,29,-1,
  52,51,1,-1,52,28,51,-1,53,3,4,-1,53,4,5,-1,53,31,30,-1,53,32,31,-1,53,52,3,-1,53,30,52,-1,
  54,5,6,-1,54,32,53,-1,54,33,32,-1,54,53,5,-1,55,6,7,-1,55,7,8,-1,55,54,6,-1,55,34,33,-1,
  55,35,34,-1,55,33,54,-1,56,8,9,-1,56,9,10,-1,56,36,35,-1,56,37,36,-1,56,55,8,-1,56,35,55,-1,
  57,56,10,-1,57,10,11,-1,57,11,12,-1,57,37,56,-1,57,38,37,-1,57,39,38,-1,58,12,13,-1,58,13,14,-1,
  58,40,39,-1,58,57,12,-1,58,41,40,-1,58,39,57,-1,59,41,58,-1,59,14,15,-1,59,15,16,-1,59,42,41,-1,
  59,43,42,-1,59,58,14,-1,60,16,17,-1,60,17,18,-1,60,44,43,-1,60,45,44,-1,60,43,59,-1,60,59,16,-1,
  61,18,19,-1,61,46,45,-1,61,60,18,-1,61,45,60,-1,62,19,20,-1,62,20,21,-1,62,46,61,-1,62,47,46,-1,
  62,48,47,-1,62,61,19,-1,63,48,62,-1,63,21,22,-1,63,22,23,-1,63,49,48,-1,63,50,49,-1,63,23,26,-1,
  63,26,50,-1,63,62,21,-1]
  normalPerVertex TRUE
  normal DEF NORM_244 Normal { vector [
  -0.092691599 0.70406259 -0.70406259,-0.18083706 0.70611612 -0.68461521,
  -0.35413881 0.61338641 -0.705934,-0.49795191 0.53222991 -0.68467162,
  -0.61643664 0.35589986 -0.70238248,-0.6923816 0.2273274 -0.68478462,
  -0.7270604 -0.048441691 -0.68486245,-0.6901063 -0.18491343 -0.69968587,
  -0.61438746 -0.392027 -0.68472102,-0.50186438 -0.50186438 -0.70446027,
  -0.35035702 -0.63915806 -0.68463635,-0.18308842 -0.68329529 -0.7068141,
  0 -0.72891129 -0.68460816,0.18308842 -0.68329529 -0.7068141,
  0.35035702 -0.63915806 -0.68463635,0.50186438 -0.50186438 -0.70446027,
  0.61438746 -0.392027 -0.68472102,0.6901063 -0.18491343 -0.69968587,
  0.7270604 -0.048441691 -0.68486245,0.6923816 0.2273274 -0.68478462,
  0.61643664 0.35589986 -0.70238248,0.49795191 0.53222991 -0.68467162,
  0.35413881 0.61338641 -0.705934,0.18083706 0.70611612 -0.68461521,
  0.092691599 0.70406259 -0.70406259,0.092691599 0.70406259 -0.70406259,
  0.14239671 0.69325338 -0.70648633,-0.092691599 0.70406259 -0.70406259,
  -0.1732148 0.66937254 -0.7224521,-0.35296894 0.61136014 -0.70827375,
  -0.47599206 0.50115412 -0.72268673,-0.60833502 0.35122239 -0.71173825,
  -0.65886941 0.20721275 -0.72315557,-0.68943323 -0.035524633 -0.72347759,
  -0.675992 -0.18113151 -0.71430119,-0.58618107 -0.36581283 -0.72289191,
  -0.49814254 -0.49814254 -0.7097239,-0.33533802 -0.6045529 -0.7225401,
  -0.18293701 -0.68273023 -0.7073991,0 -0.69145162 -0.72242276,
  0.18293701 -0.68273023 -0.7073991,0.33533802 -0.6045529 -0.7225401,
  0.49814254 -0.49814254 -0.7097239,0.58618107 -0.36581283 -0.72289191,
  0.675992 -0.18113151 -0.71430119,0.68943323 -0.035524633 -0.72347759,
  0.65886941 0.20721275 -0.72315557,0.60833502 0.35122239 -0.71173825,
  0.47599206 0.50115412 -0.72268673,0.35296894 0.61136014 -0.70827375,
  0.1732148 0.66937254 -0.7224521,-0.14239671 0.69325338 -0.70648633,
  -0.33439764 0.615429 -0.7137404,-0.58769784 0.3811414 -0.71368234,
  -0.69663444 0.086147973 -0.7122352,-0.66350977 -0.22466506 -0.71363885,
  -0.47569413 -0.51412477 -0.7137162,-0.17251002 -0.67881823 -0.71375493,
  0.17251002 -0.67881823 -0.71375493,0.47569413 -0.51412477 -0.7137162,
  0.66350977 -0.22466506 -0.71363885,0.69663444 0.086147973 -0.7122352,
  0.58769784 0.3811414 -0.71368234,0.33439764 0.615429 -0.7137404] }
}
}
DEF SHAPE_245 Shape {
 appearance USE APP_2
 geometry DEF FACE_245 IndexedFaceSet {
  coord DEF COORD_245 Coordinate { point [
  0 -2.9393701 -1.488189,-0.015692178 -2.941436 -1.488189,
  -0.030314961 -2.9474929 -1.488189,-0.042871828 -2.9571282 -1.488189,
  -0.052507052 -2.969685 -1.488189,-0.058564007 -2.9843078 -1.488189,
  -0.060629921 -3 -1.488189,-0.058564007 -3.0156922 -1.488189,
  -0.052507052 -3.030315 -1.488189,-0.042871828 -3.0428718 -1.488189,
  -0.030314961 -3.0525071 -1.488189,-0.015692178 -3.058564 -1.488189,
  0 -3.0606299 -1.488189,0.015692178 -3.058564 -1.488189,
  0.030314961 -3.0525071 -1.488189,0.042871828 -3.0428718 -1.488189,
  0.052507052 -3.030315 -1.488189,0.058564007 -3.0156922 -1.488189,
  0.060629921 -3 -1.488189,0.058564007 -2.9843078 -1.488189,
  0.052507052 -2.969685 -1.488189,0.042871828 -2.9571282 -1.488189,
  0.030314961 -2.9474929 -1.488189,0.015692178 -2.941436 -1.488189,
  0 -2.9393701 -1.488189,0 -2.9 -1.4488189,
  0 -2.919685 -1.4685039,0 -2.9 -1.4488189,
  -0.025881905 -2.9034074 -1.4488189,-0.05 -2.9133975 -1.4488189,
  -0.070710678 -2.9292893 -1.4488189,-0.08660254 -2.95 -1.4488189,
  -0.096592583 -2.9741181 -1.4488189,-0.1 -3 -1.4488189,
  -0.096592583 -3.0258819 -1.4488189,-0.08660254 -3.05 -1.4488189,
  -0.070710678 -3.0707107 -1.4488189,-0.05 -3.0866025 -1.4488189,
  -0.025881905 -3.0965926 -1.4488189,0 -3.1 -1.4488189,
  0.025881905 -3.0965926 -1.4488189,0.05 -3.0866025 -1.4488189,
  0.070710678 -3.0707107 -1.4488189,0.08660254 -3.05 -1.4488189,
  0.096592583 -3.0258819 -1.4488189,0.1 -3 -1.4488189,
  0.096592583 -2.9741181 -1.4488189,0.08660254 -2.95 -1.4488189,
  0.070710678 -2.9292893 -1.4488189,0.05 -2.9133975 -1.4488189,
  0.025881905 -2.9034074 -1.4488189,0 -2.919685 -1.4685039,
  -0.037324223 -2.9288846 -1.4685039,-0.066097917 -2.9543759 -1.4685039,
  -0.079729374 -2.9903191 -1.4685039,-0.075095793 -3.0284801 -1.4685039,
  -0.05325867 -3.0601166 -1.4685039,-0.019220628 -3.0779812 -1.4685039,
  0.019220628 -3.0779812 -1.4685039,0.05325867 -3.0601166 -1.4685039,
  0.075095793 -3.0284801 -1.4685039,0.079729374 -2.9903191 -1.4685039,
  0.066097917 -2.9543759 -1.4685039,0.037324223 -2.9288846 -1.4685039] }
 coordIndex [
  51,0,1,-1,28,27,51,-1,26,23,24,-1,25,50,26,-1,52,1,2,-1,52,2,3,-1,52,29,28,-1,52,30,29,-1,
  52,51,1,-1,52,28,51,-1,53,3,4,-1,53,4,5,-1,53,31,30,-1,53,32,31,-1,53,52,3,-1,53,30,52,-1,
  54,5,6,-1,54,32,53,-1,54,33,32,-1,54,53,5,-1,55,6,7,-1,55,7,8,-1,55,54,6,-1,55,34,33,-1,
  55,35,34,-1,55,33,54,-1,56,8,9,-1,56,9,10,-1,56,36,35,-1,56,37,36,-1,56,55,8,-1,56,35,55,-1,
  57,56,10,-1,57,10,11,-1,57,11,12,-1,57,37,56,-1,57,38,37,-1,57,39,38,-1,58,12,13,-1,58,13,14,-1,
  58,40,39,-1,58,57,12,-1,58,41,40,-1,58,39,57,-1,59,41,58,-1,59,14,15,-1,59,15,16,-1,59,42,41,-1,
  59,43,42,-1,59,58,14,-1,60,16,17,-1,60,17,18,-1,60,44,43,-1,60,45,44,-1,60,43,59,-1,60,59,16,-1,
  61,18,19,-1,61,46,45,-1,61,60,18,-1,61,45,60,-1,62,19,20,-1,62,20,21,-1,62,46,61,-1,62,47,46,-1,
  62,48,47,-1,62,61,19,-1,63,48,62,-1,63,21,22,-1,63,22,23,-1,63,49,48,-1,63,50,49,-1,63,23,26,-1,
  63,26,50,-1,63,62,21,-1]
  normalPerVertex TRUE
  normal DEF NORM_245 Normal { vector [
  -0.092691599 0.70406259 -0.70406259,-0.18083706 0.70611612 -0.68461521,
  -0.35413881 0.61338641 -0.705934,-0.49795191 0.53222991 -0.68467162,
  -0.61643664 0.35589986 -0.70238248,-0.6923816 0.2273274 -0.68478462,
  -0.7270604 -0.048441691 -0.68486245,-0.6901063 -0.18491343 -0.69968587,
  -0.61438746 -0.392027 -0.68472102,-0.50186438 -0.50186438 -0.70446027,
  -0.35035702 -0.63915806 -0.68463635,-0.18308842 -0.68329529 -0.7068141,
  0 -0.72891129 -0.68460816,0.18308842 -0.68329529 -0.7068141,
  0.35035702 -0.63915806 -0.68463635,0.50186438 -0.50186438 -0.70446027,
  0.61438746 -0.392027 -0.68472102,0.6901063 -0.18491343 -0.69968587,
  0.7270604 -0.048441691 -0.68486245,0.6923816 0.2273274 -0.68478462,
  0.61643664 0.35589986 -0.70238248,0.49795191 0.53222991 -0.68467162,
  0.35413881 0.61338641 -0.705934,0.18083706 0.70611612 -0.68461521,
  0.092691599 0.70406259 -0.70406259,0.092691599 0.70406259 -0.70406259,
  0.14239671 0.69325338 -0.70648633,-0.092691599 0.70406259 -0.70406259,
  -0.1732148 0.66937254 -0.7224521,-0.35296894 0.61136014 -0.70827375,
  -0.47599206 0.50115412 -0.72268673,-0.60833502 0.35122239 -0.71173825,
  -0.65886941 0.20721275 -0.72315557,-0.68943323 -0.035524633 -0.72347759,
  -0.675992 -0.18113151 -0.71430119,-0.58618107 -0.36581283 -0.72289191,
  -0.49814254 -0.49814254 -0.7097239,-0.33533802 -0.6045529 -0.7225401,
  -0.18293701 -0.68273023 -0.7073991,0 -0.69145162 -0.72242276,
  0.18293701 -0.68273023 -0.7073991,0.33533802 -0.6045529 -0.7225401,
  0.49814254 -0.49814254 -0.7097239,0.58618107 -0.36581283 -0.72289191,
  0.675992 -0.18113151 -0.71430119,0.68943323 -0.035524633 -0.72347759,
  0.65886941 0.20721275 -0.72315557,0.60833502 0.35122239 -0.71173825,
  0.47599206 0.50115412 -0.72268673,0.35296894 0.61136014 -0.70827375,
  0.1732148 0.66937254 -0.7224521,-0.14239671 0.69325338 -0.70648633,
  -0.33439764 0.615429 -0.7137404,-0.58769784 0.3811414 -0.71368234,
  -0.69663444 0.086147973 -0.7122352,-0.66350977 -0.22466506 -0.71363885,
  -0.47569413 -0.51412477 -0.7137162,-0.17251002 -0.67881823 -0.71375493,
  0.17251002 -0.67881823 -0.71375493,0.47569413 -0.51412477 -0.7137162,
  0.66350977 -0.22466506 -0.71363885,0.69663444 0.086147973 -0.7122352,
  0.58769784 0.3811414 -0.71368234,0.33439764 0.615429 -0.7137404] }
}
}
DEF SHAPE_246 Shape {
 appearance USE APP_2
 geometry DEF FACE_246 IndexedFaceSet {
  coord DEF COORD_246 Coordinate { point [
  0 -0.93937008 -1.488189,-0.015692178 -0.94143599 -1.488189,
  -0.030314961 -0.94749295 -1.488189,-0.042871828 -0.95712817 -1.488189,
  -0.052507052 -0.96968504 -1.488189,-0.058564007 -0.98430782 -1.488189,
  -0.060629921 -1 -1.488189,-0.058564007 -1.0156922 -1.488189,
  -0.052507052 -1.030315 -1.488189,-0.042871828 -1.0428718 -1.488189,
  -0.030314961 -1.0525071 -1.488189,-0.015692178 -1.058564 -1.488189,
  0 -1.0606299 -1.488189,0.015692178 -1.058564 -1.488189,
  0.030314961 -1.0525071 -1.488189,0.042871828 -1.0428718 -1.488189,
  0.052507052 -1.030315 -1.488189,0.058564007 -1.0156922 -1.488189,
  0.060629921 -1 -1.488189,0.058564007 -0.98430782 -1.488189,
  0.052507052 -0.96968504 -1.488189,0.042871828 -0.95712817 -1.488189,
  0.030314961 -0.94749295 -1.488189,0.015692178 -0.94143599 -1.488189,
  0 -0.93937008 -1.488189,0 -0.9 -1.4488189,
  0 -0.91968504 -1.4685039,0 -0.9 -1.4488189,
  -0.025881905 -0.90340742 -1.4488189,-0.05 -0.91339746 -1.4488189,
  -0.070710678 -0.92928932 -1.4488189,-0.08660254 -0.95 -1.4488189,
  -0.096592583 -0.9741181 -1.4488189,-0.1 -1 -1.4488189,
  -0.096592583 -1.0258819 -1.4488189,-0.08660254 -1.05 -1.4488189,
  -0.070710678 -1.0707107 -1.4488189,-0.05 -1.0866025 -1.4488189,
  -0.025881905 -1.0965926 -1.4488189,0 -1.1 -1.4488189,
  0.025881905 -1.0965926 -1.4488189,0.05 -1.0866025 -1.4488189,
  0.070710678 -1.0707107 -1.4488189,0.08660254 -1.05 -1.4488189,
  0.096592583 -1.0258819 -1.4488189,0.1 -1 -1.4488189,
  0.096592583 -0.9741181 -1.4488189,0.08660254 -0.95 -1.4488189,
  0.070710678 -0.92928932 -1.4488189,0.05 -0.91339746 -1.4488189,
  0.025881905 -0.90340742 -1.4488189,0 -0.91968504 -1.4685039,
  -0.037324223 -0.92888463 -1.4685039,-0.066097917 -0.9543759 -1.4685039,
  -0.079729374 -0.9903191 -1.4685039,-0.075095793 -1.0284801 -1.4685039,
  -0.05325867 -1.0601166 -1.4685039,-0.019220628 -1.0779812 -1.4685039,
  0.019220628 -1.0779812 -1.4685039,0.05325867 -1.0601166 -1.4685039,
  0.075095793 -1.0284801 -1.4685039,0.079729374 -0.9903191 -1.4685039,
  0.066097917 -0.9543759 -1.4685039,0.037324223 -0.92888463 -1.4685039] }
 coordIndex [
  51,0,1,-1,28,27,51,-1,26,23,24,-1,25,50,26,-1,52,1,2,-1,52,2,3,-1,52,29,28,-1,52,30,29,-1,
  52,51,1,-1,52,28,51,-1,53,3,4,-1,53,4,5,-1,53,31,30,-1,53,32,31,-1,53,52,3,-1,53,30,52,-1,
  54,5,6,-1,54,32,53,-1,54,33,32,-1,54,53,5,-1,55,6,7,-1,55,7,8,-1,55,54,6,-1,55,34,33,-1,
  55,35,34,-1,55,33,54,-1,56,8,9,-1,56,9,10,-1,56,36,35,-1,56,37,36,-1,56,55,8,-1,56,35,55,-1,
  57,56,10,-1,57,10,11,-1,57,11,12,-1,57,37,56,-1,57,38,37,-1,57,39,38,-1,58,12,13,-1,58,13,14,-1,
  58,40,39,-1,58,57,12,-1,58,41,40,-1,58,39,57,-1,59,41,58,-1,59,14,15,-1,59,15,16,-1,59,42,41,-1,
  59,43,42,-1,59,58,14,-1,60,16,17,-1,60,17,18,-1,60,44,43,-1,60,45,44,-1,60,43,59,-1,60,59,16,-1,
  61,18,19,-1,61,46,45,-1,61,60,18,-1,61,45,60,-1,62,19,20,-1,62,20,21,-1,62,46,61,-1,62,47,46,-1,
  62,48,47,-1,62,61,19,-1,63,48,62,-1,63,21,22,-1,63,22,23,-1,63,49,48,-1,63,50,49,-1,63,23,26,-1,
  63,26,50,-1,63,62,21,-1]
  normalPerVertex TRUE
  normal DEF NORM_246 Normal { vector [
  -0.092691599 0.70406259 -0.70406259,-0.18083706 0.70611612 -0.68461521,
  -0.35413881 0.61338641 -0.705934,-0.49795191 0.53222991 -0.68467162,
  -0.61643664 0.35589986 -0.70238248,-0.6923816 0.2273274 -0.68478462,
  -0.7270604 -0.048441691 -0.68486245,-0.6901063 -0.18491343 -0.69968587,
  -0.61438746 -0.392027 -0.68472102,-0.50186438 -0.50186438 -0.70446027,
  -0.35035702 -0.63915806 -0.68463635,-0.18308842 -0.68329529 -0.7068141,
  0 -0.72891129 -0.68460816,0.18308842 -0.68329529 -0.7068141,
  0.35035702 -0.63915806 -0.68463635,0.50186438 -0.50186438 -0.70446027,
  0.61438746 -0.392027 -0.68472102,0.6901063 -0.18491343 -0.69968587,
  0.7270604 -0.048441691 -0.68486245,0.6923816 0.2273274 -0.68478462,
  0.61643664 0.35589986 -0.70238248,0.49795191 0.53222991 -0.68467162,
  0.35413881 0.61338641 -0.705934,0.18083706 0.70611612 -0.68461521,
  0.092691599 0.70406259 -0.70406259,0.092691599 0.70406259 -0.70406259,
  0.14239671 0.69325338 -0.70648633,-0.092691599 0.70406259 -0.70406259,
  -0.1732148 0.66937254 -0.7224521,-0.35296894 0.61136014 -0.70827375,
  -0.47599206 0.50115412 -0.72268673,-0.60833502 0.35122239 -0.71173825,
  -0.65886941 0.20721275 -0.72315557,-0.68943323 -0.035524633 -0.72347759,
  -0.675992 -0.18113151 -0.71430119,-0.58618107 -0.36581283 -0.72289191,
  -0.49814254 -0.49814254 -0.7097239,-0.33533802 -0.6045529 -0.7225401,
  -0.18293701 -0.68273023 -0.7073991,0 -0.69145162 -0.72242276,
  0.18293701 -0.68273023 -0.7073991,0.33533802 -0.6045529 -0.7225401,
  0.49814254 -0.49814254 -0.7097239,0.58618107 -0.36581283 -0.72289191,
  0.675992 -0.18113151 -0.71430119,0.68943323 -0.035524633 -0.72347759,
  0.65886941 0.20721275 -0.72315557,0.60833502 0.35122239 -0.71173825,
  0.47599206 0.50115412 -0.72268673,0.35296894 0.61136014 -0.70827375,
  0.1732148 0.66937254 -0.7224521,-0.14239671 0.69325338 -0.70648633,
  -0.33439764 0.615429 -0.7137404,-0.58769784 0.3811414 -0.71368234,
  -0.69663444 0.086147973 -0.7122352,-0.66350977 -0.22466506 -0.71363885,
  -0.47569413 -0.51412477 -0.7137162,-0.17251002 -0.67881823 -0.71375493,
  0.17251002 -0.67881823 -0.71375493,0.47569413 -0.51412477 -0.7137162,
  0.66350977 -0.22466506 -0.71363885,0.69663444 0.086147973 -0.7122352,
  0.58769784 0.3811414 -0.71368234,0.33439764 0.615429 -0.7137404] }
}
}
DEF SHAPE_247 Shape {
 appearance USE APP_2
 geometry DEF FACE_247 IndexedFaceSet {
  coord DEF COORD_247 Coordinate { point [
  0 -1.9393701 -1.488189,-0.015692178 -1.941436 -1.488189,
  -0.030314961 -1.9474929 -1.488189,-0.042871828 -1.9571282 -1.488189,
  -0.052507052 -1.969685 -1.488189,-0.058564007 -1.9843078 -1.488189,
  -0.060629921 -2 -1.488189,-0.058564007 -2.0156922 -1.488189,
  -0.052507052 -2.030315 -1.488189,-0.042871828 -2.0428718 -1.488189,
  -0.030314961 -2.0525071 -1.488189,-0.015692178 -2.058564 -1.488189,
  0 -2.0606299 -1.488189,0.015692178 -2.058564 -1.488189,
  0.030314961 -2.0525071 -1.488189,0.042871828 -2.0428718 -1.488189,
  0.052507052 -2.030315 -1.488189,0.058564007 -2.0156922 -1.488189,
  0.060629921 -2 -1.488189,0.058564007 -1.9843078 -1.488189,
  0.052507052 -1.969685 -1.488189,0.042871828 -1.9571282 -1.488189,
  0.030314961 -1.9474929 -1.488189,0.015692178 -1.941436 -1.488189,
  0 -1.9393701 -1.488189,0 -1.9 -1.4488189,
  0 -1.919685 -1.4685039,0 -1.9 -1.4488189,
  -0.025881905 -1.9034074 -1.4488189,-0.05 -1.9133975 -1.4488189,
  -0.070710678 -1.9292893 -1.4488189,-0.08660254 -1.95 -1.4488189,
  -0.096592583 -1.9741181 -1.4488189,-0.1 -2 -1.4488189,
  -0.096592583 -2.0258819 -1.4488189,-0.08660254 -2.05 -1.4488189,
  -0.070710678 -2.0707107 -1.4488189,-0.05 -2.0866025 -1.4488189,
  -0.025881905 -2.0965926 -1.4488189,0 -2.1 -1.4488189,
  0.025881905 -2.0965926 -1.4488189,0.05 -2.0866025 -1.4488189,
  0.070710678 -2.0707107 -1.4488189,0.08660254 -2.05 -1.4488189,
  0.096592583 -2.0258819 -1.4488189,0.1 -2 -1.4488189,
  0.096592583 -1.9741181 -1.4488189,0.08660254 -1.95 -1.4488189,
  0.070710678 -1.9292893 -1.4488189,0.05 -1.9133975 -1.4488189,
  0.025881905 -1.9034074 -1.4488189,0 -1.919685 -1.4685039,
  -0.037324223 -1.9288846 -1.4685039,-0.066097917 -1.9543759 -1.4685039,
  -0.079729374 -1.9903191 -1.4685039,-0.075095793 -2.0284801 -1.4685039,
  -0.05325867 -2.0601166 -1.4685039,-0.019220628 -2.0779812 -1.4685039,
  0.019220628 -2.0779812 -1.4685039,0.05325867 -2.0601166 -1.4685039,
  0.075095793 -2.0284801 -1.4685039,0.079729374 -1.9903191 -1.4685039,
  0.066097917 -1.9543759 -1.4685039,0.037324223 -1.9288846 -1.4685039] }
 coordIndex [
  51,0,1,-1,28,27,51,-1,26,23,24,-1,25,50,26,-1,52,1,2,-1,52,2,3,-1,52,29,28,-1,52,30,29,-1,
  52,51,1,-1,52,28,51,-1,53,3,4,-1,53,4,5,-1,53,31,30,-1,53,32,31,-1,53,52,3,-1,53,30,52,-1,
  54,5,6,-1,54,32,53,-1,54,33,32,-1,54,53,5,-1,55,6,7,-1,55,7,8,-1,55,54,6,-1,55,34,33,-1,
  55,35,34,-1,55,33,54,-1,56,8,9,-1,56,9,10,-1,56,36,35,-1,56,37,36,-1,56,55,8,-1,56,35,55,-1,
  57,56,10,-1,57,10,11,-1,57,11,12,-1,57,37,56,-1,57,38,37,-1,57,39,38,-1,58,12,13,-1,58,13,14,-1,
  58,40,39,-1,58,57,12,-1,58,41,40,-1,58,39,57,-1,59,41,58,-1,59,14,15,-1,59,15,16,-1,59,42,41,-1,
  59,43,42,-1,59,58,14,-1,60,16,17,-1,60,17,18,-1,60,44,43,-1,60,45,44,-1,60,43,59,-1,60,59,16,-1,
  61,18,19,-1,61,46,45,-1,61,60,18,-1,61,45,60,-1,62,19,20,-1,62,20,21,-1,62,46,61,-1,62,47,46,-1,
  62,48,47,-1,62,61,19,-1,63,48,62,-1,63,21,22,-1,63,22,23,-1,63,49,48,-1,63,50,49,-1,63,23,26,-1,
  63,26,50,-1,63,62,21,-1]
  normalPerVertex TRUE
  normal DEF NORM_247 Normal { vector [
  -0.092691599 0.70406259 -0.70406259,-0.18083706 0.70611612 -0.68461521,
  -0.35413881 0.61338641 -0.705934,-0.49795191 0.53222991 -0.68467162,
  -0.61643664 0.35589986 -0.70238248,-0.6923816 0.2273274 -0.68478462,
  -0.7270604 -0.048441691 -0.68486245,-0.6901063 -0.18491343 -0.69968587,
  -0.61438746 -0.392027 -0.68472102,-0.50186438 -0.50186438 -0.70446027,
  -0.35035702 -0.63915806 -0.68463635,-0.18308842 -0.68329529 -0.7068141,
  0 -0.72891129 -0.68460816,0.18308842 -0.68329529 -0.7068141,
  0.35035702 -0.63915806 -0.68463635,0.50186438 -0.50186438 -0.70446027,
  0.61438746 -0.392027 -0.68472102,0.6901063 -0.18491343 -0.69968587,
  0.7270604 -0.048441691 -0.68486245,0.6923816 0.2273274 -0.68478462,
  0.61643664 0.35589986 -0.70238248,0.49795191 0.53222991 -0.68467162,
  0.35413881 0.61338641 -0.705934,0.18083706 0.70611612 -0.68461521,
  0.092691599 0.70406259 -0.70406259,0.092691599 0.70406259 -0.70406259,
  0.14239671 0.69325338 -0.70648633,-0.092691599 0.70406259 -0.70406259,
  -0.1732148 0.66937254 -0.7224521,-0.35296894 0.61136014 -0.70827375,
  -0.47599206 0.50115412 -0.72268673,-0.60833502 0.35122239 -0.71173825,
  -0.65886941 0.20721275 -0.72315557,-0.68943323 -0.035524633 -0.72347759,
  -0.675992 -0.18113151 -0.71430119,-0.58618107 -0.36581283 -0.72289191,
  -0.49814254 -0.49814254 -0.7097239,-0.33533802 -0.6045529 -0.7225401,
  -0.18293701 -0.68273023 -0.7073991,0 -0.69145162 -0.72242276,
  0.18293701 -0.68273023 -0.7073991,0.33533802 -0.6045529 -0.7225401,
  0.49814254 -0.49814254 -0.7097239,0.58618107 -0.36581283 -0.72289191,
  0.675992 -0.18113151 -0.71430119,0.68943323 -0.035524633 -0.72347759,
  0.65886941 0.20721275 -0.72315557,0.60833502 0.35122239 -0.71173825,
  0.47599206 0.50115412 -0.72268673,0.35296894 0.61136014 -0.70827375,
  0.1732148 0.66937254 -0.7224521,-0.14239671 0.69325338 -0.70648633,
  -0.33439764 0.615429 -0.7137404,-0.58769784 0.3811414 -0.71368234,
  -0.69663444 0.086147973 -0.7122352,-0.66350977 -0.22466506 -0.71363885,
  -0.47569413 -0.51412477 -0.7137162,-0.17251002 -0.67881823 -0.71375493,
  0.17251002 -0.67881823 -0.71375493,0.47569413 -0.51412477 -0.7137162,
  0.66350977 -0.22466506 -0.71363885,0.69663444 0.086147973 -0.7122352,
  0.58769784 0.3811414 -0.71368234,0.33439764 0.615429 -0.7137404] }
}
}
DEF SHAPE_248 Shape {
 appearance USE APP_2
 geometry DEF FACE_248 IndexedFaceSet {
  coord DEF COORD_248 Coordinate { point [
  3 -0.060629921 -1.488189,3.0156922 -0.058564007 -1.488189,
  3.030315 -0.052507052 -1.488189,3.0428718 -0.042871828 -1.488189,
  3.0525071 -0.030314961 -1.488189,3.058564 -0.015692178 -1.488189,
  3.0606299 0 -1.488189,3.058564 0.015692178 -1.488189,
  3.0525071 0.030314961 -1.488189,3.0428718 0.042871828 -1.488189,
  3.030315 0.052507052 -1.488189,3.0156922 0.058564007 -1.488189,
  3 0.060629921 -1.488189,2.9843078 0.058564007 -1.488189,
  2.969685 0.052507052 -1.488189,2.9571282 0.042871828 -1.488189,
  2.9474929 0.030314961 -1.488189,2.941436 0.015692178 -1.488189,
  2.9393701 0 -1.488189,2.941436 -0.015692178 -1.488189,
  2.9474929 -0.030314961 -1.488189,2.9571282 -0.042871828 -1.488189,
  2.969685 -0.052507052 -1.488189,2.9843078 -0.058564007 -1.488189,
  3 -0.060629921 -1.488189,3 -0.1 -1.4488189,
  3 -0.080314961 -1.4685039,3 -0.1 -1.4488189,
  3.0258819 -0.096592583 -1.4488189,3.05 -0.08660254 -1.4488189,
  3.0707107 -0.070710678 -1.4488189,3.0866025 -0.05 -1.4488189,
  3.0965926 -0.025881905 -1.4488189,3.1 0 -1.4488189,
  3.0965926 0.025881905 -1.4488189,3.0866025 0.05 -1.4488189,
  3.0707107 0.070710678 -1.4488189,3.05 0.08660254 -1.4488189,
  3.0258819 0.096592583 -1.4488189,3 0.1 -1.4488189,
  2.9741181 0.096592583 -1.4488189,2.95 0.08660254 -1.4488189,
  2.9292893 0.070710678 -1.4488189,2.9133975 0.05 -1.4488189,
  2.9034074 0.025881905 -1.4488189,2.9 0 -1.4488189,
  2.9034074 -0.025881905 -1.4488189,2.9133975 -0.05 -1.4488189,
  2.9292893 -0.070710678 -1.4488189,2.95 -0.08660254 -1.4488189,
  2.9741181 -0.096592583 -1.4488189,3 -0.080314961 -1.4685039,
  3.0373242 -0.071115366 -1.4685039,3.0660979 -0.045624098 -1.4685039,
  3.0797294 -0.0096808987 -1.4685039,3.0750958 0.028480078 -1.4685039,
  3.0532587 0.060116611 -1.4685039,3.0192206 0.077981154 -1.4685039,
  2.9807794 0.077981154 -1.4685039,2.9467413 0.060116611 -1.4685039,
  2.9249042 0.028480078 -1.4685039,2.9202706 -0.0096808987 -1.4685039,
  2.9339021 -0.045624098 -1.4685039,2.9626758 -0.071115366 -1.4685039] }
 coordIndex [
  51,0,1,-1,28,27,51,-1,26,23,24,-1,25,50,26,-1,52,1,2,-1,52,2,3,-1,52,29,28,-1,52,30,29,-1,
  52,51,1,-1,52,28,51,-1,53,3,4,-1,53,4,5,-1,53,31,30,-1,53,32,31,-1,53,52,3,-1,53,30,52,-1,
  54,5,6,-1,54,32,53,-1,54,33,32,-1,54,53,5,-1,55,6,7,-1,55,7,8,-1,55,54,6,-1,55,34,33,-1,
  55,35,34,-1,55,33,54,-1,56,8,9,-1,56,9,10,-1,56,36,35,-1,56,37,36,-1,56,55,8,-1,56,35,55,-1,
  57,56,10,-1,57,10,11,-1,57,11,12,-1,57,37,56,-1,57,38,37,-1,57,39,38,-1,58,12,13,-1,58,13,14,-1,
  58,40,39,-1,58,57,12,-1,58,41,40,-1,58,39,57,-1,59,41,58,-1,59,14,15,-1,59,15,16,-1,59,42,41,-1,
  59,43,42,-1,59,58,14,-1,60,16,17,-1,60,17,18,-1,60,44,43,-1,60,45,44,-1,60,43,59,-1,60,59,16,-1,
  61,18,19,-1,61,46,45,-1,61,60,18,-1,61,45,60,-1,62,19,20,-1,62,20,21,-1,62,46,61,-1,62,47,46,-1,
  62,48,47,-1,62,61,19,-1,63,48,62,-1,63,21,22,-1,63,22,23,-1,63,49,48,-1,63,50,49,-1,63,23,26,-1,
  63,26,50,-1,63,62,21,-1]
  normalPerVertex TRUE
  normal DEF NORM_248 Normal { vector [
  0.092691599 -0.70406259 -0.70406259,0.18083706 -0.70611612 -0.68461521,
  0.35413881 -0.61338641 -0.705934,0.49795191 -0.53222991 -0.68467162,
  0.61643664 -0.35589986 -0.70238248,0.6923816 -0.2273274 -0.68478462,
  0.7270604 0.048441691 -0.68486245,0.6901063 0.18491343 -0.69968587,
  0.61438746 0.392027 -0.68472102,0.50186438 0.50186438 -0.70446027,
  0.35035702 0.63915806 -0.68463635,0.18308842 0.68329529 -0.7068141,
  0 0.72891129 -0.68460816,-0.18308842 0.68329529 -0.7068141,
  -0.35035702 0.63915806 -0.68463635,-0.50186438 0.50186438 -0.70446027,
  -0.61438746 0.392027 -0.68472102,-0.6901063 0.18491343 -0.69968587,
  -0.7270604 0.048441691 -0.68486245,-0.6923816 -0.2273274 -0.68478462,
  -0.61643664 -0.35589986 -0.70238248,-0.49795191 -0.53222991 -0.68467162,
  -0.35413881 -0.61338641 -0.705934,-0.18083706 -0.70611612 -0.68461521,
  -0.092691599 -0.70406259 -0.70406259,-0.092691599 -0.70406259 -0.70406259,
  -0.14239671 -0.69325338 -0.70648633,0.092691599 -0.70406259 -0.70406259,
  0.1732148 -0.66937254 -0.7224521,0.35296894 -0.61136014 -0.70827375,
  0.47599206 -0.50115412 -0.72268673,0.60833502 -0.35122239 -0.71173825,
  0.65886941 -0.20721275 -0.72315557,0.68943323 0.035524633 -0.72347759,
  0.675992 0.18113151 -0.71430119,0.58618107 0.36581283 -0.72289191,
  0.49814254 0.49814254 -0.7097239,0.33533802 0.6045529 -0.7225401,
  0.18293701 0.68273023 -0.7073991,0 0.69145162 -0.72242276,
  -0.18293701 0.68273023 -0.7073991,-0.33533802 0.6045529 -0.7225401,
  -0.49814254 0.49814254 -0.7097239,-0.58618107 0.36581283 -0.72289191,
  -0.675992 0.18113151 -0.71430119,-0.68943323 0.035524633 -0.72347759,
  -0.65886941 -0.20721275 -0.72315557,-0.60833502 -0.35122239 -0.71173825,
  -0.47599206 -0.50115412 -0.72268673,-0.35296894 -0.61136014 -0.70827375,
  -0.1732148 -0.66937254 -0.7224521,0.14239671 -0.69325338 -0.70648633,
  0.33439764 -0.615429 -0.7137404,0.58769784 -0.3811414 -0.71368234,
  0.69663444 -0.086147973 -0.7122352,0.66350977 0.22466506 -0.71363885,
  0.47569413 0.51412477 -0.7137162,0.17251002 0.67881823 -0.71375493,
  -0.17251002 0.67881823 -0.71375493,-0.47569413 0.51412477 -0.7137162,
  -0.66350977 0.22466506 -0.71363885,-0.69663444 -0.086147973 -0.7122352,
  -0.58769784 -0.3811414 -0.71368234,-0.33439764 -0.615429 -0.7137404] }
}
}
DEF SHAPE_249 Shape {
 appearance USE APP_2
 geometry DEF FACE_249 IndexedFaceSet {
  coord DEF COORD_249 Coordinate { point [
  0 0.060629921 -1.488189,-0.015692178 0.058564007 -1.488189,
  -0.030314961 0.052507052 -1.488189,-0.042871828 0.042871828 -1.488189,
  -0.052507052 0.030314961 -1.488189,-0.058564007 0.015692178 -1.488189,
  -0.060629921 0 -1.488189,-0.058564007 -0.015692178 -1.488189,
  -0.052507052 -0.030314961 -1.488189,-0.042871828 -0.042871828 -1.488189,
  -0.030314961 -0.052507052 -1.488189,-0.015692178 -0.058564007 -1.488189,
  0 -0.060629921 -1.488189,0.015692178 -0.058564007 -1.488189,
  0.030314961 -0.052507052 -1.488189,0.042871828 -0.042871828 -1.488189,
  0.052507052 -0.030314961 -1.488189,0.058564007 -0.015692178 -1.488189,
  0.060629921 0 -1.488189,0.058564007 0.015692178 -1.488189,
  0.052507052 0.030314961 -1.488189,0.042871828 0.042871828 -1.488189,
  0.030314961 0.052507052 -1.488189,0.015692178 0.058564007 -1.488189,
  0 0.060629921 -1.488189,0 0.1 -1.4488189,
  0 0.080314961 -1.4685039,0 0.1 -1.4488189,
  -0.025881905 0.096592583 -1.4488189,-0.05 0.08660254 -1.4488189,
  -0.070710678 0.070710678 -1.4488189,-0.08660254 0.05 -1.4488189,
  -0.096592583 0.025881905 -1.4488189,-0.1 0 -1.4488189,
  -0.096592583 -0.025881905 -1.4488189,-0.08660254 -0.05 -1.4488189,
  -0.070710678 -0.070710678 -1.4488189,-0.05 -0.08660254 -1.4488189,
  -0.025881905 -0.096592583 -1.4488189,0 -0.1 -1.4488189,
  0.025881905 -0.096592583 -1.4488189,0.05 -0.08660254 -1.4488189,
  0.070710678 -0.070710678 -1.4488189,0.08660254 -0.05 -1.4488189,
  0.096592583 -0.025881905 -1.4488189,0.1 0 -1.4488189,
  0.096592583 0.025881905 -1.4488189,0.08660254 0.05 -1.4488189,
  0.070710678 0.070710678 -1.4488189,0.05 0.08660254 -1.4488189,
  0.025881905 0.096592583 -1.4488189,0 0.080314961 -1.4685039,
  -0.037324223 0.071115366 -1.4685039,-0.066097917 0.045624098 -1.4685039,
  -0.079729374 0.0096808987 -1.4685039,-0.075095793 -0.028480078 -1.4685039,
  -0.05325867 -0.060116611 -1.4685039,-0.019220628 -0.077981154 -1.4685039,
  0.019220628 -0.077981154 -1.4685039,0.05325867 -0.060116611 -1.4685039,
  0.075095793 -0.028480078 -1.4685039,0.079729374 0.0096808987 -1.4685039,
  0.066097917 0.045624098 -1.4685039,0.037324223 0.071115366 -1.4685039] }
 coordIndex [
  51,0,1,-1,28,27,51,-1,26,23,24,-1,25,50,26,-1,52,1,2,-1,52,2,3,-1,52,29,28,-1,52,30,29,-1,
  52,51,1,-1,52,28,51,-1,53,3,4,-1,53,4,5,-1,53,31,30,-1,53,32,31,-1,53,52,3,-1,53,30,52,-1,
  54,5,6,-1,54,32,53,-1,54,33,32,-1,54,53,5,-1,55,6,7,-1,55,7,8,-1,55,54,6,-1,55,34,33,-1,
  55,35,34,-1,55,33,54,-1,56,8,9,-1,56,9,10,-1,56,36,35,-1,56,37,36,-1,56,55,8,-1,56,35,55,-1,
  57,56,10,-1,57,10,11,-1,57,11,12,-1,57,37,56,-1,57,38,37,-1,57,39,38,-1,58,12,13,-1,58,13,14,-1,
  58,40,39,-1,58,57,12,-1,58,41,40,-1,58,39,57,-1,59,41,58,-1,59,14,15,-1,59,15,16,-1,59,42,41,-1,
  59,43,42,-1,59,58,14,-1,60,16,17,-1,60,17,18,-1,60,44,43,-1,60,45,44,-1,60,43,59,-1,60,59,16,-1,
  61,18,19,-1,61,46,45,-1,61,60,18,-1,61,45,60,-1,62,19,20,-1,62,20,21,-1,62,46,61,-1,62,47,46,-1,
  62,48,47,-1,62,61,19,-1,63,48,62,-1,63,21,22,-1,63,22,23,-1,63,49,48,-1,63,50,49,-1,63,23,26,-1,
  63,26,50,-1,63,62,21,-1]
  normalPerVertex TRUE
  normal DEF NORM_249 Normal { vector [
  -0.092691599 0.70406259 -0.70406259,-0.18083706 0.70611612 -0.68461521,
  -0.35413881 0.61338641 -0.705934,-0.49795191 0.53222991 -0.68467162,
  -0.61643664 0.35589986 -0.70238248,-0.6923816 0.2273274 -0.68478462,
  -0.7270604 -0.048441691 -0.68486245,-0.6901063 -0.18491343 -0.69968587,
  -0.61438746 -0.392027 -0.68472102,-0.50186438 -0.50186438 -0.70446027,
  -0.35035702 -0.63915806 -0.68463635,-0.18308842 -0.68329529 -0.7068141,
  0 -0.72891129 -0.68460816,0.18308842 -0.68329529 -0.7068141,
  0.35035702 -0.63915806 -0.68463635,0.50186438 -0.50186438 -0.70446027,
  0.61438746 -0.392027 -0.68472102,0.6901063 -0.18491343 -0.69968587,
  0.7270604 -0.048441691 -0.68486245,0.6923816 0.2273274 -0.68478462,
  0.61643664 0.35589986 -0.70238248,0.49795191 0.53222991 -0.68467162,
  0.35413881 0.61338641 -0.705934,0.18083706 0.70611612 -0.68461521,
  0.092691599 0.70406259 -0.70406259,0.092691599 0.70406259 -0.70406259,
  0.14239671 0.69325338 -0.70648633,-0.092691599 0.70406259 -0.70406259,
  -0.1732148 0.66937254 -0.7224521,-0.35296894 0.61136014 -0.70827375,
  -0.47599206 0.50115412 -0.72268673,-0.60833502 0.35122239 -0.71173825,
  -0.65886941 0.20721275 -0.72315557,-0.68943323 -0.035524633 -0.72347759,
  -0.675992 -0.18113151 -0.71430119,-0.58618107 -0.36581283 -0.72289191,
  -0.49814254 -0.49814254 -0.7097239,-0.33533802 -0.6045529 -0.7225401,
  -0.18293701 -0.68273023 -0.7073991,0 -0.69145162 -0.72242276,
  0.18293701 -0.68273023 -0.7073991,0.33533802 -0.6045529 -0.7225401,
  0.49814254 -0.49814254 -0.7097239,0.58618107 -0.36581283 -0.72289191,
  0.675992 -0.18113151 -0.71430119,0.68943323 -0.035524633 -0.72347759,
  0.65886941 0.20721275 -0.72315557,0.60833502 0.35122239 -0.71173825,
  0.47599206 0.50115412 -0.72268673,0.35296894 0.61136014 -0.70827375,
  0.1732148 0.66937254 -0.7224521,-0.14239671 0.69325338 -0.70648633,
  -0.33439764 0.615429 -0.7137404,-0.58769784 0.3811414 -0.71368234,
  -0.69663444 0.086147973 -0.7122352,-0.66350977 -0.22466506 -0.71363885,
  -0.47569413 -0.51412477 -0.7137162,-0.17251002 -0.67881823 -0.71375493,
  0.17251002 -0.67881823 -0.71375493,0.47569413 -0.51412477 -0.7137162,
  0.66350977 -0.22466506 -0.71363885,0.69663444 0.086147973 -0.7122352,
  0.58769784 0.3811414 -0.71368234,0.33439764 0.615429 -0.7137404] }
}
}
DEF SHAPE_250 Shape {
 appearance USE APP_2
 geometry DEF FACE_250 IndexedFaceSet {
  coord DEF COORD_250 Coordinate { point [
  0 -8.9393701 -1.488189,-0.015692178 -8.941436 -1.488189,
  -0.030314961 -8.9474929 -1.488189,-0.042871828 -8.9571282 -1.488189,
  -0.052507052 -8.969685 -1.488189,-0.058564007 -8.9843078 -1.488189,
  -0.060629921 -9 -1.488189,-0.058564007 -9.0156922 -1.488189,
  -0.052507052 -9.030315 -1.488189,-0.042871828 -9.0428718 -1.488189,
  -0.030314961 -9.0525071 -1.488189,-0.015692178 -9.058564 -1.488189,
  0 -9.0606299 -1.488189,0.015692178 -9.058564 -1.488189,
  0.030314961 -9.0525071 -1.488189,0.042871828 -9.0428718 -1.488189,
  0.052507052 -9.030315 -1.488189,0.058564007 -9.0156922 -1.488189,
  0.060629921 -9 -1.488189,0.058564007 -8.9843078 -1.488189,
  0.052507052 -8.969685 -1.488189,0.042871828 -8.9571282 -1.488189,
  0.030314961 -8.9474929 -1.488189,0.015692178 -8.941436 -1.488189,
  0 -8.9393701 -1.488189,0 -8.9 -1.4488189,
  0 -8.919685 -1.4685039,0 -8.9 -1.4488189,
  -0.025881905 -8.9034074 -1.4488189,-0.05 -8.9133975 -1.4488189,
  -0.070710678 -8.9292893 -1.4488189,-0.08660254 -8.95 -1.4488189,
  -0.096592583 -8.9741181 -1.4488189,-0.1 -9 -1.4488189,
  -0.096592583 -9.0258819 -1.4488189,-0.08660254 -9.05 -1.4488189,
  -0.070710678 -9.0707107 -1.4488189,-0.05 -9.0866025 -1.4488189,
  -0.025881905 -9.0965926 -1.4488189,0 -9.1 -1.4488189,
  0.025881905 -9.0965926 -1.4488189,0.05 -9.0866025 -1.4488189,
  0.070710678 -9.0707107 -1.4488189,0.08660254 -9.05 -1.4488189,
  0.096592583 -9.0258819 -1.4488189,0.1 -9 -1.4488189,
  0.096592583 -8.9741181 -1.4488189,0.08660254 -8.95 -1.4488189,
  0.070710678 -8.9292893 -1.4488189,0.05 -8.9133975 -1.4488189,
  0.025881905 -8.9034074 -1.4488189,0 -8.919685 -1.4685039,
  -0.037324223 -8.9288846 -1.4685039,-0.066097917 -8.9543759 -1.4685039,
  -0.079729374 -8.9903191 -1.4685039,-0.075095793 -9.0284801 -1.4685039,
  -0.05325867 -9.0601166 -1.4685039,-0.019220628 -9.0779812 -1.4685039,
  0.019220628 -9.0779812 -1.4685039,0.05325867 -9.0601166 -1.4685039,
  0.075095793 -9.0284801 -1.4685039,0.079729374 -8.9903191 -1.4685039,
  0.066097917 -8.9543759 -1.4685039,0.037324223 -8.9288846 -1.4685039] }
 coordIndex [
  51,0,1,-1,28,27,51,-1,26,23,24,-1,25,50,26,-1,52,1,2,-1,52,2,3,-1,52,29,28,-1,52,30,29,-1,
  52,51,1,-1,52,28,51,-1,53,3,4,-1,53,4,5,-1,53,31,30,-1,53,32,31,-1,53,52,3,-1,53,30,52,-1,
  54,5,6,-1,54,32,53,-1,54,33,32,-1,54,53,5,-1,55,6,7,-1,55,7,8,-1,55,54,6,-1,55,34,33,-1,
  55,35,34,-1,55,33,54,-1,56,8,9,-1,56,9,10,-1,56,36,35,-1,56,37,36,-1,56,55,8,-1,56,35,55,-1,
  57,56,10,-1,57,10,11,-1,57,11,12,-1,57,37,56,-1,57,38,37,-1,57,39,38,-1,58,12,13,-1,58,13,14,-1,
  58,40,39,-1,58,57,12,-1,58,41,40,-1,58,39,57,-1,59,41,58,-1,59,14,15,-1,59,15,16,-1,59,42,41,-1,
  59,43,42,-1,59,58,14,-1,60,16,17,-1,60,17,18,-1,60,44,43,-1,60,45,44,-1,60,43,59,-1,60,59,16,-1,
  61,18,19,-1,61,46,45,-1,61,60,18,-1,61,45,60,-1,62,19,20,-1,62,20,21,-1,62,46,61,-1,62,47,46,-1,
  62,48,47,-1,62,61,19,-1,63,48,62,-1,63,21,22,-1,63,22,23,-1,63,49,48,-1,63,50,49,-1,63,23,26,-1,
  63,26,50,-1,63,62,21,-1]
  normalPerVertex TRUE
  normal DEF NORM_250 Normal { vector [
  -0.092691599 0.70406259 -0.70406259,-0.18083706 0.70611612 -0.68461521,
  -0.35413881 0.61338641 -0.705934,-0.49795191 0.53222991 -0.68467162,
  -0.61643664 0.35589986 -0.70238248,-0.6923816 0.2273274 -0.68478462,
  -0.7270604 -0.048441691 -0.68486245,-0.6901063 -0.18491343 -0.69968587,
  -0.61438746 -0.392027 -0.68472102,-0.50186438 -0.50186438 -0.70446027,
  -0.35035702 -0.63915806 -0.68463635,-0.18308842 -0.68329529 -0.7068141,
  0 -0.72891129 -0.68460816,0.18308842 -0.68329529 -0.7068141,
  0.35035702 -0.63915806 -0.68463635,0.50186438 -0.50186438 -0.70446027,
  0.61438746 -0.392027 -0.68472102,0.6901063 -0.18491343 -0.69968587,
  0.7270604 -0.048441691 -0.68486245,0.6923816 0.2273274 -0.68478462,
  0.61643664 0.35589986 -0.70238248,0.49795191 0.53222991 -0.68467162,
  0.35413881 0.61338641 -0.705934,0.18083706 0.70611612 -0.68461521,
  0.092691599 0.70406259 -0.70406259,0.092691599 0.70406259 -0.70406259,
  0.14239671 0.69325338 -0.70648633,-0.092691599 0.70406259 -0.70406259,
  -0.1732148 0.66937254 -0.7224521,-0.35296894 0.61136014 -0.70827375,
  -0.47599206 0.50115412 -0.72268673,-0.60833502 0.35122239 -0.71173825,
  -0.65886941 0.20721275 -0.72315557,-0.68943323 -0.035524633 -0.72347759,
  -0.675992 -0.18113151 -0.71430119,-0.58618107 -0.36581283 -0.72289191,
  -0.49814254 -0.49814254 -0.7097239,-0.33533802 -0.6045529 -0.7225401,
  -0.18293701 -0.68273023 -0.7073991,0 -0.69145162 -0.72242276,
  0.18293701 -0.68273023 -0.7073991,0.33533802 -0.6045529 -0.7225401,
  0.49814254 -0.49814254 -0.7097239,0.58618107 -0.36581283 -0.72289191,
  0.675992 -0.18113151 -0.71430119,0.68943323 -0.035524633 -0.72347759,
  0.65886941 0.20721275 -0.72315557,0.60833502 0.35122239 -0.71173825,
  0.47599206 0.50115412 -0.72268673,0.35296894 0.61136014 -0.70827375,
  0.1732148 0.66937254 -0.7224521,-0.14239671 0.69325338 -0.70648633,
  -0.33439764 0.615429 -0.7137404,-0.58769784 0.3811414 -0.71368234,
  -0.69663444 0.086147973 -0.7122352,-0.66350977 -0.22466506 -0.71363885,
  -0.47569413 -0.51412477 -0.7137162,-0.17251002 -0.67881823 -0.71375493,
  0.17251002 -0.67881823 -0.71375493,0.47569413 -0.51412477 -0.7137162,
  0.66350977 -0.22466506 -0.71363885,0.69663444 0.086147973 -0.7122352,
  0.58769784 0.3811414 -0.71368234,0.33439764 0.615429 -0.7137404] }
}
}
DEF SHAPE_251 Shape {
 appearance USE APP_2
 geometry DEF FACE_251 IndexedFaceSet {
  coord DEF COORD_251 Coordinate { point [
  0 -7.9393701 -1.488189,-0.015692178 -7.941436 -1.488189,
  -0.030314961 -7.9474929 -1.488189,-0.042871828 -7.9571282 -1.488189,
  -0.052507052 -7.969685 -1.488189,-0.058564007 -7.9843078 -1.488189,
  -0.060629921 -8 -1.488189,-0.058564007 -8.0156922 -1.488189,
  -0.052507052 -8.030315 -1.488189,-0.042871828 -8.0428718 -1.488189,
  -0.030314961 -8.0525071 -1.488189,-0.015692178 -8.058564 -1.488189,
  0 -8.0606299 -1.488189,0.015692178 -8.058564 -1.488189,
  0.030314961 -8.0525071 -1.488189,0.042871828 -8.0428718 -1.488189,
  0.052507052 -8.030315 -1.488189,0.058564007 -8.0156922 -1.488189,
  0.060629921 -8 -1.488189,0.058564007 -7.9843078 -1.488189,
  0.052507052 -7.969685 -1.488189,0.042871828 -7.9571282 -1.488189,
  0.030314961 -7.9474929 -1.488189,0.015692178 -7.941436 -1.488189,
  0 -7.9393701 -1.488189,0 -7.9 -1.4488189,
  0 -7.919685 -1.4685039,0 -7.9 -1.4488189,
  -0.025881905 -7.9034074 -1.4488189,-0.05 -7.9133975 -1.4488189,
  -0.070710678 -7.9292893 -1.4488189,-0.08660254 -7.95 -1.4488189,
  -0.096592583 -7.9741181 -1.4488189,-0.1 -8 -1.4488189,
  -0.096592583 -8.0258819 -1.4488189,-0.08660254 -8.05 -1.4488189,
  -0.070710678 -8.0707107 -1.4488189,-0.05 -8.0866025 -1.4488189,
  -0.025881905 -8.0965926 -1.4488189,0 -8.1 -1.4488189,
  0.025881905 -8.0965926 -1.4488189,0.05 -8.0866025 -1.4488189,
  0.070710678 -8.0707107 -1.4488189,0.08660254 -8.05 -1.4488189,
  0.096592583 -8.0258819 -1.4488189,0.1 -8 -1.4488189,
  0.096592583 -7.9741181 -1.4488189,0.08660254 -7.95 -1.4488189,
  0.070710678 -7.9292893 -1.4488189,0.05 -7.9133975 -1.4488189,
  0.025881905 -7.9034074 -1.4488189,0 -7.919685 -1.4685039,
  -0.037324223 -7.9288846 -1.4685039,-0.066097917 -7.9543759 -1.4685039,
  -0.079729374 -7.9903191 -1.4685039,-0.075095793 -8.0284801 -1.4685039,
  -0.05325867 -8.0601166 -1.4685039,-0.019220628 -8.0779812 -1.4685039,
  0.019220628 -8.0779812 -1.4685039,0.05325867 -8.0601166 -1.4685039,
  0.075095793 -8.0284801 -1.4685039,0.079729374 -7.9903191 -1.4685039,
  0.066097917 -7.9543759 -1.4685039,0.037324223 -7.9288846 -1.4685039] }
 coordIndex [
  51,0,1,-1,28,27,51,-1,26,23,24,-1,25,50,26,-1,52,1,2,-1,52,2,3,-1,52,29,28,-1,52,30,29,-1,
  52,51,1,-1,52,28,51,-1,53,3,4,-1,53,4,5,-1,53,31,30,-1,53,32,31,-1,53,52,3,-1,53,30,52,-1,
  54,5,6,-1,54,32,53,-1,54,33,32,-1,54,53,5,-1,55,6,7,-1,55,7,8,-1,55,54,6,-1,55,34,33,-1,
  55,35,34,-1,55,33,54,-1,56,8,9,-1,56,9,10,-1,56,36,35,-1,56,37,36,-1,56,55,8,-1,56,35,55,-1,
  57,56,10,-1,57,10,11,-1,57,11,12,-1,57,37,56,-1,57,38,37,-1,57,39,38,-1,58,12,13,-1,58,13,14,-1,
  58,40,39,-1,58,57,12,-1,58,41,40,-1,58,39,57,-1,59,41,58,-1,59,14,15,-1,59,15,16,-1,59,42,41,-1,
  59,43,42,-1,59,58,14,-1,60,16,17,-1,60,17,18,-1,60,44,43,-1,60,45,44,-1,60,43,59,-1,60,59,16,-1,
  61,18,19,-1,61,46,45,-1,61,60,18,-1,61,45,60,-1,62,19,20,-1,62,20,21,-1,62,46,61,-1,62,47,46,-1,
  62,48,47,-1,62,61,19,-1,63,48,62,-1,63,21,22,-1,63,22,23,-1,63,49,48,-1,63,50,49,-1,63,23,26,-1,
  63,26,50,-1,63,62,21,-1]
  normalPerVertex TRUE
  normal DEF NORM_251 Normal { vector [
  -0.092691599 0.70406259 -0.70406259,-0.18083706 0.70611612 -0.68461521,
  -0.35413881 0.61338641 -0.705934,-0.49795191 0.53222991 -0.68467162,
  -0.61643664 0.35589986 -0.70238248,-0.6923816 0.2273274 -0.68478462,
  -0.7270604 -0.048441691 -0.68486245,-0.6901063 -0.18491343 -0.69968587,
  -0.61438746 -0.392027 -0.68472102,-0.50186438 -0.50186438 -0.70446027,
  -0.35035702 -0.63915806 -0.68463635,-0.18308842 -0.68329529 -0.7068141,
  0 -0.72891129 -0.68460816,0.18308842 -0.68329529 -0.7068141,
  0.35035702 -0.63915806 -0.68463635,0.50186438 -0.50186438 -0.70446027,
  0.61438746 -0.392027 -0.68472102,0.6901063 -0.18491343 -0.69968587,
  0.7270604 -0.048441691 -0.68486245,0.6923816 0.2273274 -0.68478462,
  0.61643664 0.35589986 -0.70238248,0.49795191 0.53222991 -0.68467162,
  0.35413881 0.61338641 -0.705934,0.18083706 0.70611612 -0.68461521,
  0.092691599 0.70406259 -0.70406259,0.092691599 0.70406259 -0.70406259,
  0.14239671 0.69325338 -0.70648633,-0.092691599 0.70406259 -0.70406259,
  -0.1732148 0.66937254 -0.7224521,-0.35296894 0.61136014 -0.70827375,
  -0.47599206 0.50115412 -0.72268673,-0.60833502 0.35122239 -0.71173825,
  -0.65886941 0.20721275 -0.72315557,-0.68943323 -0.035524633 -0.72347759,
  -0.675992 -0.18113151 -0.71430119,-0.58618107 -0.36581283 -0.72289191,
  -0.49814254 -0.49814254 -0.7097239,-0.33533802 -0.6045529 -0.7225401,
  -0.18293701 -0.68273023 -0.7073991,0 -0.69145162 -0.72242276,
  0.18293701 -0.68273023 -0.7073991,0.33533802 -0.6045529 -0.7225401,
  0.49814254 -0.49814254 -0.7097239,0.58618107 -0.36581283 -0.72289191,
  0.675992 -0.18113151 -0.71430119,0.68943323 -0.035524633 -0.72347759,
  0.65886941 0.20721275 -0.72315557,0.60833502 0.35122239 -0.71173825,
  0.47599206 0.50115412 -0.72268673,0.35296894 0.61136014 -0.70827375,
  0.1732148 0.66937254 -0.7224521,-0.14239671 0.69325338 -0.70648633,
  -0.33439764 0.615429 -0.7137404,-0.58769784 0.3811414 -0.71368234,
  -0.69663444 0.086147973 -0.7122352,-0.66350977 -0.22466506 -0.71363885,
  -0.47569413 -0.51412477 -0.7137162,-0.17251002 -0.67881823 -0.71375493,
  0.17251002 -0.67881823 -0.71375493,0.47569413 -0.51412477 -0.7137162,
  0.66350977 -0.22466506 -0.71363885,0.69663444 0.086147973 -0.7122352,
  0.58769784 0.3811414 -0.71368234,0.33439764 0.615429 -0.7137404] }
}
}
DEF SHAPE_252 Shape {
 appearance USE APP_2
 geometry DEF FACE_252 IndexedFaceSet {
  coord DEF COORD_252 Coordinate { point [
  0 -6.9393701 -1.488189,-0.015692178 -6.941436 -1.488189,
  -0.030314961 -6.9474929 -1.488189,-0.042871828 -6.9571282 -1.488189,
  -0.052507052 -6.969685 -1.488189,-0.058564007 -6.9843078 -1.488189,
  -0.060629921 -7 -1.488189,-0.058564007 -7.0156922 -1.488189,
  -0.052507052 -7.030315 -1.488189,-0.042871828 -7.0428718 -1.488189,
  -0.030314961 -7.0525071 -1.488189,-0.015692178 -7.058564 -1.488189,
  0 -7.0606299 -1.488189,0.015692178 -7.058564 -1.488189,
  0.030314961 -7.0525071 -1.488189,0.042871828 -7.0428718 -1.488189,
  0.052507052 -7.030315 -1.488189,0.058564007 -7.0156922 -1.488189,
  0.060629921 -7 -1.488189,0.058564007 -6.9843078 -1.488189,
  0.052507052 -6.969685 -1.488189,0.042871828 -6.9571282 -1.488189,
  0.030314961 -6.9474929 -1.488189,0.015692178 -6.941436 -1.488189,
  0 -6.9393701 -1.488189,0 -6.9 -1.4488189,
  0 -6.919685 -1.4685039,0 -6.9 -1.4488189,
  -0.025881905 -6.9034074 -1.4488189,-0.05 -6.9133975 -1.4488189,
  -0.070710678 -6.9292893 -1.4488189,-0.08660254 -6.95 -1.4488189,
  -0.096592583 -6.9741181 -1.4488189,-0.1 -7 -1.4488189,
  -0.096592583 -7.0258819 -1.4488189,-0.08660254 -7.05 -1.4488189,
  -0.070710678 -7.0707107 -1.4488189,-0.05 -7.0866025 -1.4488189,
  -0.025881905 -7.0965926 -1.4488189,0 -7.1 -1.4488189,
  0.025881905 -7.0965926 -1.4488189,0.05 -7.0866025 -1.4488189,
  0.070710678 -7.0707107 -1.4488189,0.08660254 -7.05 -1.4488189,
  0.096592583 -7.0258819 -1.4488189,0.1 -7 -1.4488189,
  0.096592583 -6.9741181 -1.4488189,0.08660254 -6.95 -1.4488189,
  0.070710678 -6.9292893 -1.4488189,0.05 -6.9133975 -1.4488189,
  0.025881905 -6.9034074 -1.4488189,0 -6.919685 -1.4685039,
  -0.037324223 -6.9288846 -1.4685039,-0.066097917 -6.9543759 -1.4685039,
  -0.079729374 -6.9903191 -1.4685039,-0.075095793 -7.0284801 -1.4685039,
  -0.05325867 -7.0601166 -1.4685039,-0.019220628 -7.0779812 -1.4685039,
  0.019220628 -7.0779812 -1.4685039,0.05325867 -7.0601166 -1.4685039,
  0.075095793 -7.0284801 -1.4685039,0.079729374 -6.9903191 -1.4685039,
  0.066097917 -6.9543759 -1.4685039,0.037324223 -6.9288846 -1.4685039] }
 coordIndex [
  51,0,1,-1,28,27,51,-1,26,23,24,-1,25,50,26,-1,52,1,2,-1,52,2,3,-1,52,29,28,-1,52,30,29,-1,
  52,51,1,-1,52,28,51,-1,53,3,4,-1,53,4,5,-1,53,31,30,-1,53,32,31,-1,53,52,3,-1,53,30,52,-1,
  54,5,6,-1,54,32,53,-1,54,33,32,-1,54,53,5,-1,55,6,7,-1,55,7,8,-1,55,54,6,-1,55,34,33,-1,
  55,35,34,-1,55,33,54,-1,56,8,9,-1,56,9,10,-1,56,36,35,-1,56,37,36,-1,56,55,8,-1,56,35,55,-1,
  57,56,10,-1,57,10,11,-1,57,11,12,-1,57,37,56,-1,57,38,37,-1,57,39,38,-1,58,12,13,-1,58,13,14,-1,
  58,40,39,-1,58,57,12,-1,58,41,40,-1,58,39,57,-1,59,41,58,-1,59,14,15,-1,59,15,16,-1,59,42,41,-1,
  59,43,42,-1,59,58,14,-1,60,16,17,-1,60,17,18,-1,60,44,43,-1,60,45,44,-1,60,43,59,-1,60,59,16,-1,
  61,18,19,-1,61,46,45,-1,61,60,18,-1,61,45,60,-1,62,19,20,-1,62,20,21,-1,62,46,61,-1,62,47,46,-1,
  62,48,47,-1,62,61,19,-1,63,48,62,-1,63,21,22,-1,63,22,23,-1,63,49,48,-1,63,50,49,-1,63,23,26,-1,
  63,26,50,-1,63,62,21,-1]
  normalPerVertex TRUE
  normal DEF NORM_252 Normal { vector [
  -0.092691599 0.70406259 -0.70406259,-0.18083706 0.70611612 -0.68461521,
  -0.35413881 0.61338641 -0.705934,-0.49795191 0.53222991 -0.68467162,
  -0.61643664 0.35589986 -0.70238248,-0.6923816 0.2273274 -0.68478462,
  -0.7270604 -0.048441691 -0.68486245,-0.6901063 -0.18491343 -0.69968587,
  -0.61438746 -0.392027 -0.68472102,-0.50186438 -0.50186438 -0.70446027,
  -0.35035702 -0.63915806 -0.68463635,-0.18308842 -0.68329529 -0.7068141,
  0 -0.72891129 -0.68460816,0.18308842 -0.68329529 -0.7068141,
  0.35035702 -0.63915806 -0.68463635,0.50186438 -0.50186438 -0.70446027,
  0.61438746 -0.392027 -0.68472102,0.6901063 -0.18491343 -0.69968587,
  0.7270604 -0.048441691 -0.68486245,0.6923816 0.2273274 -0.68478462,
  0.61643664 0.35589986 -0.70238248,0.49795191 0.53222991 -0.68467162,
  0.35413881 0.61338641 -0.705934,0.18083706 0.70611612 -0.68461521,
  0.092691599 0.70406259 -0.70406259,0.092691599 0.70406259 -0.70406259,
  0.14239671 0.69325338 -0.70648633,-0.092691599 0.70406259 -0.70406259,
  -0.1732148 0.66937254 -0.7224521,-0.35296894 0.61136014 -0.70827375,
  -0.47599206 0.50115412 -0.72268673,-0.60833502 0.35122239 -0.71173825,
  -0.65886941 0.20721275 -0.72315557,-0.68943323 -0.035524633 -0.72347759,
  -0.675992 -0.18113151 -0.71430119,-0.58618107 -0.36581283 -0.72289191,
  -0.49814254 -0.49814254 -0.7097239,-0.33533802 -0.6045529 -0.7225401,
  -0.18293701 -0.68273023 -0.7073991,0 -0.69145162 -0.72242276,
  0.18293701 -0.68273023 -0.7073991,0.33533802 -0.6045529 -0.7225401,
  0.49814254 -0.49814254 -0.7097239,0.58618107 -0.36581283 -0.72289191,
  0.675992 -0.18113151 -0.71430119,0.68943323 -0.035524633 -0.72347759,
  0.65886941 0.20721275 -0.72315557,0.60833502 0.35122239 -0.71173825,
  0.47599206 0.50115412 -0.72268673,0.35296894 0.61136014 -0.70827375,
  0.1732148 0.66937254 -0.7224521,-0.14239671 0.69325338 -0.70648633,
  -0.33439764 0.615429 -0.7137404,-0.58769784 0.3811414 -0.71368234,
  -0.69663444 0.086147973 -0.7122352,-0.66350977 -0.22466506 -0.71363885,
  -0.47569413 -0.51412477 -0.7137162,-0.17251002 -0.67881823 -0.71375493,
  0.17251002 -0.67881823 -0.71375493,0.47569413 -0.51412477 -0.7137162,
  0.66350977 -0.22466506 -0.71363885,0.69663444 0.086147973 -0.7122352,
  0.58769784 0.3811414 -0.71368234,0.33439764 0.615429 -0.7137404] }
}
}
DEF SHAPE_253 Shape {
 appearance USE APP_2
 geometry DEF FACE_253 IndexedFaceSet {
  coord DEF COORD_253 Coordinate { point [
  3 -7.0606299 -1.488189,3.0156922 -7.058564 -1.488189,
  3.030315 -7.0525071 -1.488189,3.0428718 -7.0428718 -1.488189,
  3.0525071 -7.030315 -1.488189,3.058564 -7.0156922 -1.488189,
  3.0606299 -7 -1.488189,3.058564 -6.9843078 -1.488189,
  3.0525071 -6.969685 -1.488189,3.0428718 -6.9571282 -1.488189,
  3.030315 -6.9474929 -1.488189,3.0156922 -6.941436 -1.488189,
  3 -6.9393701 -1.488189,2.9843078 -6.941436 -1.488189,
  2.969685 -6.9474929 -1.488189,2.9571282 -6.9571282 -1.488189,
  2.9474929 -6.969685 -1.488189,2.941436 -6.9843078 -1.488189,
  2.9393701 -7 -1.488189,2.941436 -7.0156922 -1.488189,
  2.9474929 -7.030315 -1.488189,2.9571282 -7.0428718 -1.488189,
  2.969685 -7.0525071 -1.488189,2.9843078 -7.058564 -1.488189,
  3 -7.0606299 -1.488189,3 -7.1 -1.4488189,
  3 -7.080315 -1.4685039,3 -7.1 -1.4488189,
  3.0258819 -7.0965926 -1.4488189,3.05 -7.0866025 -1.4488189,
  3.0707107 -7.0707107 -1.4488189,3.0866025 -7.05 -1.4488189,
  3.0965926 -7.0258819 -1.4488189,3.1 -7 -1.4488189,
  3.0965926 -6.9741181 -1.4488189,3.0866025 -6.95 -1.4488189,
  3.0707107 -6.9292893 -1.4488189,3.05 -6.9133975 -1.4488189,
  3.0258819 -6.9034074 -1.4488189,3 -6.9 -1.4488189,
  2.9741181 -6.9034074 -1.4488189,2.95 -6.9133975 -1.4488189,
  2.9292893 -6.9292893 -1.4488189,2.9133975 -6.95 -1.4488189,
  2.9034074 -6.9741181 -1.4488189,2.9 -7 -1.4488189,
  2.9034074 -7.0258819 -1.4488189,2.9133975 -7.05 -1.4488189,
  2.9292893 -7.0707107 -1.4488189,2.95 -7.0866025 -1.4488189,
  2.9741181 -7.0965926 -1.4488189,3 -7.080315 -1.4685039,
  3.0373242 -7.0711154 -1.4685039,3.0660979 -7.0456241 -1.4685039,
  3.0797294 -7.0096809 -1.4685039,3.0750958 -6.9715199 -1.4685039,
  3.0532587 -6.9398834 -1.4685039,3.0192206 -6.9220188 -1.4685039,
  2.9807794 -6.9220188 -1.4685039,2.9467413 -6.9398834 -1.4685039,
  2.9249042 -6.9715199 -1.4685039,2.9202706 -7.0096809 -1.4685039,
  2.9339021 -7.0456241 -1.4685039,2.9626758 -7.0711154 -1.4685039] }
 coordIndex [
  51,0,1,-1,28,27,51,-1,26,23,24,-1,25,50,26,-1,52,1,2,-1,52,2,3,-1,52,29,28,-1,52,30,29,-1,
  52,51,1,-1,52,28,51,-1,53,3,4,-1,53,4,5,-1,53,31,30,-1,53,32,31,-1,53,52,3,-1,53,30,52,-1,
  54,5,6,-1,54,32,53,-1,54,33,32,-1,54,53,5,-1,55,6,7,-1,55,7,8,-1,55,54,6,-1,55,34,33,-1,
  55,35,34,-1,55,33,54,-1,56,8,9,-1,56,9,10,-1,56,36,35,-1,56,37,36,-1,56,55,8,-1,56,35,55,-1,
  57,56,10,-1,57,10,11,-1,57,11,12,-1,57,37,56,-1,57,38,37,-1,57,39,38,-1,58,12,13,-1,58,13,14,-1,
  58,40,39,-1,58,57,12,-1,58,41,40,-1,58,39,57,-1,59,41,58,-1,59,14,15,-1,59,15,16,-1,59,42,41,-1,
  59,43,42,-1,59,58,14,-1,60,16,17,-1,60,17,18,-1,60,44,43,-1,60,45,44,-1,60,43,59,-1,60,59,16,-1,
  61,18,19,-1,61,46,45,-1,61,60,18,-1,61,45,60,-1,62,19,20,-1,62,20,21,-1,62,46,61,-1,62,47,46,-1,
  62,48,47,-1,62,61,19,-1,63,48,62,-1,63,21,22,-1,63,22,23,-1,63,49,48,-1,63,50,49,-1,63,23,26,-1,
  63,26,50,-1,63,62,21,-1]
  normalPerVertex TRUE
  normal DEF NORM_253 Normal { vector [
  0.092691599 -0.70406259 -0.70406259,0.18083706 -0.70611612 -0.68461521,
  0.35413881 -0.61338641 -0.705934,0.49795191 -0.53222991 -0.68467162,
  0.61643664 -0.35589986 -0.70238248,0.6923816 -0.2273274 -0.68478462,
  0.7270604 0.048441691 -0.68486245,0.6901063 0.18491343 -0.69968587,
  0.61438746 0.392027 -0.68472102,0.50186438 0.50186438 -0.70446027,
  0.35035702 0.63915806 -0.68463635,0.18308842 0.68329529 -0.7068141,
  0 0.72891129 -0.68460816,-0.18308842 0.68329529 -0.7068141,
  -0.35035702 0.63915806 -0.68463635,-0.50186438 0.50186438 -0.70446027,
  -0.61438746 0.392027 -0.68472102,-0.6901063 0.18491343 -0.69968587,
  -0.7270604 0.048441691 -0.68486245,-0.6923816 -0.2273274 -0.68478462,
  -0.61643664 -0.35589986 -0.70238248,-0.49795191 -0.53222991 -0.68467162,
  -0.35413881 -0.61338641 -0.705934,-0.18083706 -0.70611612 -0.68461521,
  -0.092691599 -0.70406259 -0.70406259,-0.092691599 -0.70406259 -0.70406259,
  -0.14239671 -0.69325338 -0.70648633,0.092691599 -0.70406259 -0.70406259,
  0.1732148 -0.66937254 -0.7224521,0.35296894 -0.61136014 -0.70827375,
  0.47599206 -0.50115412 -0.72268673,0.60833502 -0.35122239 -0.71173825,
  0.65886941 -0.20721275 -0.72315557,0.68943323 0.035524633 -0.72347759,
  0.675992 0.18113151 -0.71430119,0.58618107 0.36581283 -0.72289191,
  0.49814254 0.49814254 -0.7097239,0.33533802 0.6045529 -0.7225401,
  0.18293701 0.68273023 -0.7073991,0 0.69145162 -0.72242276,
  -0.18293701 0.68273023 -0.7073991,-0.33533802 0.6045529 -0.7225401,
  -0.49814254 0.49814254 -0.7097239,-0.58618107 0.36581283 -0.72289191,
  -0.675992 0.18113151 -0.71430119,-0.68943323 0.035524633 -0.72347759,
  -0.65886941 -0.20721275 -0.72315557,-0.60833502 -0.35122239 -0.71173825,
  -0.47599206 -0.50115412 -0.72268673,-0.35296894 -0.61136014 -0.70827375,
  -0.1732148 -0.66937254 -0.7224521,0.14239671 -0.69325338 -0.70648633,
  0.33439764 -0.615429 -0.7137404,0.58769784 -0.3811414 -0.71368234,
  0.69663444 -0.086147973 -0.7122352,0.66350977 0.22466506 -0.71363885,
  0.47569413 0.51412477 -0.7137162,0.17251002 0.67881823 -0.71375493,
  -0.17251002 0.67881823 -0.71375493,-0.47569413 0.51412477 -0.7137162,
  -0.66350977 0.22466506 -0.71363885,-0.69663444 -0.086147973 -0.7122352,
  -0.58769784 -0.3811414 -0.71368234,-0.33439764 -0.615429 -0.7137404] }
}
}
DEF SHAPE_254 Shape {
 appearance USE APP_2
 geometry DEF FACE_254 IndexedFaceSet {
  coord DEF COORD_254 Coordinate { point [
  3 -9.0606299 -1.488189,3.0156922 -9.058564 -1.488189,
  3.030315 -9.0525071 -1.488189,3.0428718 -9.0428718 -1.488189,
  3.0525071 -9.030315 -1.488189,3.058564 -9.0156922 -1.488189,
  3.0606299 -9 -1.488189,3.058564 -8.9843078 -1.488189,
  3.0525071 -8.969685 -1.488189,3.0428718 -8.9571282 -1.488189,
  3.030315 -8.9474929 -1.488189,3.0156922 -8.941436 -1.488189,
  3 -8.9393701 -1.488189,2.9843078 -8.941436 -1.488189,
  2.969685 -8.9474929 -1.488189,2.9571282 -8.9571282 -1.488189,
  2.9474929 -8.969685 -1.488189,2.941436 -8.9843078 -1.488189,
  2.9393701 -9 -1.488189,2.941436 -9.0156922 -1.488189,
  2.9474929 -9.030315 -1.488189,2.9571282 -9.0428718 -1.488189,
  2.969685 -9.0525071 -1.488189,2.9843078 -9.058564 -1.488189,
  3 -9.0606299 -1.488189,3 -9.1 -1.4488189,
  3 -9.080315 -1.4685039,3 -9.1 -1.4488189,
  3.0258819 -9.0965926 -1.4488189,3.05 -9.0866025 -1.4488189,
  3.0707107 -9.0707107 -1.4488189,3.0866025 -9.05 -1.4488189,
  3.0965926 -9.0258819 -1.4488189,3.1 -9 -1.4488189,
  3.0965926 -8.9741181 -1.4488189,3.0866025 -8.95 -1.4488189,
  3.0707107 -8.9292893 -1.4488189,3.05 -8.9133975 -1.4488189,
  3.0258819 -8.9034074 -1.4488189,3 -8.9 -1.4488189,
  2.9741181 -8.9034074 -1.4488189,2.95 -8.9133975 -1.4488189,
  2.9292893 -8.9292893 -1.4488189,2.9133975 -8.95 -1.4488189,
  2.9034074 -8.9741181 -1.4488189,2.9 -9 -1.4488189,
  2.9034074 -9.0258819 -1.4488189,2.9133975 -9.05 -1.4488189,
  2.9292893 -9.0707107 -1.4488189,2.95 -9.0866025 -1.4488189,
  2.9741181 -9.0965926 -1.4488189,3 -9.080315 -1.4685039,
  3.0373242 -9.0711154 -1.4685039,3.0660979 -9.0456241 -1.4685039,
  3.0797294 -9.0096809 -1.4685039,3.0750958 -8.9715199 -1.4685039,
  3.0532587 -8.9398834 -1.4685039,3.0192206 -8.9220188 -1.4685039,
  2.9807794 -8.9220188 -1.4685039,2.9467413 -8.9398834 -1.4685039,
  2.9249042 -8.9715199 -1.4685039,2.9202706 -9.0096809 -1.4685039,
  2.9339021 -9.0456241 -1.4685039,2.9626758 -9.0711154 -1.4685039] }
 coordIndex [
  51,0,1,-1,28,27,51,-1,26,23,24,-1,25,50,26,-1,52,1,2,-1,52,2,3,-1,52,29,28,-1,52,30,29,-1,
  52,51,1,-1,52,28,51,-1,53,3,4,-1,53,4,5,-1,53,31,30,-1,53,32,31,-1,53,52,3,-1,53,30,52,-1,
  54,5,6,-1,54,32,53,-1,54,33,32,-1,54,53,5,-1,55,6,7,-1,55,7,8,-1,55,54,6,-1,55,34,33,-1,
  55,35,34,-1,55,33,54,-1,56,8,9,-1,56,9,10,-1,56,36,35,-1,56,37,36,-1,56,55,8,-1,56,35,55,-1,
  57,56,10,-1,57,10,11,-1,57,11,12,-1,57,37,56,-1,57,38,37,-1,57,39,38,-1,58,12,13,-1,58,13,14,-1,
  58,40,39,-1,58,57,12,-1,58,41,40,-1,58,39,57,-1,59,41,58,-1,59,14,15,-1,59,15,16,-1,59,42,41,-1,
  59,43,42,-1,59,58,14,-1,60,16,17,-1,60,17,18,-1,60,44,43,-1,60,45,44,-1,60,43,59,-1,60,59,16,-1,
  61,18,19,-1,61,46,45,-1,61,60,18,-1,61,45,60,-1,62,19,20,-1,62,20,21,-1,62,46,61,-1,62,47,46,-1,
  62,48,47,-1,62,61,19,-1,63,48,62,-1,63,21,22,-1,63,22,23,-1,63,49,48,-1,63,50,49,-1,63,23,26,-1,
  63,26,50,-1,63,62,21,-1]
  normalPerVertex TRUE
  normal DEF NORM_254 Normal { vector [
  0.092691599 -0.70406259 -0.70406259,0.18083706 -0.70611612 -0.68461521,
  0.35413881 -0.61338641 -0.705934,0.49795191 -0.53222991 -0.68467162,
  0.61643664 -0.35589986 -0.70238248,0.6923816 -0.2273274 -0.68478462,
  0.7270604 0.048441691 -0.68486245,0.6901063 0.18491343 -0.69968587,
  0.61438746 0.392027 -0.68472102,0.50186438 0.50186438 -0.70446027,
  0.35035702 0.63915806 -0.68463635,0.18308842 0.68329529 -0.7068141,
  0 0.72891129 -0.68460816,-0.18308842 0.68329529 -0.7068141,
  -0.35035702 0.63915806 -0.68463635,-0.50186438 0.50186438 -0.70446027,
  -0.61438746 0.392027 -0.68472102,-0.6901063 0.18491343 -0.69968587,
  -0.7270604 0.048441691 -0.68486245,-0.6923816 -0.2273274 -0.68478462,
  -0.61643664 -0.35589986 -0.70238248,-0.49795191 -0.53222991 -0.68467162,
  -0.35413881 -0.61338641 -0.705934,-0.18083706 -0.70611612 -0.68461521,
  -0.092691599 -0.70406259 -0.70406259,-0.092691599 -0.70406259 -0.70406259,
  -0.14239671 -0.69325338 -0.70648633,0.092691599 -0.70406259 -0.70406259,
  0.1732148 -0.66937254 -0.7224521,0.35296894 -0.61136014 -0.70827375,
  0.47599206 -0.50115412 -0.72268673,0.60833502 -0.35122239 -0.71173825,
  0.65886941 -0.20721275 -0.72315557,0.68943323 0.035524633 -0.72347759,
  0.675992 0.18113151 -0.71430119,0.58618107 0.36581283 -0.72289191,
  0.49814254 0.49814254 -0.7097239,0.33533802 0.6045529 -0.7225401,
  0.18293701 0.68273023 -0.7073991,0 0.69145162 -0.72242276,
  -0.18293701 0.68273023 -0.7073991,-0.33533802 0.6045529 -0.7225401,
  -0.49814254 0.49814254 -0.7097239,-0.58618107 0.36581283 -0.72289191,
  -0.675992 0.18113151 -0.71430119,-0.68943323 0.035524633 -0.72347759,
  -0.65886941 -0.20721275 -0.72315557,-0.60833502 -0.35122239 -0.71173825,
  -0.47599206 -0.50115412 -0.72268673,-0.35296894 -0.61136014 -0.70827375,
  -0.1732148 -0.66937254 -0.7224521,0.14239671 -0.69325338 -0.70648633,
  0.33439764 -0.615429 -0.7137404,0.58769784 -0.3811414 -0.71368234,
  0.69663444 -0.086147973 -0.7122352,0.66350977 0.22466506 -0.71363885,
  0.47569413 0.51412477 -0.7137162,0.17251002 0.67881823 -0.71375493,
  -0.17251002 0.67881823 -0.71375493,-0.47569413 0.51412477 -0.7137162,
  -0.66350977 0.22466506 -0.71363885,-0.69663444 -0.086147973 -0.7122352,
  -0.58769784 -0.3811414 -0.71368234,-0.33439764 -0.615429 -0.7137404] }
}
}
DEF SHAPE_255 Shape {
 appearance USE APP_2
 geometry DEF FACE_255 IndexedFaceSet {
  coord DEF COORD_255 Coordinate { point [
  3 -8.0606299 -1.488189,3.0156922 -8.058564 -1.488189,
  3.030315 -8.0525071 -1.488189,3.0428718 -8.0428718 -1.488189,
  3.0525071 -8.030315 -1.488189,3.058564 -8.0156922 -1.488189,
  3.0606299 -8 -1.488189,3.058564 -7.9843078 -1.488189,
  3.0525071 -7.969685 -1.488189,3.0428718 -7.9571282 -1.488189,
  3.030315 -7.9474929 -1.488189,3.0156922 -7.941436 -1.488189,
  3 -7.9393701 -1.488189,2.9843078 -7.941436 -1.488189,
  2.969685 -7.9474929 -1.488189,2.9571282 -7.9571282 -1.488189,
  2.9474929 -7.969685 -1.488189,2.941436 -7.9843078 -1.488189,
  2.9393701 -8 -1.488189,2.941436 -8.0156922 -1.488189,
  2.9474929 -8.030315 -1.488189,2.9571282 -8.0428718 -1.488189,
  2.969685 -8.0525071 -1.488189,2.9843078 -8.058564 -1.488189,
  3 -8.0606299 -1.488189,3 -8.1 -1.4488189,
  3 -8.080315 -1.4685039,3 -8.1 -1.4488189,
  3.0258819 -8.0965926 -1.4488189,3.05 -8.0866025 -1.4488189,
  3.0707107 -8.0707107 -1.4488189,3.0866025 -8.05 -1.4488189,
  3.0965926 -8.0258819 -1.4488189,3.1 -8 -1.4488189,
  3.0965926 -7.9741181 -1.4488189,3.0866025 -7.95 -1.4488189,
  3.0707107 -7.9292893 -1.4488189,3.05 -7.9133975 -1.4488189,
  3.0258819 -7.9034074 -1.4488189,3 -7.9 -1.4488189,
  2.9741181 -7.9034074 -1.4488189,2.95 -7.9133975 -1.4488189,
  2.9292893 -7.9292893 -1.4488189,2.9133975 -7.95 -1.4488189,
  2.9034074 -7.9741181 -1.4488189,2.9 -8 -1.4488189,
  2.9034074 -8.0258819 -1.4488189,2.9133975 -8.05 -1.4488189,
  2.9292893 -8.0707107 -1.4488189,2.95 -8.0866025 -1.4488189,
  2.9741181 -8.0965926 -1.4488189,3 -8.080315 -1.4685039,
  3.0373242 -8.0711154 -1.4685039,3.0660979 -8.0456241 -1.4685039,
  3.0797294 -8.0096809 -1.4685039,3.0750958 -7.9715199 -1.4685039,
  3.0532587 -7.9398834 -1.4685039,3.0192206 -7.9220188 -1.4685039,
  2.9807794 -7.9220188 -1.4685039,2.9467413 -7.9398834 -1.4685039,
  2.9249042 -7.9715199 -1.4685039,2.9202706 -8.0096809 -1.4685039,
  2.9339021 -8.0456241 -1.4685039,2.9626758 -8.0711154 -1.4685039] }
 coordIndex [
  51,0,1,-1,28,27,51,-1,26,23,24,-1,25,50,26,-1,52,1,2,-1,52,2,3,-1,52,29,28,-1,52,30,29,-1,
  52,51,1,-1,52,28,51,-1,53,3,4,-1,53,4,5,-1,53,31,30,-1,53,32,31,-1,53,52,3,-1,53,30,52,-1,
  54,5,6,-1,54,32,53,-1,54,33,32,-1,54,53,5,-1,55,6,7,-1,55,7,8,-1,55,54,6,-1,55,34,33,-1,
  55,35,34,-1,55,33,54,-1,56,8,9,-1,56,9,10,-1,56,36,35,-1,56,37,36,-1,56,55,8,-1,56,35,55,-1,
  57,56,10,-1,57,10,11,-1,57,11,12,-1,57,37,56,-1,57,38,37,-1,57,39,38,-1,58,12,13,-1,58,13,14,-1,
  58,40,39,-1,58,57,12,-1,58,41,40,-1,58,39,57,-1,59,41,58,-1,59,14,15,-1,59,15,16,-1,59,42,41,-1,
  59,43,42,-1,59,58,14,-1,60,16,17,-1,60,17,18,-1,60,44,43,-1,60,45,44,-1,60,43,59,-1,60,59,16,-1,
  61,18,19,-1,61,46,45,-1,61,60,18,-1,61,45,60,-1,62,19,20,-1,62,20,21,-1,62,46,61,-1,62,47,46,-1,
  62,48,47,-1,62,61,19,-1,63,48,62,-1,63,21,22,-1,63,22,23,-1,63,49,48,-1,63,50,49,-1,63,23,26,-1,
  63,26,50,-1,63,62,21,-1]
  normalPerVertex TRUE
  normal DEF NORM_255 Normal { vector [
  0.092691599 -0.70406259 -0.70406259,0.18083706 -0.70611612 -0.68461521,
  0.35413881 -0.61338641 -0.705934,0.49795191 -0.53222991 -0.68467162,
  0.61643664 -0.35589986 -0.70238248,0.6923816 -0.2273274 -0.68478462,
  0.7270604 0.048441691 -0.68486245,0.6901063 0.18491343 -0.69968587,
  0.61438746 0.392027 -0.68472102,0.50186438 0.50186438 -0.70446027,
  0.35035702 0.63915806 -0.68463635,0.18308842 0.68329529 -0.7068141,
  0 0.72891129 -0.68460816,-0.18308842 0.68329529 -0.7068141,
  -0.35035702 0.63915806 -0.68463635,-0.50186438 0.50186438 -0.70446027,
  -0.61438746 0.392027 -0.68472102,-0.6901063 0.18491343 -0.69968587,
  -0.7270604 0.048441691 -0.68486245,-0.6923816 -0.2273274 -0.68478462,
  -0.61643664 -0.35589986 -0.70238248,-0.49795191 -0.53222991 -0.68467162,
  -0.35413881 -0.61338641 -0.705934,-0.18083706 -0.70611612 -0.68461521,
  -0.092691599 -0.70406259 -0.70406259,-0.092691599 -0.70406259 -0.70406259,
  -0.14239671 -0.69325338 -0.70648633,0.092691599 -0.70406259 -0.70406259,
  0.1732148 -0.66937254 -0.7224521,0.35296894 -0.61136014 -0.70827375,
  0.47599206 -0.50115412 -0.72268673,0.60833502 -0.35122239 -0.71173825,
  0.65886941 -0.20721275 -0.72315557,0.68943323 0.035524633 -0.72347759,
  0.675992 0.18113151 -0.71430119,0.58618107 0.36581283 -0.72289191,
  0.49814254 0.49814254 -0.7097239,0.33533802 0.6045529 -0.7225401,
  0.18293701 0.68273023 -0.7073991,0 0.69145162 -0.72242276,
  -0.18293701 0.68273023 -0.7073991,-0.33533802 0.6045529 -0.7225401,
  -0.49814254 0.49814254 -0.7097239,-0.58618107 0.36581283 -0.72289191,
  -0.675992 0.18113151 -0.71430119,-0.68943323 0.035524633 -0.72347759,
  -0.65886941 -0.20721275 -0.72315557,-0.60833502 -0.35122239 -0.71173825,
  -0.47599206 -0.50115412 -0.72268673,-0.35296894 -0.61136014 -0.70827375,
  -0.1732148 -0.66937254 -0.7224521,0.14239671 -0.69325338 -0.70648633,
  0.33439764 -0.615429 -0.7137404,0.58769784 -0.3811414 -0.71368234,
  0.69663444 -0.086147973 -0.7122352,0.66350977 0.22466506 -0.71363885,
  0.47569413 0.51412477 -0.7137162,0.17251002 0.67881823 -0.71375493,
  -0.17251002 0.67881823 -0.71375493,-0.47569413 0.51412477 -0.7137162,
  -0.66350977 0.22466506 -0.71363885,-0.69663444 -0.086147973 -0.7122352,
  -0.58769784 -0.3811414 -0.71368234,-0.33439764 -0.615429 -0.7137404] }
}
}
DEF SHAPE_256 Shape {
 appearance USE APP_2
 geometry DEF FACE_256 IndexedFaceSet {
  coord DEF COORD_256 Coordinate { point [
  3 -5.0606299 -1.488189,3.0156922 -5.058564 -1.488189,
  3.030315 -5.0525071 -1.488189,3.0428718 -5.0428718 -1.488189,
  3.0525071 -5.030315 -1.488189,3.058564 -5.0156922 -1.488189,
  3.0606299 -5 -1.488189,3.058564 -4.9843078 -1.488189,
  3.0525071 -4.969685 -1.488189,3.0428718 -4.9571282 -1.488189,
  3.030315 -4.9474929 -1.488189,3.0156922 -4.941436 -1.488189,
  3 -4.9393701 -1.488189,2.9843078 -4.941436 -1.488189,
  2.969685 -4.9474929 -1.488189,2.9571282 -4.9571282 -1.488189,
  2.9474929 -4.969685 -1.488189,2.941436 -4.9843078 -1.488189,
  2.9393701 -5 -1.488189,2.941436 -5.0156922 -1.488189,
  2.9474929 -5.030315 -1.488189,2.9571282 -5.0428718 -1.488189,
  2.969685 -5.0525071 -1.488189,2.9843078 -5.058564 -1.488189,
  3 -5.0606299 -1.488189,3 -5.1 -1.4488189,
  3 -5.080315 -1.4685039,3 -5.1 -1.4488189,
  3.0258819 -5.0965926 -1.4488189,3.05 -5.0866025 -1.4488189,
  3.0707107 -5.0707107 -1.4488189,3.0866025 -5.05 -1.4488189,
  3.0965926 -5.0258819 -1.4488189,3.1 -5 -1.4488189,
  3.0965926 -4.9741181 -1.4488189,3.0866025 -4.95 -1.4488189,
  3.0707107 -4.9292893 -1.4488189,3.05 -4.9133975 -1.4488189,
  3.0258819 -4.9034074 -1.4488189,3 -4.9 -1.4488189,
  2.9741181 -4.9034074 -1.4488189,2.95 -4.9133975 -1.4488189,
  2.9292893 -4.9292893 -1.4488189,2.9133975 -4.95 -1.4488189,
  2.9034074 -4.9741181 -1.4488189,2.9 -5 -1.4488189,
  2.9034074 -5.0258819 -1.4488189,2.9133975 -5.05 -1.4488189,
  2.9292893 -5.0707107 -1.4488189,2.95 -5.0866025 -1.4488189,
  2.9741181 -5.0965926 -1.4488189,3 -5.080315 -1.4685039,
  3.0373242 -5.0711154 -1.4685039,3.0660979 -5.0456241 -1.4685039,
  3.0797294 -5.0096809 -1.4685039,3.0750958 -4.9715199 -1.4685039,
  3.0532587 -4.9398834 -1.4685039,3.0192206 -4.9220188 -1.4685039,
  2.9807794 -4.9220188 -1.4685039,2.9467413 -4.9398834 -1.4685039,
  2.9249042 -4.9715199 -1.4685039,2.9202706 -5.0096809 -1.4685039,
  2.9339021 -5.0456241 -1.4685039,2.9626758 -5.0711154 -1.4685039] }
 coordIndex [
  51,0,1,-1,28,27,51,-1,26,23,24,-1,25,50,26,-1,52,1,2,-1,52,2,3,-1,52,29,28,-1,52,30,29,-1,
  52,51,1,-1,52,28,51,-1,53,3,4,-1,53,4,5,-1,53,31,30,-1,53,32,31,-1,53,52,3,-1,53,30,52,-1,
  54,5,6,-1,54,32,53,-1,54,33,32,-1,54,53,5,-1,55,6,7,-1,55,7,8,-1,55,54,6,-1,55,34,33,-1,
  55,35,34,-1,55,33,54,-1,56,8,9,-1,56,9,10,-1,56,36,35,-1,56,37,36,-1,56,55,8,-1,56,35,55,-1,
  57,56,10,-1,57,10,11,-1,57,11,12,-1,57,37,56,-1,57,38,37,-1,57,39,38,-1,58,12,13,-1,58,13,14,-1,
  58,40,39,-1,58,57,12,-1,58,41,40,-1,58,39,57,-1,59,41,58,-1,59,14,15,-1,59,15,16,-1,59,42,41,-1,
  59,43,42,-1,59,58,14,-1,60,16,17,-1,60,17,18,-1,60,44,43,-1,60,45,44,-1,60,43,59,-1,60,59,16,-1,
  61,18,19,-1,61,46,45,-1,61,60,18,-1,61,45,60,-1,62,19,20,-1,62,20,21,-1,62,46,61,-1,62,47,46,-1,
  62,48,47,-1,62,61,19,-1,63,48,62,-1,63,21,22,-1,63,22,23,-1,63,23,26,-1,63,49,48,-1,63,50,49,-1,
  63,26,50,-1,63,62,21,-1]
  normalPerVertex TRUE
  normal DEF NORM_256 Normal { vector [
  0.092691599 -0.70406259 -0.70406259,0.18083706 -0.70611612 -0.68461521,
  0.35413881 -0.61338641 -0.705934,0.49795191 -0.53222991 -0.68467162,
  0.61643664 -0.35589986 -0.70238248,0.6923816 -0.2273274 -0.68478462,
  0.7270604 0.048441691 -0.68486245,0.6901063 0.18491343 -0.69968587,
  0.61438746 0.392027 -0.68472102,0.50186438 0.50186438 -0.70446027,
  0.35035702 0.63915806 -0.68463635,0.18308842 0.68329529 -0.7068141,
  0 0.72891129 -0.68460816,-0.18308842 0.68329529 -0.7068141,
  -0.35035702 0.63915806 -0.68463635,-0.50186438 0.50186438 -0.70446027,
  -0.61438746 0.392027 -0.68472102,-0.6901063 0.18491343 -0.69968587,
  -0.7270604 0.048441691 -0.68486245,-0.6923816 -0.2273274 -0.68478462,
  -0.61643664 -0.35589986 -0.70238248,-0.49795191 -0.53222991 -0.68467162,
  -0.35413881 -0.61338641 -0.705934,-0.18083706 -0.70611612 -0.68461521,
  -0.092691599 -0.70406259 -0.70406259,-0.092691599 -0.70406259 -0.70406259,
  -0.14239671 -0.69325338 -0.70648633,0.092691599 -0.70406259 -0.70406259,
  0.1732148 -0.66937254 -0.7224521,0.35296894 -0.61136014 -0.70827375,
  0.47599206 -0.50115412 -0.72268673,0.60833502 -0.35122239 -0.71173825,
  0.65886941 -0.20721275 -0.72315557,0.68943323 0.035524633 -0.72347759,
  0.675992 0.18113151 -0.71430119,0.58618107 0.36581283 -0.72289191,
  0.49814254 0.49814254 -0.7097239,0.33533802 0.6045529 -0.7225401,
  0.18293701 0.68273023 -0.7073991,0 0.69145162 -0.72242276,
  -0.18293701 0.68273023 -0.7073991,-0.33533802 0.6045529 -0.7225401,
  -0.49814254 0.49814254 -0.7097239,-0.58618107 0.36581283 -0.72289191,
  -0.675992 0.18113151 -0.71430119,-0.68943323 0.035524633 -0.72347759,
  -0.65886941 -0.20721275 -0.72315557,-0.60833502 -0.35122239 -0.71173825,
  -0.47599206 -0.50115412 -0.72268673,-0.35296894 -0.61136014 -0.70827375,
  -0.1732148 -0.66937254 -0.7224521,0.14239671 -0.69325338 -0.70648633,
  0.33439764 -0.615429 -0.7137404,0.58769784 -0.3811414 -0.71368234,
  0.69663444 -0.086147973 -0.7122352,0.66350977 0.22466506 -0.71363885,
  0.47569413 0.51412477 -0.7137162,0.17251002 0.67881823 -0.71375493,
  -0.17251002 0.67881823 -0.71375493,-0.47569413 0.51412477 -0.7137162,
  -0.66350977 0.22466506 -0.71363885,-0.69663444 -0.086147973 -0.7122352,
  -0.58769784 -0.3811414 -0.71368234,-0.33439764 -0.615429 -0.7137404] }
}
}
DEF SHAPE_257 Shape {
 appearance USE APP_2
 geometry DEF FACE_257 IndexedFaceSet {
  coord DEF COORD_257 Coordinate { point [
  0 -4.9393701 -1.488189,-0.015692178 -4.941436 -1.488189,
  -0.030314961 -4.9474929 -1.488189,-0.042871828 -4.9571282 -1.488189,
  -0.052507052 -4.969685 -1.488189,-0.058564007 -4.9843078 -1.488189,
  -0.060629921 -5 -1.488189,-0.058564007 -5.0156922 -1.488189,
  -0.052507052 -5.030315 -1.488189,-0.042871828 -5.0428718 -1.488189,
  -0.030314961 -5.0525071 -1.488189,-0.015692178 -5.058564 -1.488189,
  0 -5.0606299 -1.488189,0.015692178 -5.058564 -1.488189,
  0.030314961 -5.0525071 -1.488189,0.042871828 -5.0428718 -1.488189,
  0.052507052 -5.030315 -1.488189,0.058564007 -5.0156922 -1.488189,
  0.060629921 -5 -1.488189,0.058564007 -4.9843078 -1.488189,
  0.052507052 -4.969685 -1.488189,0.042871828 -4.9571282 -1.488189,
  0.030314961 -4.9474929 -1.488189,0.015692178 -4.941436 -1.488189,
  0 -4.9393701 -1.488189,0 -4.9 -1.4488189,
  0 -4.919685 -1.4685039,0 -4.9 -1.4488189,
  -0.025881905 -4.9034074 -1.4488189,-0.05 -4.9133975 -1.4488189,
  -0.070710678 -4.9292893 -1.4488189,-0.08660254 -4.95 -1.4488189,
  -0.096592583 -4.9741181 -1.4488189,-0.1 -5 -1.4488189,
  -0.096592583 -5.0258819 -1.4488189,-0.08660254 -5.05 -1.4488189,
  -0.070710678 -5.0707107 -1.4488189,-0.05 -5.0866025 -1.4488189,
  -0.025881905 -5.0965926 -1.4488189,0 -5.1 -1.4488189,
  0.025881905 -5.0965926 -1.4488189,0.05 -5.0866025 -1.4488189,
  0.070710678 -5.0707107 -1.4488189,0.08660254 -5.05 -1.4488189,
  0.096592583 -5.0258819 -1.4488189,0.1 -5 -1.4488189,
  0.096592583 -4.9741181 -1.4488189,0.08660254 -4.95 -1.4488189,
  0.070710678 -4.9292893 -1.4488189,0.05 -4.9133975 -1.4488189,
  0.025881905 -4.9034074 -1.4488189,0 -4.919685 -1.4685039,
  -0.037324223 -4.9288846 -1.4685039,-0.066097917 -4.9543759 -1.4685039,
  -0.079729374 -4.9903191 -1.4685039,-0.075095793 -5.0284801 -1.4685039,
  -0.05325867 -5.0601166 -1.4685039,-0.019220628 -5.0779812 -1.4685039,
  0.019220628 -5.0779812 -1.4685039,0.05325867 -5.0601166 -1.4685039,
  0.075095793 -5.0284801 -1.4685039,0.079729374 -4.9903191 -1.4685039,
  0.066097917 -4.9543759 -1.4685039,0.037324223 -4.9288846 -1.4685039] }
 coordIndex [
  51,0,1,-1,28,27,51,-1,26,23,24,-1,25,50,26,-1,52,1,2,-1,52,2,3,-1,52,29,28,-1,52,30,29,-1,
  52,51,1,-1,52,28,51,-1,53,3,4,-1,53,4,5,-1,53,31,30,-1,53,32,31,-1,53,52,3,-1,53,30,52,-1,
  54,5,6,-1,54,32,53,-1,54,33,32,-1,54,53,5,-1,55,6,7,-1,55,7,8,-1,55,54,6,-1,55,34,33,-1,
  55,35,34,-1,55,33,54,-1,56,8,9,-1,56,9,10,-1,56,36,35,-1,56,37,36,-1,56,55,8,-1,56,35,55,-1,
  57,56,10,-1,57,10,11,-1,57,11,12,-1,57,37,56,-1,57,38,37,-1,57,39,38,-1,58,12,13,-1,58,13,14,-1,
  58,40,39,-1,58,57,12,-1,58,41,40,-1,58,39,57,-1,59,41,58,-1,59,14,15,-1,59,15,16,-1,59,42,41,-1,
  59,43,42,-1,59,58,14,-1,60,16,17,-1,60,17,18,-1,60,44,43,-1,60,45,44,-1,60,43,59,-1,60,59,16,-1,
  61,18,19,-1,61,46,45,-1,61,60,18,-1,61,45,60,-1,62,19,20,-1,62,20,21,-1,62,46,61,-1,62,47,46,-1,
  62,48,47,-1,62,61,19,-1,63,48,62,-1,63,21,22,-1,63,22,23,-1,63,49,48,-1,63,50,49,-1,63,23,26,-1,
  63,26,50,-1,63,62,21,-1]
  normalPerVertex TRUE
  normal DEF NORM_257 Normal { vector [
  -0.092691599 0.70406259 -0.70406259,-0.18083706 0.70611612 -0.68461521,
  -0.35413881 0.61338641 -0.705934,-0.49795191 0.53222991 -0.68467162,
  -0.61643664 0.35589986 -0.70238248,-0.6923816 0.2273274 -0.68478462,
  -0.7270604 -0.048441691 -0.68486245,-0.6901063 -0.18491343 -0.69968587,
  -0.61438746 -0.392027 -0.68472102,-0.50186438 -0.50186438 -0.70446027,
  -0.35035702 -0.63915806 -0.68463635,-0.18308842 -0.68329529 -0.7068141,
  0 -0.72891129 -0.68460816,0.18308842 -0.68329529 -0.7068141,
  0.35035702 -0.63915806 -0.68463635,0.50186438 -0.50186438 -0.70446027,
  0.61438746 -0.392027 -0.68472102,0.6901063 -0.18491343 -0.69968587,
  0.7270604 -0.048441691 -0.68486245,0.6923816 0.2273274 -0.68478462,
  0.61643664 0.35589986 -0.70238248,0.49795191 0.53222991 -0.68467162,
  0.35413881 0.61338641 -0.705934,0.18083706 0.70611612 -0.68461521,
  0.092691599 0.70406259 -0.70406259,0.092691599 0.70406259 -0.70406259,
  0.14239671 0.69325338 -0.70648633,-0.092691599 0.70406259 -0.70406259,
  -0.1732148 0.66937254 -0.7224521,-0.35296894 0.61136014 -0.70827375,
  -0.47599206 0.50115412 -0.72268673,-0.60833502 0.35122239 -0.71173825,
  -0.65886941 0.20721275 -0.72315557,-0.68943323 -0.035524633 -0.72347759,
  -0.675992 -0.18113151 -0.71430119,-0.58618107 -0.36581283 -0.72289191,
  -0.49814254 -0.49814254 -0.7097239,-0.33533802 -0.6045529 -0.7225401,
  -0.18293701 -0.68273023 -0.7073991,0 -0.69145162 -0.72242276,
  0.18293701 -0.68273023 -0.7073991,0.33533802 -0.6045529 -0.7225401,
  0.49814254 -0.49814254 -0.7097239,0.58618107 -0.36581283 -0.72289191,
  0.675992 -0.18113151 -0.71430119,0.68943323 -0.035524633 -0.72347759,
  0.65886941 0.20721275 -0.72315557,0.60833502 0.35122239 -0.71173825,
  0.47599206 0.50115412 -0.72268673,0.35296894 0.61136014 -0.70827375,
  0.1732148 0.66937254 -0.7224521,-0.14239671 0.69325338 -0.70648633,
  -0.33439764 0.615429 -0.7137404,-0.58769784 0.3811414 -0.71368234,
  -0.69663444 0.086147973 -0.7122352,-0.66350977 -0.22466506 -0.71363885,
  -0.47569413 -0.51412477 -0.7137162,-0.17251002 -0.67881823 -0.71375493,
  0.17251002 -0.67881823 -0.71375493,0.47569413 -0.51412477 -0.7137162,
  0.66350977 -0.22466506 -0.71363885,0.69663444 0.086147973 -0.7122352,
  0.58769784 0.3811414 -0.71368234,0.33439764 0.615429 -0.7137404] }
}
}
DEF SHAPE_258 Shape {
 appearance USE APP_2
 geometry DEF FACE_258 IndexedFaceSet {
  coord DEF COORD_258 Coordinate { point [
  0 -5.9393701 -1.488189,-0.015692178 -5.941436 -1.488189,
  -0.030314961 -5.9474929 -1.488189,-0.042871828 -5.9571282 -1.488189,
  -0.052507052 -5.969685 -1.488189,-0.058564007 -5.9843078 -1.488189,
  -0.060629921 -6 -1.488189,-0.058564007 -6.0156922 -1.488189,
  -0.052507052 -6.030315 -1.488189,-0.042871828 -6.0428718 -1.488189,
  -0.030314961 -6.0525071 -1.488189,-0.015692178 -6.058564 -1.488189,
  0 -6.0606299 -1.488189,0.015692178 -6.058564 -1.488189,
  0.030314961 -6.0525071 -1.488189,0.042871828 -6.0428718 -1.488189,
  0.052507052 -6.030315 -1.488189,0.058564007 -6.0156922 -1.488189,
  0.060629921 -6 -1.488189,0.058564007 -5.9843078 -1.488189,
  0.052507052 -5.969685 -1.488189,0.042871828 -5.9571282 -1.488189,
  0.030314961 -5.9474929 -1.488189,0.015692178 -5.941436 -1.488189,
  0 -5.9393701 -1.488189,0 -5.9 -1.4488189,
  0 -5.919685 -1.4685039,0 -5.9 -1.4488189,
  -0.025881905 -5.9034074 -1.4488189,-0.05 -5.9133975 -1.4488189,
  -0.070710678 -5.9292893 -1.4488189,-0.08660254 -5.95 -1.4488189,
  -0.096592583 -5.9741181 -1.4488189,-0.1 -6 -1.4488189,
  -0.096592583 -6.0258819 -1.4488189,-0.08660254 -6.05 -1.4488189,
  -0.070710678 -6.0707107 -1.4488189,-0.05 -6.0866025 -1.4488189,
  -0.025881905 -6.0965926 -1.4488189,0 -6.1 -1.4488189,
  0.025881905 -6.0965926 -1.4488189,0.05 -6.0866025 -1.4488189,
  0.070710678 -6.0707107 -1.4488189,0.08660254 -6.05 -1.4488189,
  0.096592583 -6.0258819 -1.4488189,0.1 -6 -1.4488189,
  0.096592583 -5.9741181 -1.4488189,0.08660254 -5.95 -1.4488189,
  0.070710678 -5.9292893 -1.4488189,0.05 -5.9133975 -1.4488189,
  0.025881905 -5.9034074 -1.4488189,0 -5.919685 -1.4685039,
  -0.037324223 -5.9288846 -1.4685039,-0.066097917 -5.9543759 -1.4685039,
  -0.079729374 -5.9903191 -1.4685039,-0.075095793 -6.0284801 -1.4685039,
  -0.05325867 -6.0601166 -1.4685039,-0.019220628 -6.0779812 -1.4685039,
  0.019220628 -6.0779812 -1.4685039,0.05325867 -6.0601166 -1.4685039,
  0.075095793 -6.0284801 -1.4685039,0.079729374 -5.9903191 -1.4685039,
  0.066097917 -5.9543759 -1.4685039,0.037324223 -5.9288846 -1.4685039] }
 coordIndex [
  51,0,1,-1,28,27,51,-1,26,23,24,-1,25,50,26,-1,52,1,2,-1,52,2,3,-1,52,29,28,-1,52,30,29,-1,
  52,51,1,-1,52,28,51,-1,53,3,4,-1,53,4,5,-1,53,31,30,-1,53,32,31,-1,53,52,3,-1,53,30,52,-1,
  54,5,6,-1,54,32,53,-1,54,33,32,-1,54,53,5,-1,55,6,7,-1,55,7,8,-1,55,54,6,-1,55,34,33,-1,
  55,35,34,-1,55,33,54,-1,56,8,9,-1,56,9,10,-1,56,36,35,-1,56,37,36,-1,56,55,8,-1,56,35,55,-1,
  57,56,10,-1,57,10,11,-1,57,11,12,-1,57,37,56,-1,57,38,37,-1,57,39,38,-1,58,12,13,-1,58,13,14,-1,
  58,40,39,-1,58,57,12,-1,58,41,40,-1,58,39,57,-1,59,41,58,-1,59,14,15,-1,59,15,16,-1,59,42,41,-1,
  59,43,42,-1,59,58,14,-1,60,16,17,-1,60,17,18,-1,60,44,43,-1,60,45,44,-1,60,43,59,-1,60,59,16,-1,
  61,18,19,-1,61,46,45,-1,61,60,18,-1,61,45,60,-1,62,19,20,-1,62,20,21,-1,62,46,61,-1,62,47,46,-1,
  62,48,47,-1,62,61,19,-1,63,48,62,-1,63,21,22,-1,63,22,23,-1,63,49,48,-1,63,50,49,-1,63,23,26,-1,
  63,26,50,-1,63,62,21,-1]
  normalPerVertex TRUE
  normal DEF NORM_258 Normal { vector [
  -0.092691599 0.70406259 -0.70406259,-0.18083706 0.70611612 -0.68461521,
  -0.35413881 0.61338641 -0.705934,-0.49795191 0.53222991 -0.68467162,
  -0.61643664 0.35589986 -0.70238248,-0.6923816 0.2273274 -0.68478462,
  -0.7270604 -0.048441691 -0.68486245,-0.6901063 -0.18491343 -0.69968587,
  -0.61438746 -0.392027 -0.68472102,-0.50186438 -0.50186438 -0.70446027,
  -0.35035702 -0.63915806 -0.68463635,-0.18308842 -0.68329529 -0.7068141,
  0 -0.72891129 -0.68460816,0.18308842 -0.68329529 -0.7068141,
  0.35035702 -0.63915806 -0.68463635,0.50186438 -0.50186438 -0.70446027,
  0.61438746 -0.392027 -0.68472102,0.6901063 -0.18491343 -0.69968587,
  0.7270604 -0.048441691 -0.68486245,0.6923816 0.2273274 -0.68478462,
  0.61643664 0.35589986 -0.70238248,0.49795191 0.53222991 -0.68467162,
  0.35413881 0.61338641 -0.705934,0.18083706 0.70611612 -0.68461521,
  0.092691599 0.70406259 -0.70406259,0.092691599 0.70406259 -0.70406259,
  0.14239671 0.69325338 -0.70648633,-0.092691599 0.70406259 -0.70406259,
  -0.1732148 0.66937254 -0.7224521,-0.35296894 0.61136014 -0.70827375,
  -0.47599206 0.50115412 -0.72268673,-0.60833502 0.35122239 -0.71173825,
  -0.65886941 0.20721275 -0.72315557,-0.68943323 -0.035524633 -0.72347759,
  -0.675992 -0.18113151 -0.71430119,-0.58618107 -0.36581283 -0.72289191,
  -0.49814254 -0.49814254 -0.7097239,-0.33533802 -0.6045529 -0.7225401,
  -0.18293701 -0.68273023 -0.7073991,0 -0.69145162 -0.72242276,
  0.18293701 -0.68273023 -0.7073991,0.33533802 -0.6045529 -0.7225401,
  0.49814254 -0.49814254 -0.7097239,0.58618107 -0.36581283 -0.72289191,
  0.675992 -0.18113151 -0.71430119,0.68943323 -0.035524633 -0.72347759,
  0.65886941 0.20721275 -0.72315557,0.60833502 0.35122239 -0.71173825,
  0.47599206 0.50115412 -0.72268673,0.35296894 0.61136014 -0.70827375,
  0.1732148 0.66937254 -0.7224521,-0.14239671 0.69325338 -0.70648633,
  -0.33439764 0.615429 -0.7137404,-0.58769784 0.3811414 -0.71368234,
  -0.69663444 0.086147973 -0.7122352,-0.66350977 -0.22466506 -0.71363885,
  -0.47569413 -0.51412477 -0.7137162,-0.17251002 -0.67881823 -0.71375493,
  0.17251002 -0.67881823 -0.71375493,0.47569413 -0.51412477 -0.7137162,
  0.66350977 -0.22466506 -0.71363885,0.69663444 0.086147973 -0.7122352,
  0.58769784 0.3811414 -0.71368234,0.33439764 0.615429 -0.7137404] }
}
}
DEF SHAPE_259 Shape {
 appearance USE APP_2
 geometry DEF FACE_259 IndexedFaceSet {
  coord DEF COORD_259 Coordinate { point [
  3 -6.0606299 -1.488189,3.0156922 -6.058564 -1.488189,
  3.030315 -6.0525071 -1.488189,3.0428718 -6.0428718 -1.488189,
  3.0525071 -6.030315 -1.488189,3.058564 -6.0156922 -1.488189,
  3.0606299 -6 -1.488189,3.058564 -5.9843078 -1.488189,
  3.0525071 -5.969685 -1.488189,3.0428718 -5.9571282 -1.488189,
  3.030315 -5.9474929 -1.488189,3.0156922 -5.941436 -1.488189,
  3 -5.9393701 -1.488189,2.9843078 -5.941436 -1.488189,
  2.969685 -5.9474929 -1.488189,2.9571282 -5.9571282 -1.488189,
  2.9474929 -5.969685 -1.488189,2.941436 -5.9843078 -1.488189,
  2.9393701 -6 -1.488189,2.941436 -6.0156922 -1.488189,
  2.9474929 -6.030315 -1.488189,2.9571282 -6.0428718 -1.488189,
  2.969685 -6.0525071 -1.488189,2.9843078 -6.058564 -1.488189,
  3 -6.0606299 -1.488189,3 -6.1 -1.4488189,
  3 -6.080315 -1.4685039,3 -6.1 -1.4488189,
  3.0258819 -6.0965926 -1.4488189,3.05 -6.0866025 -1.4488189,
  3.0707107 -6.0707107 -1.4488189,3.0866025 -6.05 -1.4488189,
  3.0965926 -6.0258819 -1.4488189,3.1 -6 -1.4488189,
  3.0965926 -5.9741181 -1.4488189,3.0866025 -5.95 -1.4488189,
  3.0707107 -5.9292893 -1.4488189,3.05 -5.9133975 -1.4488189,
  3.0258819 -5.9034074 -1.4488189,3 -5.9 -1.4488189,
  2.9741181 -5.9034074 -1.4488189,2.95 -5.9133975 -1.4488189,
  2.9292893 -5.9292893 -1.4488189,2.9133975 -5.95 -1.4488189,
  2.9034074 -5.9741181 -1.4488189,2.9 -6 -1.4488189,
  2.9034074 -6.0258819 -1.4488189,2.9133975 -6.05 -1.4488189,
  2.9292893 -6.0707107 -1.4488189,2.95 -6.0866025 -1.4488189,
  2.9741181 -6.0965926 -1.4488189,3 -6.080315 -1.4685039,
  3.0373242 -6.0711154 -1.4685039,3.0660979 -6.0456241 -1.4685039,
  3.0797294 -6.0096809 -1.4685039,3.0750958 -5.9715199 -1.4685039,
  3.0532587 -5.9398834 -1.4685039,3.0192206 -5.9220188 -1.4685039,
  2.9807794 -5.9220188 -1.4685039,2.9467413 -5.9398834 -1.4685039,
  2.9249042 -5.9715199 -1.4685039,2.9202706 -6.0096809 -1.4685039,
  2.9339021 -6.0456241 -1.4685039,2.9626758 -6.0711154 -1.4685039] }
 coordIndex [
  51,0,1,-1,28,27,51,-1,26,23,24,-1,25,50,26,-1,52,1,2,-1,52,2,3,-1,52,29,28,-1,52,30,29,-1,
  52,51,1,-1,52,28,51,-1,53,3,4,-1,53,4,5,-1,53,31,30,-1,53,32,31,-1,53,52,3,-1,53,30,52,-1,
  54,5,6,-1,54,32,53,-1,54,33,32,-1,54,53,5,-1,55,6,7,-1,55,7,8,-1,55,54,6,-1,55,34,33,-1,
  55,35,34,-1,55,33,54,-1,56,8,9,-1,56,9,10,-1,56,36,35,-1,56,37,36,-1,56,55,8,-1,56,35,55,-1,
  57,56,10,-1,57,10,11,-1,57,11,12,-1,57,37,56,-1,57,38,37,-1,57,39,38,-1,58,12,13,-1,58,13,14,-1,
  58,40,39,-1,58,57,12,-1,58,41,40,-1,58,39,57,-1,59,41,58,-1,59,14,15,-1,59,15,16,-1,59,42,41,-1,
  59,43,42,-1,59,58,14,-1,60,16,17,-1,60,17,18,-1,60,44,43,-1,60,45,44,-1,60,43,59,-1,60,59,16,-1,
  61,18,19,-1,61,46,45,-1,61,60,18,-1,61,45,60,-1,62,19,20,-1,62,20,21,-1,62,46,61,-1,62,47,46,-1,
  62,48,47,-1,62,61,19,-1,63,48,62,-1,63,21,22,-1,63,22,23,-1,63,49,48,-1,63,50,49,-1,63,23,26,-1,
  63,26,50,-1,63,62,21,-1]
  normalPerVertex TRUE
  normal DEF NORM_259 Normal { vector [
  0.092691599 -0.70406259 -0.70406259,0.18083706 -0.70611612 -0.68461521,
  0.35413881 -0.61338641 -0.705934,0.49795191 -0.53222991 -0.68467162,
  0.61643664 -0.35589986 -0.70238248,0.6923816 -0.2273274 -0.68478462,
  0.7270604 0.048441691 -0.68486245,0.6901063 0.18491343 -0.69968587,
  0.61438746 0.392027 -0.68472102,0.50186438 0.50186438 -0.70446027,
  0.35035702 0.63915806 -0.68463635,0.18308842 0.68329529 -0.7068141,
  0 0.72891129 -0.68460816,-0.18308842 0.68329529 -0.7068141,
  -0.35035702 0.63915806 -0.68463635,-0.50186438 0.50186438 -0.70446027,
  -0.61438746 0.392027 -0.68472102,-0.6901063 0.18491343 -0.69968587,
  -0.7270604 0.048441691 -0.68486245,-0.6923816 -0.2273274 -0.68478462,
  -0.61643664 -0.35589986 -0.70238248,-0.49795191 -0.53222991 -0.68467162,
  -0.35413881 -0.61338641 -0.705934,-0.18083706 -0.70611612 -0.68461521,
  -0.092691599 -0.70406259 -0.70406259,-0.092691599 -0.70406259 -0.70406259,
  -0.14239671 -0.69325338 -0.70648633,0.092691599 -0.70406259 -0.70406259,
  0.1732148 -0.66937254 -0.7224521,0.35296894 -0.61136014 -0.70827375,
  0.47599206 -0.50115412 -0.72268673,0.60833502 -0.35122239 -0.71173825,
  0.65886941 -0.20721275 -0.72315557,0.68943323 0.035524633 -0.72347759,
  0.675992 0.18113151 -0.71430119,0.58618107 0.36581283 -0.72289191,
  0.49814254 0.49814254 -0.7097239,0.33533802 0.6045529 -0.7225401,
  0.18293701 0.68273023 -0.7073991,0 0.69145162 -0.72242276,
  -0.18293701 0.68273023 -0.7073991,-0.33533802 0.6045529 -0.7225401,
  -0.49814254 0.49814254 -0.7097239,-0.58618107 0.36581283 -0.72289191,
  -0.675992 0.18113151 -0.71430119,-0.68943323 0.035524633 -0.72347759,
  -0.65886941 -0.20721275 -0.72315557,-0.60833502 -0.35122239 -0.71173825,
  -0.47599206 -0.50115412 -0.72268673,-0.35296894 -0.61136014 -0.70827375,
  -0.1732148 -0.66937254 -0.7224521,0.14239671 -0.69325338 -0.70648633,
  0.33439764 -0.615429 -0.7137404,0.58769784 -0.3811414 -0.71368234,
  0.69663444 -0.086147973 -0.7122352,0.66350977 0.22466506 -0.71363885,
  0.47569413 0.51412477 -0.7137162,0.17251002 0.67881823 -0.71375493,
  -0.17251002 0.67881823 -0.71375493,-0.47569413 0.51412477 -0.7137162,
  -0.66350977 0.22466506 -0.71363885,-0.69663444 -0.086147973 -0.7122352,
  -0.58769784 -0.3811414 -0.71368234,-0.33439764 -0.615429 -0.7137404] }
}
}
DEF SHAPE_260 Shape {
 appearance USE APP_2
 geometry DEF FACE_260 IndexedFaceSet {
  coord DEF COORD_260 Coordinate { point [
  3 -1.0606299 -1.488189,3.0156922 -1.058564 -1.488189,
  3.030315 -1.0525071 -1.488189,3.0428718 -1.0428718 -1.488189,
  3.0525071 -1.030315 -1.488189,3.058564 -1.0156922 -1.488189,
  3.0606299 -1 -1.488189,3.058564 -0.98430782 -1.488189,
  3.0525071 -0.96968504 -1.488189,3.0428718 -0.95712817 -1.488189,
  3.030315 -0.94749295 -1.488189,3.0156922 -0.94143599 -1.488189,
  3 -0.93937008 -1.488189,2.9843078 -0.94143599 -1.488189,
  2.969685 -0.94749295 -1.488189,2.9571282 -0.95712817 -1.488189,
  2.9474929 -0.96968504 -1.488189,2.941436 -0.98430782 -1.488189,
  2.9393701 -1 -1.488189,2.941436 -1.0156922 -1.488189,
  2.9474929 -1.030315 -1.488189,2.9571282 -1.0428718 -1.488189,
  2.969685 -1.0525071 -1.488189,2.9843078 -1.058564 -1.488189] }
 coordIndex [
  9,1,0,-1,9,2,1,-1,9,3,2,-1,9,4,3,-1,9,5,4,-1,9,6,5,-1,9,7,6,-1,9,8,7,-1,
  9,11,10,-1,9,12,11,-1,9,13,12,-1,9,14,13,-1,9,15,14,-1,9,16,15,-1,9,17,16,-1,9,18,17,-1,
  9,19,18,-1,9,20,19,-1,9,21,20,-1,9,22,21,-1,9,23,22,-1,9,0,23,-1]
  normalPerVertex TRUE
  normal DEF NORM_260 Normal { vector [
  0 0 -1,0 0 -1,
  0 0 -1,0 0 -1,
  0 0 -1,0 0 -1,
  0 0 -1,0 0 -1,
  0 0 -1,0 0 -1,
  0 0 -1,0 0 -1,
  0 0 -1,0 0 -1,
  0 0 -1,0 0 -1,
  0 0 -1,0 0 -1,
  0 0 -1,0 0 -1,
  0 0 -1,0 0 -1,
  0 0 -1,0 0 -1] }
}
}
DEF SHAPE_261 Shape {
 appearance USE APP_2
 geometry DEF FACE_261 IndexedFaceSet {
  coord DEF COORD_261 Coordinate { point [
  3 -2.0606299 -1.488189,3.0156922 -2.058564 -1.488189,
  3.030315 -2.0525071 -1.488189,3.0428718 -2.0428718 -1.488189,
  3.0525071 -2.030315 -1.488189,3.058564 -2.0156922 -1.488189,
  3.0606299 -2 -1.488189,3.058564 -1.9843078 -1.488189,
  3.0525071 -1.969685 -1.488189,3.0428718 -1.9571282 -1.488189,
  3.030315 -1.9474929 -1.488189,3.0156922 -1.941436 -1.488189,
  3 -1.9393701 -1.488189,2.9843078 -1.941436 -1.488189,
  2.969685 -1.9474929 -1.488189,2.9571282 -1.9571282 -1.488189,
  2.9474929 -1.969685 -1.488189,2.941436 -1.9843078 -1.488189,
  2.9393701 -2 -1.488189,2.941436 -2.0156922 -1.488189,
  2.9474929 -2.030315 -1.488189,2.9571282 -2.0428718 -1.488189,
  2.969685 -2.0525071 -1.488189,2.9843078 -2.058564 -1.488189] }
 coordIndex [
  9,1,0,-1,9,2,1,-1,9,3,2,-1,9,4,3,-1,9,5,4,-1,9,6,5,-1,9,7,6,-1,9,8,7,-1,
  9,11,10,-1,9,12,11,-1,9,13,12,-1,9,14,13,-1,9,15,14,-1,9,16,15,-1,9,17,16,-1,9,18,17,-1,
  9,19,18,-1,9,20,19,-1,9,21,20,-1,9,22,21,-1,9,23,22,-1,9,0,23,-1]
  normalPerVertex TRUE
  normal DEF NORM_261 Normal { vector [
  0 0 -1,0 0 -1,
  0 0 -1,0 0 -1,
  0 0 -1,0 0 -1,
  0 0 -1,0 0 -1,
  0 0 -1,0 0 -1,
  0 0 -1,0 0 -1,
  0 0 -1,0 0 -1,
  0 0 -1,0 0 -1,
  0 0 -1,0 0 -1,
  0 0 -1,0 0 -1,
  0 0 -1,0 0 -1,
  0 0 -1,0 0 -1] }
}
}
DEF SHAPE_262 Shape {
 appearance USE APP_2
 geometry DEF FACE_262 IndexedFaceSet {
  coord DEF COORD_262 Coordinate { point [
  3 -4.0606299 -1.488189,3.0156922 -4.058564 -1.488189,
  3.030315 -4.0525071 -1.488189,3.0428718 -4.0428718 -1.488189,
  3.0525071 -4.030315 -1.488189,3.058564 -4.0156922 -1.488189,
  3.0606299 -4 -1.488189,3.058564 -3.9843078 -1.488189,
  3.0525071 -3.969685 -1.488189,3.0428718 -3.9571282 -1.488189,
  3.030315 -3.9474929 -1.488189,3.0156922 -3.941436 -1.488189,
  3 -3.9393701 -1.488189,2.9843078 -3.941436 -1.488189,
  2.969685 -3.9474929 -1.488189,2.9571282 -3.9571282 -1.488189,
  2.9474929 -3.969685 -1.488189,2.941436 -3.9843078 -1.488189,
  2.9393701 -4 -1.488189,2.941436 -4.0156922 -1.488189,
  2.9474929 -4.030315 -1.488189,2.9571282 -4.0428718 -1.488189,
  2.969685 -4.0525071 -1.488189,2.9843078 -4.058564 -1.488189] }
 coordIndex [
  9,1,0,-1,9,2,1,-1,9,3,2,-1,9,4,3,-1,9,5,4,-1,9,6,5,-1,9,7,6,-1,9,8,7,-1,
  9,11,10,-1,9,12,11,-1,9,13,12,-1,9,14,13,-1,9,15,14,-1,9,16,15,-1,9,17,16,-1,9,18,17,-1,
  9,19,18,-1,9,20,19,-1,9,21,20,-1,9,22,21,-1,9,23,22,-1,9,0,23,-1]
  normalPerVertex TRUE
  normal DEF NORM_262 Normal { vector [
  0 0 -1,0 0 -1,
  0 0 -1,0 0 -1,
  0 0 -1,0 0 -1,
  0 0 -1,0 0 -1,
  0 0 -1,0 0 -1,
  0 0 -1,0 0 -1,
  0 0 -1,0 0 -1,
  0 0 -1,0 0 -1,
  0 0 -1,0 0 -1,
  0 0 -1,0 0 -1,
  0 0 -1,0 0 -1,
  0 0 -1,0 0 -1] }
}
}
DEF SHAPE_263 Shape {
 appearance USE APP_2
 geometry DEF FACE_263 IndexedFaceSet {
  coord DEF COORD_263 Coordinate { point [
  3 -3.0606299 -1.488189,3.0156922 -3.058564 -1.488189,
  3.030315 -3.0525071 -1.488189,3.0428718 -3.0428718 -1.488189,
  3.0525071 -3.030315 -1.488189,3.058564 -3.0156922 -1.488189,
  3.0606299 -3 -1.488189,3.058564 -2.9843078 -1.488189,
  3.0525071 -2.969685 -1.488189,3.0428718 -2.9571282 -1.488189,
  3.030315 -2.9474929 -1.488189,3.0156922 -2.941436 -1.488189,
  3 -2.9393701 -1.488189,2.9843078 -2.941436 -1.488189,
  2.969685 -2.9474929 -1.488189,2.9571282 -2.9571282 -1.488189,
  2.9474929 -2.969685 -1.488189,2.941436 -2.9843078 -1.488189,
  2.9393701 -3 -1.488189,2.941436 -3.0156922 -1.488189,
  2.9474929 -3.030315 -1.488189,2.9571282 -3.0428718 -1.488189,
  2.969685 -3.0525071 -1.488189,2.9843078 -3.058564 -1.488189] }
 coordIndex [
  9,1,0,-1,9,2,1,-1,9,3,2,-1,9,4,3,-1,9,5,4,-1,9,6,5,-1,9,7,6,-1,9,8,7,-1,
  9,11,10,-1,9,12,11,-1,9,13,12,-1,9,14,13,-1,9,15,14,-1,9,16,15,-1,9,17,16,-1,9,18,17,-1,
  9,19,18,-1,9,20,19,-1,9,21,20,-1,9,22,21,-1,9,23,22,-1,9,0,23,-1]
  normalPerVertex TRUE
  normal DEF NORM_263 Normal { vector [
  0 0 -1,0 0 -1,
  0 0 -1,0 0 -1,
  0 0 -1,0 0 -1,
  0 0 -1,0 0 -1,
  0 0 -1,0 0 -1,
  0 0 -1,0 0 -1,
  0 0 -1,0 0 -1,
  0 0 -1,0 0 -1,
  0 0 -1,0 0 -1,
  0 0 -1,0 0 -1,
  0 0 -1,0 0 -1,
  0 0 -1,0 0 -1] }
}
}
DEF SHAPE_264 Shape {
 appearance USE APP_2
 geometry DEF FACE_264 IndexedFaceSet {
  coord DEF COORD_264 Coordinate { point [
  0 -3.9393701 -1.488189,-0.015692178 -3.941436 -1.488189,
  -0.030314961 -3.9474929 -1.488189,-0.042871828 -3.9571282 -1.488189,
  -0.052507052 -3.969685 -1.488189,-0.058564007 -3.9843078 -1.488189,
  -0.060629921 -4 -1.488189,-0.058564007 -4.0156922 -1.488189,
  -0.052507052 -4.030315 -1.488189,-0.042871828 -4.0428718 -1.488189,
  -0.030314961 -4.0525071 -1.488189,-0.015692178 -4.058564 -1.488189,
  0 -4.0606299 -1.488189,0.015692178 -4.058564 -1.488189,
  0.030314961 -4.0525071 -1.488189,0.042871828 -4.0428718 -1.488189,
  0.052507052 -4.030315 -1.488189,0.058564007 -4.0156922 -1.488189,
  0.060629921 -4 -1.488189,0.058564007 -3.9843078 -1.488189,
  0.052507052 -3.969685 -1.488189,0.042871828 -3.9571282 -1.488189,
  0.030314961 -3.9474929 -1.488189,0.015692178 -3.941436 -1.488189] }
 coordIndex [
  9,1,0,-1,9,2,1,-1,9,3,2,-1,9,4,3,-1,9,5,4,-1,9,6,5,-1,9,7,6,-1,9,8,7,-1,
  9,11,10,-1,9,12,11,-1,9,13,12,-1,9,14,13,-1,9,15,14,-1,9,16,15,-1,9,17,16,-1,9,18,17,-1,
  9,19,18,-1,9,20,19,-1,9,21,20,-1,9,22,21,-1,9,23,22,-1,9,0,23,-1]
  normalPerVertex TRUE
  normal DEF NORM_264 Normal { vector [
  0 0 -1,0 0 -1,
  0 0 -1,0 0 -1,
  0 0 -1,0 0 -1,
  0 0 -1,0 0 -1,
  0 0 -1,0 0 -1,
  0 0 -1,0 0 -1,
  0 0 -1,0 0 -1,
  0 0 -1,0 0 -1,
  0 0 -1,0 0 -1,
  0 0 -1,0 0 -1,
  0 0 -1,0 0 -1,
  0 0 -1,0 0 -1] }
}
}
DEF SHAPE_265 Shape {
 appearance USE APP_2
 geometry DEF FACE_265 IndexedFaceSet {
  coord DEF COORD_265 Coordinate { point [
  0 -2.9393701 -1.488189,-0.015692178 -2.941436 -1.488189,
  -0.030314961 -2.9474929 -1.488189,-0.042871828 -2.9571282 -1.488189,
  -0.052507052 -2.969685 -1.488189,-0.058564007 -2.9843078 -1.488189,
  -0.060629921 -3 -1.488189,-0.058564007 -3.0156922 -1.488189,
  -0.052507052 -3.030315 -1.488189,-0.042871828 -3.0428718 -1.488189,
  -0.030314961 -3.0525071 -1.488189,-0.015692178 -3.058564 -1.488189,
  0 -3.0606299 -1.488189,0.015692178 -3.058564 -1.488189,
  0.030314961 -3.0525071 -1.488189,0.042871828 -3.0428718 -1.488189,
  0.052507052 -3.030315 -1.488189,0.058564007 -3.0156922 -1.488189,
  0.060629921 -3 -1.488189,0.058564007 -2.9843078 -1.488189,
  0.052507052 -2.969685 -1.488189,0.042871828 -2.9571282 -1.488189,
  0.030314961 -2.9474929 -1.488189,0.015692178 -2.941436 -1.488189] }
 coordIndex [
  9,1,0,-1,9,2,1,-1,9,3,2,-1,9,4,3,-1,9,5,4,-1,9,6,5,-1,9,7,6,-1,9,8,7,-1,
  9,11,10,-1,9,12,11,-1,9,13,12,-1,9,14,13,-1,9,15,14,-1,9,16,15,-1,9,17,16,-1,9,18,17,-1,
  9,19,18,-1,9,20,19,-1,9,21,20,-1,9,22,21,-1,9,23,22,-1,9,0,23,-1]
  normalPerVertex TRUE
  normal DEF NORM_265 Normal { vector [
  0 0 -1,0 0 -1,
  0 0 -1,0 0 -1,
  0 0 -1,0 0 -1,
  0 0 -1,0 0 -1,
  0 0 -1,0 0 -1,
  0 0 -1,0 0 -1,
  0 0 -1,0 0 -1,
  0 0 -1,0 0 -1,
  0 0 -1,0 0 -1,
  0 0 -1,0 0 -1,
  0 0 -1,0 0 -1,
  0 0 -1,0 0 -1] }
}
}
DEF SHAPE_266 Shape {
 appearance USE APP_2
 geometry DEF FACE_266 IndexedFaceSet {
  coord DEF COORD_266 Coordinate { point [
  0 -0.93937008 -1.488189,-0.015692178 -0.94143599 -1.488189,
  -0.030314961 -0.94749295 -1.488189,-0.042871828 -0.95712817 -1.488189,
  -0.052507052 -0.96968504 -1.488189,-0.058564007 -0.98430782 -1.488189,
  -0.060629921 -1 -1.488189,-0.058564007 -1.0156922 -1.488189,
  -0.052507052 -1.030315 -1.488189,-0.042871828 -1.0428718 -1.488189,
  -0.030314961 -1.0525071 -1.488189,-0.015692178 -1.058564 -1.488189,
  0 -1.0606299 -1.488189,0.015692178 -1.058564 -1.488189,
  0.030314961 -1.0525071 -1.488189,0.042871828 -1.0428718 -1.488189,
  0.052507052 -1.030315 -1.488189,0.058564007 -1.0156922 -1.488189,
  0.060629921 -1 -1.488189,0.058564007 -0.98430782 -1.488189,
  0.052507052 -0.96968504 -1.488189,0.042871828 -0.95712817 -1.488189,
  0.030314961 -0.94749295 -1.488189,0.015692178 -0.94143599 -1.488189] }
 coordIndex [
  9,1,0,-1,9,2,1,-1,9,3,2,-1,9,4,3,-1,9,5,4,-1,9,6,5,-1,9,7,6,-1,9,8,7,-1,
  9,11,10,-1,9,12,11,-1,9,13,12,-1,9,14,13,-1,9,15,14,-1,9,16,15,-1,9,17,16,-1,9,18,17,-1,
  9,19,18,-1,9,20,19,-1,9,21,20,-1,9,22,21,-1,9,23,22,-1,9,0,23,-1]
  normalPerVertex TRUE
  normal DEF NORM_266 Normal { vector [
  0 0 -1,0 0 -1,
  0 0 -1,0 0 -1,
  0 0 -1,0 0 -1,
  0 0 -1,0 0 -1,
  0 0 -1,0 0 -1,
  0 0 -1,0 0 -1,
  0 0 -1,0 0 -1,
  0 0 -1,0 0 -1,
  0 0 -1,0 0 -1,
  0 0 -1,0 0 -1,
  0 0 -1,0 0 -1,
  0 0 -1,0 0 -1] }
}
}
DEF SHAPE_267 Shape {
 appearance USE APP_2
 geometry DEF FACE_267 IndexedFaceSet {
  coord DEF COORD_267 Coordinate { point [
  0 -1.9393701 -1.488189,-0.015692178 -1.941436 -1.488189,
  -0.030314961 -1.9474929 -1.488189,-0.042871828 -1.9571282 -1.488189,
  -0.052507052 -1.969685 -1.488189,-0.058564007 -1.9843078 -1.488189,
  -0.060629921 -2 -1.488189,-0.058564007 -2.0156922 -1.488189,
  -0.052507052 -2.030315 -1.488189,-0.042871828 -2.0428718 -1.488189,
  -0.030314961 -2.0525071 -1.488189,-0.015692178 -2.058564 -1.488189,
  0 -2.0606299 -1.488189,0.015692178 -2.058564 -1.488189,
  0.030314961 -2.0525071 -1.488189,0.042871828 -2.0428718 -1.488189,
  0.052507052 -2.030315 -1.488189,0.058564007 -2.0156922 -1.488189,
  0.060629921 -2 -1.488189,0.058564007 -1.9843078 -1.488189,
  0.052507052 -1.969685 -1.488189,0.042871828 -1.9571282 -1.488189,
  0.030314961 -1.9474929 -1.488189,0.015692178 -1.941436 -1.488189] }
 coordIndex [
  9,1,0,-1,9,2,1,-1,9,3,2,-1,9,4,3,-1,9,5,4,-1,9,6,5,-1,9,7,6,-1,9,8,7,-1,
  9,11,10,-1,9,12,11,-1,9,13,12,-1,9,14,13,-1,9,15,14,-1,9,16,15,-1,9,17,16,-1,9,18,17,-1,
  9,19,18,-1,9,20,19,-1,9,21,20,-1,9,22,21,-1,9,23,22,-1,9,0,23,-1]
  normalPerVertex TRUE
  normal DEF NORM_267 Normal { vector [
  0 0 -1,0 0 -1,
  0 0 -1,0 0 -1,
  0 0 -1,0 0 -1,
  0 0 -1,0 0 -1,
  0 0 -1,0 0 -1,
  0 0 -1,0 0 -1,
  0 0 -1,0 0 -1,
  0 0 -1,0 0 -1,
  0 0 -1,0 0 -1,
  0 0 -1,0 0 -1,
  0 0 -1,0 0 -1,
  0 0 -1,0 0 -1] }
}
}
DEF SHAPE_268 Shape {
 appearance USE APP_2
 geometry DEF FACE_268 IndexedFaceSet {
  coord DEF COORD_268 Coordinate { point [
  3 -0.060629921 -1.488189,3.0156922 -0.058564007 -1.488189,
  3.030315 -0.052507052 -1.488189,3.0428718 -0.042871828 -1.488189,
  3.0525071 -0.030314961 -1.488189,3.058564 -0.015692178 -1.488189,
  3.0606299 0 -1.488189,3.058564 0.015692178 -1.488189,
  3.0525071 0.030314961 -1.488189,3.0428718 0.042871828 -1.488189,
  3.030315 0.052507052 -1.488189,3.0156922 0.058564007 -1.488189,
  3 0.060629921 -1.488189,2.9843078 0.058564007 -1.488189,
  2.969685 0.052507052 -1.488189,2.9571282 0.042871828 -1.488189,
  2.9474929 0.030314961 -1.488189,2.941436 0.015692178 -1.488189,
  2.9393701 0 -1.488189,2.941436 -0.015692178 -1.488189,
  2.9474929 -0.030314961 -1.488189,2.9571282 -0.042871828 -1.488189,
  2.969685 -0.052507052 -1.488189,2.9843078 -0.058564007 -1.488189] }
 coordIndex [
  9,1,0,-1,9,2,1,-1,9,3,2,-1,9,4,3,-1,9,5,4,-1,9,6,5,-1,9,7,6,-1,9,8,7,-1,
  9,11,10,-1,9,12,11,-1,9,13,12,-1,9,14,13,-1,9,15,14,-1,9,16,15,-1,9,17,16,-1,9,18,17,-1,
  9,19,18,-1,9,20,19,-1,9,21,20,-1,9,22,21,-1,9,23,22,-1,9,0,23,-1]
  normalPerVertex TRUE
  normal DEF NORM_268 Normal { vector [
  0 0 -1,0 0 -1,
  0 0 -1,0 0 -1,
  0 0 -1,0 0 -1,
  0 0 -1,0 0 -1,
  0 0 -1,0 0 -1,
  0 0 -1,0 0 -1,
  0 0 -1,0 0 -1,
  0 0 -1,0 0 -1,
  0 0 -1,0 0 -1,
  0 0 -1,0 0 -1,
  0 0 -1,0 0 -1,
  0 0 -1,0 0 -1] }
}
}
DEF SHAPE_269 Shape {
 appearance USE APP_2
 geometry DEF FACE_269 IndexedFaceSet {
  coord DEF COORD_269 Coordinate { point [
  0 0.060629921 -1.488189,-0.015692178 0.058564007 -1.488189,
  -0.030314961 0.052507052 -1.488189,-0.042871828 0.042871828 -1.488189,
  -0.052507052 0.030314961 -1.488189,-0.058564007 0.015692178 -1.488189,
  -0.060629921 0 -1.488189,-0.058564007 -0.015692178 -1.488189,
  -0.052507052 -0.030314961 -1.488189,-0.042871828 -0.042871828 -1.488189,
  -0.030314961 -0.052507052 -1.488189,-0.015692178 -0.058564007 -1.488189,
  0 -0.060629921 -1.488189,0.015692178 -0.058564007 -1.488189,
  0.030314961 -0.052507052 -1.488189,0.042871828 -0.042871828 -1.488189,
  0.052507052 -0.030314961 -1.488189,0.058564007 -0.015692178 -1.488189,
  0.060629921 0 -1.488189,0.058564007 0.015692178 -1.488189,
  0.052507052 0.030314961 -1.488189,0.042871828 0.042871828 -1.488189,
  0.030314961 0.052507052 -1.488189,0.015692178 0.058564007 -1.488189] }
 coordIndex [
  9,1,0,-1,9,2,1,-1,9,3,2,-1,9,4,3,-1,9,5,4,-1,9,6,5,-1,9,7,6,-1,9,8,7,-1,
  9,11,10,-1,9,12,11,-1,9,13,12,-1,9,14,13,-1,9,15,14,-1,9,16,15,-1,9,17,16,-1,9,18,17,-1,
  9,19,18,-1,9,20,19,-1,9,21,20,-1,9,22,21,-1,9,23,22,-1,9,0,23,-1]
  normalPerVertex TRUE
  normal DEF NORM_269 Normal { vector [
  0 0 -1,0 0 -1,
  0 0 -1,0 0 -1,
  0 0 -1,0 0 -1,
  0 0 -1,0 0 -1,
  0 0 -1,0 0 -1,
  0 0 -1,0 0 -1,
  0 0 -1,0 0 -1,
  0 0 -1,0 0 -1,
  0 0 -1,0 0 -1,
  0 0 -1,0 0 -1,
  0 0 -1,0 0 -1,
  0 0 -1,0 0 -1] }
}
}
DEF SHAPE_270 Shape {
 appearance USE APP_2
 geometry DEF FACE_270 IndexedFaceSet {
  coord DEF COORD_270 Coordinate { point [
  0 -8.9393701 -1.488189,-0.015692178 -8.941436 -1.488189,
  -0.030314961 -8.9474929 -1.488189,-0.042871828 -8.9571282 -1.488189,
  -0.052507052 -8.969685 -1.488189,-0.058564007 -8.9843078 -1.488189,
  -0.060629921 -9 -1.488189,-0.058564007 -9.0156922 -1.488189,
  -0.052507052 -9.030315 -1.488189,-0.042871828 -9.0428718 -1.488189,
  -0.030314961 -9.0525071 -1.488189,-0.015692178 -9.058564 -1.488189,
  0 -9.0606299 -1.488189,0.015692178 -9.058564 -1.488189,
  0.030314961 -9.0525071 -1.488189,0.042871828 -9.0428718 -1.488189,
  0.052507052 -9.030315 -1.488189,0.058564007 -9.0156922 -1.488189,
  0.060629921 -9 -1.488189,0.058564007 -8.9843078 -1.488189,
  0.052507052 -8.969685 -1.488189,0.042871828 -8.9571282 -1.488189,
  0.030314961 -8.9474929 -1.488189,0.015692178 -8.941436 -1.488189] }
 coordIndex [
  9,1,0,-1,9,2,1,-1,9,3,2,-1,9,4,3,-1,9,5,4,-1,9,6,5,-1,9,7,6,-1,9,8,7,-1,
  9,11,10,-1,9,12,11,-1,9,13,12,-1,9,14,13,-1,9,15,14,-1,9,16,15,-1,9,17,16,-1,9,18,17,-1,
  9,19,18,-1,9,20,19,-1,9,21,20,-1,9,22,21,-1,9,23,22,-1,9,0,23,-1]
  normalPerVertex TRUE
  normal DEF NORM_270 Normal { vector [
  0 0 -1,0 0 -1,
  0 0 -1,0 0 -1,
  0 0 -1,0 0 -1,
  0 0 -1,0 0 -1,
  0 0 -1,0 0 -1,
  0 0 -1,0 0 -1,
  0 0 -1,0 0 -1,
  0 0 -1,0 0 -1,
  0 0 -1,0 0 -1,
  0 0 -1,0 0 -1,
  0 0 -1,0 0 -1,
  0 0 -1,0 0 -1] }
}
}
DEF SHAPE_271 Shape {
 appearance USE APP_2
 geometry DEF FACE_271 IndexedFaceSet {
  coord DEF COORD_271 Coordinate { point [
  0 -7.9393701 -1.488189,-0.015692178 -7.941436 -1.488189,
  -0.030314961 -7.9474929 -1.488189,-0.042871828 -7.9571282 -1.488189,
  -0.052507052 -7.969685 -1.488189,-0.058564007 -7.9843078 -1.488189,
  -0.060629921 -8 -1.488189,-0.058564007 -8.0156922 -1.488189,
  -0.052507052 -8.030315 -1.488189,-0.042871828 -8.0428718 -1.488189,
  -0.030314961 -8.0525071 -1.488189,-0.015692178 -8.058564 -1.488189,
  0 -8.0606299 -1.488189,0.015692178 -8.058564 -1.488189,
  0.030314961 -8.0525071 -1.488189,0.042871828 -8.0428718 -1.488189,
  0.052507052 -8.030315 -1.488189,0.058564007 -8.0156922 -1.488189,
  0.060629921 -8 -1.488189,0.058564007 -7.9843078 -1.488189,
  0.052507052 -7.969685 -1.488189,0.042871828 -7.9571282 -1.488189,
  0.030314961 -7.9474929 -1.488189,0.015692178 -7.941436 -1.488189] }
 coordIndex [
  9,1,0,-1,9,2,1,-1,9,3,2,-1,9,4,3,-1,9,5,4,-1,9,6,5,-1,9,7,6,-1,9,8,7,-1,
  9,11,10,-1,9,12,11,-1,9,13,12,-1,9,14,13,-1,9,15,14,-1,9,16,15,-1,9,17,16,-1,9,18,17,-1,
  9,19,18,-1,9,20,19,-1,9,21,20,-1,9,22,21,-1,9,23,22,-1,9,0,23,-1]
  normalPerVertex TRUE
  normal DEF NORM_271 Normal { vector [
  0 0 -1,0 0 -1,
  0 0 -1,0 0 -1,
  0 0 -1,0 0 -1,
  0 0 -1,0 0 -1,
  0 0 -1,0 0 -1,
  0 0 -1,0 0 -1,
  0 0 -1,0 0 -1,
  0 0 -1,0 0 -1,
  0 0 -1,0 0 -1,
  0 0 -1,0 0 -1,
  0 0 -1,0 0 -1,
  0 0 -1,0 0 -1] }
}
}
DEF SHAPE_272 Shape {
 appearance USE APP_2
 geometry DEF FACE_272 IndexedFaceSet {
  coord DEF COORD_272 Coordinate { point [
  0 -6.9393701 -1.488189,-0.015692178 -6.941436 -1.488189,
  -0.030314961 -6.9474929 -1.488189,-0.042871828 -6.9571282 -1.488189,
  -0.052507052 -6.969685 -1.488189,-0.058564007 -6.9843078 -1.488189,
  -0.060629921 -7 -1.488189,-0.058564007 -7.0156922 -1.488189,
  -0.052507052 -7.030315 -1.488189,-0.042871828 -7.0428718 -1.488189,
  -0.030314961 -7.0525071 -1.488189,-0.015692178 -7.058564 -1.488189,
  0 -7.0606299 -1.488189,0.015692178 -7.058564 -1.488189,
  0.030314961 -7.0525071 -1.488189,0.042871828 -7.0428718 -1.488189,
  0.052507052 -7.030315 -1.488189,0.058564007 -7.0156922 -1.488189,
  0.060629921 -7 -1.488189,0.058564007 -6.9843078 -1.488189,
  0.052507052 -6.969685 -1.488189,0.042871828 -6.9571282 -1.488189,
  0.030314961 -6.9474929 -1.488189,0.015692178 -6.941436 -1.488189] }
 coordIndex [
  9,1,0,-1,9,2,1,-1,9,3,2,-1,9,4,3,-1,9,5,4,-1,9,6,5,-1,9,7,6,-1,9,8,7,-1,
  9,11,10,-1,9,12,11,-1,9,13,12,-1,9,14,13,-1,9,15,14,-1,9,16,15,-1,9,17,16,-1,9,18,17,-1,
  9,19,18,-1,9,20,19,-1,9,21,20,-1,9,22,21,-1,9,23,22,-1,9,0,23,-1]
  normalPerVertex TRUE
  normal DEF NORM_272 Normal { vector [
  0 0 -1,0 0 -1,
  0 0 -1,0 0 -1,
  0 0 -1,0 0 -1,
  0 0 -1,0 0 -1,
  0 0 -1,0 0 -1,
  0 0 -1,0 0 -1,
  0 0 -1,0 0 -1,
  0 0 -1,0 0 -1,
  0 0 -1,0 0 -1,
  0 0 -1,0 0 -1,
  0 0 -1,0 0 -1,
  0 0 -1,0 0 -1] }
}
}
DEF SHAPE_273 Shape {
 appearance USE APP_2
 geometry DEF FACE_273 IndexedFaceSet {
  coord DEF COORD_273 Coordinate { point [
  3 -7.0606299 -1.488189,3.0156922 -7.058564 -1.488189,
  3.030315 -7.0525071 -1.488189,3.0428718 -7.0428718 -1.488189,
  3.0525071 -7.030315 -1.488189,3.058564 -7.0156922 -1.488189,
  3.0606299 -7 -1.488189,3.058564 -6.9843078 -1.488189,
  3.0525071 -6.969685 -1.488189,3.0428718 -6.9571282 -1.488189,
  3.030315 -6.9474929 -1.488189,3.0156922 -6.941436 -1.488189,
  3 -6.9393701 -1.488189,2.9843078 -6.941436 -1.488189,
  2.969685 -6.9474929 -1.488189,2.9571282 -6.9571282 -1.488189,
  2.9474929 -6.969685 -1.488189,2.941436 -6.9843078 -1.488189,
  2.9393701 -7 -1.488189,2.941436 -7.0156922 -1.488189,
  2.9474929 -7.030315 -1.488189,2.9571282 -7.0428718 -1.488189,
  2.969685 -7.0525071 -1.488189,2.9843078 -7.058564 -1.488189] }
 coordIndex [
  9,1,0,-1,9,2,1,-1,9,3,2,-1,9,4,3,-1,9,5,4,-1,9,6,5,-1,9,7,6,-1,9,8,7,-1,
  9,11,10,-1,9,12,11,-1,9,13,12,-1,9,14,13,-1,9,15,14,-1,9,16,15,-1,9,17,16,-1,9,18,17,-1,
  9,19,18,-1,9,20,19,-1,9,21,20,-1,9,22,21,-1,9,23,22,-1,9,0,23,-1]
  normalPerVertex TRUE
  normal DEF NORM_273 Normal { vector [
  0 0 -1,0 0 -1,
  0 0 -1,0 0 -1,
  0 0 -1,0 0 -1,
  0 0 -1,0 0 -1,
  0 0 -1,0 0 -1,
  0 0 -1,0 0 -1,
  0 0 -1,0 0 -1,
  0 0 -1,0 0 -1,
  0 0 -1,0 0 -1,
  0 0 -1,0 0 -1,
  0 0 -1,0 0 -1,
  0 0 -1,0 0 -1] }
}
}
DEF SHAPE_274 Shape {
 appearance USE APP_2
 geometry DEF FACE_274 IndexedFaceSet {
  coord DEF COORD_274 Coordinate { point [
  3 -9.0606299 -1.488189,3.0156922 -9.058564 -1.488189,
  3.030315 -9.0525071 -1.488189,3.0428718 -9.0428718 -1.488189,
  3.0525071 -9.030315 -1.488189,3.058564 -9.0156922 -1.488189,
  3.0606299 -9 -1.488189,3.058564 -8.9843078 -1.488189,
  3.0525071 -8.969685 -1.488189,3.0428718 -8.9571282 -1.488189,
  3.030315 -8.9474929 -1.488189,3.0156922 -8.941436 -1.488189,
  3 -8.9393701 -1.488189,2.9843078 -8.941436 -1.488189,
  2.969685 -8.9474929 -1.488189,2.9571282 -8.9571282 -1.488189,
  2.9474929 -8.969685 -1.488189,2.941436 -8.9843078 -1.488189,
  2.9393701 -9 -1.488189,2.941436 -9.0156922 -1.488189,
  2.9474929 -9.030315 -1.488189,2.9571282 -9.0428718 -1.488189,
  2.969685 -9.0525071 -1.488189,2.9843078 -9.058564 -1.488189] }
 coordIndex [
  9,1,0,-1,9,2,1,-1,9,3,2,-1,9,4,3,-1,9,5,4,-1,9,6,5,-1,9,7,6,-1,9,8,7,-1,
  9,11,10,-1,9,12,11,-1,9,13,12,-1,9,14,13,-1,9,15,14,-1,9,16,15,-1,9,17,16,-1,9,18,17,-1,
  9,19,18,-1,9,20,19,-1,9,21,20,-1,9,22,21,-1,9,23,22,-1,9,0,23,-1]
  normalPerVertex TRUE
  normal DEF NORM_274 Normal { vector [
  0 0 -1,0 0 -1,
  0 0 -1,0 0 -1,
  0 0 -1,0 0 -1,
  0 0 -1,0 0 -1,
  0 0 -1,0 0 -1,
  0 0 -1,0 0 -1,
  0 0 -1,0 0 -1,
  0 0 -1,0 0 -1,
  0 0 -1,0 0 -1,
  0 0 -1,0 0 -1,
  0 0 -1,0 0 -1,
  0 0 -1,0 0 -1] }
}
}
DEF SHAPE_275 Shape {
 appearance USE APP_2
 geometry DEF FACE_275 IndexedFaceSet {
  coord DEF COORD_275 Coordinate { point [
  3 -8.0606299 -1.488189,3.0156922 -8.058564 -1.488189,
  3.030315 -8.0525071 -1.488189,3.0428718 -8.0428718 -1.488189,
  3.0525071 -8.030315 -1.488189,3.058564 -8.0156922 -1.488189,
  3.0606299 -8 -1.488189,3.058564 -7.9843078 -1.488189,
  3.0525071 -7.969685 -1.488189,3.0428718 -7.9571282 -1.488189,
  3.030315 -7.9474929 -1.488189,3.0156922 -7.941436 -1.488189,
  3 -7.9393701 -1.488189,2.9843078 -7.941436 -1.488189,
  2.969685 -7.9474929 -1.488189,2.9571282 -7.9571282 -1.488189,
  2.9474929 -7.969685 -1.488189,2.941436 -7.9843078 -1.488189,
  2.9393701 -8 -1.488189,2.941436 -8.0156922 -1.488189,
  2.9474929 -8.030315 -1.488189,2.9571282 -8.0428718 -1.488189,
  2.969685 -8.0525071 -1.488189,2.9843078 -8.058564 -1.488189] }
 coordIndex [
  9,1,0,-1,9,2,1,-1,9,3,2,-1,9,4,3,-1,9,5,4,-1,9,6,5,-1,9,7,6,-1,9,8,7,-1,
  9,11,10,-1,9,12,11,-1,9,13,12,-1,9,14,13,-1,9,15,14,-1,9,16,15,-1,9,17,16,-1,9,18,17,-1,
  9,19,18,-1,9,20,19,-1,9,21,20,-1,9,22,21,-1,9,23,22,-1,9,0,23,-1]
  normalPerVertex TRUE
  normal DEF NORM_275 Normal { vector [
  0 0 -1,0 0 -1,
  0 0 -1,0 0 -1,
  0 0 -1,0 0 -1,
  0 0 -1,0 0 -1,
  0 0 -1,0 0 -1,
  0 0 -1,0 0 -1,
  0 0 -1,0 0 -1,
  0 0 -1,0 0 -1,
  0 0 -1,0 0 -1,
  0 0 -1,0 0 -1,
  0 0 -1,0 0 -1,
  0 0 -1,0 0 -1] }
}
}
DEF SHAPE_276 Shape {
 appearance USE APP_2
 geometry DEF FACE_276 IndexedFaceSet {
  coord DEF COORD_276 Coordinate { point [
  3 -5.0606299 -1.488189,3.0156922 -5.058564 -1.488189,
  3.030315 -5.0525071 -1.488189,3.0428718 -5.0428718 -1.488189,
  3.0525071 -5.030315 -1.488189,3.058564 -5.0156922 -1.488189,
  3.0606299 -5 -1.488189,3.058564 -4.9843078 -1.488189,
  3.0525071 -4.969685 -1.488189,3.0428718 -4.9571282 -1.488189,
  3.030315 -4.9474929 -1.488189,3.0156922 -4.941436 -1.488189,
  3 -4.9393701 -1.488189,2.9843078 -4.941436 -1.488189,
  2.969685 -4.9474929 -1.488189,2.9571282 -4.9571282 -1.488189,
  2.9474929 -4.969685 -1.488189,2.941436 -4.9843078 -1.488189,
  2.9393701 -5 -1.488189,2.941436 -5.0156922 -1.488189,
  2.9474929 -5.030315 -1.488189,2.9571282 -5.0428718 -1.488189,
  2.969685 -5.0525071 -1.488189,2.9843078 -5.058564 -1.488189] }
 coordIndex [
  9,1,0,-1,9,2,1,-1,9,3,2,-1,9,4,3,-1,9,5,4,-1,9,6,5,-1,9,7,6,-1,9,8,7,-1,
  9,11,10,-1,9,12,11,-1,9,13,12,-1,9,14,13,-1,9,15,14,-1,9,16,15,-1,9,17,16,-1,9,18,17,-1,
  9,19,18,-1,9,20,19,-1,9,21,20,-1,9,22,21,-1,9,23,22,-1,9,0,23,-1]
  normalPerVertex TRUE
  normal DEF NORM_276 Normal { vector [
  0 0 -1,0 0 -1,
  0 0 -1,0 0 -1,
  0 0 -1,0 0 -1,
  0 0 -1,0 0 -1,
  0 0 -1,0 0 -1,
  0 0 -1,0 0 -1,
  0 0 -1,0 0 -1,
  0 0 -1,0 0 -1,
  0 0 -1,0 0 -1,
  0 0 -1,0 0 -1,
  0 0 -1,0 0 -1,
  0 0 -1,0 0 -1] }
}
}
DEF SHAPE_277 Shape {
 appearance USE APP_2
 geometry DEF FACE_277 IndexedFaceSet {
  coord DEF COORD_277 Coordinate { point [
  0 -4.9393701 -1.488189,-0.015692178 -4.941436 -1.488189,
  -0.030314961 -4.9474929 -1.488189,-0.042871828 -4.9571282 -1.488189,
  -0.052507052 -4.969685 -1.488189,-0.058564007 -4.9843078 -1.488189,
  -0.060629921 -5 -1.488189,-0.058564007 -5.0156922 -1.488189,
  -0.052507052 -5.030315 -1.488189,-0.042871828 -5.0428718 -1.488189,
  -0.030314961 -5.0525071 -1.488189,-0.015692178 -5.058564 -1.488189,
  0 -5.0606299 -1.488189,0.015692178 -5.058564 -1.488189,
  0.030314961 -5.0525071 -1.488189,0.042871828 -5.0428718 -1.488189,
  0.052507052 -5.030315 -1.488189,0.058564007 -5.0156922 -1.488189,
  0.060629921 -5 -1.488189,0.058564007 -4.9843078 -1.488189,
  0.052507052 -4.969685 -1.488189,0.042871828 -4.9571282 -1.488189,
  0.030314961 -4.9474929 -1.488189,0.015692178 -4.941436 -1.488189] }
 coordIndex [
  9,1,0,-1,9,2,1,-1,9,3,2,-1,9,4,3,-1,9,5,4,-1,9,6,5,-1,9,7,6,-1,9,8,7,-1,
  9,11,10,-1,9,12,11,-1,9,13,12,-1,9,14,13,-1,9,15,14,-1,9,16,15,-1,9,17,16,-1,9,18,17,-1,
  9,19,18,-1,9,20,19,-1,9,21,20,-1,9,22,21,-1,9,23,22,-1,9,0,23,-1]
  normalPerVertex TRUE
  normal DEF NORM_277 Normal { vector [
  0 0 -1,0 0 -1,
  0 0 -1,0 0 -1,
  0 0 -1,0 0 -1,
  0 0 -1,0 0 -1,
  0 0 -1,0 0 -1,
  0 0 -1,0 0 -1,
  0 0 -1,0 0 -1,
  0 0 -1,0 0 -1,
  0 0 -1,0 0 -1,
  0 0 -1,0 0 -1,
  0 0 -1,0 0 -1,
  0 0 -1,0 0 -1] }
}
}
DEF SHAPE_278 Shape {
 appearance USE APP_2
 geometry DEF FACE_278 IndexedFaceSet {
  coord DEF COORD_278 Coordinate { point [
  0 -5.9393701 -1.488189,-0.015692178 -5.941436 -1.488189,
  -0.030314961 -5.9474929 -1.488189,-0.042871828 -5.9571282 -1.488189,
  -0.052507052 -5.969685 -1.488189,-0.058564007 -5.9843078 -1.488189,
  -0.060629921 -6 -1.488189,-0.058564007 -6.0156922 -1.488189,
  -0.052507052 -6.030315 -1.488189,-0.042871828 -6.0428718 -1.488189,
  -0.030314961 -6.0525071 -1.488189,-0.015692178 -6.058564 -1.488189,
  0 -6.0606299 -1.488189,0.015692178 -6.058564 -1.488189,
  0.030314961 -6.0525071 -1.488189,0.042871828 -6.0428718 -1.488189,
  0.052507052 -6.030315 -1.488189,0.058564007 -6.0156922 -1.488189,
  0.060629921 -6 -1.488189,0.058564007 -5.9843078 -1.488189,
  0.052507052 -5.969685 -1.488189,0.042871828 -5.9571282 -1.488189,
  0.030314961 -5.9474929 -1.488189,0.015692178 -5.941436 -1.488189] }
 coordIndex [
  9,1,0,-1,9,2,1,-1,9,3,2,-1,9,4,3,-1,9,5,4,-1,9,6,5,-1,9,7,6,-1,9,8,7,-1,
  9,11,10,-1,9,12,11,-1,9,13,12,-1,9,14,13,-1,9,15,14,-1,9,16,15,-1,9,17,16,-1,9,18,17,-1,
  9,19,18,-1,9,20,19,-1,9,21,20,-1,9,22,21,-1,9,23,22,-1,9,0,23,-1]
  normalPerVertex TRUE
  normal DEF NORM_278 Normal { vector [
  0 0 -1,0 0 -1,
  0 0 -1,0 0 -1,
  0 0 -1,0 0 -1,
  0 0 -1,0 0 -1,
  0 0 -1,0 0 -1,
  0 0 -1,0 0 -1,
  0 0 -1,0 0 -1,
  0 0 -1,0 0 -1,
  0 0 -1,0 0 -1,
  0 0 -1,0 0 -1,
  0 0 -1,0 0 -1,
  0 0 -1,0 0 -1] }
}
}
DEF SHAPE_279 Shape {
 appearance USE APP_2
 geometry DEF FACE_279 IndexedFaceSet {
  coord DEF COORD_279 Coordinate { point [
  3 -6.0606299 -1.488189,3.0156922 -6.058564 -1.488189,
  3.030315 -6.0525071 -1.488189,3.0428718 -6.0428718 -1.488189,
  3.0525071 -6.030315 -1.488189,3.058564 -6.0156922 -1.488189,
  3.0606299 -6 -1.488189,3.058564 -5.9843078 -1.488189,
  3.0525071 -5.969685 -1.488189,3.0428718 -5.9571282 -1.488189,
  3.030315 -5.9474929 -1.488189,3.0156922 -5.941436 -1.488189,
  3 -5.9393701 -1.488189,2.9843078 -5.941436 -1.488189,
  2.969685 -5.9474929 -1.488189,2.9571282 -5.9571282 -1.488189,
  2.9474929 -5.969685 -1.488189,2.941436 -5.9843078 -1.488189,
  2.9393701 -6 -1.488189,2.941436 -6.0156922 -1.488189,
  2.9474929 -6.030315 -1.488189,2.9571282 -6.0428718 -1.488189,
  2.969685 -6.0525071 -1.488189,2.9843078 -6.058564 -1.488189] }
 coordIndex [
  9,1,0,-1,9,2,1,-1,9,3,2,-1,9,4,3,-1,9,5,4,-1,9,6,5,-1,9,7,6,-1,9,8,7,-1,
  9,11,10,-1,9,12,11,-1,9,13,12,-1,9,14,13,-1,9,15,14,-1,9,16,15,-1,9,17,16,-1,9,18,17,-1,
  9,19,18,-1,9,20,19,-1,9,21,20,-1,9,22,21,-1,9,23,22,-1,9,0,23,-1]
  normalPerVertex TRUE
  normal DEF NORM_279 Normal { vector [
  0 0 -1,0 0 -1,
  0 0 -1,0 0 -1,
  0 0 -1,0 0 -1,
  0 0 -1,0 0 -1,
  0 0 -1,0 0 -1,
  0 0 -1,0 0 -1,
  0 0 -1,0 0 -1,
  0 0 -1,0 0 -1,
  0 0 -1,0 0 -1,
  0 0 -1,0 0 -1,
  0 0 -1,0 0 -1,
  0 0 -1,0 0 -1] }
}
}
] }
] }
] }
