#VRML V2.0 utf8
DEF TXFM_1 Transform {
  center 0 0 0
  rotation 0 0 1 0
  scale 1 1 1
  scaleOrientation 0 0 1 0
  translation 0 0 0
 children [
DEF TXFM_2 Transform {
  center 0 0 0
  rotation 0 0 1 0
  scale 1 1 1
  scaleOrientation 0 0 1 0
  translation 0 0 0
 children [
DEF TXFM_3 Transform {
  center 0 0 0
  rotation 0 0 1 0
  scale 1 1 1
  scaleOrientation 0 0 1 0
  translation 0 0 0
 children [
DEF SHAPE_1 Shape {
 appearance DEF APP_1 Appearance {
  material Material {
   ambientIntensity 0.686634
   diffuseColor 0.148 0.145 0.145
   emissiveColor 0 0 0
   shininess 0.1
   specularColor 0.12 0.12 0.12
   transparency 0
} }
 geometry DEF FACE_1 IndexedFaceSet {
  coord DEF COORD_1 Coordinate { point [
  0.59055118 0.5 0.1,1.5905512 0.5 0.1,
  1.5905512 0.4 0,0.59055118 0.4 0] }
 coordIndex [
  3,0,1,-1,3,1,2,-1]
  normalPerVertex TRUE
  normal DEF NORM_1 Normal { vector [
  0 0.70710678 -0.70710678,0 0.70710678 -0.70710678,
  0 0.70710678 -0.70710678,0 0.70710678 -0.70710678] }
}
}
DEF SHAPE_2 Shape {
 appearance USE APP_1
 geometry DEF FACE_2 IndexedFaceSet {
  coord DEF COORD_2 Coordinate { point [
  0.59055118 0.5 0.9,1.5905512 0.5 0.9,
  1.5905512 0.5 0.1,0.59055118 0.5 0.1] }
 coordIndex [
  3,0,1,-1,3,1,2,-1]
  normalPerVertex TRUE
  normal DEF NORM_2 Normal { vector [
  0 1 0,0 1 0,
  0 1 0,0 1 0] }
}
}
DEF SHAPE_3 Shape {
 appearance USE APP_1
 geometry DEF FACE_3 IndexedFaceSet {
  coord DEF COORD_3 Coordinate { point [
  0.59055118 0.4 0,1.5905512 0.4 0,
  1.5905512 -0.4 0,0.59055118 -0.4 0] }
 coordIndex [
  3,0,1,-1,3,1,2,-1]
  normalPerVertex TRUE
  normal DEF NORM_3 Normal { vector [
  0 0 -1,0 0 -1,
  0 0 -1,0 0 -1] }
}
}
DEF SHAPE_4 Shape {
 appearance USE APP_1
 geometry DEF FACE_4 IndexedFaceSet {
  coord DEF COORD_4 Coordinate { point [
  0.59055118 0.5 0.1,0.59055118 0.4 0,
  0.59055118 -0.4 0,0.59055118 -0.5 0.1,
  0.59055118 -0.6 0,0.59055118 -1.4 0,
  0.59055118 -1.5 0.1,0.59055118 -1.6 0,
  0.59055118 -2.4 0,0.59055118 -2.5 0.1,
  0.59055118 -2.6 0,0.59055118 -3.4 0,
  0.59055118 -3.5 0.1,0.59055118 -3.6 0,
  0.59055118 -4.4 0,0.59055118 -4.5 0.1,
  0.59055118 -4.6 0,0.59055118 -5.4 0,
  0.59055118 -5.5 0.1,0.59055118 -5.6 0,
  0.59055118 -6.4 0,0.59055118 -6.5 0.1,
  0.59055118 -6.6 0,0.59055118 -7.4 0,
  0.59055118 -7.5 0.1,0.59055118 -7.6 0,
  0.59055118 -8.4 0,0.59055118 -8.5 0.1,
  0.59055118 -8.6 0,0.59055118 -9.4 0,
  0.59055118 -9.5 0.1,0.59055118 -9.6 0,
  0.59055118 -10.4 0,0.59055118 -10.5 0.1,
  0.59055118 -10.6 0,0.59055118 -11.4 0,
  0.59055118 -11.5 0.1,0.59055118 -11.6 0,
  0.59055118 -12.4 0,0.59055118 -12.5 0.1,
  0.59055118 -12.6 0,0.59055118 -13.4 0,
  0.59055118 -13.5 0.1,0.59055118 -13.6 0,
  0.59055118 -14.4 0,0.59055118 -14.5 0.1,
  0.59055118 -14.6 0,0.59055118 -15.4 0,
  0.59055118 -15.5 0.1,0.59055118 -15.6 0,
  0.59055118 -16.4 0,0.59055118 -16.5 0.1,
  0.59055118 -16.6 0,0.59055118 -17.4 0,
  0.59055118 -17.5 0.1,0.59055118 -17.6 0,
  0.59055118 -18.4 0,0.59055118 -18.5 0.1,
  0.59055118 -18.6 0,0.59055118 -19.4 0,
  0.59055118 -19.5 0.1,0.59055118 -19.6 0,
  0.59055118 -20.4 0,0.59055118 -20.5 0.1,
  0.59055118 -20.6 0,0.59055118 -21.4 0,
  0.59055118 -21.5 0.1,0.59055118 -21.6 0,
  0.59055118 -22.4 0,0.59055118 -22.5 0.1,
  0.59055118 -22.6 0,0.59055118 -23.4 0,
  0.59055118 -23.5 0.1,0.59055118 -23.6 0,
  0.59055118 -24.4 0,0.59055118 -24.5 0.1,
  0.59055118 -24.6 0,0.59055118 -25.4 0,
  0.59055118 -25.5 0.1,0.59055118 -25.6 0,
  0.59055118 -26.4 0,0.59055118 -26.5 0.1,
  0.59055118 -26.6 0,0.59055118 -27.4 0,
  0.59055118 -27.5 0.1,0.59055118 -27.6 0,
  0.59055118 -28.4 0,0.59055118 -28.5 0.1,
  0.59055118 -28.6 0,0.59055118 -29.4 0,
  0.59055118 -29.5 0.1,0.59055118 -29.6 0,
  0.59055118 -30.4 0,0.59055118 -30.5 0.1,
  0.59055118 -30.6 0,0.59055118 -31.4 0,
  0.59055118 -31.5 0.1,0.59055118 -31.6 0,
  0.59055118 -32.4 0,0.59055118 -32.5 0.1,
  0.59055118 -32.6 0,0.59055118 -33.4 0,
  0.59055118 -33.5 0.1,0.59055118 -33.6 0,
  0.59055118 -34.4 0,0.59055118 -34.5 0.1,
  0.59055118 -34.6 0,0.59055118 -35.4 0,
  0.59055118 -35.5 0.1,0.59055118 -35.6 0,
  0.59055118 -36.4 0,0.59055118 -36.5 0.1,
  0.59055118 -36.6 0,0.59055118 -37.4 0,
  0.59055118 -37.5 0.1,0.59055118 -37.6 0,
  0.59055118 -38.4 0,0.59055118 -38.5 0.1,
  0.59055118 -38.5 0.9,0.59055118 -38.4 1,
  0.59055118 -37.6 1,0.59055118 -37.5 0.9,
  0.59055118 -37.4 1,0.59055118 -36.6 1,
  0.59055118 -36.5 0.9,0.59055118 -36.4 1,
  0.59055118 -35.6 1,0.59055118 -35.5 0.9,
  0.59055118 -35.4 1,0.59055118 -34.6 1,
  0.59055118 -34.5 0.9,0.59055118 -34.4 1,
  0.59055118 -33.6 1,0.59055118 -33.5 0.9,
  0.59055118 -33.4 1,0.59055118 -32.6 1,
  0.59055118 -32.5 0.9,0.59055118 -32.4 1,
  0.59055118 -31.6 1,0.59055118 -31.5 0.9,
  0.59055118 -31.4 1,0.59055118 -30.6 1,
  0.59055118 -30.5 0.9,0.59055118 -30.4 1,
  0.59055118 -29.6 1,0.59055118 -29.5 0.9,
  0.59055118 -29.4 1,0.59055118 -28.6 1,
  0.59055118 -28.5 0.9,0.59055118 -28.4 1,
  0.59055118 -27.6 1,0.59055118 -27.5 0.9,
  0.59055118 -27.4 1,0.59055118 -26.6 1,
  0.59055118 -26.5 0.9,0.59055118 -26.4 1,
  0.59055118 -25.6 1,0.59055118 -25.5 0.9,
  0.59055118 -25.4 1,0.59055118 -24.6 1,
  0.59055118 -24.5 0.9,0.59055118 -24.4 1,
  0.59055118 -23.6 1,0.59055118 -23.5 0.9,
  0.59055118 -23.4 1,0.59055118 -22.6 1,
  0.59055118 -22.5 0.9,0.59055118 -22.4 1,
  0.59055118 -21.6 1,0.59055118 -21.5 0.9,
  0.59055118 -21.4 1,0.59055118 -20.6 1,
  0.59055118 -20.5 0.9,0.59055118 -20.4 1,
  0.59055118 -19.6 1,0.59055118 -19.5 0.9,
  0.59055118 -19.4 1,0.59055118 -18.6 1,
  0.59055118 -18.5 0.9,0.59055118 -18.4 1,
  0.59055118 -17.6 1,0.59055118 -17.5 0.9,
  0.59055118 -17.4 1,0.59055118 -16.6 1,
  0.59055118 -16.5 0.9,0.59055118 -16.4 1,
  0.59055118 -15.6 1,0.59055118 -15.5 0.9,
  0.59055118 -15.4 1,0.59055118 -14.6 1,
  0.59055118 -14.5 0.9,0.59055118 -14.4 1,
  0.59055118 -13.6 1,0.59055118 -13.5 0.9,
  0.59055118 -13.4 1,0.59055118 -12.6 1,
  0.59055118 -12.5 0.9,0.59055118 -12.4 1,
  0.59055118 -11.6 1,0.59055118 -11.5 0.9,
  0.59055118 -11.4 1,0.59055118 -10.6 1,
  0.59055118 -10.5 0.9,0.59055118 -10.4 1,
  0.59055118 -9.6 1,0.59055118 -9.5 0.9,
  0.59055118 -9.4 1,0.59055118 -8.6 1,
  0.59055118 -8.5 0.9,0.59055118 -8.4 1,
  0.59055118 -7.6 1,0.59055118 -7.5 0.9,
  0.59055118 -7.4 1,0.59055118 -6.6 1,
  0.59055118 -6.5 0.9,0.59055118 -6.4 1,
  0.59055118 -5.6 1,0.59055118 -5.5 0.9,
  0.59055118 -5.4 1,0.59055118 -4.6 1,
  0.59055118 -4.5 0.9,0.59055118 -4.4 1,
  0.59055118 -3.6 1,0.59055118 -3.5 0.9,
  0.59055118 -3.4 1,0.59055118 -2.6 1,
  0.59055118 -2.5 0.9,0.59055118 -2.4 1,
  0.59055118 -1.6 1,0.59055118 -1.5 0.9,
  0.59055118 -1.4 1,0.59055118 -0.6 1,
  0.59055118 -0.5 0.9,0.59055118 -0.4 1,
  0.59055118 0.4 1,0.59055118 0.5 0.9,
  0.59055118 -28.125984 0.62598425,0.59055118 -27.874016 0.62598425,
  0.59055118 -28.125984 0.37401575,0.59055118 -27.874016 0.37401575,
  0.59055118 -27.125984 0.62598425,0.59055118 -26.874016 0.62598425,
  0.59055118 -27.125984 0.37401575,0.59055118 -26.874016 0.37401575,
  0.59055118 -25.125984 0.62598425,0.59055118 -24.874016 0.62598425,
  0.59055118 -25.125984 0.37401575,0.59055118 -24.874016 0.37401575,
  0.59055118 -26.125984 0.62598425,0.59055118 -25.874016 0.62598425,
  0.59055118 -26.125984 0.37401575,0.59055118 -25.874016 0.37401575,
  0.59055118 -21.125984 0.62598425,0.59055118 -20.874016 0.62598425,
  0.59055118 -21.125984 0.37401575,0.59055118 -20.874016 0.37401575,
  0.59055118 -21.874016 0.37401575,0.59055118 -22.125984 0.37401575,
  0.59055118 -21.874016 0.62598425,0.59055118 -22.125984 0.62598425,
  0.59055118 -23.125984 0.62598425,0.59055118 -22.874016 0.62598425,
  0.59055118 -23.125984 0.37401575,0.59055118 -22.874016 0.37401575,
  0.59055118 -24.125984 0.62598425,0.59055118 -23.874016 0.62598425,
  0.59055118 -24.125984 0.37401575,0.59055118 -23.874016 0.37401575,
  0.59055118 -19.874016 0.37401575,0.59055118 -20.125984 0.37401575,
  0.59055118 -19.874016 0.62598425,0.59055118 -20.125984 0.62598425,
  0.59055118 -10.874016 0.37401575,0.59055118 -11.125984 0.37401575,
  0.59055118 -10.874016 0.62598425,0.59055118 -11.125984 0.62598425,
  0.59055118 -12.125984 0.62598425,0.59055118 -11.874016 0.62598425,
  0.59055118 -12.125984 0.37401575,0.59055118 -11.874016 0.37401575,
  0.59055118 -14.125984 0.62598425,0.59055118 -13.874016 0.62598425,
  0.59055118 -14.125984 0.37401575,0.59055118 -13.874016 0.37401575,
  0.59055118 -12.874016 0.37401575,0.59055118 -13.125984 0.37401575,
  0.59055118 -12.874016 0.62598425,0.59055118 -13.125984 0.62598425,
  0.59055118 -15.125984 0.62598425,0.59055118 -14.874016 0.62598425,
  0.59055118 -15.125984 0.37401575,0.59055118 -14.874016 0.37401575,
  0.59055118 -15.874016 0.62598425,0.59055118 -15.874016 0.37401575,
  0.59055118 -16.125984 0.62598425,0.59055118 -16.125984 0.37401575,
  0.59055118 -17.874016 0.62598425,0.59055118 -17.874016 0.37401575,
  0.59055118 -18.125984 0.62598425,0.59055118 -18.125984 0.37401575,
  0.59055118 -17.125984 0.62598425,0.59055118 -16.874016 0.62598425,
  0.59055118 -17.125984 0.37401575,0.59055118 -16.874016 0.37401575,
  0.59055118 -18.874016 0.62598425,0.59055118 -18.874016 0.37401575,
  0.59055118 -19.125984 0.62598425,0.59055118 -19.125984 0.37401575,
  0.59055118 -7.8740157 0.37401575,0.59055118 -8.1259843 0.37401575,
  0.59055118 -7.8740157 0.62598425,0.59055118 -8.1259843 0.62598425,
  0.59055118 -9.1259843 0.62598425,0.59055118 -8.8740157 0.62598425,
  0.59055118 -9.1259843 0.37401575,0.59055118 -8.8740157 0.37401575,
  0.59055118 -10.125984 0.62598425,0.59055118 -9.8740157 0.62598425,
  0.59055118 -10.125984 0.37401575,0.59055118 -9.8740157 0.37401575,
  0.59055118 -4.8740157 0.37401575,0.59055118 -5.1259843 0.37401575,
  0.59055118 -4.8740157 0.62598425,0.59055118 -5.1259843 0.62598425,
  0.59055118 -5.8740157 0.37401575,0.59055118 -6.1259843 0.37401575,
  0.59055118 -5.8740157 0.62598425,0.59055118 -6.1259843 0.62598425,
  0.59055118 -7.1259843 0.62598425,0.59055118 -6.8740157 0.62598425,
  0.59055118 -7.1259843 0.37401575,0.59055118 -6.8740157 0.37401575,
  0.59055118 -30.125984 0.62598425,0.59055118 -29.874016 0.62598425,
  0.59055118 -30.125984 0.37401575,0.59055118 -29.874016 0.37401575,
  0.59055118 -29.125984 0.62598425,0.59055118 -28.874016 0.62598425,
  0.59055118 -29.125984 0.37401575,0.59055118 -28.874016 0.37401575,
  0.59055118 -34.874016 0.62598425,0.59055118 -34.874016 0.37401575,
  0.59055118 -35.125984 0.62598425,0.59055118 -35.125984 0.37401575,
  0.59055118 -33.874016 0.37401575,0.59055118 -34.125984 0.37401575,
  0.59055118 -33.874016 0.62598425,0.59055118 -34.125984 0.62598425,
  0.59055118 -33.125984 0.62598425,0.59055118 -32.874016 0.62598425,
  0.59055118 -33.125984 0.37401575,0.59055118 -32.874016 0.37401575,
  0.59055118 -31.125984 0.62598425,0.59055118 -30.874016 0.62598425,
  0.59055118 -31.125984 0.37401575,0.59055118 -30.874016 0.37401575,
  0.59055118 -31.874016 0.62598425,0.59055118 -31.874016 0.37401575,
  0.59055118 -32.125984 0.62598425,0.59055118 -32.125984 0.37401575,
  0.59055118 -1.8740157 0.37401575,0.59055118 -2.1259843 0.37401575,
  0.59055118 -1.8740157 0.62598425,0.59055118 -2.1259843 0.62598425,
  0.59055118 -3.1259843 0.62598425,0.59055118 -2.8740157 0.62598425,
  0.59055118 -3.1259843 0.37401575,0.59055118 -2.8740157 0.37401575,
  0.59055118 -3.8740157 0.37401575,0.59055118 -4.1259843 0.37401575,
  0.59055118 -3.8740157 0.62598425,0.59055118 -4.1259843 0.62598425,
  0.59055118 -0.87401575 0.62598425,0.59055118 -0.87401575 0.37401575,
  0.59055118 -1.1259843 0.62598425,0.59055118 -1.1259843 0.37401575,
  0.59055118 -37.125984 0.62598425,0.59055118 -36.874016 0.62598425,
  0.59055118 -37.125984 0.37401575,0.59055118 -36.874016 0.37401575,
  0.59055118 -36.125984 0.62598425,0.59055118 -35.874016 0.62598425,
  0.59055118 -36.125984 0.37401575,0.59055118 -35.874016 0.37401575,
  0.59055118 -37.874016 0.37401575,0.59055118 -38.125984 0.37401575,
  0.59055118 -37.874016 0.62598425,0.59055118 -38.125984 0.62598425,
  0.59055118 0.12598425 0.62598425,0.59055118 0.12598425 0.37401575,
  0.59055118 -0.12598425 0.62598425,0.59055118 -0.12598425 0.37401575] }
 coordIndex [
  388,234,235,-1,389,235,0,-1,389,388,235,-1,390,233,234,-1,390,234,388,-1,1,389,0,-1,232,233,390,-1,391,389,1,-1,
  372,232,390,-1,372,231,232,-1,2,391,1,-1,3,391,2,-1,373,372,390,-1,373,391,3,-1,373,390,391,-1,374,231,372,-1,
  374,230,231,-1,4,373,3,-1,229,230,374,-1,375,373,4,-1,362,228,229,-1,362,229,374,-1,5,375,4,-1,6,375,5,-1,
  360,362,374,-1,360,375,6,-1,360,374,375,-1,363,227,228,-1,363,228,362,-1,7,360,6,-1,226,227,363,-1,365,225,226,-1,
  365,226,363,-1,365,363,361,-1,8,360,7,-1,8,361,360,-1,9,361,8,-1,367,365,361,-1,367,361,9,-1,364,224,225,-1,
  364,225,365,-1,223,224,364,-1,10,367,9,-1,370,222,223,-1,370,364,366,-1,370,223,364,-1,11,367,10,-1,11,366,367,-1,
  11,12,366,-1,368,370,366,-1,368,366,12,-1,371,221,222,-1,371,222,370,-1,220,221,371,-1,13,368,12,-1,369,368,13,-1,
  322,219,220,-1,322,371,369,-1,322,220,371,-1,14,369,13,-1,14,15,369,-1,320,322,369,-1,320,369,15,-1,323,218,219,-1,
  323,219,322,-1,16,320,15,-1,217,218,323,-1,326,217,323,-1,326,216,217,-1,326,323,321,-1,17,320,16,-1,17,18,321,-1,
  17,321,320,-1,327,216,326,-1,327,215,216,-1,324,326,321,-1,324,321,18,-1,19,324,18,-1,214,215,327,-1,329,213,214,-1,
  329,214,327,-1,20,325,324,-1,20,324,19,-1,21,325,20,-1,328,212,213,-1,328,213,329,-1,331,327,325,-1,331,325,21,-1,
  331,329,327,-1,22,331,21,-1,211,212,328,-1,330,331,22,-1,310,210,211,-1,310,211,328,-1,23,330,22,-1,24,330,23,-1,
  308,328,330,-1,308,310,328,-1,308,330,24,-1,311,209,210,-1,311,210,310,-1,25,308,24,-1,208,209,311,-1,313,207,208,-1,
  313,208,311,-1,26,309,308,-1,26,308,25,-1,27,309,26,-1,312,206,207,-1,312,207,313,-1,315,311,309,-1,315,313,311,-1,
  315,309,27,-1,205,206,312,-1,28,315,27,-1,317,204,205,-1,317,312,314,-1,317,205,312,-1,29,314,315,-1,29,315,28,-1,
  30,314,29,-1,319,317,314,-1,319,314,30,-1,316,203,204,-1,316,204,317,-1,31,319,30,-1,202,203,316,-1,274,201,202,-1,
  274,202,316,-1,274,316,318,-1,32,319,31,-1,32,318,319,-1,33,318,32,-1,275,201,274,-1,275,200,201,-1,272,274,318,-1,
  272,318,33,-1,199,200,275,-1,34,272,33,-1,273,272,34,-1,277,199,275,-1,277,198,199,-1,35,273,34,-1,36,273,35,-1,
  279,277,275,-1,279,273,36,-1,279,275,273,-1,276,198,277,-1,276,197,198,-1,37,279,36,-1,196,197,276,-1,278,279,37,-1,
  286,196,276,-1,286,195,196,-1,38,278,37,-1,39,278,38,-1,194,195,286,-1,284,286,276,-1,284,278,39,-1,284,276,278,-1,
  287,194,286,-1,40,284,39,-1,193,194,287,-1,281,193,287,-1,281,192,193,-1,41,284,40,-1,41,42,285,-1,41,285,284,-1,
  191,192,281,-1,280,191,281,-1,283,281,287,-1,283,285,42,-1,283,287,285,-1,43,283,42,-1,190,191,280,-1,289,190,280,-1,
  289,189,190,-1,44,283,43,-1,44,282,283,-1,44,45,282,-1,288,188,189,-1,288,189,289,-1,291,280,282,-1,291,282,45,-1,
  291,289,280,-1,187,188,288,-1,46,291,45,-1,292,187,288,-1,292,186,187,-1,47,291,46,-1,47,290,291,-1,48,290,47,-1,
  293,290,48,-1,293,288,290,-1,293,292,288,-1,294,186,292,-1,294,185,186,-1,184,185,294,-1,49,293,48,-1,301,184,294,-1,
  301,183,184,-1,301,294,295,-1,182,183,301,-1,50,293,49,-1,50,295,293,-1,51,295,50,-1,303,301,295,-1,303,295,51,-1,
  300,182,301,-1,181,182,300,-1,52,303,51,-1,296,181,300,-1,296,180,181,-1,179,180,296,-1,53,302,303,-1,53,303,52,-1,
  54,302,53,-1,298,179,296,-1,297,296,300,-1,297,302,54,-1,297,300,302,-1,55,297,54,-1,178,179,298,-1,304,178,298,-1,
  304,177,178,-1,56,297,55,-1,56,299,297,-1,57,299,56,-1,306,177,304,-1,306,176,177,-1,305,304,298,-1,305,299,57,-1,
  305,298,299,-1,175,176,306,-1,58,305,57,-1,270,306,307,-1,270,174,175,-1,270,175,306,-1,59,307,305,-1,59,305,58,-1,
  60,307,59,-1,268,270,307,-1,268,307,60,-1,271,173,174,-1,271,174,270,-1,172,173,271,-1,61,268,60,-1,269,268,61,-1,
  253,171,172,-1,253,172,271,-1,62,63,269,-1,62,269,61,-1,252,171,253,-1,252,170,171,-1,255,253,271,-1,255,269,63,-1,
  255,271,269,-1,169,170,252,-1,64,255,63,-1,254,255,64,-1,258,169,252,-1,258,168,169,-1,65,254,64,-1,65,66,254,-1,
  256,258,252,-1,256,254,66,-1,256,252,254,-1,259,168,258,-1,259,167,168,-1,67,256,66,-1,166,167,259,-1,261,166,259,-1,
  261,165,166,-1,68,256,67,-1,68,257,256,-1,69,257,68,-1,164,165,261,-1,260,164,261,-1,263,261,259,-1,263,257,69,-1,
  263,259,257,-1,163,164,260,-1,70,263,69,-1,265,162,163,-1,265,163,260,-1,71,263,70,-1,71,262,263,-1,72,262,71,-1,
  264,161,162,-1,264,162,265,-1,267,265,260,-1,267,260,262,-1,267,262,72,-1,160,161,264,-1,73,267,72,-1,266,267,73,-1,
  245,159,160,-1,245,160,264,-1,74,266,73,-1,74,75,266,-1,244,158,159,-1,244,159,245,-1,247,264,266,-1,247,245,264,-1,
  247,266,75,-1,76,247,75,-1,157,158,244,-1,249,157,244,-1,249,156,157,-1,77,78,246,-1,77,246,247,-1,77,247,76,-1,
  248,156,249,-1,248,155,156,-1,251,249,244,-1,251,246,78,-1,251,244,246,-1,154,155,248,-1,79,251,78,-1,241,154,248,-1,
  241,248,250,-1,241,153,154,-1,80,251,79,-1,80,250,251,-1,81,250,80,-1,243,241,250,-1,243,250,81,-1,240,153,241,-1,
  240,152,153,-1,151,152,240,-1,82,243,81,-1,237,151,240,-1,237,150,151,-1,83,242,243,-1,83,243,82,-1,83,84,242,-1,
  239,240,242,-1,239,237,240,-1,239,242,84,-1,236,149,150,-1,236,150,237,-1,148,149,236,-1,85,239,84,-1,337,236,238,-1,
  337,147,148,-1,337,148,236,-1,86,238,239,-1,86,239,85,-1,86,87,238,-1,336,146,147,-1,336,147,337,-1,339,337,238,-1,
  339,238,87,-1,145,146,336,-1,88,339,87,-1,333,144,145,-1,333,145,336,-1,89,338,339,-1,89,339,88,-1,90,338,89,-1,
  332,143,144,-1,332,144,333,-1,335,336,338,-1,335,338,90,-1,335,333,336,-1,142,143,332,-1,91,335,90,-1,334,335,91,-1,
  353,142,332,-1,353,141,142,-1,92,334,91,-1,93,334,92,-1,355,353,332,-1,355,334,93,-1,355,332,334,-1,352,141,353,-1,
  352,140,141,-1,139,140,352,-1,94,355,93,-1,354,355,94,-1,356,139,352,-1,356,138,139,-1,95,354,94,-1,95,96,354,-1,
  357,354,96,-1,357,356,352,-1,357,352,354,-1,358,138,356,-1,358,137,138,-1,136,137,358,-1,97,357,96,-1,359,357,97,-1,
  349,135,136,-1,349,136,358,-1,349,358,359,-1,98,99,359,-1,98,359,97,-1,348,134,135,-1,348,135,349,-1,351,359,99,-1,
  351,349,359,-1,133,134,348,-1,100,351,99,-1,350,351,100,-1,346,132,133,-1,346,133,348,-1,101,350,100,-1,102,350,101,-1,
  344,348,350,-1,344,346,348,-1,344,350,102,-1,347,131,132,-1,347,132,346,-1,130,131,347,-1,103,344,102,-1,345,344,103,-1,
  340,129,130,-1,340,130,347,-1,104,345,103,-1,104,105,345,-1,341,347,345,-1,341,340,347,-1,341,345,105,-1,342,128,129,-1,
  342,129,340,-1,127,128,342,-1,106,341,105,-1,343,341,106,-1,381,127,342,-1,381,126,127,-1,107,343,106,-1,107,108,343,-1,
  380,126,381,-1,380,125,126,-1,383,342,343,-1,383,343,108,-1,383,381,342,-1,124,125,380,-1,109,383,108,-1,377,124,380,-1,
  377,123,124,-1,122,123,377,-1,110,383,109,-1,110,111,382,-1,110,382,383,-1,376,122,377,-1,379,377,380,-1,379,382,111,-1,
  379,380,382,-1,112,379,111,-1,121,122,376,-1,378,379,112,-1,386,120,121,-1,386,121,376,-1,113,378,112,-1,114,378,113,-1,
  384,386,376,-1,384,378,114,-1,384,376,378,-1,387,119,120,-1,387,120,386,-1,115,384,114,-1,118,119,387,-1,385,384,115,-1,
  385,118,387,-1,117,118,385,-1,116,385,115,-1,116,117,385,-1]
  normalPerVertex TRUE
  normal DEF NORM_4 Normal { vector [
  -1 0 0,-1 0 0,
  -1 0 0,-1 0 0,
  -1 0 0,-1 0 0,
  -1 0 0,-1 0 0,
  -1 0 0,-1 0 0,
  -1 0 0,-1 0 0,
  -1 0 0,-1 0 0,
  -1 0 0,-1 0 0,
  -1 0 0,-1 0 0,
  -1 0 0,-1 0 0,
  -1 0 0,-1 0 0,
  -1 0 0,-1 0 0,
  -1 0 0,-1 0 0,
  -1 0 0,-1 0 0,
  -1 0 0,-1 0 0,
  -1 0 0,-1 0 0,
  -1 0 0,-1 0 0,
  -1 0 0,-1 0 0,
  -1 0 0,-1 0 0,
  -1 0 0,-1 0 0,
  -1 0 0,-1 0 0,
  -1 0 0,-1 0 0,
  -1 0 0,-1 0 0,
  -1 0 0,-1 0 0,
  -1 0 0,-1 0 0,
  -1 0 0,-1 0 0,
  -1 0 0,-1 0 0,
  -1 0 0,-1 0 0,
  -1 0 0,-1 0 0,
  -1 0 0,-1 0 0,
  -1 0 0,-1 0 0,
  -1 0 0,-1 0 0,
  -1 0 0,-1 0 0,
  -1 0 0,-1 0 0,
  -1 0 0,-1 0 0,
  -1 0 0,-1 0 0,
  -1 0 0,-1 0 0,
  -1 0 0,-1 0 0,
  -1 0 0,-1 0 0,
  -1 0 0,-1 0 0,
  -1 0 0,-1 0 0,
  -1 0 0,-1 0 0,
  -1 0 0,-1 0 0,
  -1 0 0,-1 0 0,
  -1 0 0,-1 0 0,
  -1 0 0,-1 0 0,
  -1 0 0,-1 0 0,
  -1 0 0,-1 0 0,
  -1 0 0,-1 0 0,
  -1 0 0,-1 0 0,
  -1 0 0,-1 0 0,
  -1 0 0,-1 0 0,
  -1 0 0,-1 0 0,
  -1 0 0,-1 0 0,
  -1 0 0,-1 0 0,
  -1 0 0,-1 0 0,
  -1 0 0,-1 0 0,
  -1 0 0,-1 0 0,
  -1 0 0,-1 0 0,
  -1 0 0,-1 0 0,
  -1 0 0,-1 0 0,
  -1 0 0,-1 0 0,
  -1 0 0,-1 0 0,
  -1 0 0,-1 0 0,
  -1 0 0,-1 0 0,
  -1 0 0,-1 0 0,
  -1 0 0,-1 0 0,
  -1 0 0,-1 0 0,
  -1 0 0,-1 0 0,
  -1 0 0,-1 0 0,
  -1 0 0,-1 0 0,
  -1 0 0,-1 0 0,
  -1 0 0,-1 0 0,
  -1 0 0,-1 0 0,
  -1 0 0,-1 0 0,
  -1 0 0,-1 0 0,
  -1 0 0,-1 0 0,
  -1 0 0,-1 0 0,
  -1 0 0,-1 0 0,
  -1 0 0,-1 0 0,
  -1 0 0,-1 0 0,
  -1 0 0,-1 0 0,
  -1 0 0,-1 0 0,
  -1 0 0,-1 0 0,
  -1 0 0,-1 0 0,
  -1 0 0,-1 0 0,
  -1 0 0,-1 0 0,
  -1 0 0,-1 0 0,
  -1 0 0,-1 0 0,
  -1 0 0,-1 0 0,
  -1 0 0,-1 0 0,
  -1 0 0,-1 0 0,
  -1 0 0,-1 0 0,
  -1 0 0,-1 0 0,
  -1 0 0,-1 0 0,
  -1 0 0,-1 0 0,
  -1 0 0,-1 0 0,
  -1 0 0,-1 0 0,
  -1 0 0,-1 0 0,
  -1 0 0,-1 0 0,
  -1 0 0,-1 0 0,
  -1 0 0,-1 0 0,
  -1 0 0,-1 0 0,
  -1 0 0,-1 0 0,
  -1 0 0,-1 0 0,
  -1 0 0,-1 0 0,
  -1 0 0,-1 0 0,
  -1 0 0,-1 0 0,
  -1 0 0,-1 0 0,
  -1 0 0,-1 0 0,
  -1 0 0,-1 0 0,
  -1 0 0,-1 0 0,
  -1 0 0,-1 0 0,
  -1 0 0,-1 0 0,
  -1 0 0,-1 0 0,
  -1 0 0,-1 0 0,
  -1 0 0,-1 0 0,
  -1 0 0,-1 0 0,
  -1 0 0,-1 0 0,
  -1 0 0,-1 0 0,
  -1 0 0,-1 0 0,
  -1 0 0,-1 0 0,
  -1 0 0,-1 0 0,
  -1 0 0,-1 0 0,
  -1 0 0,-1 0 0,
  -1 0 0,-1 0 0,
  -1 0 0,-1 0 0,
  -1 0 0,-1 0 0,
  -1 0 0,-1 0 0,
  -1 0 0,-1 0 0,
  -1 0 0,-1 0 0,
  -1 0 0,-1 0 0,
  -1 0 0,-1 0 0,
  -1 0 0,-1 0 0,
  -1 0 0,-1 0 0,
  -1 0 0,-1 0 0,
  -1 0 0,-1 0 0,
  -1 0 0,-1 0 0,
  -1 0 0,-1 0 0,
  -1 0 0,-1 0 0,
  -1 0 0,-1 0 0,
  -1 0 0,-1 0 0,
  -1 0 0,-1 0 0,
  -1 0 0,-1 0 0,
  -1 0 0,-1 0 0,
  -1 0 0,-1 0 0,
  -1 0 0,-1 0 0,
  -1 0 0,-1 0 0,
  -1 0 0,-1 0 0,
  -1 0 0,-1 0 0,
  -1 0 0,-1 0 0,
  -1 0 0,-1 0 0,
  -1 0 0,-1 0 0,
  -1 0 0,-1 0 0,
  -1 0 0,-1 0 0,
  -1 0 0,-1 0 0,
  -1 0 0,-1 0 0,
  -1 0 0,-1 0 0,
  -1 0 0,-1 0 0,
  -1 0 0,-1 0 0,
  -1 0 0,-1 0 0,
  -1 0 0,-1 0 0,
  -1 0 0,-1 0 0,
  -1 0 0,-1 0 0,
  -1 0 0,-1 0 0,
  -1 0 0,-1 0 0,
  -1 0 0,-1 0 0,
  -1 0 0,-1 0 0,
  -1 0 0,-1 0 0,
  -1 0 0,-1 0 0,
  -1 0 0,-1 0 0,
  -1 0 0,-1 0 0,
  -1 0 0,-1 0 0,
  -1 0 0,-1 0 0,
  -1 0 0,-1 0 0,
  -1 0 0,-1 0 0,
  -1 0 0,-1 0 0,
  -1 0 0,-1 0 0,
  -1 0 0,-1 0 0,
  -1 0 0,-1 0 0,
  -1 0 0,-1 0 0,
  -1 0 0,-1 0 0,
  -1 0 0,-1 0 0,
  -1 0 0,-1 0 0,
  -1 0 0,-1 0 0,
  -1 0 0,-1 0 0,
  -1 0 0,-1 0 0,
  -1 0 0,-1 0 0,
  -1 0 0,-1 0 0,
  -1 0 0,-1 0 0,
  -1 0 0,-1 0 0,
  -1 0 0,-1 0 0,
  -1 0 0,-1 0 0,
  -1 0 0,-1 0 0,
  -1 0 0,-1 0 0,
  -1 0 0,-1 0 0] }
}
}
DEF SHAPE_5 Shape {
 appearance USE APP_1
 geometry DEF FACE_5 IndexedFaceSet {
  coord DEF COORD_5 Coordinate { point [
  1.5905512 0.5 0.1,1.5905512 0.4 0,
  1.5905512 -0.4 0,1.5905512 -0.5 0.1,
  1.5905512 -0.6 0,1.5905512 -1.4 0,
  1.5905512 -1.5 0.1,1.5905512 -1.6 0,
  1.5905512 -2.4 0,1.5905512 -2.5 0.1,
  1.5905512 -2.6 0,1.5905512 -3.4 0,
  1.5905512 -3.5 0.1,1.5905512 -3.6 0,
  1.5905512 -4.4 0,1.5905512 -4.5 0.1,
  1.5905512 -4.6 0,1.5905512 -5.4 0,
  1.5905512 -5.5 0.1,1.5905512 -5.6 0,
  1.5905512 -6.4 0,1.5905512 -6.5 0.1,
  1.5905512 -6.6 0,1.5905512 -7.4 0,
  1.5905512 -7.5 0.1,1.5905512 -7.6 0,
  1.5905512 -8.4 0,1.5905512 -8.5 0.1,
  1.5905512 -8.6 0,1.5905512 -9.4 0,
  1.5905512 -9.5 0.1,1.5905512 -9.6 0,
  1.5905512 -10.4 0,1.5905512 -10.5 0.1,
  1.5905512 -10.6 0,1.5905512 -11.4 0,
  1.5905512 -11.5 0.1,1.5905512 -11.6 0,
  1.5905512 -12.4 0,1.5905512 -12.5 0.1,
  1.5905512 -12.6 0,1.5905512 -13.4 0,
  1.5905512 -13.5 0.1,1.5905512 -13.6 0,
  1.5905512 -14.4 0,1.5905512 -14.5 0.1,
  1.5905512 -14.6 0,1.5905512 -15.4 0,
  1.5905512 -15.5 0.1,1.5905512 -15.6 0,
  1.5905512 -16.4 0,1.5905512 -16.5 0.1,
  1.5905512 -16.6 0,1.5905512 -17.4 0,
  1.5905512 -17.5 0.1,1.5905512 -17.6 0,
  1.5905512 -18.4 0,1.5905512 -18.5 0.1,
  1.5905512 -18.6 0,1.5905512 -19.4 0,
  1.5905512 -19.5 0.1,1.5905512 -19.6 0,
  1.5905512 -20.4 0,1.5905512 -20.5 0.1,
  1.5905512 -20.6 0,1.5905512 -21.4 0,
  1.5905512 -21.5 0.1,1.5905512 -21.6 0,
  1.5905512 -22.4 0,1.5905512 -22.5 0.1,
  1.5905512 -22.6 0,1.5905512 -23.4 0,
  1.5905512 -23.5 0.1,1.5905512 -23.6 0,
  1.5905512 -24.4 0,1.5905512 -24.5 0.1,
  1.5905512 -24.6 0,1.5905512 -25.4 0,
  1.5905512 -25.5 0.1,1.5905512 -25.6 0,
  1.5905512 -26.4 0,1.5905512 -26.5 0.1,
  1.5905512 -26.6 0,1.5905512 -27.4 0,
  1.5905512 -27.5 0.1,1.5905512 -27.6 0,
  1.5905512 -28.4 0,1.5905512 -28.5 0.1,
  1.5905512 -28.6 0,1.5905512 -29.4 0,
  1.5905512 -29.5 0.1,1.5905512 -29.6 0,
  1.5905512 -30.4 0,1.5905512 -30.5 0.1,
  1.5905512 -30.6 0,1.5905512 -31.4 0,
  1.5905512 -31.5 0.1,1.5905512 -31.6 0,
  1.5905512 -32.4 0,1.5905512 -32.5 0.1,
  1.5905512 -32.6 0,1.5905512 -33.4 0,
  1.5905512 -33.5 0.1,1.5905512 -33.6 0,
  1.5905512 -34.4 0,1.5905512 -34.5 0.1,
  1.5905512 -34.6 0,1.5905512 -35.4 0,
  1.5905512 -35.5 0.1,1.5905512 -35.6 0,
  1.5905512 -36.4 0,1.5905512 -36.5 0.1,
  1.5905512 -36.6 0,1.5905512 -37.4 0,
  1.5905512 -37.5 0.1,1.5905512 -37.6 0,
  1.5905512 -38.4 0,1.5905512 -38.5 0.1,
  1.5905512 -38.5 0.9,1.5905512 -38.4 1,
  1.5905512 -37.6 1,1.5905512 -37.5 0.9,
  1.5905512 -37.4 1,1.5905512 -36.6 1,
  1.5905512 -36.5 0.9,1.5905512 -36.4 1,
  1.5905512 -35.6 1,1.5905512 -35.5 0.9,
  1.5905512 -35.4 1,1.5905512 -34.6 1,
  1.5905512 -34.5 0.9,1.5905512 -34.4 1,
  1.5905512 -33.6 1,1.5905512 -33.5 0.9,
  1.5905512 -33.4 1,1.5905512 -32.6 1,
  1.5905512 -32.5 0.9,1.5905512 -32.4 1,
  1.5905512 -31.6 1,1.5905512 -31.5 0.9,
  1.5905512 -31.4 1,1.5905512 -30.6 1,
  1.5905512 -30.5 0.9,1.5905512 -30.4 1,
  1.5905512 -29.6 1,1.5905512 -29.5 0.9,
  1.5905512 -29.4 1,1.5905512 -28.6 1,
  1.5905512 -28.5 0.9,1.5905512 -28.4 1,
  1.5905512 -27.6 1,1.5905512 -27.5 0.9,
  1.5905512 -27.4 1,1.5905512 -26.6 1,
  1.5905512 -26.5 0.9,1.5905512 -26.4 1,
  1.5905512 -25.6 1,1.5905512 -25.5 0.9,
  1.5905512 -25.4 1,1.5905512 -24.6 1,
  1.5905512 -24.5 0.9,1.5905512 -24.4 1,
  1.5905512 -23.6 1,1.5905512 -23.5 0.9,
  1.5905512 -23.4 1,1.5905512 -22.6 1,
  1.5905512 -22.5 0.9,1.5905512 -22.4 1,
  1.5905512 -21.6 1,1.5905512 -21.5 0.9,
  1.5905512 -21.4 1,1.5905512 -20.6 1,
  1.5905512 -20.5 0.9,1.5905512 -20.4 1,
  1.5905512 -19.6 1,1.5905512 -19.5 0.9,
  1.5905512 -19.4 1,1.5905512 -18.6 1,
  1.5905512 -18.5 0.9,1.5905512 -18.4 1,
  1.5905512 -17.6 1,1.5905512 -17.5 0.9,
  1.5905512 -17.4 1,1.5905512 -16.6 1,
  1.5905512 -16.5 0.9,1.5905512 -16.4 1,
  1.5905512 -15.6 1,1.5905512 -15.5 0.9,
  1.5905512 -15.4 1,1.5905512 -14.6 1,
  1.5905512 -14.5 0.9,1.5905512 -14.4 1,
  1.5905512 -13.6 1,1.5905512 -13.5 0.9,
  1.5905512 -13.4 1,1.5905512 -12.6 1,
  1.5905512 -12.5 0.9,1.5905512 -12.4 1,
  1.5905512 -11.6 1,1.5905512 -11.5 0.9,
  1.5905512 -11.4 1,1.5905512 -10.6 1,
  1.5905512 -10.5 0.9,1.5905512 -10.4 1,
  1.5905512 -9.6 1,1.5905512 -9.5 0.9,
  1.5905512 -9.4 1,1.5905512 -8.6 1,
  1.5905512 -8.5 0.9,1.5905512 -8.4 1,
  1.5905512 -7.6 1,1.5905512 -7.5 0.9,
  1.5905512 -7.4 1,1.5905512 -6.6 1,
  1.5905512 -6.5 0.9,1.5905512 -6.4 1,
  1.5905512 -5.6 1,1.5905512 -5.5 0.9,
  1.5905512 -5.4 1,1.5905512 -4.6 1,
  1.5905512 -4.5 0.9,1.5905512 -4.4 1,
  1.5905512 -3.6 1,1.5905512 -3.5 0.9,
  1.5905512 -3.4 1,1.5905512 -2.6 1,
  1.5905512 -2.5 0.9,1.5905512 -2.4 1,
  1.5905512 -1.6 1,1.5905512 -1.5 0.9,
  1.5905512 -1.4 1,1.5905512 -0.6 1,
  1.5905512 -0.5 0.9,1.5905512 -0.4 1,
  1.5905512 0.4 1,1.5905512 0.5 0.9,
  1.5905512 -28.125984 0.62598425,1.5905512 -27.874016 0.62598425,
  1.5905512 -28.125984 0.37401575,1.5905512 -27.874016 0.37401575,
  1.5905512 -27.125984 0.62598425,1.5905512 -26.874016 0.62598425,
  1.5905512 -27.125984 0.37401575,1.5905512 -26.874016 0.37401575,
  1.5905512 -25.125984 0.62598425,1.5905512 -24.874016 0.62598425,
  1.5905512 -25.125984 0.37401575,1.5905512 -24.874016 0.37401575,
  1.5905512 -26.125984 0.62598425,1.5905512 -25.874016 0.62598425,
  1.5905512 -26.125984 0.37401575,1.5905512 -25.874016 0.37401575,
  1.5905512 -21.125984 0.62598425,1.5905512 -20.874016 0.62598425,
  1.5905512 -21.125984 0.37401575,1.5905512 -20.874016 0.37401575,
  1.5905512 -21.874016 0.37401575,1.5905512 -22.125984 0.37401575,
  1.5905512 -21.874016 0.62598425,1.5905512 -22.125984 0.62598425,
  1.5905512 -23.125984 0.62598425,1.5905512 -22.874016 0.62598425,
  1.5905512 -23.125984 0.37401575,1.5905512 -22.874016 0.37401575,
  1.5905512 -24.125984 0.62598425,1.5905512 -23.874016 0.62598425,
  1.5905512 -24.125984 0.37401575,1.5905512 -23.874016 0.37401575,
  1.5905512 -19.874016 0.37401575,1.5905512 -20.125984 0.37401575,
  1.5905512 -19.874016 0.62598425,1.5905512 -20.125984 0.62598425,
  1.5905512 -10.874016 0.37401575,1.5905512 -11.125984 0.37401575,
  1.5905512 -10.874016 0.62598425,1.5905512 -11.125984 0.62598425,
  1.5905512 -12.125984 0.62598425,1.5905512 -11.874016 0.62598425,
  1.5905512 -12.125984 0.37401575,1.5905512 -11.874016 0.37401575,
  1.5905512 -14.125984 0.62598425,1.5905512 -13.874016 0.62598425,
  1.5905512 -14.125984 0.37401575,1.5905512 -13.874016 0.37401575,
  1.5905512 -12.874016 0.37401575,1.5905512 -13.125984 0.37401575,
  1.5905512 -12.874016 0.62598425,1.5905512 -13.125984 0.62598425,
  1.5905512 -15.125984 0.62598425,1.5905512 -14.874016 0.62598425,
  1.5905512 -15.125984 0.37401575,1.5905512 -14.874016 0.37401575,
  1.5905512 -15.874016 0.62598425,1.5905512 -15.874016 0.37401575,
  1.5905512 -16.125984 0.62598425,1.5905512 -16.125984 0.37401575,
  1.5905512 -17.874016 0.62598425,1.5905512 -17.874016 0.37401575,
  1.5905512 -18.125984 0.62598425,1.5905512 -18.125984 0.37401575,
  1.5905512 -17.125984 0.62598425,1.5905512 -16.874016 0.62598425,
  1.5905512 -17.125984 0.37401575,1.5905512 -16.874016 0.37401575,
  1.5905512 -18.874016 0.62598425,1.5905512 -18.874016 0.37401575,
  1.5905512 -19.125984 0.62598425,1.5905512 -19.125984 0.37401575,
  1.5905512 -7.8740157 0.37401575,1.5905512 -8.1259843 0.37401575,
  1.5905512 -7.8740157 0.62598425,1.5905512 -8.1259843 0.62598425,
  1.5905512 -9.1259843 0.62598425,1.5905512 -8.8740157 0.62598425,
  1.5905512 -9.1259843 0.37401575,1.5905512 -8.8740157 0.37401575,
  1.5905512 -10.125984 0.62598425,1.5905512 -9.8740157 0.62598425,
  1.5905512 -10.125984 0.37401575,1.5905512 -9.8740157 0.37401575,
  1.5905512 -4.8740157 0.37401575,1.5905512 -5.1259843 0.37401575,
  1.5905512 -4.8740157 0.62598425,1.5905512 -5.1259843 0.62598425,
  1.5905512 -5.8740157 0.37401575,1.5905512 -6.1259843 0.37401575,
  1.5905512 -5.8740157 0.62598425,1.5905512 -6.1259843 0.62598425,
  1.5905512 -7.1259843 0.62598425,1.5905512 -6.8740157 0.62598425,
  1.5905512 -7.1259843 0.37401575,1.5905512 -6.8740157 0.37401575,
  1.5905512 -30.125984 0.62598425,1.5905512 -29.874016 0.62598425,
  1.5905512 -30.125984 0.37401575,1.5905512 -29.874016 0.37401575,
  1.5905512 -29.125984 0.62598425,1.5905512 -28.874016 0.62598425,
  1.5905512 -29.125984 0.37401575,1.5905512 -28.874016 0.37401575,
  1.5905512 -34.874016 0.62598425,1.5905512 -34.874016 0.37401575,
  1.5905512 -35.125984 0.62598425,1.5905512 -35.125984 0.37401575,
  1.5905512 -33.874016 0.37401575,1.5905512 -34.125984 0.37401575,
  1.5905512 -33.874016 0.62598425,1.5905512 -34.125984 0.62598425,
  1.5905512 -33.125984 0.62598425,1.5905512 -32.874016 0.62598425,
  1.5905512 -33.125984 0.37401575,1.5905512 -32.874016 0.37401575,
  1.5905512 -31.125984 0.62598425,1.5905512 -30.874016 0.62598425,
  1.5905512 -31.125984 0.37401575,1.5905512 -30.874016 0.37401575,
  1.5905512 -31.874016 0.62598425,1.5905512 -31.874016 0.37401575,
  1.5905512 -32.125984 0.62598425,1.5905512 -32.125984 0.37401575,
  1.5905512 -1.8740157 0.37401575,1.5905512 -2.1259843 0.37401575,
  1.5905512 -1.8740157 0.62598425,1.5905512 -2.1259843 0.62598425,
  1.5905512 -3.1259843 0.62598425,1.5905512 -2.8740157 0.62598425,
  1.5905512 -3.1259843 0.37401575,1.5905512 -2.8740157 0.37401575,
  1.5905512 -3.8740157 0.37401575,1.5905512 -4.1259843 0.37401575,
  1.5905512 -3.8740157 0.62598425,1.5905512 -4.1259843 0.62598425,
  1.5905512 -0.87401575 0.62598425,1.5905512 -0.87401575 0.37401575,
  1.5905512 -1.1259843 0.62598425,1.5905512 -1.1259843 0.37401575,
  1.5905512 -37.125984 0.62598425,1.5905512 -36.874016 0.62598425,
  1.5905512 -37.125984 0.37401575,1.5905512 -36.874016 0.37401575,
  1.5905512 -36.125984 0.62598425,1.5905512 -35.874016 0.62598425,
  1.5905512 -36.125984 0.37401575,1.5905512 -35.874016 0.37401575,
  1.5905512 -37.874016 0.37401575,1.5905512 -38.125984 0.37401575,
  1.5905512 -37.874016 0.62598425,1.5905512 -38.125984 0.62598425,
  1.5905512 0.12598425 0.62598425,1.5905512 0.12598425 0.37401575,
  1.5905512 -0.12598425 0.62598425,1.5905512 -0.12598425 0.37401575] }
 coordIndex [
  388,235,234,-1,389,0,235,-1,389,235,388,-1,390,234,233,-1,390,388,234,-1,1,0,389,-1,232,390,233,-1,391,1,389,-1,
  372,390,232,-1,372,232,231,-1,2,1,391,-1,3,2,391,-1,373,390,372,-1,373,3,391,-1,373,391,390,-1,374,372,231,-1,
  374,231,230,-1,4,3,373,-1,229,374,230,-1,375,4,373,-1,362,229,228,-1,362,374,229,-1,5,4,375,-1,6,5,375,-1,
  360,374,362,-1,360,6,375,-1,360,375,374,-1,363,228,227,-1,363,362,228,-1,7,6,360,-1,226,363,227,-1,365,226,225,-1,
  365,363,226,-1,365,361,363,-1,8,7,360,-1,8,360,361,-1,9,8,361,-1,367,361,365,-1,367,9,361,-1,364,225,224,-1,
  364,365,225,-1,223,364,224,-1,10,9,367,-1,370,223,222,-1,370,366,364,-1,370,364,223,-1,11,10,367,-1,11,367,366,-1,
  11,366,12,-1,368,366,370,-1,368,12,366,-1,371,222,221,-1,371,370,222,-1,220,371,221,-1,13,12,368,-1,369,13,368,-1,
  322,220,219,-1,322,369,371,-1,322,371,220,-1,14,13,369,-1,14,369,15,-1,320,369,322,-1,320,15,369,-1,323,219,218,-1,
  323,322,219,-1,16,15,320,-1,217,323,218,-1,326,323,217,-1,326,217,216,-1,326,321,323,-1,17,16,320,-1,17,321,18,-1,
  17,320,321,-1,327,326,216,-1,327,216,215,-1,324,321,326,-1,324,18,321,-1,19,18,324,-1,214,327,215,-1,329,214,213,-1,
  329,327,214,-1,20,324,325,-1,20,19,324,-1,21,20,325,-1,328,213,212,-1,328,329,213,-1,331,325,327,-1,331,21,325,-1,
  331,327,329,-1,22,21,331,-1,211,328,212,-1,330,22,331,-1,310,211,210,-1,310,328,211,-1,23,22,330,-1,24,23,330,-1,
  308,330,328,-1,308,328,310,-1,308,24,330,-1,311,210,209,-1,311,310,210,-1,25,24,308,-1,208,311,209,-1,313,208,207,-1,
  313,311,208,-1,26,308,309,-1,26,25,308,-1,27,26,309,-1,312,207,206,-1,312,313,207,-1,315,309,311,-1,315,311,313,-1,
  315,27,309,-1,205,312,206,-1,28,27,315,-1,317,205,204,-1,317,314,312,-1,317,312,205,-1,29,315,314,-1,29,28,315,-1,
  30,29,314,-1,319,314,317,-1,319,30,314,-1,316,204,203,-1,316,317,204,-1,31,30,319,-1,202,316,203,-1,274,202,201,-1,
  274,316,202,-1,274,318,316,-1,32,31,319,-1,32,319,318,-1,33,32,318,-1,275,274,201,-1,275,201,200,-1,272,318,274,-1,
  272,33,318,-1,199,275,200,-1,34,33,272,-1,273,34,272,-1,277,275,199,-1,277,199,198,-1,35,34,273,-1,36,35,273,-1,
  279,275,277,-1,279,36,273,-1,279,273,275,-1,276,277,198,-1,276,198,197,-1,37,36,279,-1,196,276,197,-1,278,37,279,-1,
  286,276,196,-1,286,196,195,-1,38,37,278,-1,39,38,278,-1,194,286,195,-1,284,276,286,-1,284,39,278,-1,284,278,276,-1,
  287,286,194,-1,40,39,284,-1,193,287,194,-1,281,287,193,-1,281,193,192,-1,41,40,284,-1,41,285,42,-1,41,284,285,-1,
  191,281,192,-1,280,281,191,-1,283,287,281,-1,283,42,285,-1,283,285,287,-1,43,42,283,-1,190,280,191,-1,289,280,190,-1,
  289,190,189,-1,44,43,283,-1,44,283,282,-1,44,282,45,-1,288,189,188,-1,288,289,189,-1,291,282,280,-1,291,45,282,-1,
  291,280,289,-1,187,288,188,-1,46,45,291,-1,292,288,187,-1,292,187,186,-1,47,46,291,-1,47,291,290,-1,48,47,290,-1,
  293,48,290,-1,293,290,288,-1,293,288,292,-1,294,292,186,-1,294,186,185,-1,184,294,185,-1,49,48,293,-1,301,294,184,-1,
  301,184,183,-1,301,295,294,-1,182,301,183,-1,50,49,293,-1,50,293,295,-1,51,50,295,-1,303,295,301,-1,303,51,295,-1,
  300,301,182,-1,181,300,182,-1,52,51,303,-1,296,300,181,-1,296,181,180,-1,179,296,180,-1,53,303,302,-1,53,52,303,-1,
  54,53,302,-1,298,296,179,-1,297,300,296,-1,297,54,302,-1,297,302,300,-1,55,54,297,-1,178,298,179,-1,304,298,178,-1,
  304,178,177,-1,56,55,297,-1,56,297,299,-1,57,56,299,-1,306,304,177,-1,306,177,176,-1,305,298,304,-1,305,57,299,-1,
  305,299,298,-1,175,306,176,-1,58,57,305,-1,270,307,306,-1,270,175,174,-1,270,306,175,-1,59,305,307,-1,59,58,305,-1,
  60,59,307,-1,268,307,270,-1,268,60,307,-1,271,174,173,-1,271,270,174,-1,172,271,173,-1,61,60,268,-1,269,61,268,-1,
  253,172,171,-1,253,271,172,-1,62,269,63,-1,62,61,269,-1,252,253,171,-1,252,171,170,-1,255,271,253,-1,255,63,269,-1,
  255,269,271,-1,169,252,170,-1,64,63,255,-1,254,64,255,-1,258,252,169,-1,258,169,168,-1,65,64,254,-1,65,254,66,-1,
  256,252,258,-1,256,66,254,-1,256,254,252,-1,259,258,168,-1,259,168,167,-1,67,66,256,-1,166,259,167,-1,261,259,166,-1,
  261,166,165,-1,68,67,256,-1,68,256,257,-1,69,68,257,-1,164,261,165,-1,260,261,164,-1,263,259,261,-1,263,69,257,-1,
  263,257,259,-1,163,260,164,-1,70,69,263,-1,265,163,162,-1,265,260,163,-1,71,70,263,-1,71,263,262,-1,72,71,262,-1,
  264,162,161,-1,264,265,162,-1,267,260,265,-1,267,262,260,-1,267,72,262,-1,160,264,161,-1,73,72,267,-1,266,73,267,-1,
  245,160,159,-1,245,264,160,-1,74,73,266,-1,74,266,75,-1,244,159,158,-1,244,245,159,-1,247,266,264,-1,247,264,245,-1,
  247,75,266,-1,76,75,247,-1,157,244,158,-1,249,244,157,-1,249,157,156,-1,77,246,78,-1,77,247,246,-1,77,76,247,-1,
  248,249,156,-1,248,156,155,-1,251,244,249,-1,251,78,246,-1,251,246,244,-1,154,248,155,-1,79,78,251,-1,241,248,154,-1,
  241,250,248,-1,241,154,153,-1,80,79,251,-1,80,251,250,-1,81,80,250,-1,243,250,241,-1,243,81,250,-1,240,241,153,-1,
  240,153,152,-1,151,240,152,-1,82,81,243,-1,237,240,151,-1,237,151,150,-1,83,243,242,-1,83,82,243,-1,83,242,84,-1,
  239,242,240,-1,239,240,237,-1,239,84,242,-1,236,150,149,-1,236,237,150,-1,148,236,149,-1,85,84,239,-1,337,238,236,-1,
  337,148,147,-1,337,236,148,-1,86,239,238,-1,86,85,239,-1,86,238,87,-1,336,147,146,-1,336,337,147,-1,339,238,337,-1,
  339,87,238,-1,145,336,146,-1,88,87,339,-1,333,145,144,-1,333,336,145,-1,89,339,338,-1,89,88,339,-1,90,89,338,-1,
  332,144,143,-1,332,333,144,-1,335,338,336,-1,335,90,338,-1,335,336,333,-1,142,332,143,-1,91,90,335,-1,334,91,335,-1,
  353,332,142,-1,353,142,141,-1,92,91,334,-1,93,92,334,-1,355,332,353,-1,355,93,334,-1,355,334,332,-1,352,353,141,-1,
  352,141,140,-1,139,352,140,-1,94,93,355,-1,354,94,355,-1,356,352,139,-1,356,139,138,-1,95,94,354,-1,95,354,96,-1,
  357,96,354,-1,357,352,356,-1,357,354,352,-1,358,356,138,-1,358,138,137,-1,136,358,137,-1,97,96,357,-1,359,97,357,-1,
  349,136,135,-1,349,358,136,-1,349,359,358,-1,98,359,99,-1,98,97,359,-1,348,135,134,-1,348,349,135,-1,351,99,359,-1,
  351,359,349,-1,133,348,134,-1,100,99,351,-1,350,100,351,-1,346,133,132,-1,346,348,133,-1,101,100,350,-1,102,101,350,-1,
  344,350,348,-1,344,348,346,-1,344,102,350,-1,347,132,131,-1,347,346,132,-1,130,347,131,-1,103,102,344,-1,345,103,344,-1,
  340,130,129,-1,340,347,130,-1,104,103,345,-1,104,345,105,-1,341,345,347,-1,341,347,340,-1,341,105,345,-1,342,129,128,-1,
  342,340,129,-1,127,342,128,-1,106,105,341,-1,343,106,341,-1,381,342,127,-1,381,127,126,-1,107,106,343,-1,107,343,108,-1,
  380,381,126,-1,380,126,125,-1,383,343,342,-1,383,108,343,-1,383,342,381,-1,124,380,125,-1,109,108,383,-1,377,380,124,-1,
  377,124,123,-1,122,377,123,-1,110,109,383,-1,110,382,111,-1,110,383,382,-1,376,377,122,-1,379,380,377,-1,379,111,382,-1,
  379,382,380,-1,112,111,379,-1,121,376,122,-1,378,112,379,-1,386,121,120,-1,386,376,121,-1,113,112,378,-1,114,113,378,-1,
  384,376,386,-1,384,114,378,-1,384,378,376,-1,387,120,119,-1,387,386,120,-1,115,114,384,-1,118,387,119,-1,385,115,384,-1,
  385,387,118,-1,117,385,118,-1,116,115,385,-1,116,385,117,-1]
  normalPerVertex TRUE
  normal DEF NORM_5 Normal { vector [
  1 0 0,1 0 0,
  1 0 0,1 0 0,
  1 0 0,1 0 0,
  1 0 0,1 0 0,
  1 0 0,1 0 0,
  1 0 0,1 0 0,
  1 0 0,1 0 0,
  1 0 0,1 0 0,
  1 0 0,1 0 0,
  1 0 0,1 0 0,
  1 0 0,1 0 0,
  1 0 0,1 0 0,
  1 0 0,1 0 0,
  1 0 0,1 0 0,
  1 0 0,1 0 0,
  1 0 0,1 0 0,
  1 0 0,1 0 0,
  1 0 0,1 0 0,
  1 0 0,1 0 0,
  1 0 0,1 0 0,
  1 0 0,1 0 0,
  1 0 0,1 0 0,
  1 0 0,1 0 0,
  1 0 0,1 0 0,
  1 0 0,1 0 0,
  1 0 0,1 0 0,
  1 0 0,1 0 0,
  1 0 0,1 0 0,
  1 0 0,1 0 0,
  1 0 0,1 0 0,
  1 0 0,1 0 0,
  1 0 0,1 0 0,
  1 0 0,1 0 0,
  1 0 0,1 0 0,
  1 0 0,1 0 0,
  1 0 0,1 0 0,
  1 0 0,1 0 0,
  1 0 0,1 0 0,
  1 0 0,1 0 0,
  1 0 0,1 0 0,
  1 0 0,1 0 0,
  1 0 0,1 0 0,
  1 0 0,1 0 0,
  1 0 0,1 0 0,
  1 0 0,1 0 0,
  1 0 0,1 0 0,
  1 0 0,1 0 0,
  1 0 0,1 0 0,
  1 0 0,1 0 0,
  1 0 0,1 0 0,
  1 0 0,1 0 0,
  1 0 0,1 0 0,
  1 0 0,1 0 0,
  1 0 0,1 0 0,
  1 0 0,1 0 0,
  1 0 0,1 0 0,
  1 0 0,1 0 0,
  1 0 0,1 0 0,
  1 0 0,1 0 0,
  1 0 0,1 0 0,
  1 0 0,1 0 0,
  1 0 0,1 0 0,
  1 0 0,1 0 0,
  1 0 0,1 0 0,
  1 0 0,1 0 0,
  1 0 0,1 0 0,
  1 0 0,1 0 0,
  1 0 0,1 0 0,
  1 0 0,1 0 0,
  1 0 0,1 0 0,
  1 0 0,1 0 0,
  1 0 0,1 0 0,
  1 0 0,1 0 0,
  1 0 0,1 0 0,
  1 0 0,1 0 0,
  1 0 0,1 0 0,
  1 0 0,1 0 0,
  1 0 0,1 0 0,
  1 0 0,1 0 0,
  1 0 0,1 0 0,
  1 0 0,1 0 0,
  1 0 0,1 0 0,
  1 0 0,1 0 0,
  1 0 0,1 0 0,
  1 0 0,1 0 0,
  1 0 0,1 0 0,
  1 0 0,1 0 0,
  1 0 0,1 0 0,
  1 0 0,1 0 0,
  1 0 0,1 0 0,
  1 0 0,1 0 0,
  1 0 0,1 0 0,
  1 0 0,1 0 0,
  1 0 0,1 0 0,
  1 0 0,1 0 0,
  1 0 0,1 0 0,
  1 0 0,1 0 0,
  1 0 0,1 0 0,
  1 0 0,1 0 0,
  1 0 0,1 0 0,
  1 0 0,1 0 0,
  1 0 0,1 0 0,
  1 0 0,1 0 0,
  1 0 0,1 0 0,
  1 0 0,1 0 0,
  1 0 0,1 0 0,
  1 0 0,1 0 0,
  1 0 0,1 0 0,
  1 0 0,1 0 0,
  1 0 0,1 0 0,
  1 0 0,1 0 0,
  1 0 0,1 0 0,
  1 0 0,1 0 0,
  1 0 0,1 0 0,
  1 0 0,1 0 0,
  1 0 0,1 0 0,
  1 0 0,1 0 0,
  1 0 0,1 0 0,
  1 0 0,1 0 0,
  1 0 0,1 0 0,
  1 0 0,1 0 0,
  1 0 0,1 0 0,
  1 0 0,1 0 0,
  1 0 0,1 0 0,
  1 0 0,1 0 0,
  1 0 0,1 0 0,
  1 0 0,1 0 0,
  1 0 0,1 0 0,
  1 0 0,1 0 0,
  1 0 0,1 0 0,
  1 0 0,1 0 0,
  1 0 0,1 0 0,
  1 0 0,1 0 0,
  1 0 0,1 0 0,
  1 0 0,1 0 0,
  1 0 0,1 0 0,
  1 0 0,1 0 0,
  1 0 0,1 0 0,
  1 0 0,1 0 0,
  1 0 0,1 0 0,
  1 0 0,1 0 0,
  1 0 0,1 0 0,
  1 0 0,1 0 0,
  1 0 0,1 0 0,
  1 0 0,1 0 0,
  1 0 0,1 0 0,
  1 0 0,1 0 0,
  1 0 0,1 0 0,
  1 0 0,1 0 0,
  1 0 0,1 0 0,
  1 0 0,1 0 0,
  1 0 0,1 0 0,
  1 0 0,1 0 0,
  1 0 0,1 0 0,
  1 0 0,1 0 0,
  1 0 0,1 0 0,
  1 0 0,1 0 0,
  1 0 0,1 0 0,
  1 0 0,1 0 0,
  1 0 0,1 0 0,
  1 0 0,1 0 0,
  1 0 0,1 0 0,
  1 0 0,1 0 0,
  1 0 0,1 0 0,
  1 0 0,1 0 0,
  1 0 0,1 0 0,
  1 0 0,1 0 0,
  1 0 0,1 0 0,
  1 0 0,1 0 0,
  1 0 0,1 0 0,
  1 0 0,1 0 0,
  1 0 0,1 0 0,
  1 0 0,1 0 0,
  1 0 0,1 0 0,
  1 0 0,1 0 0,
  1 0 0,1 0 0,
  1 0 0,1 0 0,
  1 0 0,1 0 0,
  1 0 0,1 0 0,
  1 0 0,1 0 0,
  1 0 0,1 0 0,
  1 0 0,1 0 0,
  1 0 0,1 0 0,
  1 0 0,1 0 0,
  1 0 0,1 0 0,
  1 0 0,1 0 0,
  1 0 0,1 0 0,
  1 0 0,1 0 0,
  1 0 0,1 0 0,
  1 0 0,1 0 0,
  1 0 0,1 0 0,
  1 0 0,1 0 0,
  1 0 0,1 0 0,
  1 0 0,1 0 0,
  1 0 0,1 0 0,
  1 0 0,1 0 0] }
}
}
DEF SHAPE_6 Shape {
 appearance USE APP_1
 geometry DEF FACE_6 IndexedFaceSet {
  coord DEF COORD_6 Coordinate { point [
  0.59055118 0.4 1,1.5905512 0.4 1,
  1.5905512 0.5 0.9,0.59055118 0.5 0.9] }
 coordIndex [
  3,0,1,-1,3,1,2,-1]
  normalPerVertex TRUE
  normal DEF NORM_6 Normal { vector [
  0 0.70710678 0.70710678,0 0.70710678 0.70710678,
  0 0.70710678 0.70710678,0 0.70710678 0.70710678] }
}
}
DEF SHAPE_7 Shape {
 appearance USE APP_1
 geometry DEF FACE_7 IndexedFaceSet {
  coord DEF COORD_7 Coordinate { point [
  0.59055118 -0.4 0,1.5905512 -0.4 0,
  1.5905512 -0.5 0.1,0.59055118 -0.5 0.1] }
 coordIndex [
  3,0,1,-1,3,1,2,-1]
  normalPerVertex TRUE
  normal DEF NORM_7 Normal { vector [
  0 -0.70710678 -0.70710678,0 -0.70710678 -0.70710678,
  0 -0.70710678 -0.70710678,0 -0.70710678 -0.70710678] }
}
}
DEF SHAPE_8 Shape {
 appearance USE APP_1
 geometry DEF FACE_8 IndexedFaceSet {
  coord DEF COORD_8 Coordinate { point [
  0.59055118 -0.4 1,1.5905512 -0.4 1,
  1.5905512 0.4 1,0.59055118 0.4 1] }
 coordIndex [
  3,0,1,-1,3,1,2,-1]
  normalPerVertex TRUE
  normal DEF NORM_8 Normal { vector [
  0 0 1,0 0 1,
  0 0 1,0 0 1] }
}
}
DEF SHAPE_9 Shape {
 appearance USE APP_1
 geometry DEF FACE_9 IndexedFaceSet {
  coord DEF COORD_9 Coordinate { point [
  0.59055118 -0.5 0.1,1.5905512 -0.5 0.1,
  1.5905512 -0.6 0,0.59055118 -0.6 0] }
 coordIndex [
  3,0,1,-1,3,1,2,-1]
  normalPerVertex TRUE
  normal DEF NORM_9 Normal { vector [
  0 0.70710678 -0.70710678,0 0.70710678 -0.70710678,
  0 0.70710678 -0.70710678,0 0.70710678 -0.70710678] }
}
}
DEF SHAPE_10 Shape {
 appearance USE APP_1
 geometry DEF FACE_10 IndexedFaceSet {
  coord DEF COORD_10 Coordinate { point [
  0.59055118 -0.5 0.9,1.5905512 -0.5 0.9,
  1.5905512 -0.4 1,0.59055118 -0.4 1] }
 coordIndex [
  3,0,1,-1,3,1,2,-1]
  normalPerVertex TRUE
  normal DEF NORM_10 Normal { vector [
  0 -0.70710678 0.70710678,0 -0.70710678 0.70710678,
  0 -0.70710678 0.70710678,0 -0.70710678 0.70710678] }
}
}
DEF SHAPE_11 Shape {
 appearance USE APP_1
 geometry DEF FACE_11 IndexedFaceSet {
  coord DEF COORD_11 Coordinate { point [
  0.59055118 -0.6 0,1.5905512 -0.6 0,
  1.5905512 -1.4 0,0.59055118 -1.4 0] }
 coordIndex [
  3,0,1,-1,3,1,2,-1]
  normalPerVertex TRUE
  normal DEF NORM_11 Normal { vector [
  0 0 -1,0 0 -1,
  0 0 -1,0 0 -1] }
}
}
DEF SHAPE_12 Shape {
 appearance USE APP_1
 geometry DEF FACE_12 IndexedFaceSet {
  coord DEF COORD_12 Coordinate { point [
  0.59055118 -0.6 1,1.5905512 -0.6 1,
  1.5905512 -0.5 0.9,0.59055118 -0.5 0.9] }
 coordIndex [
  3,0,1,-1,3,1,2,-1]
  normalPerVertex TRUE
  normal DEF NORM_12 Normal { vector [
  0 0.70710678 0.70710678,0 0.70710678 0.70710678,
  0 0.70710678 0.70710678,0 0.70710678 0.70710678] }
}
}
DEF SHAPE_13 Shape {
 appearance USE APP_1
 geometry DEF FACE_13 IndexedFaceSet {
  coord DEF COORD_13 Coordinate { point [
  0.59055118 -1.4 0,1.5905512 -1.4 0,
  1.5905512 -1.5 0.1,0.59055118 -1.5 0.1] }
 coordIndex [
  3,0,1,-1,3,1,2,-1]
  normalPerVertex TRUE
  normal DEF NORM_13 Normal { vector [
  0 -0.70710678 -0.70710678,0 -0.70710678 -0.70710678,
  0 -0.70710678 -0.70710678,0 -0.70710678 -0.70710678] }
}
}
DEF SHAPE_14 Shape {
 appearance USE APP_1
 geometry DEF FACE_14 IndexedFaceSet {
  coord DEF COORD_14 Coordinate { point [
  0.59055118 -1.4 1,1.5905512 -1.4 1,
  1.5905512 -0.6 1,0.59055118 -0.6 1] }
 coordIndex [
  3,0,1,-1,3,1,2,-1]
  normalPerVertex TRUE
  normal DEF NORM_14 Normal { vector [
  0 0 1,0 0 1,
  0 0 1,0 0 1] }
}
}
DEF SHAPE_15 Shape {
 appearance USE APP_1
 geometry DEF FACE_15 IndexedFaceSet {
  coord DEF COORD_15 Coordinate { point [
  0.59055118 -1.5 0.1,1.5905512 -1.5 0.1,
  1.5905512 -1.6 0,0.59055118 -1.6 0] }
 coordIndex [
  3,0,1,-1,3,1,2,-1]
  normalPerVertex TRUE
  normal DEF NORM_15 Normal { vector [
  0 0.70710678 -0.70710678,0 0.70710678 -0.70710678,
  0 0.70710678 -0.70710678,0 0.70710678 -0.70710678] }
}
}
DEF SHAPE_16 Shape {
 appearance USE APP_1
 geometry DEF FACE_16 IndexedFaceSet {
  coord DEF COORD_16 Coordinate { point [
  0.59055118 -1.5 0.9,1.5905512 -1.5 0.9,
  1.5905512 -1.4 1,0.59055118 -1.4 1] }
 coordIndex [
  3,0,1,-1,3,1,2,-1]
  normalPerVertex TRUE
  normal DEF NORM_16 Normal { vector [
  0 -0.70710678 0.70710678,0 -0.70710678 0.70710678,
  0 -0.70710678 0.70710678,0 -0.70710678 0.70710678] }
}
}
DEF SHAPE_17 Shape {
 appearance USE APP_1
 geometry DEF FACE_17 IndexedFaceSet {
  coord DEF COORD_17 Coordinate { point [
  0.59055118 -1.6 0,1.5905512 -1.6 0,
  1.5905512 -2.4 0,0.59055118 -2.4 0] }
 coordIndex [
  3,0,1,-1,3,1,2,-1]
  normalPerVertex TRUE
  normal DEF NORM_17 Normal { vector [
  0 0 -1,0 0 -1,
  0 0 -1,0 0 -1] }
}
}
DEF SHAPE_18 Shape {
 appearance USE APP_1
 geometry DEF FACE_18 IndexedFaceSet {
  coord DEF COORD_18 Coordinate { point [
  0.59055118 -1.6 1,1.5905512 -1.6 1,
  1.5905512 -1.5 0.9,0.59055118 -1.5 0.9] }
 coordIndex [
  3,0,1,-1,3,1,2,-1]
  normalPerVertex TRUE
  normal DEF NORM_18 Normal { vector [
  0 0.70710678 0.70710678,0 0.70710678 0.70710678,
  0 0.70710678 0.70710678,0 0.70710678 0.70710678] }
}
}
DEF SHAPE_19 Shape {
 appearance USE APP_1
 geometry DEF FACE_19 IndexedFaceSet {
  coord DEF COORD_19 Coordinate { point [
  0.59055118 -2.4 0,1.5905512 -2.4 0,
  1.5905512 -2.5 0.1,0.59055118 -2.5 0.1] }
 coordIndex [
  3,0,1,-1,3,1,2,-1]
  normalPerVertex TRUE
  normal DEF NORM_19 Normal { vector [
  0 -0.70710678 -0.70710678,0 -0.70710678 -0.70710678,
  0 -0.70710678 -0.70710678,0 -0.70710678 -0.70710678] }
}
}
DEF SHAPE_20 Shape {
 appearance USE APP_1
 geometry DEF FACE_20 IndexedFaceSet {
  coord DEF COORD_20 Coordinate { point [
  0.59055118 -2.4 1,1.5905512 -2.4 1,
  1.5905512 -1.6 1,0.59055118 -1.6 1] }
 coordIndex [
  3,0,1,-1,3,1,2,-1]
  normalPerVertex TRUE
  normal DEF NORM_20 Normal { vector [
  0 0 1,0 0 1,
  0 0 1,0 0 1] }
}
}
DEF SHAPE_21 Shape {
 appearance USE APP_1
 geometry DEF FACE_21 IndexedFaceSet {
  coord DEF COORD_21 Coordinate { point [
  0.59055118 -2.5 0.1,1.5905512 -2.5 0.1,
  1.5905512 -2.6 0,0.59055118 -2.6 0] }
 coordIndex [
  3,0,1,-1,3,1,2,-1]
  normalPerVertex TRUE
  normal DEF NORM_21 Normal { vector [
  0 0.70710678 -0.70710678,0 0.70710678 -0.70710678,
  0 0.70710678 -0.70710678,0 0.70710678 -0.70710678] }
}
}
DEF SHAPE_22 Shape {
 appearance USE APP_1
 geometry DEF FACE_22 IndexedFaceSet {
  coord DEF COORD_22 Coordinate { point [
  0.59055118 -2.5 0.9,1.5905512 -2.5 0.9,
  1.5905512 -2.4 1,0.59055118 -2.4 1] }
 coordIndex [
  3,0,1,-1,3,1,2,-1]
  normalPerVertex TRUE
  normal DEF NORM_22 Normal { vector [
  0 -0.70710678 0.70710678,0 -0.70710678 0.70710678,
  0 -0.70710678 0.70710678,0 -0.70710678 0.70710678] }
}
}
DEF SHAPE_23 Shape {
 appearance USE APP_1
 geometry DEF FACE_23 IndexedFaceSet {
  coord DEF COORD_23 Coordinate { point [
  0.59055118 -2.6 0,1.5905512 -2.6 0,
  1.5905512 -3.4 0,0.59055118 -3.4 0] }
 coordIndex [
  3,0,1,-1,3,1,2,-1]
  normalPerVertex TRUE
  normal DEF NORM_23 Normal { vector [
  0 0 -1,0 0 -1,
  0 0 -1,0 0 -1] }
}
}
DEF SHAPE_24 Shape {
 appearance USE APP_1
 geometry DEF FACE_24 IndexedFaceSet {
  coord DEF COORD_24 Coordinate { point [
  0.59055118 -2.6 1,1.5905512 -2.6 1,
  1.5905512 -2.5 0.9,0.59055118 -2.5 0.9] }
 coordIndex [
  3,0,1,-1,3,1,2,-1]
  normalPerVertex TRUE
  normal DEF NORM_24 Normal { vector [
  0 0.70710678 0.70710678,0 0.70710678 0.70710678,
  0 0.70710678 0.70710678,0 0.70710678 0.70710678] }
}
}
DEF SHAPE_25 Shape {
 appearance USE APP_1
 geometry DEF FACE_25 IndexedFaceSet {
  coord DEF COORD_25 Coordinate { point [
  0.59055118 -3.4 0,1.5905512 -3.4 0,
  1.5905512 -3.5 0.1,0.59055118 -3.5 0.1] }
 coordIndex [
  3,0,1,-1,3,1,2,-1]
  normalPerVertex TRUE
  normal DEF NORM_25 Normal { vector [
  0 -0.70710678 -0.70710678,0 -0.70710678 -0.70710678,
  0 -0.70710678 -0.70710678,0 -0.70710678 -0.70710678] }
}
}
DEF SHAPE_26 Shape {
 appearance USE APP_1
 geometry DEF FACE_26 IndexedFaceSet {
  coord DEF COORD_26 Coordinate { point [
  0.59055118 -3.4 1,1.5905512 -3.4 1,
  1.5905512 -2.6 1,0.59055118 -2.6 1] }
 coordIndex [
  3,0,1,-1,3,1,2,-1]
  normalPerVertex TRUE
  normal DEF NORM_26 Normal { vector [
  0 0 1,0 0 1,
  0 0 1,0 0 1] }
}
}
DEF SHAPE_27 Shape {
 appearance USE APP_1
 geometry DEF FACE_27 IndexedFaceSet {
  coord DEF COORD_27 Coordinate { point [
  0.59055118 -3.5 0.1,1.5905512 -3.5 0.1,
  1.5905512 -3.6 0,0.59055118 -3.6 0] }
 coordIndex [
  3,0,1,-1,3,1,2,-1]
  normalPerVertex TRUE
  normal DEF NORM_27 Normal { vector [
  0 0.70710678 -0.70710678,0 0.70710678 -0.70710678,
  0 0.70710678 -0.70710678,0 0.70710678 -0.70710678] }
}
}
DEF SHAPE_28 Shape {
 appearance USE APP_1
 geometry DEF FACE_28 IndexedFaceSet {
  coord DEF COORD_28 Coordinate { point [
  0.59055118 -3.5 0.9,1.5905512 -3.5 0.9,
  1.5905512 -3.4 1,0.59055118 -3.4 1] }
 coordIndex [
  3,0,1,-1,3,1,2,-1]
  normalPerVertex TRUE
  normal DEF NORM_28 Normal { vector [
  0 -0.70710678 0.70710678,0 -0.70710678 0.70710678,
  0 -0.70710678 0.70710678,0 -0.70710678 0.70710678] }
}
}
DEF SHAPE_29 Shape {
 appearance USE APP_1
 geometry DEF FACE_29 IndexedFaceSet {
  coord DEF COORD_29 Coordinate { point [
  0.59055118 -3.6 0,1.5905512 -3.6 0,
  1.5905512 -4.4 0,0.59055118 -4.4 0] }
 coordIndex [
  3,0,1,-1,3,1,2,-1]
  normalPerVertex TRUE
  normal DEF NORM_29 Normal { vector [
  0 0 -1,0 0 -1,
  0 0 -1,0 0 -1] }
}
}
DEF SHAPE_30 Shape {
 appearance USE APP_1
 geometry DEF FACE_30 IndexedFaceSet {
  coord DEF COORD_30 Coordinate { point [
  0.59055118 -3.6 1,1.5905512 -3.6 1,
  1.5905512 -3.5 0.9,0.59055118 -3.5 0.9] }
 coordIndex [
  3,0,1,-1,3,1,2,-1]
  normalPerVertex TRUE
  normal DEF NORM_30 Normal { vector [
  0 0.70710678 0.70710678,0 0.70710678 0.70710678,
  0 0.70710678 0.70710678,0 0.70710678 0.70710678] }
}
}
DEF SHAPE_31 Shape {
 appearance USE APP_1
 geometry DEF FACE_31 IndexedFaceSet {
  coord DEF COORD_31 Coordinate { point [
  0.59055118 -4.4 0,1.5905512 -4.4 0,
  1.5905512 -4.5 0.1,0.59055118 -4.5 0.1] }
 coordIndex [
  3,0,1,-1,3,1,2,-1]
  normalPerVertex TRUE
  normal DEF NORM_31 Normal { vector [
  0 -0.70710678 -0.70710678,0 -0.70710678 -0.70710678,
  0 -0.70710678 -0.70710678,0 -0.70710678 -0.70710678] }
}
}
DEF SHAPE_32 Shape {
 appearance USE APP_1
 geometry DEF FACE_32 IndexedFaceSet {
  coord DEF COORD_32 Coordinate { point [
  0.59055118 -4.4 1,1.5905512 -4.4 1,
  1.5905512 -3.6 1,0.59055118 -3.6 1] }
 coordIndex [
  3,0,1,-1,3,1,2,-1]
  normalPerVertex TRUE
  normal DEF NORM_32 Normal { vector [
  0 0 1,0 0 1,
  0 0 1,0 0 1] }
}
}
DEF SHAPE_33 Shape {
 appearance USE APP_1
 geometry DEF FACE_33 IndexedFaceSet {
  coord DEF COORD_33 Coordinate { point [
  0.59055118 -4.5 0.1,1.5905512 -4.5 0.1,
  1.5905512 -4.6 0,0.59055118 -4.6 0] }
 coordIndex [
  3,0,1,-1,3,1,2,-1]
  normalPerVertex TRUE
  normal DEF NORM_33 Normal { vector [
  0 0.70710678 -0.70710678,0 0.70710678 -0.70710678,
  0 0.70710678 -0.70710678,0 0.70710678 -0.70710678] }
}
}
DEF SHAPE_34 Shape {
 appearance USE APP_1
 geometry DEF FACE_34 IndexedFaceSet {
  coord DEF COORD_34 Coordinate { point [
  0.59055118 -4.5 0.9,1.5905512 -4.5 0.9,
  1.5905512 -4.4 1,0.59055118 -4.4 1] }
 coordIndex [
  3,0,1,-1,3,1,2,-1]
  normalPerVertex TRUE
  normal DEF NORM_34 Normal { vector [
  0 -0.70710678 0.70710678,0 -0.70710678 0.70710678,
  0 -0.70710678 0.70710678,0 -0.70710678 0.70710678] }
}
}
DEF SHAPE_35 Shape {
 appearance USE APP_1
 geometry DEF FACE_35 IndexedFaceSet {
  coord DEF COORD_35 Coordinate { point [
  0.59055118 -4.6 0,1.5905512 -4.6 0,
  1.5905512 -5.4 0,0.59055118 -5.4 0] }
 coordIndex [
  3,0,1,-1,3,1,2,-1]
  normalPerVertex TRUE
  normal DEF NORM_35 Normal { vector [
  0 0 -1,0 0 -1,
  0 0 -1,0 0 -1] }
}
}
DEF SHAPE_36 Shape {
 appearance USE APP_1
 geometry DEF FACE_36 IndexedFaceSet {
  coord DEF COORD_36 Coordinate { point [
  0.59055118 -4.6 1,1.5905512 -4.6 1,
  1.5905512 -4.5 0.9,0.59055118 -4.5 0.9] }
 coordIndex [
  3,0,1,-1,3,1,2,-1]
  normalPerVertex TRUE
  normal DEF NORM_36 Normal { vector [
  0 0.70710678 0.70710678,0 0.70710678 0.70710678,
  0 0.70710678 0.70710678,0 0.70710678 0.70710678] }
}
}
DEF SHAPE_37 Shape {
 appearance USE APP_1
 geometry DEF FACE_37 IndexedFaceSet {
  coord DEF COORD_37 Coordinate { point [
  0.59055118 -5.4 0,1.5905512 -5.4 0,
  1.5905512 -5.5 0.1,0.59055118 -5.5 0.1] }
 coordIndex [
  3,0,1,-1,3,1,2,-1]
  normalPerVertex TRUE
  normal DEF NORM_37 Normal { vector [
  0 -0.70710678 -0.70710678,0 -0.70710678 -0.70710678,
  0 -0.70710678 -0.70710678,0 -0.70710678 -0.70710678] }
}
}
DEF SHAPE_38 Shape {
 appearance USE APP_1
 geometry DEF FACE_38 IndexedFaceSet {
  coord DEF COORD_38 Coordinate { point [
  0.59055118 -5.4 1,1.5905512 -5.4 1,
  1.5905512 -4.6 1,0.59055118 -4.6 1] }
 coordIndex [
  3,0,1,-1,3,1,2,-1]
  normalPerVertex TRUE
  normal DEF NORM_38 Normal { vector [
  0 0 1,0 0 1,
  0 0 1,0 0 1] }
}
}
DEF SHAPE_39 Shape {
 appearance USE APP_1
 geometry DEF FACE_39 IndexedFaceSet {
  coord DEF COORD_39 Coordinate { point [
  0.59055118 -5.5 0.1,1.5905512 -5.5 0.1,
  1.5905512 -5.6 0,0.59055118 -5.6 0] }
 coordIndex [
  3,0,1,-1,3,1,2,-1]
  normalPerVertex TRUE
  normal DEF NORM_39 Normal { vector [
  0 0.70710678 -0.70710678,0 0.70710678 -0.70710678,
  0 0.70710678 -0.70710678,0 0.70710678 -0.70710678] }
}
}
DEF SHAPE_40 Shape {
 appearance USE APP_1
 geometry DEF FACE_40 IndexedFaceSet {
  coord DEF COORD_40 Coordinate { point [
  0.59055118 -5.5 0.9,1.5905512 -5.5 0.9,
  1.5905512 -5.4 1,0.59055118 -5.4 1] }
 coordIndex [
  3,0,1,-1,3,1,2,-1]
  normalPerVertex TRUE
  normal DEF NORM_40 Normal { vector [
  0 -0.70710678 0.70710678,0 -0.70710678 0.70710678,
  0 -0.70710678 0.70710678,0 -0.70710678 0.70710678] }
}
}
DEF SHAPE_41 Shape {
 appearance USE APP_1
 geometry DEF FACE_41 IndexedFaceSet {
  coord DEF COORD_41 Coordinate { point [
  0.59055118 -5.6 0,1.5905512 -5.6 0,
  1.5905512 -6.4 0,0.59055118 -6.4 0] }
 coordIndex [
  3,0,1,-1,3,1,2,-1]
  normalPerVertex TRUE
  normal DEF NORM_41 Normal { vector [
  0 0 -1,0 0 -1,
  0 0 -1,0 0 -1] }
}
}
DEF SHAPE_42 Shape {
 appearance USE APP_1
 geometry DEF FACE_42 IndexedFaceSet {
  coord DEF COORD_42 Coordinate { point [
  0.59055118 -5.6 1,1.5905512 -5.6 1,
  1.5905512 -5.5 0.9,0.59055118 -5.5 0.9] }
 coordIndex [
  3,0,1,-1,3,1,2,-1]
  normalPerVertex TRUE
  normal DEF NORM_42 Normal { vector [
  0 0.70710678 0.70710678,0 0.70710678 0.70710678,
  0 0.70710678 0.70710678,0 0.70710678 0.70710678] }
}
}
DEF SHAPE_43 Shape {
 appearance USE APP_1
 geometry DEF FACE_43 IndexedFaceSet {
  coord DEF COORD_43 Coordinate { point [
  0.59055118 -6.4 0,1.5905512 -6.4 0,
  1.5905512 -6.5 0.1,0.59055118 -6.5 0.1] }
 coordIndex [
  3,0,1,-1,3,1,2,-1]
  normalPerVertex TRUE
  normal DEF NORM_43 Normal { vector [
  0 -0.70710678 -0.70710678,0 -0.70710678 -0.70710678,
  0 -0.70710678 -0.70710678,0 -0.70710678 -0.70710678] }
}
}
DEF SHAPE_44 Shape {
 appearance USE APP_1
 geometry DEF FACE_44 IndexedFaceSet {
  coord DEF COORD_44 Coordinate { point [
  0.59055118 -6.4 1,1.5905512 -6.4 1,
  1.5905512 -5.6 1,0.59055118 -5.6 1] }
 coordIndex [
  3,0,1,-1,3,1,2,-1]
  normalPerVertex TRUE
  normal DEF NORM_44 Normal { vector [
  0 0 1,0 0 1,
  0 0 1,0 0 1] }
}
}
DEF SHAPE_45 Shape {
 appearance USE APP_1
 geometry DEF FACE_45 IndexedFaceSet {
  coord DEF COORD_45 Coordinate { point [
  0.59055118 -6.5 0.1,1.5905512 -6.5 0.1,
  1.5905512 -6.6 0,0.59055118 -6.6 0] }
 coordIndex [
  3,0,1,-1,3,1,2,-1]
  normalPerVertex TRUE
  normal DEF NORM_45 Normal { vector [
  0 0.70710678 -0.70710678,0 0.70710678 -0.70710678,
  0 0.70710678 -0.70710678,0 0.70710678 -0.70710678] }
}
}
DEF SHAPE_46 Shape {
 appearance USE APP_1
 geometry DEF FACE_46 IndexedFaceSet {
  coord DEF COORD_46 Coordinate { point [
  0.59055118 -6.5 0.9,1.5905512 -6.5 0.9,
  1.5905512 -6.4 1,0.59055118 -6.4 1] }
 coordIndex [
  3,0,1,-1,3,1,2,-1]
  normalPerVertex TRUE
  normal DEF NORM_46 Normal { vector [
  0 -0.70710678 0.70710678,0 -0.70710678 0.70710678,
  0 -0.70710678 0.70710678,0 -0.70710678 0.70710678] }
}
}
DEF SHAPE_47 Shape {
 appearance USE APP_1
 geometry DEF FACE_47 IndexedFaceSet {
  coord DEF COORD_47 Coordinate { point [
  0.59055118 -6.6 0,1.5905512 -6.6 0,
  1.5905512 -7.4 0,0.59055118 -7.4 0] }
 coordIndex [
  3,0,1,-1,3,1,2,-1]
  normalPerVertex TRUE
  normal DEF NORM_47 Normal { vector [
  0 0 -1,0 0 -1,
  0 0 -1,0 0 -1] }
}
}
DEF SHAPE_48 Shape {
 appearance USE APP_1
 geometry DEF FACE_48 IndexedFaceSet {
  coord DEF COORD_48 Coordinate { point [
  0.59055118 -6.6 1,1.5905512 -6.6 1,
  1.5905512 -6.5 0.9,0.59055118 -6.5 0.9] }
 coordIndex [
  3,0,1,-1,3,1,2,-1]
  normalPerVertex TRUE
  normal DEF NORM_48 Normal { vector [
  0 0.70710678 0.70710678,0 0.70710678 0.70710678,
  0 0.70710678 0.70710678,0 0.70710678 0.70710678] }
}
}
DEF SHAPE_49 Shape {
 appearance USE APP_1
 geometry DEF FACE_49 IndexedFaceSet {
  coord DEF COORD_49 Coordinate { point [
  0.59055118 -7.4 0,1.5905512 -7.4 0,
  1.5905512 -7.5 0.1,0.59055118 -7.5 0.1] }
 coordIndex [
  3,0,1,-1,3,1,2,-1]
  normalPerVertex TRUE
  normal DEF NORM_49 Normal { vector [
  0 -0.70710678 -0.70710678,0 -0.70710678 -0.70710678,
  0 -0.70710678 -0.70710678,0 -0.70710678 -0.70710678] }
}
}
DEF SHAPE_50 Shape {
 appearance USE APP_1
 geometry DEF FACE_50 IndexedFaceSet {
  coord DEF COORD_50 Coordinate { point [
  0.59055118 -7.4 1,1.5905512 -7.4 1,
  1.5905512 -6.6 1,0.59055118 -6.6 1] }
 coordIndex [
  3,0,1,-1,3,1,2,-1]
  normalPerVertex TRUE
  normal DEF NORM_50 Normal { vector [
  0 0 1,0 0 1,
  0 0 1,0 0 1] }
}
}
DEF SHAPE_51 Shape {
 appearance USE APP_1
 geometry DEF FACE_51 IndexedFaceSet {
  coord DEF COORD_51 Coordinate { point [
  0.59055118 -7.5 0.1,1.5905512 -7.5 0.1,
  1.5905512 -7.6 0,0.59055118 -7.6 0] }
 coordIndex [
  3,0,1,-1,3,1,2,-1]
  normalPerVertex TRUE
  normal DEF NORM_51 Normal { vector [
  0 0.70710678 -0.70710678,0 0.70710678 -0.70710678,
  0 0.70710678 -0.70710678,0 0.70710678 -0.70710678] }
}
}
DEF SHAPE_52 Shape {
 appearance USE APP_1
 geometry DEF FACE_52 IndexedFaceSet {
  coord DEF COORD_52 Coordinate { point [
  0.59055118 -7.5 0.9,1.5905512 -7.5 0.9,
  1.5905512 -7.4 1,0.59055118 -7.4 1] }
 coordIndex [
  3,0,1,-1,3,1,2,-1]
  normalPerVertex TRUE
  normal DEF NORM_52 Normal { vector [
  0 -0.70710678 0.70710678,0 -0.70710678 0.70710678,
  0 -0.70710678 0.70710678,0 -0.70710678 0.70710678] }
}
}
DEF SHAPE_53 Shape {
 appearance USE APP_1
 geometry DEF FACE_53 IndexedFaceSet {
  coord DEF COORD_53 Coordinate { point [
  0.59055118 -7.6 0,1.5905512 -7.6 0,
  1.5905512 -8.4 0,0.59055118 -8.4 0] }
 coordIndex [
  3,0,1,-1,3,1,2,-1]
  normalPerVertex TRUE
  normal DEF NORM_53 Normal { vector [
  0 0 -1,0 0 -1,
  0 0 -1,0 0 -1] }
}
}
DEF SHAPE_54 Shape {
 appearance USE APP_1
 geometry DEF FACE_54 IndexedFaceSet {
  coord DEF COORD_54 Coordinate { point [
  0.59055118 -7.6 1,1.5905512 -7.6 1,
  1.5905512 -7.5 0.9,0.59055118 -7.5 0.9] }
 coordIndex [
  3,0,1,-1,3,1,2,-1]
  normalPerVertex TRUE
  normal DEF NORM_54 Normal { vector [
  0 0.70710678 0.70710678,0 0.70710678 0.70710678,
  0 0.70710678 0.70710678,0 0.70710678 0.70710678] }
}
}
DEF SHAPE_55 Shape {
 appearance USE APP_1
 geometry DEF FACE_55 IndexedFaceSet {
  coord DEF COORD_55 Coordinate { point [
  0.59055118 -8.4 0,1.5905512 -8.4 0,
  1.5905512 -8.5 0.1,0.59055118 -8.5 0.1] }
 coordIndex [
  3,0,1,-1,3,1,2,-1]
  normalPerVertex TRUE
  normal DEF NORM_55 Normal { vector [
  0 -0.70710678 -0.70710678,0 -0.70710678 -0.70710678,
  0 -0.70710678 -0.70710678,0 -0.70710678 -0.70710678] }
}
}
DEF SHAPE_56 Shape {
 appearance USE APP_1
 geometry DEF FACE_56 IndexedFaceSet {
  coord DEF COORD_56 Coordinate { point [
  0.59055118 -8.4 1,1.5905512 -8.4 1,
  1.5905512 -7.6 1,0.59055118 -7.6 1] }
 coordIndex [
  3,0,1,-1,3,1,2,-1]
  normalPerVertex TRUE
  normal DEF NORM_56 Normal { vector [
  0 0 1,0 0 1,
  0 0 1,0 0 1] }
}
}
DEF SHAPE_57 Shape {
 appearance USE APP_1
 geometry DEF FACE_57 IndexedFaceSet {
  coord DEF COORD_57 Coordinate { point [
  0.59055118 -8.5 0.1,1.5905512 -8.5 0.1,
  1.5905512 -8.6 0,0.59055118 -8.6 0] }
 coordIndex [
  3,0,1,-1,3,1,2,-1]
  normalPerVertex TRUE
  normal DEF NORM_57 Normal { vector [
  0 0.70710678 -0.70710678,0 0.70710678 -0.70710678,
  0 0.70710678 -0.70710678,0 0.70710678 -0.70710678] }
}
}
DEF SHAPE_58 Shape {
 appearance USE APP_1
 geometry DEF FACE_58 IndexedFaceSet {
  coord DEF COORD_58 Coordinate { point [
  0.59055118 -8.5 0.9,1.5905512 -8.5 0.9,
  1.5905512 -8.4 1,0.59055118 -8.4 1] }
 coordIndex [
  3,0,1,-1,3,1,2,-1]
  normalPerVertex TRUE
  normal DEF NORM_58 Normal { vector [
  0 -0.70710678 0.70710678,0 -0.70710678 0.70710678,
  0 -0.70710678 0.70710678,0 -0.70710678 0.70710678] }
}
}
DEF SHAPE_59 Shape {
 appearance USE APP_1
 geometry DEF FACE_59 IndexedFaceSet {
  coord DEF COORD_59 Coordinate { point [
  0.59055118 -8.6 0,1.5905512 -8.6 0,
  1.5905512 -9.4 0,0.59055118 -9.4 0] }
 coordIndex [
  3,0,1,-1,3,1,2,-1]
  normalPerVertex TRUE
  normal DEF NORM_59 Normal { vector [
  0 0 -1,0 0 -1,
  0 0 -1,0 0 -1] }
}
}
DEF SHAPE_60 Shape {
 appearance USE APP_1
 geometry DEF FACE_60 IndexedFaceSet {
  coord DEF COORD_60 Coordinate { point [
  0.59055118 -8.6 1,1.5905512 -8.6 1,
  1.5905512 -8.5 0.9,0.59055118 -8.5 0.9] }
 coordIndex [
  3,0,1,-1,3,1,2,-1]
  normalPerVertex TRUE
  normal DEF NORM_60 Normal { vector [
  0 0.70710678 0.70710678,0 0.70710678 0.70710678,
  0 0.70710678 0.70710678,0 0.70710678 0.70710678] }
}
}
DEF SHAPE_61 Shape {
 appearance USE APP_1
 geometry DEF FACE_61 IndexedFaceSet {
  coord DEF COORD_61 Coordinate { point [
  0.59055118 -9.4 0,1.5905512 -9.4 0,
  1.5905512 -9.5 0.1,0.59055118 -9.5 0.1] }
 coordIndex [
  3,0,1,-1,3,1,2,-1]
  normalPerVertex TRUE
  normal DEF NORM_61 Normal { vector [
  0 -0.70710678 -0.70710678,0 -0.70710678 -0.70710678,
  0 -0.70710678 -0.70710678,0 -0.70710678 -0.70710678] }
}
}
DEF SHAPE_62 Shape {
 appearance USE APP_1
 geometry DEF FACE_62 IndexedFaceSet {
  coord DEF COORD_62 Coordinate { point [
  0.59055118 -9.4 1,1.5905512 -9.4 1,
  1.5905512 -8.6 1,0.59055118 -8.6 1] }
 coordIndex [
  3,0,1,-1,3,1,2,-1]
  normalPerVertex TRUE
  normal DEF NORM_62 Normal { vector [
  0 0 1,0 0 1,
  0 0 1,0 0 1] }
}
}
DEF SHAPE_63 Shape {
 appearance USE APP_1
 geometry DEF FACE_63 IndexedFaceSet {
  coord DEF COORD_63 Coordinate { point [
  0.59055118 -9.5 0.1,1.5905512 -9.5 0.1,
  1.5905512 -9.6 0,0.59055118 -9.6 0] }
 coordIndex [
  3,0,1,-1,3,1,2,-1]
  normalPerVertex TRUE
  normal DEF NORM_63 Normal { vector [
  0 0.70710678 -0.70710678,0 0.70710678 -0.70710678,
  0 0.70710678 -0.70710678,0 0.70710678 -0.70710678] }
}
}
DEF SHAPE_64 Shape {
 appearance USE APP_1
 geometry DEF FACE_64 IndexedFaceSet {
  coord DEF COORD_64 Coordinate { point [
  0.59055118 -9.5 0.9,1.5905512 -9.5 0.9,
  1.5905512 -9.4 1,0.59055118 -9.4 1] }
 coordIndex [
  3,0,1,-1,3,1,2,-1]
  normalPerVertex TRUE
  normal DEF NORM_64 Normal { vector [
  0 -0.70710678 0.70710678,0 -0.70710678 0.70710678,
  0 -0.70710678 0.70710678,0 -0.70710678 0.70710678] }
}
}
DEF SHAPE_65 Shape {
 appearance USE APP_1
 geometry DEF FACE_65 IndexedFaceSet {
  coord DEF COORD_65 Coordinate { point [
  0.59055118 -9.6 0,1.5905512 -9.6 0,
  1.5905512 -10.4 0,0.59055118 -10.4 0] }
 coordIndex [
  3,0,1,-1,3,1,2,-1]
  normalPerVertex TRUE
  normal DEF NORM_65 Normal { vector [
  0 0 -1,0 0 -1,
  0 0 -1,0 0 -1] }
}
}
DEF SHAPE_66 Shape {
 appearance USE APP_1
 geometry DEF FACE_66 IndexedFaceSet {
  coord DEF COORD_66 Coordinate { point [
  0.59055118 -9.6 1,1.5905512 -9.6 1,
  1.5905512 -9.5 0.9,0.59055118 -9.5 0.9] }
 coordIndex [
  3,0,1,-1,3,1,2,-1]
  normalPerVertex TRUE
  normal DEF NORM_66 Normal { vector [
  0 0.70710678 0.70710678,0 0.70710678 0.70710678,
  0 0.70710678 0.70710678,0 0.70710678 0.70710678] }
}
}
DEF SHAPE_67 Shape {
 appearance USE APP_1
 geometry DEF FACE_67 IndexedFaceSet {
  coord DEF COORD_67 Coordinate { point [
  0.59055118 -10.4 0,1.5905512 -10.4 0,
  1.5905512 -10.5 0.1,0.59055118 -10.5 0.1] }
 coordIndex [
  3,0,1,-1,3,1,2,-1]
  normalPerVertex TRUE
  normal DEF NORM_67 Normal { vector [
  0 -0.70710678 -0.70710678,0 -0.70710678 -0.70710678,
  0 -0.70710678 -0.70710678,0 -0.70710678 -0.70710678] }
}
}
DEF SHAPE_68 Shape {
 appearance USE APP_1
 geometry DEF FACE_68 IndexedFaceSet {
  coord DEF COORD_68 Coordinate { point [
  0.59055118 -10.4 1,1.5905512 -10.4 1,
  1.5905512 -9.6 1,0.59055118 -9.6 1] }
 coordIndex [
  3,0,1,-1,3,1,2,-1]
  normalPerVertex TRUE
  normal DEF NORM_68 Normal { vector [
  0 0 1,0 0 1,
  0 0 1,0 0 1] }
}
}
DEF SHAPE_69 Shape {
 appearance USE APP_1
 geometry DEF FACE_69 IndexedFaceSet {
  coord DEF COORD_69 Coordinate { point [
  0.59055118 -10.5 0.1,1.5905512 -10.5 0.1,
  1.5905512 -10.6 0,0.59055118 -10.6 0] }
 coordIndex [
  3,0,1,-1,3,1,2,-1]
  normalPerVertex TRUE
  normal DEF NORM_69 Normal { vector [
  0 0.70710678 -0.70710678,0 0.70710678 -0.70710678,
  0 0.70710678 -0.70710678,0 0.70710678 -0.70710678] }
}
}
DEF SHAPE_70 Shape {
 appearance USE APP_1
 geometry DEF FACE_70 IndexedFaceSet {
  coord DEF COORD_70 Coordinate { point [
  0.59055118 -10.5 0.9,1.5905512 -10.5 0.9,
  1.5905512 -10.4 1,0.59055118 -10.4 1] }
 coordIndex [
  3,0,1,-1,3,1,2,-1]
  normalPerVertex TRUE
  normal DEF NORM_70 Normal { vector [
  0 -0.70710678 0.70710678,0 -0.70710678 0.70710678,
  0 -0.70710678 0.70710678,0 -0.70710678 0.70710678] }
}
}
DEF SHAPE_71 Shape {
 appearance USE APP_1
 geometry DEF FACE_71 IndexedFaceSet {
  coord DEF COORD_71 Coordinate { point [
  0.59055118 -10.6 0,1.5905512 -10.6 0,
  1.5905512 -11.4 0,0.59055118 -11.4 0] }
 coordIndex [
  3,0,1,-1,3,1,2,-1]
  normalPerVertex TRUE
  normal DEF NORM_71 Normal { vector [
  0 0 -1,0 0 -1,
  0 0 -1,0 0 -1] }
}
}
DEF SHAPE_72 Shape {
 appearance USE APP_1
 geometry DEF FACE_72 IndexedFaceSet {
  coord DEF COORD_72 Coordinate { point [
  0.59055118 -10.6 1,1.5905512 -10.6 1,
  1.5905512 -10.5 0.9,0.59055118 -10.5 0.9] }
 coordIndex [
  3,0,1,-1,3,1,2,-1]
  normalPerVertex TRUE
  normal DEF NORM_72 Normal { vector [
  0 0.70710678 0.70710678,0 0.70710678 0.70710678,
  0 0.70710678 0.70710678,0 0.70710678 0.70710678] }
}
}
DEF SHAPE_73 Shape {
 appearance USE APP_1
 geometry DEF FACE_73 IndexedFaceSet {
  coord DEF COORD_73 Coordinate { point [
  0.59055118 -11.4 0,1.5905512 -11.4 0,
  1.5905512 -11.5 0.1,0.59055118 -11.5 0.1] }
 coordIndex [
  3,0,1,-1,3,1,2,-1]
  normalPerVertex TRUE
  normal DEF NORM_73 Normal { vector [
  0 -0.70710678 -0.70710678,0 -0.70710678 -0.70710678,
  0 -0.70710678 -0.70710678,0 -0.70710678 -0.70710678] }
}
}
DEF SHAPE_74 Shape {
 appearance USE APP_1
 geometry DEF FACE_74 IndexedFaceSet {
  coord DEF COORD_74 Coordinate { point [
  0.59055118 -11.4 1,1.5905512 -11.4 1,
  1.5905512 -10.6 1,0.59055118 -10.6 1] }
 coordIndex [
  3,0,1,-1,3,1,2,-1]
  normalPerVertex TRUE
  normal DEF NORM_74 Normal { vector [
  0 0 1,0 0 1,
  0 0 1,0 0 1] }
}
}
DEF SHAPE_75 Shape {
 appearance USE APP_1
 geometry DEF FACE_75 IndexedFaceSet {
  coord DEF COORD_75 Coordinate { point [
  0.59055118 -11.5 0.1,1.5905512 -11.5 0.1,
  1.5905512 -11.6 0,0.59055118 -11.6 0] }
 coordIndex [
  3,0,1,-1,3,1,2,-1]
  normalPerVertex TRUE
  normal DEF NORM_75 Normal { vector [
  0 0.70710678 -0.70710678,0 0.70710678 -0.70710678,
  0 0.70710678 -0.70710678,0 0.70710678 -0.70710678] }
}
}
DEF SHAPE_76 Shape {
 appearance USE APP_1
 geometry DEF FACE_76 IndexedFaceSet {
  coord DEF COORD_76 Coordinate { point [
  0.59055118 -11.5 0.9,1.5905512 -11.5 0.9,
  1.5905512 -11.4 1,0.59055118 -11.4 1] }
 coordIndex [
  3,0,1,-1,3,1,2,-1]
  normalPerVertex TRUE
  normal DEF NORM_76 Normal { vector [
  0 -0.70710678 0.70710678,0 -0.70710678 0.70710678,
  0 -0.70710678 0.70710678,0 -0.70710678 0.70710678] }
}
}
DEF SHAPE_77 Shape {
 appearance USE APP_1
 geometry DEF FACE_77 IndexedFaceSet {
  coord DEF COORD_77 Coordinate { point [
  0.59055118 -11.6 0,1.5905512 -11.6 0,
  1.5905512 -12.4 0,0.59055118 -12.4 0] }
 coordIndex [
  3,0,1,-1,3,1,2,-1]
  normalPerVertex TRUE
  normal DEF NORM_77 Normal { vector [
  0 0 -1,0 0 -1,
  0 0 -1,0 0 -1] }
}
}
DEF SHAPE_78 Shape {
 appearance USE APP_1
 geometry DEF FACE_78 IndexedFaceSet {
  coord DEF COORD_78 Coordinate { point [
  0.59055118 -11.6 1,1.5905512 -11.6 1,
  1.5905512 -11.5 0.9,0.59055118 -11.5 0.9] }
 coordIndex [
  3,0,1,-1,3,1,2,-1]
  normalPerVertex TRUE
  normal DEF NORM_78 Normal { vector [
  0 0.70710678 0.70710678,0 0.70710678 0.70710678,
  0 0.70710678 0.70710678,0 0.70710678 0.70710678] }
}
}
DEF SHAPE_79 Shape {
 appearance USE APP_1
 geometry DEF FACE_79 IndexedFaceSet {
  coord DEF COORD_79 Coordinate { point [
  0.59055118 -12.4 0,1.5905512 -12.4 0,
  1.5905512 -12.5 0.1,0.59055118 -12.5 0.1] }
 coordIndex [
  3,0,1,-1,3,1,2,-1]
  normalPerVertex TRUE
  normal DEF NORM_79 Normal { vector [
  0 -0.70710678 -0.70710678,0 -0.70710678 -0.70710678,
  0 -0.70710678 -0.70710678,0 -0.70710678 -0.70710678] }
}
}
DEF SHAPE_80 Shape {
 appearance USE APP_1
 geometry DEF FACE_80 IndexedFaceSet {
  coord DEF COORD_80 Coordinate { point [
  0.59055118 -12.4 1,1.5905512 -12.4 1,
  1.5905512 -11.6 1,0.59055118 -11.6 1] }
 coordIndex [
  3,0,1,-1,3,1,2,-1]
  normalPerVertex TRUE
  normal DEF NORM_80 Normal { vector [
  0 0 1,0 0 1,
  0 0 1,0 0 1] }
}
}
DEF SHAPE_81 Shape {
 appearance USE APP_1
 geometry DEF FACE_81 IndexedFaceSet {
  coord DEF COORD_81 Coordinate { point [
  0.59055118 -12.5 0.1,1.5905512 -12.5 0.1,
  1.5905512 -12.6 0,0.59055118 -12.6 0] }
 coordIndex [
  3,0,1,-1,3,1,2,-1]
  normalPerVertex TRUE
  normal DEF NORM_81 Normal { vector [
  0 0.70710678 -0.70710678,0 0.70710678 -0.70710678,
  0 0.70710678 -0.70710678,0 0.70710678 -0.70710678] }
}
}
DEF SHAPE_82 Shape {
 appearance USE APP_1
 geometry DEF FACE_82 IndexedFaceSet {
  coord DEF COORD_82 Coordinate { point [
  0.59055118 -12.5 0.9,1.5905512 -12.5 0.9,
  1.5905512 -12.4 1,0.59055118 -12.4 1] }
 coordIndex [
  3,0,1,-1,3,1,2,-1]
  normalPerVertex TRUE
  normal DEF NORM_82 Normal { vector [
  0 -0.70710678 0.70710678,0 -0.70710678 0.70710678,
  0 -0.70710678 0.70710678,0 -0.70710678 0.70710678] }
}
}
DEF SHAPE_83 Shape {
 appearance USE APP_1
 geometry DEF FACE_83 IndexedFaceSet {
  coord DEF COORD_83 Coordinate { point [
  0.59055118 -12.6 0,1.5905512 -12.6 0,
  1.5905512 -13.4 0,0.59055118 -13.4 0] }
 coordIndex [
  3,0,1,-1,3,1,2,-1]
  normalPerVertex TRUE
  normal DEF NORM_83 Normal { vector [
  0 0 -1,0 0 -1,
  0 0 -1,0 0 -1] }
}
}
DEF SHAPE_84 Shape {
 appearance USE APP_1
 geometry DEF FACE_84 IndexedFaceSet {
  coord DEF COORD_84 Coordinate { point [
  0.59055118 -12.6 1,1.5905512 -12.6 1,
  1.5905512 -12.5 0.9,0.59055118 -12.5 0.9] }
 coordIndex [
  3,0,1,-1,3,1,2,-1]
  normalPerVertex TRUE
  normal DEF NORM_84 Normal { vector [
  0 0.70710678 0.70710678,0 0.70710678 0.70710678,
  0 0.70710678 0.70710678,0 0.70710678 0.70710678] }
}
}
DEF SHAPE_85 Shape {
 appearance USE APP_1
 geometry DEF FACE_85 IndexedFaceSet {
  coord DEF COORD_85 Coordinate { point [
  0.59055118 -13.4 0,1.5905512 -13.4 0,
  1.5905512 -13.5 0.1,0.59055118 -13.5 0.1] }
 coordIndex [
  3,0,1,-1,3,1,2,-1]
  normalPerVertex TRUE
  normal DEF NORM_85 Normal { vector [
  0 -0.70710678 -0.70710678,0 -0.70710678 -0.70710678,
  0 -0.70710678 -0.70710678,0 -0.70710678 -0.70710678] }
}
}
DEF SHAPE_86 Shape {
 appearance USE APP_1
 geometry DEF FACE_86 IndexedFaceSet {
  coord DEF COORD_86 Coordinate { point [
  0.59055118 -13.4 1,1.5905512 -13.4 1,
  1.5905512 -12.6 1,0.59055118 -12.6 1] }
 coordIndex [
  3,0,1,-1,3,1,2,-1]
  normalPerVertex TRUE
  normal DEF NORM_86 Normal { vector [
  0 0 1,0 0 1,
  0 0 1,0 0 1] }
}
}
DEF SHAPE_87 Shape {
 appearance USE APP_1
 geometry DEF FACE_87 IndexedFaceSet {
  coord DEF COORD_87 Coordinate { point [
  0.59055118 -13.5 0.1,1.5905512 -13.5 0.1,
  1.5905512 -13.6 0,0.59055118 -13.6 0] }
 coordIndex [
  3,0,1,-1,3,1,2,-1]
  normalPerVertex TRUE
  normal DEF NORM_87 Normal { vector [
  0 0.70710678 -0.70710678,0 0.70710678 -0.70710678,
  0 0.70710678 -0.70710678,0 0.70710678 -0.70710678] }
}
}
DEF SHAPE_88 Shape {
 appearance USE APP_1
 geometry DEF FACE_88 IndexedFaceSet {
  coord DEF COORD_88 Coordinate { point [
  0.59055118 -13.5 0.9,1.5905512 -13.5 0.9,
  1.5905512 -13.4 1,0.59055118 -13.4 1] }
 coordIndex [
  3,0,1,-1,3,1,2,-1]
  normalPerVertex TRUE
  normal DEF NORM_88 Normal { vector [
  0 -0.70710678 0.70710678,0 -0.70710678 0.70710678,
  0 -0.70710678 0.70710678,0 -0.70710678 0.70710678] }
}
}
DEF SHAPE_89 Shape {
 appearance USE APP_1
 geometry DEF FACE_89 IndexedFaceSet {
  coord DEF COORD_89 Coordinate { point [
  0.59055118 -13.6 0,1.5905512 -13.6 0,
  1.5905512 -14.4 0,0.59055118 -14.4 0] }
 coordIndex [
  3,0,1,-1,3,1,2,-1]
  normalPerVertex TRUE
  normal DEF NORM_89 Normal { vector [
  0 0 -1,0 0 -1,
  0 0 -1,0 0 -1] }
}
}
DEF SHAPE_90 Shape {
 appearance USE APP_1
 geometry DEF FACE_90 IndexedFaceSet {
  coord DEF COORD_90 Coordinate { point [
  0.59055118 -13.6 1,1.5905512 -13.6 1,
  1.5905512 -13.5 0.9,0.59055118 -13.5 0.9] }
 coordIndex [
  3,0,1,-1,3,1,2,-1]
  normalPerVertex TRUE
  normal DEF NORM_90 Normal { vector [
  0 0.70710678 0.70710678,0 0.70710678 0.70710678,
  0 0.70710678 0.70710678,0 0.70710678 0.70710678] }
}
}
DEF SHAPE_91 Shape {
 appearance USE APP_1
 geometry DEF FACE_91 IndexedFaceSet {
  coord DEF COORD_91 Coordinate { point [
  0.59055118 -14.4 0,1.5905512 -14.4 0,
  1.5905512 -14.5 0.1,0.59055118 -14.5 0.1] }
 coordIndex [
  3,0,1,-1,3,1,2,-1]
  normalPerVertex TRUE
  normal DEF NORM_91 Normal { vector [
  0 -0.70710678 -0.70710678,0 -0.70710678 -0.70710678,
  0 -0.70710678 -0.70710678,0 -0.70710678 -0.70710678] }
}
}
DEF SHAPE_92 Shape {
 appearance USE APP_1
 geometry DEF FACE_92 IndexedFaceSet {
  coord DEF COORD_92 Coordinate { point [
  0.59055118 -14.4 1,1.5905512 -14.4 1,
  1.5905512 -13.6 1,0.59055118 -13.6 1] }
 coordIndex [
  3,0,1,-1,3,1,2,-1]
  normalPerVertex TRUE
  normal DEF NORM_92 Normal { vector [
  0 0 1,0 0 1,
  0 0 1,0 0 1] }
}
}
DEF SHAPE_93 Shape {
 appearance USE APP_1
 geometry DEF FACE_93 IndexedFaceSet {
  coord DEF COORD_93 Coordinate { point [
  0.59055118 -14.5 0.1,1.5905512 -14.5 0.1,
  1.5905512 -14.6 0,0.59055118 -14.6 0] }
 coordIndex [
  3,0,1,-1,3,1,2,-1]
  normalPerVertex TRUE
  normal DEF NORM_93 Normal { vector [
  0 0.70710678 -0.70710678,0 0.70710678 -0.70710678,
  0 0.70710678 -0.70710678,0 0.70710678 -0.70710678] }
}
}
DEF SHAPE_94 Shape {
 appearance USE APP_1
 geometry DEF FACE_94 IndexedFaceSet {
  coord DEF COORD_94 Coordinate { point [
  0.59055118 -14.5 0.9,1.5905512 -14.5 0.9,
  1.5905512 -14.4 1,0.59055118 -14.4 1] }
 coordIndex [
  3,0,1,-1,3,1,2,-1]
  normalPerVertex TRUE
  normal DEF NORM_94 Normal { vector [
  0 -0.70710678 0.70710678,0 -0.70710678 0.70710678,
  0 -0.70710678 0.70710678,0 -0.70710678 0.70710678] }
}
}
DEF SHAPE_95 Shape {
 appearance USE APP_1
 geometry DEF FACE_95 IndexedFaceSet {
  coord DEF COORD_95 Coordinate { point [
  0.59055118 -14.6 0,1.5905512 -14.6 0,
  1.5905512 -15.4 0,0.59055118 -15.4 0] }
 coordIndex [
  3,0,1,-1,3,1,2,-1]
  normalPerVertex TRUE
  normal DEF NORM_95 Normal { vector [
  0 0 -1,0 0 -1,
  0 0 -1,0 0 -1] }
}
}
DEF SHAPE_96 Shape {
 appearance USE APP_1
 geometry DEF FACE_96 IndexedFaceSet {
  coord DEF COORD_96 Coordinate { point [
  0.59055118 -14.6 1,1.5905512 -14.6 1,
  1.5905512 -14.5 0.9,0.59055118 -14.5 0.9] }
 coordIndex [
  3,0,1,-1,3,1,2,-1]
  normalPerVertex TRUE
  normal DEF NORM_96 Normal { vector [
  0 0.70710678 0.70710678,0 0.70710678 0.70710678,
  0 0.70710678 0.70710678,0 0.70710678 0.70710678] }
}
}
DEF SHAPE_97 Shape {
 appearance USE APP_1
 geometry DEF FACE_97 IndexedFaceSet {
  coord DEF COORD_97 Coordinate { point [
  0.59055118 -15.4 0,1.5905512 -15.4 0,
  1.5905512 -15.5 0.1,0.59055118 -15.5 0.1] }
 coordIndex [
  3,0,1,-1,3,1,2,-1]
  normalPerVertex TRUE
  normal DEF NORM_97 Normal { vector [
  0 -0.70710678 -0.70710678,0 -0.70710678 -0.70710678,
  0 -0.70710678 -0.70710678,0 -0.70710678 -0.70710678] }
}
}
DEF SHAPE_98 Shape {
 appearance USE APP_1
 geometry DEF FACE_98 IndexedFaceSet {
  coord DEF COORD_98 Coordinate { point [
  0.59055118 -15.4 1,1.5905512 -15.4 1,
  1.5905512 -14.6 1,0.59055118 -14.6 1] }
 coordIndex [
  3,0,1,-1,3,1,2,-1]
  normalPerVertex TRUE
  normal DEF NORM_98 Normal { vector [
  0 0 1,0 0 1,
  0 0 1,0 0 1] }
}
}
DEF SHAPE_99 Shape {
 appearance USE APP_1
 geometry DEF FACE_99 IndexedFaceSet {
  coord DEF COORD_99 Coordinate { point [
  0.59055118 -15.5 0.1,1.5905512 -15.5 0.1,
  1.5905512 -15.6 0,0.59055118 -15.6 0] }
 coordIndex [
  3,0,1,-1,3,1,2,-1]
  normalPerVertex TRUE
  normal DEF NORM_99 Normal { vector [
  0 0.70710678 -0.70710678,0 0.70710678 -0.70710678,
  0 0.70710678 -0.70710678,0 0.70710678 -0.70710678] }
}
}
DEF SHAPE_100 Shape {
 appearance USE APP_1
 geometry DEF FACE_100 IndexedFaceSet {
  coord DEF COORD_100 Coordinate { point [
  0.59055118 -15.5 0.9,1.5905512 -15.5 0.9,
  1.5905512 -15.4 1,0.59055118 -15.4 1] }
 coordIndex [
  3,0,1,-1,3,1,2,-1]
  normalPerVertex TRUE
  normal DEF NORM_100 Normal { vector [
  0 -0.70710678 0.70710678,0 -0.70710678 0.70710678,
  0 -0.70710678 0.70710678,0 -0.70710678 0.70710678] }
}
}
DEF SHAPE_101 Shape {
 appearance USE APP_1
 geometry DEF FACE_101 IndexedFaceSet {
  coord DEF COORD_101 Coordinate { point [
  0.59055118 -15.6 0,1.5905512 -15.6 0,
  1.5905512 -16.4 0,0.59055118 -16.4 0] }
 coordIndex [
  3,0,1,-1,3,1,2,-1]
  normalPerVertex TRUE
  normal DEF NORM_101 Normal { vector [
  0 0 -1,0 0 -1,
  0 0 -1,0 0 -1] }
}
}
DEF SHAPE_102 Shape {
 appearance USE APP_1
 geometry DEF FACE_102 IndexedFaceSet {
  coord DEF COORD_102 Coordinate { point [
  0.59055118 -15.6 1,1.5905512 -15.6 1,
  1.5905512 -15.5 0.9,0.59055118 -15.5 0.9] }
 coordIndex [
  3,0,1,-1,3,1,2,-1]
  normalPerVertex TRUE
  normal DEF NORM_102 Normal { vector [
  0 0.70710678 0.70710678,0 0.70710678 0.70710678,
  0 0.70710678 0.70710678,0 0.70710678 0.70710678] }
}
}
DEF SHAPE_103 Shape {
 appearance USE APP_1
 geometry DEF FACE_103 IndexedFaceSet {
  coord DEF COORD_103 Coordinate { point [
  0.59055118 -16.4 0,1.5905512 -16.4 0,
  1.5905512 -16.5 0.1,0.59055118 -16.5 0.1] }
 coordIndex [
  3,0,1,-1,3,1,2,-1]
  normalPerVertex TRUE
  normal DEF NORM_103 Normal { vector [
  0 -0.70710678 -0.70710678,0 -0.70710678 -0.70710678,
  0 -0.70710678 -0.70710678,0 -0.70710678 -0.70710678] }
}
}
DEF SHAPE_104 Shape {
 appearance USE APP_1
 geometry DEF FACE_104 IndexedFaceSet {
  coord DEF COORD_104 Coordinate { point [
  0.59055118 -16.4 1,1.5905512 -16.4 1,
  1.5905512 -15.6 1,0.59055118 -15.6 1] }
 coordIndex [
  3,0,1,-1,3,1,2,-1]
  normalPerVertex TRUE
  normal DEF NORM_104 Normal { vector [
  0 0 1,0 0 1,
  0 0 1,0 0 1] }
}
}
DEF SHAPE_105 Shape {
 appearance USE APP_1
 geometry DEF FACE_105 IndexedFaceSet {
  coord DEF COORD_105 Coordinate { point [
  0.59055118 -16.5 0.1,1.5905512 -16.5 0.1,
  1.5905512 -16.6 0,0.59055118 -16.6 0] }
 coordIndex [
  3,0,1,-1,3,1,2,-1]
  normalPerVertex TRUE
  normal DEF NORM_105 Normal { vector [
  0 0.70710678 -0.70710678,0 0.70710678 -0.70710678,
  0 0.70710678 -0.70710678,0 0.70710678 -0.70710678] }
}
}
DEF SHAPE_106 Shape {
 appearance USE APP_1
 geometry DEF FACE_106 IndexedFaceSet {
  coord DEF COORD_106 Coordinate { point [
  0.59055118 -16.5 0.9,1.5905512 -16.5 0.9,
  1.5905512 -16.4 1,0.59055118 -16.4 1] }
 coordIndex [
  3,0,1,-1,3,1,2,-1]
  normalPerVertex TRUE
  normal DEF NORM_106 Normal { vector [
  0 -0.70710678 0.70710678,0 -0.70710678 0.70710678,
  0 -0.70710678 0.70710678,0 -0.70710678 0.70710678] }
}
}
DEF SHAPE_107 Shape {
 appearance USE APP_1
 geometry DEF FACE_107 IndexedFaceSet {
  coord DEF COORD_107 Coordinate { point [
  0.59055118 -16.6 0,1.5905512 -16.6 0,
  1.5905512 -17.4 0,0.59055118 -17.4 0] }
 coordIndex [
  3,0,1,-1,3,1,2,-1]
  normalPerVertex TRUE
  normal DEF NORM_107 Normal { vector [
  0 0 -1,0 0 -1,
  0 0 -1,0 0 -1] }
}
}
DEF SHAPE_108 Shape {
 appearance USE APP_1
 geometry DEF FACE_108 IndexedFaceSet {
  coord DEF COORD_108 Coordinate { point [
  0.59055118 -16.6 1,1.5905512 -16.6 1,
  1.5905512 -16.5 0.9,0.59055118 -16.5 0.9] }
 coordIndex [
  3,0,1,-1,3,1,2,-1]
  normalPerVertex TRUE
  normal DEF NORM_108 Normal { vector [
  0 0.70710678 0.70710678,0 0.70710678 0.70710678,
  0 0.70710678 0.70710678,0 0.70710678 0.70710678] }
}
}
DEF SHAPE_109 Shape {
 appearance USE APP_1
 geometry DEF FACE_109 IndexedFaceSet {
  coord DEF COORD_109 Coordinate { point [
  0.59055118 -17.4 0,1.5905512 -17.4 0,
  1.5905512 -17.5 0.1,0.59055118 -17.5 0.1] }
 coordIndex [
  3,0,1,-1,3,1,2,-1]
  normalPerVertex TRUE
  normal DEF NORM_109 Normal { vector [
  0 -0.70710678 -0.70710678,0 -0.70710678 -0.70710678,
  0 -0.70710678 -0.70710678,0 -0.70710678 -0.70710678] }
}
}
DEF SHAPE_110 Shape {
 appearance USE APP_1
 geometry DEF FACE_110 IndexedFaceSet {
  coord DEF COORD_110 Coordinate { point [
  0.59055118 -17.4 1,1.5905512 -17.4 1,
  1.5905512 -16.6 1,0.59055118 -16.6 1] }
 coordIndex [
  3,0,1,-1,3,1,2,-1]
  normalPerVertex TRUE
  normal DEF NORM_110 Normal { vector [
  0 0 1,0 0 1,
  0 0 1,0 0 1] }
}
}
DEF SHAPE_111 Shape {
 appearance USE APP_1
 geometry DEF FACE_111 IndexedFaceSet {
  coord DEF COORD_111 Coordinate { point [
  0.59055118 -17.5 0.1,1.5905512 -17.5 0.1,
  1.5905512 -17.6 0,0.59055118 -17.6 0] }
 coordIndex [
  3,0,1,-1,3,1,2,-1]
  normalPerVertex TRUE
  normal DEF NORM_111 Normal { vector [
  0 0.70710678 -0.70710678,0 0.70710678 -0.70710678,
  0 0.70710678 -0.70710678,0 0.70710678 -0.70710678] }
}
}
DEF SHAPE_112 Shape {
 appearance USE APP_1
 geometry DEF FACE_112 IndexedFaceSet {
  coord DEF COORD_112 Coordinate { point [
  0.59055118 -17.5 0.9,1.5905512 -17.5 0.9,
  1.5905512 -17.4 1,0.59055118 -17.4 1] }
 coordIndex [
  3,0,1,-1,3,1,2,-1]
  normalPerVertex TRUE
  normal DEF NORM_112 Normal { vector [
  0 -0.70710678 0.70710678,0 -0.70710678 0.70710678,
  0 -0.70710678 0.70710678,0 -0.70710678 0.70710678] }
}
}
DEF SHAPE_113 Shape {
 appearance USE APP_1
 geometry DEF FACE_113 IndexedFaceSet {
  coord DEF COORD_113 Coordinate { point [
  0.59055118 -17.6 0,1.5905512 -17.6 0,
  1.5905512 -18.4 0,0.59055118 -18.4 0] }
 coordIndex [
  3,0,1,-1,3,1,2,-1]
  normalPerVertex TRUE
  normal DEF NORM_113 Normal { vector [
  0 0 -1,0 0 -1,
  0 0 -1,0 0 -1] }
}
}
DEF SHAPE_114 Shape {
 appearance USE APP_1
 geometry DEF FACE_114 IndexedFaceSet {
  coord DEF COORD_114 Coordinate { point [
  0.59055118 -17.6 1,1.5905512 -17.6 1,
  1.5905512 -17.5 0.9,0.59055118 -17.5 0.9] }
 coordIndex [
  3,0,1,-1,3,1,2,-1]
  normalPerVertex TRUE
  normal DEF NORM_114 Normal { vector [
  0 0.70710678 0.70710678,0 0.70710678 0.70710678,
  0 0.70710678 0.70710678,0 0.70710678 0.70710678] }
}
}
DEF SHAPE_115 Shape {
 appearance USE APP_1
 geometry DEF FACE_115 IndexedFaceSet {
  coord DEF COORD_115 Coordinate { point [
  0.59055118 -18.4 0,1.5905512 -18.4 0,
  1.5905512 -18.5 0.1,0.59055118 -18.5 0.1] }
 coordIndex [
  3,0,1,-1,3,1,2,-1]
  normalPerVertex TRUE
  normal DEF NORM_115 Normal { vector [
  0 -0.70710678 -0.70710678,0 -0.70710678 -0.70710678,
  0 -0.70710678 -0.70710678,0 -0.70710678 -0.70710678] }
}
}
DEF SHAPE_116 Shape {
 appearance USE APP_1
 geometry DEF FACE_116 IndexedFaceSet {
  coord DEF COORD_116 Coordinate { point [
  0.59055118 -18.4 1,1.5905512 -18.4 1,
  1.5905512 -17.6 1,0.59055118 -17.6 1] }
 coordIndex [
  3,0,1,-1,3,1,2,-1]
  normalPerVertex TRUE
  normal DEF NORM_116 Normal { vector [
  0 0 1,0 0 1,
  0 0 1,0 0 1] }
}
}
DEF SHAPE_117 Shape {
 appearance USE APP_1
 geometry DEF FACE_117 IndexedFaceSet {
  coord DEF COORD_117 Coordinate { point [
  0.59055118 -18.5 0.1,1.5905512 -18.5 0.1,
  1.5905512 -18.6 0,0.59055118 -18.6 0] }
 coordIndex [
  3,0,1,-1,3,1,2,-1]
  normalPerVertex TRUE
  normal DEF NORM_117 Normal { vector [
  0 0.70710678 -0.70710678,0 0.70710678 -0.70710678,
  0 0.70710678 -0.70710678,0 0.70710678 -0.70710678] }
}
}
DEF SHAPE_118 Shape {
 appearance USE APP_1
 geometry DEF FACE_118 IndexedFaceSet {
  coord DEF COORD_118 Coordinate { point [
  0.59055118 -18.5 0.9,1.5905512 -18.5 0.9,
  1.5905512 -18.4 1,0.59055118 -18.4 1] }
 coordIndex [
  3,0,1,-1,3,1,2,-1]
  normalPerVertex TRUE
  normal DEF NORM_118 Normal { vector [
  0 -0.70710678 0.70710678,0 -0.70710678 0.70710678,
  0 -0.70710678 0.70710678,0 -0.70710678 0.70710678] }
}
}
DEF SHAPE_119 Shape {
 appearance USE APP_1
 geometry DEF FACE_119 IndexedFaceSet {
  coord DEF COORD_119 Coordinate { point [
  0.59055118 -18.6 0,1.5905512 -18.6 0,
  1.5905512 -19.4 0,0.59055118 -19.4 0] }
 coordIndex [
  3,0,1,-1,3,1,2,-1]
  normalPerVertex TRUE
  normal DEF NORM_119 Normal { vector [
  0 0 -1,0 0 -1,
  0 0 -1,0 0 -1] }
}
}
DEF SHAPE_120 Shape {
 appearance USE APP_1
 geometry DEF FACE_120 IndexedFaceSet {
  coord DEF COORD_120 Coordinate { point [
  0.59055118 -18.6 1,1.5905512 -18.6 1,
  1.5905512 -18.5 0.9,0.59055118 -18.5 0.9] }
 coordIndex [
  3,0,1,-1,3,1,2,-1]
  normalPerVertex TRUE
  normal DEF NORM_120 Normal { vector [
  0 0.70710678 0.70710678,0 0.70710678 0.70710678,
  0 0.70710678 0.70710678,0 0.70710678 0.70710678] }
}
}
DEF SHAPE_121 Shape {
 appearance USE APP_1
 geometry DEF FACE_121 IndexedFaceSet {
  coord DEF COORD_121 Coordinate { point [
  0.59055118 -19.4 0,1.5905512 -19.4 0,
  1.5905512 -19.5 0.1,0.59055118 -19.5 0.1] }
 coordIndex [
  3,0,1,-1,3,1,2,-1]
  normalPerVertex TRUE
  normal DEF NORM_121 Normal { vector [
  0 -0.70710678 -0.70710678,0 -0.70710678 -0.70710678,
  0 -0.70710678 -0.70710678,0 -0.70710678 -0.70710678] }
}
}
DEF SHAPE_122 Shape {
 appearance USE APP_1
 geometry DEF FACE_122 IndexedFaceSet {
  coord DEF COORD_122 Coordinate { point [
  0.59055118 -19.4 1,1.5905512 -19.4 1,
  1.5905512 -18.6 1,0.59055118 -18.6 1] }
 coordIndex [
  3,0,1,-1,3,1,2,-1]
  normalPerVertex TRUE
  normal DEF NORM_122 Normal { vector [
  0 0 1,0 0 1,
  0 0 1,0 0 1] }
}
}
DEF SHAPE_123 Shape {
 appearance USE APP_1
 geometry DEF FACE_123 IndexedFaceSet {
  coord DEF COORD_123 Coordinate { point [
  0.59055118 -19.5 0.1,1.5905512 -19.5 0.1,
  1.5905512 -19.6 0,0.59055118 -19.6 0] }
 coordIndex [
  3,0,1,-1,3,1,2,-1]
  normalPerVertex TRUE
  normal DEF NORM_123 Normal { vector [
  0 0.70710678 -0.70710678,0 0.70710678 -0.70710678,
  0 0.70710678 -0.70710678,0 0.70710678 -0.70710678] }
}
}
DEF SHAPE_124 Shape {
 appearance USE APP_1
 geometry DEF FACE_124 IndexedFaceSet {
  coord DEF COORD_124 Coordinate { point [
  0.59055118 -19.5 0.9,1.5905512 -19.5 0.9,
  1.5905512 -19.4 1,0.59055118 -19.4 1] }
 coordIndex [
  3,0,1,-1,3,1,2,-1]
  normalPerVertex TRUE
  normal DEF NORM_124 Normal { vector [
  0 -0.70710678 0.70710678,0 -0.70710678 0.70710678,
  0 -0.70710678 0.70710678,0 -0.70710678 0.70710678] }
}
}
DEF SHAPE_125 Shape {
 appearance USE APP_1
 geometry DEF FACE_125 IndexedFaceSet {
  coord DEF COORD_125 Coordinate { point [
  0.59055118 -19.6 0,1.5905512 -19.6 0,
  1.5905512 -20.4 0,0.59055118 -20.4 0] }
 coordIndex [
  3,0,1,-1,3,1,2,-1]
  normalPerVertex TRUE
  normal DEF NORM_125 Normal { vector [
  0 0 -1,0 0 -1,
  0 0 -1,0 0 -1] }
}
}
DEF SHAPE_126 Shape {
 appearance USE APP_1
 geometry DEF FACE_126 IndexedFaceSet {
  coord DEF COORD_126 Coordinate { point [
  0.59055118 -19.6 1,1.5905512 -19.6 1,
  1.5905512 -19.5 0.9,0.59055118 -19.5 0.9] }
 coordIndex [
  3,0,1,-1,3,1,2,-1]
  normalPerVertex TRUE
  normal DEF NORM_126 Normal { vector [
  0 0.70710678 0.70710678,0 0.70710678 0.70710678,
  0 0.70710678 0.70710678,0 0.70710678 0.70710678] }
}
}
DEF SHAPE_127 Shape {
 appearance USE APP_1
 geometry DEF FACE_127 IndexedFaceSet {
  coord DEF COORD_127 Coordinate { point [
  0.59055118 -20.4 0,1.5905512 -20.4 0,
  1.5905512 -20.5 0.1,0.59055118 -20.5 0.1] }
 coordIndex [
  3,0,1,-1,3,1,2,-1]
  normalPerVertex TRUE
  normal DEF NORM_127 Normal { vector [
  0 -0.70710678 -0.70710678,0 -0.70710678 -0.70710678,
  0 -0.70710678 -0.70710678,0 -0.70710678 -0.70710678] }
}
}
DEF SHAPE_128 Shape {
 appearance USE APP_1
 geometry DEF FACE_128 IndexedFaceSet {
  coord DEF COORD_128 Coordinate { point [
  0.59055118 -20.4 1,1.5905512 -20.4 1,
  1.5905512 -19.6 1,0.59055118 -19.6 1] }
 coordIndex [
  3,0,1,-1,3,1,2,-1]
  normalPerVertex TRUE
  normal DEF NORM_128 Normal { vector [
  0 0 1,0 0 1,
  0 0 1,0 0 1] }
}
}
DEF SHAPE_129 Shape {
 appearance USE APP_1
 geometry DEF FACE_129 IndexedFaceSet {
  coord DEF COORD_129 Coordinate { point [
  0.59055118 -20.5 0.1,1.5905512 -20.5 0.1,
  1.5905512 -20.6 0,0.59055118 -20.6 0] }
 coordIndex [
  3,0,1,-1,3,1,2,-1]
  normalPerVertex TRUE
  normal DEF NORM_129 Normal { vector [
  0 0.70710678 -0.70710678,0 0.70710678 -0.70710678,
  0 0.70710678 -0.70710678,0 0.70710678 -0.70710678] }
}
}
DEF SHAPE_130 Shape {
 appearance USE APP_1
 geometry DEF FACE_130 IndexedFaceSet {
  coord DEF COORD_130 Coordinate { point [
  0.59055118 -20.5 0.9,1.5905512 -20.5 0.9,
  1.5905512 -20.4 1,0.59055118 -20.4 1] }
 coordIndex [
  3,0,1,-1,3,1,2,-1]
  normalPerVertex TRUE
  normal DEF NORM_130 Normal { vector [
  0 -0.70710678 0.70710678,0 -0.70710678 0.70710678,
  0 -0.70710678 0.70710678,0 -0.70710678 0.70710678] }
}
}
DEF SHAPE_131 Shape {
 appearance USE APP_1
 geometry DEF FACE_131 IndexedFaceSet {
  coord DEF COORD_131 Coordinate { point [
  0.59055118 -20.6 0,1.5905512 -20.6 0,
  1.5905512 -21.4 0,0.59055118 -21.4 0] }
 coordIndex [
  3,0,1,-1,3,1,2,-1]
  normalPerVertex TRUE
  normal DEF NORM_131 Normal { vector [
  0 0 -1,0 0 -1,
  0 0 -1,0 0 -1] }
}
}
DEF SHAPE_132 Shape {
 appearance USE APP_1
 geometry DEF FACE_132 IndexedFaceSet {
  coord DEF COORD_132 Coordinate { point [
  0.59055118 -20.6 1,1.5905512 -20.6 1,
  1.5905512 -20.5 0.9,0.59055118 -20.5 0.9] }
 coordIndex [
  3,0,1,-1,3,1,2,-1]
  normalPerVertex TRUE
  normal DEF NORM_132 Normal { vector [
  0 0.70710678 0.70710678,0 0.70710678 0.70710678,
  0 0.70710678 0.70710678,0 0.70710678 0.70710678] }
}
}
DEF SHAPE_133 Shape {
 appearance USE APP_1
 geometry DEF FACE_133 IndexedFaceSet {
  coord DEF COORD_133 Coordinate { point [
  0.59055118 -21.4 0,1.5905512 -21.4 0,
  1.5905512 -21.5 0.1,0.59055118 -21.5 0.1] }
 coordIndex [
  3,0,1,-1,3,1,2,-1]
  normalPerVertex TRUE
  normal DEF NORM_133 Normal { vector [
  0 -0.70710678 -0.70710678,0 -0.70710678 -0.70710678,
  0 -0.70710678 -0.70710678,0 -0.70710678 -0.70710678] }
}
}
DEF SHAPE_134 Shape {
 appearance USE APP_1
 geometry DEF FACE_134 IndexedFaceSet {
  coord DEF COORD_134 Coordinate { point [
  0.59055118 -21.4 1,1.5905512 -21.4 1,
  1.5905512 -20.6 1,0.59055118 -20.6 1] }
 coordIndex [
  3,0,1,-1,3,1,2,-1]
  normalPerVertex TRUE
  normal DEF NORM_134 Normal { vector [
  0 0 1,0 0 1,
  0 0 1,0 0 1] }
}
}
DEF SHAPE_135 Shape {
 appearance USE APP_1
 geometry DEF FACE_135 IndexedFaceSet {
  coord DEF COORD_135 Coordinate { point [
  0.59055118 -21.5 0.1,1.5905512 -21.5 0.1,
  1.5905512 -21.6 0,0.59055118 -21.6 0] }
 coordIndex [
  3,0,1,-1,3,1,2,-1]
  normalPerVertex TRUE
  normal DEF NORM_135 Normal { vector [
  0 0.70710678 -0.70710678,0 0.70710678 -0.70710678,
  0 0.70710678 -0.70710678,0 0.70710678 -0.70710678] }
}
}
DEF SHAPE_136 Shape {
 appearance USE APP_1
 geometry DEF FACE_136 IndexedFaceSet {
  coord DEF COORD_136 Coordinate { point [
  0.59055118 -21.5 0.9,1.5905512 -21.5 0.9,
  1.5905512 -21.4 1,0.59055118 -21.4 1] }
 coordIndex [
  3,0,1,-1,3,1,2,-1]
  normalPerVertex TRUE
  normal DEF NORM_136 Normal { vector [
  0 -0.70710678 0.70710678,0 -0.70710678 0.70710678,
  0 -0.70710678 0.70710678,0 -0.70710678 0.70710678] }
}
}
DEF SHAPE_137 Shape {
 appearance USE APP_1
 geometry DEF FACE_137 IndexedFaceSet {
  coord DEF COORD_137 Coordinate { point [
  0.59055118 -21.6 0,1.5905512 -21.6 0,
  1.5905512 -22.4 0,0.59055118 -22.4 0] }
 coordIndex [
  3,0,1,-1,3,1,2,-1]
  normalPerVertex TRUE
  normal DEF NORM_137 Normal { vector [
  0 0 -1,0 0 -1,
  0 0 -1,0 0 -1] }
}
}
DEF SHAPE_138 Shape {
 appearance USE APP_1
 geometry DEF FACE_138 IndexedFaceSet {
  coord DEF COORD_138 Coordinate { point [
  0.59055118 -21.6 1,1.5905512 -21.6 1,
  1.5905512 -21.5 0.9,0.59055118 -21.5 0.9] }
 coordIndex [
  3,0,1,-1,3,1,2,-1]
  normalPerVertex TRUE
  normal DEF NORM_138 Normal { vector [
  0 0.70710678 0.70710678,0 0.70710678 0.70710678,
  0 0.70710678 0.70710678,0 0.70710678 0.70710678] }
}
}
DEF SHAPE_139 Shape {
 appearance USE APP_1
 geometry DEF FACE_139 IndexedFaceSet {
  coord DEF COORD_139 Coordinate { point [
  0.59055118 -22.4 0,1.5905512 -22.4 0,
  1.5905512 -22.5 0.1,0.59055118 -22.5 0.1] }
 coordIndex [
  3,0,1,-1,3,1,2,-1]
  normalPerVertex TRUE
  normal DEF NORM_139 Normal { vector [
  0 -0.70710678 -0.70710678,0 -0.70710678 -0.70710678,
  0 -0.70710678 -0.70710678,0 -0.70710678 -0.70710678] }
}
}
DEF SHAPE_140 Shape {
 appearance USE APP_1
 geometry DEF FACE_140 IndexedFaceSet {
  coord DEF COORD_140 Coordinate { point [
  0.59055118 -22.4 1,1.5905512 -22.4 1,
  1.5905512 -21.6 1,0.59055118 -21.6 1] }
 coordIndex [
  3,0,1,-1,3,1,2,-1]
  normalPerVertex TRUE
  normal DEF NORM_140 Normal { vector [
  0 0 1,0 0 1,
  0 0 1,0 0 1] }
}
}
DEF SHAPE_141 Shape {
 appearance USE APP_1
 geometry DEF FACE_141 IndexedFaceSet {
  coord DEF COORD_141 Coordinate { point [
  0.59055118 -22.5 0.1,1.5905512 -22.5 0.1,
  1.5905512 -22.6 0,0.59055118 -22.6 0] }
 coordIndex [
  3,0,1,-1,3,1,2,-1]
  normalPerVertex TRUE
  normal DEF NORM_141 Normal { vector [
  0 0.70710678 -0.70710678,0 0.70710678 -0.70710678,
  0 0.70710678 -0.70710678,0 0.70710678 -0.70710678] }
}
}
DEF SHAPE_142 Shape {
 appearance USE APP_1
 geometry DEF FACE_142 IndexedFaceSet {
  coord DEF COORD_142 Coordinate { point [
  0.59055118 -22.5 0.9,1.5905512 -22.5 0.9,
  1.5905512 -22.4 1,0.59055118 -22.4 1] }
 coordIndex [
  3,0,1,-1,3,1,2,-1]
  normalPerVertex TRUE
  normal DEF NORM_142 Normal { vector [
  0 -0.70710678 0.70710678,0 -0.70710678 0.70710678,
  0 -0.70710678 0.70710678,0 -0.70710678 0.70710678] }
}
}
DEF SHAPE_143 Shape {
 appearance USE APP_1
 geometry DEF FACE_143 IndexedFaceSet {
  coord DEF COORD_143 Coordinate { point [
  0.59055118 -22.6 0,1.5905512 -22.6 0,
  1.5905512 -23.4 0,0.59055118 -23.4 0] }
 coordIndex [
  3,0,1,-1,3,1,2,-1]
  normalPerVertex TRUE
  normal DEF NORM_143 Normal { vector [
  0 0 -1,0 0 -1,
  0 0 -1,0 0 -1] }
}
}
DEF SHAPE_144 Shape {
 appearance USE APP_1
 geometry DEF FACE_144 IndexedFaceSet {
  coord DEF COORD_144 Coordinate { point [
  0.59055118 -22.6 1,1.5905512 -22.6 1,
  1.5905512 -22.5 0.9,0.59055118 -22.5 0.9] }
 coordIndex [
  3,0,1,-1,3,1,2,-1]
  normalPerVertex TRUE
  normal DEF NORM_144 Normal { vector [
  0 0.70710678 0.70710678,0 0.70710678 0.70710678,
  0 0.70710678 0.70710678,0 0.70710678 0.70710678] }
}
}
DEF SHAPE_145 Shape {
 appearance USE APP_1
 geometry DEF FACE_145 IndexedFaceSet {
  coord DEF COORD_145 Coordinate { point [
  0.59055118 -23.4 0,1.5905512 -23.4 0,
  1.5905512 -23.5 0.1,0.59055118 -23.5 0.1] }
 coordIndex [
  3,0,1,-1,3,1,2,-1]
  normalPerVertex TRUE
  normal DEF NORM_145 Normal { vector [
  0 -0.70710678 -0.70710678,0 -0.70710678 -0.70710678,
  0 -0.70710678 -0.70710678,0 -0.70710678 -0.70710678] }
}
}
DEF SHAPE_146 Shape {
 appearance USE APP_1
 geometry DEF FACE_146 IndexedFaceSet {
  coord DEF COORD_146 Coordinate { point [
  0.59055118 -23.4 1,1.5905512 -23.4 1,
  1.5905512 -22.6 1,0.59055118 -22.6 1] }
 coordIndex [
  3,0,1,-1,3,1,2,-1]
  normalPerVertex TRUE
  normal DEF NORM_146 Normal { vector [
  0 0 1,0 0 1,
  0 0 1,0 0 1] }
}
}
DEF SHAPE_147 Shape {
 appearance USE APP_1
 geometry DEF FACE_147 IndexedFaceSet {
  coord DEF COORD_147 Coordinate { point [
  0.59055118 -23.5 0.1,1.5905512 -23.5 0.1,
  1.5905512 -23.6 0,0.59055118 -23.6 0] }
 coordIndex [
  3,0,1,-1,3,1,2,-1]
  normalPerVertex TRUE
  normal DEF NORM_147 Normal { vector [
  0 0.70710678 -0.70710678,0 0.70710678 -0.70710678,
  0 0.70710678 -0.70710678,0 0.70710678 -0.70710678] }
}
}
DEF SHAPE_148 Shape {
 appearance USE APP_1
 geometry DEF FACE_148 IndexedFaceSet {
  coord DEF COORD_148 Coordinate { point [
  0.59055118 -23.5 0.9,1.5905512 -23.5 0.9,
  1.5905512 -23.4 1,0.59055118 -23.4 1] }
 coordIndex [
  3,0,1,-1,3,1,2,-1]
  normalPerVertex TRUE
  normal DEF NORM_148 Normal { vector [
  0 -0.70710678 0.70710678,0 -0.70710678 0.70710678,
  0 -0.70710678 0.70710678,0 -0.70710678 0.70710678] }
}
}
DEF SHAPE_149 Shape {
 appearance USE APP_1
 geometry DEF FACE_149 IndexedFaceSet {
  coord DEF COORD_149 Coordinate { point [
  0.59055118 -23.6 0,1.5905512 -23.6 0,
  1.5905512 -24.4 0,0.59055118 -24.4 0] }
 coordIndex [
  3,0,1,-1,3,1,2,-1]
  normalPerVertex TRUE
  normal DEF NORM_149 Normal { vector [
  0 0 -1,0 0 -1,
  0 0 -1,0 0 -1] }
}
}
DEF SHAPE_150 Shape {
 appearance USE APP_1
 geometry DEF FACE_150 IndexedFaceSet {
  coord DEF COORD_150 Coordinate { point [
  0.59055118 -23.6 1,1.5905512 -23.6 1,
  1.5905512 -23.5 0.9,0.59055118 -23.5 0.9] }
 coordIndex [
  3,0,1,-1,3,1,2,-1]
  normalPerVertex TRUE
  normal DEF NORM_150 Normal { vector [
  0 0.70710678 0.70710678,0 0.70710678 0.70710678,
  0 0.70710678 0.70710678,0 0.70710678 0.70710678] }
}
}
DEF SHAPE_151 Shape {
 appearance USE APP_1
 geometry DEF FACE_151 IndexedFaceSet {
  coord DEF COORD_151 Coordinate { point [
  0.59055118 -24.4 0,1.5905512 -24.4 0,
  1.5905512 -24.5 0.1,0.59055118 -24.5 0.1] }
 coordIndex [
  3,0,1,-1,3,1,2,-1]
  normalPerVertex TRUE
  normal DEF NORM_151 Normal { vector [
  0 -0.70710678 -0.70710678,0 -0.70710678 -0.70710678,
  0 -0.70710678 -0.70710678,0 -0.70710678 -0.70710678] }
}
}
DEF SHAPE_152 Shape {
 appearance USE APP_1
 geometry DEF FACE_152 IndexedFaceSet {
  coord DEF COORD_152 Coordinate { point [
  0.59055118 -24.4 1,1.5905512 -24.4 1,
  1.5905512 -23.6 1,0.59055118 -23.6 1] }
 coordIndex [
  3,0,1,-1,3,1,2,-1]
  normalPerVertex TRUE
  normal DEF NORM_152 Normal { vector [
  0 0 1,0 0 1,
  0 0 1,0 0 1] }
}
}
DEF SHAPE_153 Shape {
 appearance USE APP_1
 geometry DEF FACE_153 IndexedFaceSet {
  coord DEF COORD_153 Coordinate { point [
  0.59055118 -24.5 0.1,1.5905512 -24.5 0.1,
  1.5905512 -24.6 0,0.59055118 -24.6 0] }
 coordIndex [
  3,0,1,-1,3,1,2,-1]
  normalPerVertex TRUE
  normal DEF NORM_153 Normal { vector [
  0 0.70710678 -0.70710678,0 0.70710678 -0.70710678,
  0 0.70710678 -0.70710678,0 0.70710678 -0.70710678] }
}
}
DEF SHAPE_154 Shape {
 appearance USE APP_1
 geometry DEF FACE_154 IndexedFaceSet {
  coord DEF COORD_154 Coordinate { point [
  0.59055118 -24.5 0.9,1.5905512 -24.5 0.9,
  1.5905512 -24.4 1,0.59055118 -24.4 1] }
 coordIndex [
  3,0,1,-1,3,1,2,-1]
  normalPerVertex TRUE
  normal DEF NORM_154 Normal { vector [
  0 -0.70710678 0.70710678,0 -0.70710678 0.70710678,
  0 -0.70710678 0.70710678,0 -0.70710678 0.70710678] }
}
}
DEF SHAPE_155 Shape {
 appearance USE APP_1
 geometry DEF FACE_155 IndexedFaceSet {
  coord DEF COORD_155 Coordinate { point [
  0.59055118 -24.6 0,1.5905512 -24.6 0,
  1.5905512 -25.4 0,0.59055118 -25.4 0] }
 coordIndex [
  3,0,1,-1,3,1,2,-1]
  normalPerVertex TRUE
  normal DEF NORM_155 Normal { vector [
  0 0 -1,0 0 -1,
  0 0 -1,0 0 -1] }
}
}
DEF SHAPE_156 Shape {
 appearance USE APP_1
 geometry DEF FACE_156 IndexedFaceSet {
  coord DEF COORD_156 Coordinate { point [
  0.59055118 -24.6 1,1.5905512 -24.6 1,
  1.5905512 -24.5 0.9,0.59055118 -24.5 0.9] }
 coordIndex [
  3,0,1,-1,3,1,2,-1]
  normalPerVertex TRUE
  normal DEF NORM_156 Normal { vector [
  0 0.70710678 0.70710678,0 0.70710678 0.70710678,
  0 0.70710678 0.70710678,0 0.70710678 0.70710678] }
}
}
DEF SHAPE_157 Shape {
 appearance USE APP_1
 geometry DEF FACE_157 IndexedFaceSet {
  coord DEF COORD_157 Coordinate { point [
  0.59055118 -25.4 0,1.5905512 -25.4 0,
  1.5905512 -25.5 0.1,0.59055118 -25.5 0.1] }
 coordIndex [
  0,1,2,-1,3,0,2,-1]
  normalPerVertex TRUE
  normal DEF NORM_157 Normal { vector [
  0 -0.70710678 -0.70710678,0 -0.70710678 -0.70710678,
  0 -0.70710678 -0.70710678,0 -0.70710678 -0.70710678] }
}
}
DEF SHAPE_158 Shape {
 appearance USE APP_1
 geometry DEF FACE_158 IndexedFaceSet {
  coord DEF COORD_158 Coordinate { point [
  0.59055118 -25.4 1,1.5905512 -25.4 1,
  1.5905512 -24.6 1,0.59055118 -24.6 1] }
 coordIndex [
  3,0,1,-1,3,1,2,-1]
  normalPerVertex TRUE
  normal DEF NORM_158 Normal { vector [
  0 0 1,0 0 1,
  0 0 1,0 0 1] }
}
}
DEF SHAPE_159 Shape {
 appearance USE APP_1
 geometry DEF FACE_159 IndexedFaceSet {
  coord DEF COORD_159 Coordinate { point [
  0.59055118 -25.5 0.1,1.5905512 -25.5 0.1,
  1.5905512 -25.6 0,0.59055118 -25.6 0] }
 coordIndex [
  3,0,1,-1,3,1,2,-1]
  normalPerVertex TRUE
  normal DEF NORM_159 Normal { vector [
  0 0.70710678 -0.70710678,0 0.70710678 -0.70710678,
  0 0.70710678 -0.70710678,0 0.70710678 -0.70710678] }
}
}
DEF SHAPE_160 Shape {
 appearance USE APP_1
 geometry DEF FACE_160 IndexedFaceSet {
  coord DEF COORD_160 Coordinate { point [
  0.59055118 -25.5 0.9,1.5905512 -25.5 0.9,
  1.5905512 -25.4 1,0.59055118 -25.4 1] }
 coordIndex [
  0,1,2,-1,3,0,2,-1]
  normalPerVertex TRUE
  normal DEF NORM_160 Normal { vector [
  0 -0.70710678 0.70710678,0 -0.70710678 0.70710678,
  0 -0.70710678 0.70710678,0 -0.70710678 0.70710678] }
}
}
DEF SHAPE_161 Shape {
 appearance USE APP_1
 geometry DEF FACE_161 IndexedFaceSet {
  coord DEF COORD_161 Coordinate { point [
  0.59055118 -25.6 0,1.5905512 -25.6 0,
  1.5905512 -26.4 0,0.59055118 -26.4 0] }
 coordIndex [
  3,0,1,-1,3,1,2,-1]
  normalPerVertex TRUE
  normal DEF NORM_161 Normal { vector [
  0 0 -1,0 0 -1,
  0 0 -1,0 0 -1] }
}
}
DEF SHAPE_162 Shape {
 appearance USE APP_1
 geometry DEF FACE_162 IndexedFaceSet {
  coord DEF COORD_162 Coordinate { point [
  0.59055118 -25.6 1,1.5905512 -25.6 1,
  1.5905512 -25.5 0.9,0.59055118 -25.5 0.9] }
 coordIndex [
  3,0,1,-1,3,1,2,-1]
  normalPerVertex TRUE
  normal DEF NORM_162 Normal { vector [
  0 0.70710678 0.70710678,0 0.70710678 0.70710678,
  0 0.70710678 0.70710678,0 0.70710678 0.70710678] }
}
}
DEF SHAPE_163 Shape {
 appearance USE APP_1
 geometry DEF FACE_163 IndexedFaceSet {
  coord DEF COORD_163 Coordinate { point [
  0.59055118 -26.4 0,1.5905512 -26.4 0,
  1.5905512 -26.5 0.1,0.59055118 -26.5 0.1] }
 coordIndex [
  3,0,1,-1,3,1,2,-1]
  normalPerVertex TRUE
  normal DEF NORM_163 Normal { vector [
  0 -0.70710678 -0.70710678,0 -0.70710678 -0.70710678,
  0 -0.70710678 -0.70710678,0 -0.70710678 -0.70710678] }
}
}
DEF SHAPE_164 Shape {
 appearance USE APP_1
 geometry DEF FACE_164 IndexedFaceSet {
  coord DEF COORD_164 Coordinate { point [
  0.59055118 -26.4 1,1.5905512 -26.4 1,
  1.5905512 -25.6 1,0.59055118 -25.6 1] }
 coordIndex [
  3,0,1,-1,3,1,2,-1]
  normalPerVertex TRUE
  normal DEF NORM_164 Normal { vector [
  0 0 1,0 0 1,
  0 0 1,0 0 1] }
}
}
DEF SHAPE_165 Shape {
 appearance USE APP_1
 geometry DEF FACE_165 IndexedFaceSet {
  coord DEF COORD_165 Coordinate { point [
  0.59055118 -26.5 0.1,1.5905512 -26.5 0.1,
  1.5905512 -26.6 0,0.59055118 -26.6 0] }
 coordIndex [
  0,1,2,-1,3,0,2,-1]
  normalPerVertex TRUE
  normal DEF NORM_165 Normal { vector [
  0 0.70710678 -0.70710678,0 0.70710678 -0.70710678,
  0 0.70710678 -0.70710678,0 0.70710678 -0.70710678] }
}
}
DEF SHAPE_166 Shape {
 appearance USE APP_1
 geometry DEF FACE_166 IndexedFaceSet {
  coord DEF COORD_166 Coordinate { point [
  0.59055118 -26.5 0.9,1.5905512 -26.5 0.9,
  1.5905512 -26.4 1,0.59055118 -26.4 1] }
 coordIndex [
  3,0,1,-1,3,1,2,-1]
  normalPerVertex TRUE
  normal DEF NORM_166 Normal { vector [
  0 -0.70710678 0.70710678,0 -0.70710678 0.70710678,
  0 -0.70710678 0.70710678,0 -0.70710678 0.70710678] }
}
}
DEF SHAPE_167 Shape {
 appearance USE APP_1
 geometry DEF FACE_167 IndexedFaceSet {
  coord DEF COORD_167 Coordinate { point [
  0.59055118 -26.6 0,1.5905512 -26.6 0,
  1.5905512 -27.4 0,0.59055118 -27.4 0] }
 coordIndex [
  3,0,1,-1,3,1,2,-1]
  normalPerVertex TRUE
  normal DEF NORM_167 Normal { vector [
  0 0 -1,0 0 -1,
  0 0 -1,0 0 -1] }
}
}
DEF SHAPE_168 Shape {
 appearance USE APP_1
 geometry DEF FACE_168 IndexedFaceSet {
  coord DEF COORD_168 Coordinate { point [
  0.59055118 -26.6 1,1.5905512 -26.6 1,
  1.5905512 -26.5 0.9,0.59055118 -26.5 0.9] }
 coordIndex [
  0,1,2,-1,3,0,2,-1]
  normalPerVertex TRUE
  normal DEF NORM_168 Normal { vector [
  0 0.70710678 0.70710678,0 0.70710678 0.70710678,
  0 0.70710678 0.70710678,0 0.70710678 0.70710678] }
}
}
DEF SHAPE_169 Shape {
 appearance USE APP_1
 geometry DEF FACE_169 IndexedFaceSet {
  coord DEF COORD_169 Coordinate { point [
  0.59055118 -27.4 0,1.5905512 -27.4 0,
  1.5905512 -27.5 0.1,0.59055118 -27.5 0.1] }
 coordIndex [
  0,1,2,-1,3,0,2,-1]
  normalPerVertex TRUE
  normal DEF NORM_169 Normal { vector [
  0 -0.70710678 -0.70710678,0 -0.70710678 -0.70710678,
  0 -0.70710678 -0.70710678,0 -0.70710678 -0.70710678] }
}
}
DEF SHAPE_170 Shape {
 appearance USE APP_1
 geometry DEF FACE_170 IndexedFaceSet {
  coord DEF COORD_170 Coordinate { point [
  0.59055118 -27.4 1,1.5905512 -27.4 1,
  1.5905512 -26.6 1,0.59055118 -26.6 1] }
 coordIndex [
  3,0,1,-1,3,1,2,-1]
  normalPerVertex TRUE
  normal DEF NORM_170 Normal { vector [
  0 0 1,0 0 1,
  0 0 1,0 0 1] }
}
}
DEF SHAPE_171 Shape {
 appearance USE APP_1
 geometry DEF FACE_171 IndexedFaceSet {
  coord DEF COORD_171 Coordinate { point [
  0.59055118 -27.5 0.1,1.5905512 -27.5 0.1,
  1.5905512 -27.6 0,0.59055118 -27.6 0] }
 coordIndex [
  3,0,1,-1,3,1,2,-1]
  normalPerVertex TRUE
  normal DEF NORM_171 Normal { vector [
  0 0.70710678 -0.70710678,0 0.70710678 -0.70710678,
  0 0.70710678 -0.70710678,0 0.70710678 -0.70710678] }
}
}
DEF SHAPE_172 Shape {
 appearance USE APP_1
 geometry DEF FACE_172 IndexedFaceSet {
  coord DEF COORD_172 Coordinate { point [
  0.59055118 -27.5 0.9,1.5905512 -27.5 0.9,
  1.5905512 -27.4 1,0.59055118 -27.4 1] }
 coordIndex [
  0,1,2,-1,3,0,2,-1]
  normalPerVertex TRUE
  normal DEF NORM_172 Normal { vector [
  0 -0.70710678 0.70710678,0 -0.70710678 0.70710678,
  0 -0.70710678 0.70710678,0 -0.70710678 0.70710678] }
}
}
DEF SHAPE_173 Shape {
 appearance USE APP_1
 geometry DEF FACE_173 IndexedFaceSet {
  coord DEF COORD_173 Coordinate { point [
  0.59055118 -27.6 0,1.5905512 -27.6 0,
  1.5905512 -28.4 0,0.59055118 -28.4 0] }
 coordIndex [
  3,0,1,-1,3,1,2,-1]
  normalPerVertex TRUE
  normal DEF NORM_173 Normal { vector [
  0 0 -1,0 0 -1,
  0 0 -1,0 0 -1] }
}
}
DEF SHAPE_174 Shape {
 appearance USE APP_1
 geometry DEF FACE_174 IndexedFaceSet {
  coord DEF COORD_174 Coordinate { point [
  0.59055118 -27.6 1,1.5905512 -27.6 1,
  1.5905512 -27.5 0.9,0.59055118 -27.5 0.9] }
 coordIndex [
  3,0,1,-1,3,1,2,-1]
  normalPerVertex TRUE
  normal DEF NORM_174 Normal { vector [
  0 0.70710678 0.70710678,0 0.70710678 0.70710678,
  0 0.70710678 0.70710678,0 0.70710678 0.70710678] }
}
}
DEF SHAPE_175 Shape {
 appearance USE APP_1
 geometry DEF FACE_175 IndexedFaceSet {
  coord DEF COORD_175 Coordinate { point [
  0.59055118 -28.4 0,1.5905512 -28.4 0,
  1.5905512 -28.5 0.1,0.59055118 -28.5 0.1] }
 coordIndex [
  3,0,1,-1,3,1,2,-1]
  normalPerVertex TRUE
  normal DEF NORM_175 Normal { vector [
  0 -0.70710678 -0.70710678,0 -0.70710678 -0.70710678,
  0 -0.70710678 -0.70710678,0 -0.70710678 -0.70710678] }
}
}
DEF SHAPE_176 Shape {
 appearance USE APP_1
 geometry DEF FACE_176 IndexedFaceSet {
  coord DEF COORD_176 Coordinate { point [
  0.59055118 -28.4 1,1.5905512 -28.4 1,
  1.5905512 -27.6 1,0.59055118 -27.6 1] }
 coordIndex [
  3,0,1,-1,3,1,2,-1]
  normalPerVertex TRUE
  normal DEF NORM_176 Normal { vector [
  0 0 1,0 0 1,
  0 0 1,0 0 1] }
}
}
DEF SHAPE_177 Shape {
 appearance USE APP_1
 geometry DEF FACE_177 IndexedFaceSet {
  coord DEF COORD_177 Coordinate { point [
  0.59055118 -28.5 0.1,1.5905512 -28.5 0.1,
  1.5905512 -28.6 0,0.59055118 -28.6 0] }
 coordIndex [
  3,0,1,-1,3,1,2,-1]
  normalPerVertex TRUE
  normal DEF NORM_177 Normal { vector [
  0 0.70710678 -0.70710678,0 0.70710678 -0.70710678,
  0 0.70710678 -0.70710678,0 0.70710678 -0.70710678] }
}
}
DEF SHAPE_178 Shape {
 appearance USE APP_1
 geometry DEF FACE_178 IndexedFaceSet {
  coord DEF COORD_178 Coordinate { point [
  0.59055118 -28.5 0.9,1.5905512 -28.5 0.9,
  1.5905512 -28.4 1,0.59055118 -28.4 1] }
 coordIndex [
  3,0,1,-1,3,1,2,-1]
  normalPerVertex TRUE
  normal DEF NORM_178 Normal { vector [
  0 -0.70710678 0.70710678,0 -0.70710678 0.70710678,
  0 -0.70710678 0.70710678,0 -0.70710678 0.70710678] }
}
}
DEF SHAPE_179 Shape {
 appearance USE APP_1
 geometry DEF FACE_179 IndexedFaceSet {
  coord DEF COORD_179 Coordinate { point [
  0.59055118 -28.6 0,1.5905512 -28.6 0,
  1.5905512 -29.4 0,0.59055118 -29.4 0] }
 coordIndex [
  3,0,1,-1,3,1,2,-1]
  normalPerVertex TRUE
  normal DEF NORM_179 Normal { vector [
  0 0 -1,0 0 -1,
  0 0 -1,0 0 -1] }
}
}
DEF SHAPE_180 Shape {
 appearance USE APP_1
 geometry DEF FACE_180 IndexedFaceSet {
  coord DEF COORD_180 Coordinate { point [
  0.59055118 -28.6 1,1.5905512 -28.6 1,
  1.5905512 -28.5 0.9,0.59055118 -28.5 0.9] }
 coordIndex [
  3,0,1,-1,3,1,2,-1]
  normalPerVertex TRUE
  normal DEF NORM_180 Normal { vector [
  0 0.70710678 0.70710678,0 0.70710678 0.70710678,
  0 0.70710678 0.70710678,0 0.70710678 0.70710678] }
}
}
DEF SHAPE_181 Shape {
 appearance USE APP_1
 geometry DEF FACE_181 IndexedFaceSet {
  coord DEF COORD_181 Coordinate { point [
  0.59055118 -29.4 0,1.5905512 -29.4 0,
  1.5905512 -29.5 0.1,0.59055118 -29.5 0.1] }
 coordIndex [
  3,0,1,-1,3,1,2,-1]
  normalPerVertex TRUE
  normal DEF NORM_181 Normal { vector [
  0 -0.70710678 -0.70710678,0 -0.70710678 -0.70710678,
  0 -0.70710678 -0.70710678,0 -0.70710678 -0.70710678] }
}
}
DEF SHAPE_182 Shape {
 appearance USE APP_1
 geometry DEF FACE_182 IndexedFaceSet {
  coord DEF COORD_182 Coordinate { point [
  0.59055118 -29.4 1,1.5905512 -29.4 1,
  1.5905512 -28.6 1,0.59055118 -28.6 1] }
 coordIndex [
  3,0,1,-1,3,1,2,-1]
  normalPerVertex TRUE
  normal DEF NORM_182 Normal { vector [
  0 0 1,0 0 1,
  0 0 1,0 0 1] }
}
}
DEF SHAPE_183 Shape {
 appearance USE APP_1
 geometry DEF FACE_183 IndexedFaceSet {
  coord DEF COORD_183 Coordinate { point [
  0.59055118 -29.5 0.1,1.5905512 -29.5 0.1,
  1.5905512 -29.6 0,0.59055118 -29.6 0] }
 coordIndex [
  0,1,2,-1,3,0,2,-1]
  normalPerVertex TRUE
  normal DEF NORM_183 Normal { vector [
  0 0.70710678 -0.70710678,0 0.70710678 -0.70710678,
  0 0.70710678 -0.70710678,0 0.70710678 -0.70710678] }
}
}
DEF SHAPE_184 Shape {
 appearance USE APP_1
 geometry DEF FACE_184 IndexedFaceSet {
  coord DEF COORD_184 Coordinate { point [
  0.59055118 -29.5 0.9,1.5905512 -29.5 0.9,
  1.5905512 -29.4 1,0.59055118 -29.4 1] }
 coordIndex [
  3,0,1,-1,3,1,2,-1]
  normalPerVertex TRUE
  normal DEF NORM_184 Normal { vector [
  0 -0.70710678 0.70710678,0 -0.70710678 0.70710678,
  0 -0.70710678 0.70710678,0 -0.70710678 0.70710678] }
}
}
DEF SHAPE_185 Shape {
 appearance USE APP_1
 geometry DEF FACE_185 IndexedFaceSet {
  coord DEF COORD_185 Coordinate { point [
  0.59055118 -29.6 0,1.5905512 -29.6 0,
  1.5905512 -30.4 0,0.59055118 -30.4 0] }
 coordIndex [
  3,0,1,-1,3,1,2,-1]
  normalPerVertex TRUE
  normal DEF NORM_185 Normal { vector [
  0 0 -1,0 0 -1,
  0 0 -1,0 0 -1] }
}
}
DEF SHAPE_186 Shape {
 appearance USE APP_1
 geometry DEF FACE_186 IndexedFaceSet {
  coord DEF COORD_186 Coordinate { point [
  0.59055118 -29.6 1,1.5905512 -29.6 1,
  1.5905512 -29.5 0.9,0.59055118 -29.5 0.9] }
 coordIndex [
  0,1,2,-1,3,0,2,-1]
  normalPerVertex TRUE
  normal DEF NORM_186 Normal { vector [
  0 0.70710678 0.70710678,0 0.70710678 0.70710678,
  0 0.70710678 0.70710678,0 0.70710678 0.70710678] }
}
}
DEF SHAPE_187 Shape {
 appearance USE APP_1
 geometry DEF FACE_187 IndexedFaceSet {
  coord DEF COORD_187 Coordinate { point [
  0.59055118 -30.4 0,1.5905512 -30.4 0,
  1.5905512 -30.5 0.1,0.59055118 -30.5 0.1] }
 coordIndex [
  3,0,1,-1,3,1,2,-1]
  normalPerVertex TRUE
  normal DEF NORM_187 Normal { vector [
  0 -0.70710678 -0.70710678,0 -0.70710678 -0.70710678,
  0 -0.70710678 -0.70710678,0 -0.70710678 -0.70710678] }
}
}
DEF SHAPE_188 Shape {
 appearance USE APP_1
 geometry DEF FACE_188 IndexedFaceSet {
  coord DEF COORD_188 Coordinate { point [
  0.59055118 -30.4 1,1.5905512 -30.4 1,
  1.5905512 -29.6 1,0.59055118 -29.6 1] }
 coordIndex [
  3,0,1,-1,3,1,2,-1]
  normalPerVertex TRUE
  normal DEF NORM_188 Normal { vector [
  0 0 1,0 0 1,
  0 0 1,0 0 1] }
}
}
DEF SHAPE_189 Shape {
 appearance USE APP_1
 geometry DEF FACE_189 IndexedFaceSet {
  coord DEF COORD_189 Coordinate { point [
  0.59055118 -30.5 0.1,1.5905512 -30.5 0.1,
  1.5905512 -30.6 0,0.59055118 -30.6 0] }
 coordIndex [
  3,0,1,-1,3,1,2,-1]
  normalPerVertex TRUE
  normal DEF NORM_189 Normal { vector [
  0 0.70710678 -0.70710678,0 0.70710678 -0.70710678,
  0 0.70710678 -0.70710678,0 0.70710678 -0.70710678] }
}
}
DEF SHAPE_190 Shape {
 appearance USE APP_1
 geometry DEF FACE_190 IndexedFaceSet {
  coord DEF COORD_190 Coordinate { point [
  0.59055118 -30.5 0.9,1.5905512 -30.5 0.9,
  1.5905512 -30.4 1,0.59055118 -30.4 1] }
 coordIndex [
  3,0,1,-1,3,1,2,-1]
  normalPerVertex TRUE
  normal DEF NORM_190 Normal { vector [
  0 -0.70710678 0.70710678,0 -0.70710678 0.70710678,
  0 -0.70710678 0.70710678,0 -0.70710678 0.70710678] }
}
}
DEF SHAPE_191 Shape {
 appearance USE APP_1
 geometry DEF FACE_191 IndexedFaceSet {
  coord DEF COORD_191 Coordinate { point [
  0.59055118 -30.6 0,1.5905512 -30.6 0,
  1.5905512 -31.4 0,0.59055118 -31.4 0] }
 coordIndex [
  3,0,1,-1,3,1,2,-1]
  normalPerVertex TRUE
  normal DEF NORM_191 Normal { vector [
  0 0 -1,0 0 -1,
  0 0 -1,0 0 -1] }
}
}
DEF SHAPE_192 Shape {
 appearance USE APP_1
 geometry DEF FACE_192 IndexedFaceSet {
  coord DEF COORD_192 Coordinate { point [
  0.59055118 -30.6 1,1.5905512 -30.6 1,
  1.5905512 -30.5 0.9,0.59055118 -30.5 0.9] }
 coordIndex [
  3,0,1,-1,3,1,2,-1]
  normalPerVertex TRUE
  normal DEF NORM_192 Normal { vector [
  0 0.70710678 0.70710678,0 0.70710678 0.70710678,
  0 0.70710678 0.70710678,0 0.70710678 0.70710678] }
}
}
DEF SHAPE_193 Shape {
 appearance USE APP_1
 geometry DEF FACE_193 IndexedFaceSet {
  coord DEF COORD_193 Coordinate { point [
  0.59055118 -31.4 0,1.5905512 -31.4 0,
  1.5905512 -31.5 0.1,0.59055118 -31.5 0.1] }
 coordIndex [
  3,0,1,-1,3,1,2,-1]
  normalPerVertex TRUE
  normal DEF NORM_193 Normal { vector [
  0 -0.70710678 -0.70710678,0 -0.70710678 -0.70710678,
  0 -0.70710678 -0.70710678,0 -0.70710678 -0.70710678] }
}
}
DEF SHAPE_194 Shape {
 appearance USE APP_1
 geometry DEF FACE_194 IndexedFaceSet {
  coord DEF COORD_194 Coordinate { point [
  0.59055118 -31.4 1,1.5905512 -31.4 1,
  1.5905512 -30.6 1,0.59055118 -30.6 1] }
 coordIndex [
  3,0,1,-1,3,1,2,-1]
  normalPerVertex TRUE
  normal DEF NORM_194 Normal { vector [
  0 0 1,0 0 1,
  0 0 1,0 0 1] }
}
}
DEF SHAPE_195 Shape {
 appearance USE APP_1
 geometry DEF FACE_195 IndexedFaceSet {
  coord DEF COORD_195 Coordinate { point [
  0.59055118 -31.5 0.1,1.5905512 -31.5 0.1,
  1.5905512 -31.6 0,0.59055118 -31.6 0] }
 coordIndex [
  0,1,2,-1,3,0,2,-1]
  normalPerVertex TRUE
  normal DEF NORM_195 Normal { vector [
  0 0.70710678 -0.70710678,0 0.70710678 -0.70710678,
  0 0.70710678 -0.70710678,0 0.70710678 -0.70710678] }
}
}
DEF SHAPE_196 Shape {
 appearance USE APP_1
 geometry DEF FACE_196 IndexedFaceSet {
  coord DEF COORD_196 Coordinate { point [
  0.59055118 -31.5 0.9,1.5905512 -31.5 0.9,
  1.5905512 -31.4 1,0.59055118 -31.4 1] }
 coordIndex [
  3,0,1,-1,3,1,2,-1]
  normalPerVertex TRUE
  normal DEF NORM_196 Normal { vector [
  0 -0.70710678 0.70710678,0 -0.70710678 0.70710678,
  0 -0.70710678 0.70710678,0 -0.70710678 0.70710678] }
}
}
DEF SHAPE_197 Shape {
 appearance USE APP_1
 geometry DEF FACE_197 IndexedFaceSet {
  coord DEF COORD_197 Coordinate { point [
  0.59055118 -31.6 0,1.5905512 -31.6 0,
  1.5905512 -32.4 0,0.59055118 -32.4 0] }
 coordIndex [
  3,0,1,-1,3,1,2,-1]
  normalPerVertex TRUE
  normal DEF NORM_197 Normal { vector [
  0 0 -1,0 0 -1,
  0 0 -1,0 0 -1] }
}
}
DEF SHAPE_198 Shape {
 appearance USE APP_1
 geometry DEF FACE_198 IndexedFaceSet {
  coord DEF COORD_198 Coordinate { point [
  0.59055118 -31.6 1,1.5905512 -31.6 1,
  1.5905512 -31.5 0.9,0.59055118 -31.5 0.9] }
 coordIndex [
  0,1,2,-1,3,0,2,-1]
  normalPerVertex TRUE
  normal DEF NORM_198 Normal { vector [
  0 0.70710678 0.70710678,0 0.70710678 0.70710678,
  0 0.70710678 0.70710678,0 0.70710678 0.70710678] }
}
}
DEF SHAPE_199 Shape {
 appearance USE APP_1
 geometry DEF FACE_199 IndexedFaceSet {
  coord DEF COORD_199 Coordinate { point [
  0.59055118 -32.4 0,1.5905512 -32.4 0,
  1.5905512 -32.5 0.1,0.59055118 -32.5 0.1] }
 coordIndex [
  0,1,2,-1,3,0,2,-1]
  normalPerVertex TRUE
  normal DEF NORM_199 Normal { vector [
  0 -0.70710678 -0.70710678,0 -0.70710678 -0.70710678,
  0 -0.70710678 -0.70710678,0 -0.70710678 -0.70710678] }
}
}
DEF SHAPE_200 Shape {
 appearance USE APP_1
 geometry DEF FACE_200 IndexedFaceSet {
  coord DEF COORD_200 Coordinate { point [
  0.59055118 -32.4 1,1.5905512 -32.4 1,
  1.5905512 -31.6 1,0.59055118 -31.6 1] }
 coordIndex [
  3,0,1,-1,3,1,2,-1]
  normalPerVertex TRUE
  normal DEF NORM_200 Normal { vector [
  0 0 1,0 0 1,
  0 0 1,0 0 1] }
}
}
DEF SHAPE_201 Shape {
 appearance USE APP_1
 geometry DEF FACE_201 IndexedFaceSet {
  coord DEF COORD_201 Coordinate { point [
  0.59055118 -32.5 0.1,1.5905512 -32.5 0.1,
  1.5905512 -32.6 0,0.59055118 -32.6 0] }
 coordIndex [
  3,0,1,-1,3,1,2,-1]
  normalPerVertex TRUE
  normal DEF NORM_201 Normal { vector [
  0 0.70710678 -0.70710678,0 0.70710678 -0.70710678,
  0 0.70710678 -0.70710678,0 0.70710678 -0.70710678] }
}
}
DEF SHAPE_202 Shape {
 appearance USE APP_1
 geometry DEF FACE_202 IndexedFaceSet {
  coord DEF COORD_202 Coordinate { point [
  0.59055118 -32.5 0.9,1.5905512 -32.5 0.9,
  1.5905512 -32.4 1,0.59055118 -32.4 1] }
 coordIndex [
  0,1,2,-1,3,0,2,-1]
  normalPerVertex TRUE
  normal DEF NORM_202 Normal { vector [
  0 -0.70710678 0.70710678,0 -0.70710678 0.70710678,
  0 -0.70710678 0.70710678,0 -0.70710678 0.70710678] }
}
}
DEF SHAPE_203 Shape {
 appearance USE APP_1
 geometry DEF FACE_203 IndexedFaceSet {
  coord DEF COORD_203 Coordinate { point [
  0.59055118 -32.6 0,1.5905512 -32.6 0,
  1.5905512 -33.4 0,0.59055118 -33.4 0] }
 coordIndex [
  3,0,1,-1,3,1,2,-1]
  normalPerVertex TRUE
  normal DEF NORM_203 Normal { vector [
  0 0 -1,0 0 -1,
  0 0 -1,0 0 -1] }
}
}
DEF SHAPE_204 Shape {
 appearance USE APP_1
 geometry DEF FACE_204 IndexedFaceSet {
  coord DEF COORD_204 Coordinate { point [
  0.59055118 -32.6 1,1.5905512 -32.6 1,
  1.5905512 -32.5 0.9,0.59055118 -32.5 0.9] }
 coordIndex [
  3,0,1,-1,3,1,2,-1]
  normalPerVertex TRUE
  normal DEF NORM_204 Normal { vector [
  0 0.70710678 0.70710678,0 0.70710678 0.70710678,
  0 0.70710678 0.70710678,0 0.70710678 0.70710678] }
}
}
DEF SHAPE_205 Shape {
 appearance USE APP_1
 geometry DEF FACE_205 IndexedFaceSet {
  coord DEF COORD_205 Coordinate { point [
  0.59055118 -33.4 0,1.5905512 -33.4 0,
  1.5905512 -33.5 0.1,0.59055118 -33.5 0.1] }
 coordIndex [
  3,0,1,-1,3,1,2,-1]
  normalPerVertex TRUE
  normal DEF NORM_205 Normal { vector [
  0 -0.70710678 -0.70710678,0 -0.70710678 -0.70710678,
  0 -0.70710678 -0.70710678,0 -0.70710678 -0.70710678] }
}
}
DEF SHAPE_206 Shape {
 appearance USE APP_1
 geometry DEF FACE_206 IndexedFaceSet {
  coord DEF COORD_206 Coordinate { point [
  0.59055118 -33.4 1,1.5905512 -33.4 1,
  1.5905512 -32.6 1,0.59055118 -32.6 1] }
 coordIndex [
  3,0,1,-1,3,1,2,-1]
  normalPerVertex TRUE
  normal DEF NORM_206 Normal { vector [
  0 0 1,0 0 1,
  0 0 1,0 0 1] }
}
}
DEF SHAPE_207 Shape {
 appearance USE APP_1
 geometry DEF FACE_207 IndexedFaceSet {
  coord DEF COORD_207 Coordinate { point [
  0.59055118 -33.5 0.1,1.5905512 -33.5 0.1,
  1.5905512 -33.6 0,0.59055118 -33.6 0] }
 coordIndex [
  0,1,2,-1,3,0,2,-1]
  normalPerVertex TRUE
  normal DEF NORM_207 Normal { vector [
  0 0.70710678 -0.70710678,0 0.70710678 -0.70710678,
  0 0.70710678 -0.70710678,0 0.70710678 -0.70710678] }
}
}
DEF SHAPE_208 Shape {
 appearance USE APP_1
 geometry DEF FACE_208 IndexedFaceSet {
  coord DEF COORD_208 Coordinate { point [
  0.59055118 -33.5 0.9,1.5905512 -33.5 0.9,
  1.5905512 -33.4 1,0.59055118 -33.4 1] }
 coordIndex [
  3,0,1,-1,3,1,2,-1]
  normalPerVertex TRUE
  normal DEF NORM_208 Normal { vector [
  0 -0.70710678 0.70710678,0 -0.70710678 0.70710678,
  0 -0.70710678 0.70710678,0 -0.70710678 0.70710678] }
}
}
DEF SHAPE_209 Shape {
 appearance USE APP_1
 geometry DEF FACE_209 IndexedFaceSet {
  coord DEF COORD_209 Coordinate { point [
  0.59055118 -33.6 0,1.5905512 -33.6 0,
  1.5905512 -34.4 0,0.59055118 -34.4 0] }
 coordIndex [
  3,0,1,-1,3,1,2,-1]
  normalPerVertex TRUE
  normal DEF NORM_209 Normal { vector [
  0 0 -1,0 0 -1,
  0 0 -1,0 0 -1] }
}
}
DEF SHAPE_210 Shape {
 appearance USE APP_1
 geometry DEF FACE_210 IndexedFaceSet {
  coord DEF COORD_210 Coordinate { point [
  0.59055118 -33.6 1,1.5905512 -33.6 1,
  1.5905512 -33.5 0.9,0.59055118 -33.5 0.9] }
 coordIndex [
  0,1,2,-1,3,0,2,-1]
  normalPerVertex TRUE
  normal DEF NORM_210 Normal { vector [
  0 0.70710678 0.70710678,0 0.70710678 0.70710678,
  0 0.70710678 0.70710678,0 0.70710678 0.70710678] }
}
}
DEF SHAPE_211 Shape {
 appearance USE APP_1
 geometry DEF FACE_211 IndexedFaceSet {
  coord DEF COORD_211 Coordinate { point [
  0.59055118 -34.4 0,1.5905512 -34.4 0,
  1.5905512 -34.5 0.1,0.59055118 -34.5 0.1] }
 coordIndex [
  0,1,2,-1,3,0,2,-1]
  normalPerVertex TRUE
  normal DEF NORM_211 Normal { vector [
  0 -0.70710678 -0.70710678,0 -0.70710678 -0.70710678,
  0 -0.70710678 -0.70710678,0 -0.70710678 -0.70710678] }
}
}
DEF SHAPE_212 Shape {
 appearance USE APP_1
 geometry DEF FACE_212 IndexedFaceSet {
  coord DEF COORD_212 Coordinate { point [
  0.59055118 -34.4 1,1.5905512 -34.4 1,
  1.5905512 -33.6 1,0.59055118 -33.6 1] }
 coordIndex [
  3,0,1,-1,3,1,2,-1]
  normalPerVertex TRUE
  normal DEF NORM_212 Normal { vector [
  0 0 1,0 0 1,
  0 0 1,0 0 1] }
}
}
DEF SHAPE_213 Shape {
 appearance USE APP_1
 geometry DEF FACE_213 IndexedFaceSet {
  coord DEF COORD_213 Coordinate { point [
  0.59055118 -34.5 0.1,1.5905512 -34.5 0.1,
  1.5905512 -34.6 0,0.59055118 -34.6 0] }
 coordIndex [
  3,0,1,-1,3,1,2,-1]
  normalPerVertex TRUE
  normal DEF NORM_213 Normal { vector [
  0 0.70710678 -0.70710678,0 0.70710678 -0.70710678,
  0 0.70710678 -0.70710678,0 0.70710678 -0.70710678] }
}
}
DEF SHAPE_214 Shape {
 appearance USE APP_1
 geometry DEF FACE_214 IndexedFaceSet {
  coord DEF COORD_214 Coordinate { point [
  0.59055118 -34.5 0.9,1.5905512 -34.5 0.9,
  1.5905512 -34.4 1,0.59055118 -34.4 1] }
 coordIndex [
  0,1,2,-1,3,0,2,-1]
  normalPerVertex TRUE
  normal DEF NORM_214 Normal { vector [
  0 -0.70710678 0.70710678,0 -0.70710678 0.70710678,
  0 -0.70710678 0.70710678,0 -0.70710678 0.70710678] }
}
}
DEF SHAPE_215 Shape {
 appearance USE APP_1
 geometry DEF FACE_215 IndexedFaceSet {
  coord DEF COORD_215 Coordinate { point [
  0.59055118 -34.6 0,1.5905512 -34.6 0,
  1.5905512 -35.4 0,0.59055118 -35.4 0] }
 coordIndex [
  3,0,1,-1,3,1,2,-1]
  normalPerVertex TRUE
  normal DEF NORM_215 Normal { vector [
  0 0 -1,0 0 -1,
  0 0 -1,0 0 -1] }
}
}
DEF SHAPE_216 Shape {
 appearance USE APP_1
 geometry DEF FACE_216 IndexedFaceSet {
  coord DEF COORD_216 Coordinate { point [
  0.59055118 -34.6 1,1.5905512 -34.6 1,
  1.5905512 -34.5 0.9,0.59055118 -34.5 0.9] }
 coordIndex [
  3,0,1,-1,3,1,2,-1]
  normalPerVertex TRUE
  normal DEF NORM_216 Normal { vector [
  0 0.70710678 0.70710678,0 0.70710678 0.70710678,
  0 0.70710678 0.70710678,0 0.70710678 0.70710678] }
}
}
DEF SHAPE_217 Shape {
 appearance USE APP_1
 geometry DEF FACE_217 IndexedFaceSet {
  coord DEF COORD_217 Coordinate { point [
  0.59055118 -35.4 0,1.5905512 -35.4 0,
  1.5905512 -35.5 0.1,0.59055118 -35.5 0.1] }
 coordIndex [
  3,0,1,-1,3,1,2,-1]
  normalPerVertex TRUE
  normal DEF NORM_217 Normal { vector [
  0 -0.70710678 -0.70710678,0 -0.70710678 -0.70710678,
  0 -0.70710678 -0.70710678,0 -0.70710678 -0.70710678] }
}
}
DEF SHAPE_218 Shape {
 appearance USE APP_1
 geometry DEF FACE_218 IndexedFaceSet {
  coord DEF COORD_218 Coordinate { point [
  0.59055118 -35.4 1,1.5905512 -35.4 1,
  1.5905512 -34.6 1,0.59055118 -34.6 1] }
 coordIndex [
  3,0,1,-1,3,1,2,-1]
  normalPerVertex TRUE
  normal DEF NORM_218 Normal { vector [
  0 0 1,0 0 1,
  0 0 1,0 0 1] }
}
}
DEF SHAPE_219 Shape {
 appearance USE APP_1
 geometry DEF FACE_219 IndexedFaceSet {
  coord DEF COORD_219 Coordinate { point [
  0.59055118 -35.5 0.1,1.5905512 -35.5 0.1,
  1.5905512 -35.6 0,0.59055118 -35.6 0] }
 coordIndex [
  3,0,1,-1,3,1,2,-1]
  normalPerVertex TRUE
  normal DEF NORM_219 Normal { vector [
  0 0.70710678 -0.70710678,0 0.70710678 -0.70710678,
  0 0.70710678 -0.70710678,0 0.70710678 -0.70710678] }
}
}
DEF SHAPE_220 Shape {
 appearance USE APP_1
 geometry DEF FACE_220 IndexedFaceSet {
  coord DEF COORD_220 Coordinate { point [
  0.59055118 -35.5 0.9,1.5905512 -35.5 0.9,
  1.5905512 -35.4 1,0.59055118 -35.4 1] }
 coordIndex [
  3,0,1,-1,3,1,2,-1]
  normalPerVertex TRUE
  normal DEF NORM_220 Normal { vector [
  0 -0.70710678 0.70710678,0 -0.70710678 0.70710678,
  0 -0.70710678 0.70710678,0 -0.70710678 0.70710678] }
}
}
DEF SHAPE_221 Shape {
 appearance USE APP_1
 geometry DEF FACE_221 IndexedFaceSet {
  coord DEF COORD_221 Coordinate { point [
  0.59055118 -35.6 0,1.5905512 -35.6 0,
  1.5905512 -36.4 0,0.59055118 -36.4 0] }
 coordIndex [
  3,0,1,-1,3,1,2,-1]
  normalPerVertex TRUE
  normal DEF NORM_221 Normal { vector [
  0 0 -1,0 0 -1,
  0 0 -1,0 0 -1] }
}
}
DEF SHAPE_222 Shape {
 appearance USE APP_1
 geometry DEF FACE_222 IndexedFaceSet {
  coord DEF COORD_222 Coordinate { point [
  0.59055118 -35.6 1,1.5905512 -35.6 1,
  1.5905512 -35.5 0.9,0.59055118 -35.5 0.9] }
 coordIndex [
  3,0,1,-1,3,1,2,-1]
  normalPerVertex TRUE
  normal DEF NORM_222 Normal { vector [
  0 0.70710678 0.70710678,0 0.70710678 0.70710678,
  0 0.70710678 0.70710678,0 0.70710678 0.70710678] }
}
}
DEF SHAPE_223 Shape {
 appearance USE APP_1
 geometry DEF FACE_223 IndexedFaceSet {
  coord DEF COORD_223 Coordinate { point [
  0.59055118 -36.4 0,1.5905512 -36.4 0,
  1.5905512 -36.5 0.1,0.59055118 -36.5 0.1] }
 coordIndex [
  0,1,2,-1,3,0,2,-1]
  normalPerVertex TRUE
  normal DEF NORM_223 Normal { vector [
  0 -0.70710678 -0.70710678,0 -0.70710678 -0.70710678,
  0 -0.70710678 -0.70710678,0 -0.70710678 -0.70710678] }
}
}
DEF SHAPE_224 Shape {
 appearance USE APP_1
 geometry DEF FACE_224 IndexedFaceSet {
  coord DEF COORD_224 Coordinate { point [
  0.59055118 -36.4 1,1.5905512 -36.4 1,
  1.5905512 -35.6 1,0.59055118 -35.6 1] }
 coordIndex [
  3,0,1,-1,3,1,2,-1]
  normalPerVertex TRUE
  normal DEF NORM_224 Normal { vector [
  0 0 1,0 0 1,
  0 0 1,0 0 1] }
}
}
DEF SHAPE_225 Shape {
 appearance USE APP_1
 geometry DEF FACE_225 IndexedFaceSet {
  coord DEF COORD_225 Coordinate { point [
  0.59055118 -36.5 0.1,1.5905512 -36.5 0.1,
  1.5905512 -36.6 0,0.59055118 -36.6 0] }
 coordIndex [
  3,0,1,-1,3,1,2,-1]
  normalPerVertex TRUE
  normal DEF NORM_225 Normal { vector [
  0 0.70710678 -0.70710678,0 0.70710678 -0.70710678,
  0 0.70710678 -0.70710678,0 0.70710678 -0.70710678] }
}
}
DEF SHAPE_226 Shape {
 appearance USE APP_1
 geometry DEF FACE_226 IndexedFaceSet {
  coord DEF COORD_226 Coordinate { point [
  0.59055118 -36.5 0.9,1.5905512 -36.5 0.9,
  1.5905512 -36.4 1,0.59055118 -36.4 1] }
 coordIndex [
  0,1,2,-1,3,0,2,-1]
  normalPerVertex TRUE
  normal DEF NORM_226 Normal { vector [
  0 -0.70710678 0.70710678,0 -0.70710678 0.70710678,
  0 -0.70710678 0.70710678,0 -0.70710678 0.70710678] }
}
}
DEF SHAPE_227 Shape {
 appearance USE APP_1
 geometry DEF FACE_227 IndexedFaceSet {
  coord DEF COORD_227 Coordinate { point [
  0.59055118 -36.6 0,1.5905512 -36.6 0,
  1.5905512 -37.4 0,0.59055118 -37.4 0] }
 coordIndex [
  3,0,1,-1,3,1,2,-1]
  normalPerVertex TRUE
  normal DEF NORM_227 Normal { vector [
  0 0 -1,0 0 -1,
  0 0 -1,0 0 -1] }
}
}
DEF SHAPE_228 Shape {
 appearance USE APP_1
 geometry DEF FACE_228 IndexedFaceSet {
  coord DEF COORD_228 Coordinate { point [
  0.59055118 -36.6 1,1.5905512 -36.6 1,
  1.5905512 -36.5 0.9,0.59055118 -36.5 0.9] }
 coordIndex [
  3,0,1,-1,3,1,2,-1]
  normalPerVertex TRUE
  normal DEF NORM_228 Normal { vector [
  0 0.70710678 0.70710678,0 0.70710678 0.70710678,
  0 0.70710678 0.70710678,0 0.70710678 0.70710678] }
}
}
DEF SHAPE_229 Shape {
 appearance USE APP_1
 geometry DEF FACE_229 IndexedFaceSet {
  coord DEF COORD_229 Coordinate { point [
  0.59055118 -37.4 0,1.5905512 -37.4 0,
  1.5905512 -37.5 0.1,0.59055118 -37.5 0.1] }
 coordIndex [
  3,0,1,-1,3,1,2,-1]
  normalPerVertex TRUE
  normal DEF NORM_229 Normal { vector [
  0 -0.70710678 -0.70710678,0 -0.70710678 -0.70710678,
  0 -0.70710678 -0.70710678,0 -0.70710678 -0.70710678] }
}
}
DEF SHAPE_230 Shape {
 appearance USE APP_1
 geometry DEF FACE_230 IndexedFaceSet {
  coord DEF COORD_230 Coordinate { point [
  0.59055118 -37.4 1,1.5905512 -37.4 1,
  1.5905512 -36.6 1,0.59055118 -36.6 1] }
 coordIndex [
  3,0,1,-1,3,1,2,-1]
  normalPerVertex TRUE
  normal DEF NORM_230 Normal { vector [
  0 0 1,0 0 1,
  0 0 1,0 0 1] }
}
}
DEF SHAPE_231 Shape {
 appearance USE APP_1
 geometry DEF FACE_231 IndexedFaceSet {
  coord DEF COORD_231 Coordinate { point [
  0.59055118 -37.5 0.1,1.5905512 -37.5 0.1,
  1.5905512 -37.6 0,0.59055118 -37.6 0] }
 coordIndex [
  3,0,1,-1,3,1,2,-1]
  normalPerVertex TRUE
  normal DEF NORM_231 Normal { vector [
  0 0.70710678 -0.70710678,0 0.70710678 -0.70710678,
  0 0.70710678 -0.70710678,0 0.70710678 -0.70710678] }
}
}
DEF SHAPE_232 Shape {
 appearance USE APP_1
 geometry DEF FACE_232 IndexedFaceSet {
  coord DEF COORD_232 Coordinate { point [
  0.59055118 -37.5 0.9,1.5905512 -37.5 0.9,
  1.5905512 -37.4 1,0.59055118 -37.4 1] }
 coordIndex [
  3,0,1,-1,3,1,2,-1]
  normalPerVertex TRUE
  normal DEF NORM_232 Normal { vector [
  0 -0.70710678 0.70710678,0 -0.70710678 0.70710678,
  0 -0.70710678 0.70710678,0 -0.70710678 0.70710678] }
}
}
DEF SHAPE_233 Shape {
 appearance USE APP_1
 geometry DEF FACE_233 IndexedFaceSet {
  coord DEF COORD_233 Coordinate { point [
  0.59055118 -37.6 0,1.5905512 -37.6 0,
  1.5905512 -38.4 0,0.59055118 -38.4 0] }
 coordIndex [
  3,0,1,-1,3,1,2,-1]
  normalPerVertex TRUE
  normal DEF NORM_233 Normal { vector [
  0 0 -1,0 0 -1,
  0 0 -1,0 0 -1] }
}
}
DEF SHAPE_234 Shape {
 appearance USE APP_1
 geometry DEF FACE_234 IndexedFaceSet {
  coord DEF COORD_234 Coordinate { point [
  0.59055118 -37.6 1,1.5905512 -37.6 1,
  1.5905512 -37.5 0.9,0.59055118 -37.5 0.9] }
 coordIndex [
  3,0,1,-1,3,1,2,-1]
  normalPerVertex TRUE
  normal DEF NORM_234 Normal { vector [
  0 0.70710678 0.70710678,0 0.70710678 0.70710678,
  0 0.70710678 0.70710678,0 0.70710678 0.70710678] }
}
}
DEF SHAPE_235 Shape {
 appearance USE APP_1
 geometry DEF FACE_235 IndexedFaceSet {
  coord DEF COORD_235 Coordinate { point [
  0.59055118 -38.4 0,1.5905512 -38.4 0,
  1.5905512 -38.5 0.1,0.59055118 -38.5 0.1] }
 coordIndex [
  3,0,1,-1,3,1,2,-1]
  normalPerVertex TRUE
  normal DEF NORM_235 Normal { vector [
  0 -0.70710678 -0.70710678,0 -0.70710678 -0.70710678,
  0 -0.70710678 -0.70710678,0 -0.70710678 -0.70710678] }
}
}
DEF SHAPE_236 Shape {
 appearance USE APP_1
 geometry DEF FACE_236 IndexedFaceSet {
  coord DEF COORD_236 Coordinate { point [
  0.59055118 -38.4 1,1.5905512 -38.4 1,
  1.5905512 -37.6 1,0.59055118 -37.6 1] }
 coordIndex [
  3,0,1,-1,3,1,2,-1]
  normalPerVertex TRUE
  normal DEF NORM_236 Normal { vector [
  0 0 1,0 0 1,
  0 0 1,0 0 1] }
}
}
DEF SHAPE_237 Shape {
 appearance USE APP_1
 geometry DEF FACE_237 IndexedFaceSet {
  coord DEF COORD_237 Coordinate { point [
  0.59055118 -38.5 0.1,1.5905512 -38.5 0.1,
  1.5905512 -38.5 0.9,0.59055118 -38.5 0.9] }
 coordIndex [
  3,0,1,-1,3,1,2,-1]
  normalPerVertex TRUE
  normal DEF NORM_237 Normal { vector [
  0 -1 0,0 -1 0,
  0 -1 0,0 -1 0] }
}
}
DEF SHAPE_238 Shape {
 appearance USE APP_1
 geometry DEF FACE_238 IndexedFaceSet {
  coord DEF COORD_238 Coordinate { point [
  0.59055118 -38.5 0.9,1.5905512 -38.5 0.9,
  1.5905512 -38.4 1,0.59055118 -38.4 1] }
 coordIndex [
  3,0,1,-1,3,1,2,-1]
  normalPerVertex TRUE
  normal DEF NORM_238 Normal { vector [
  0 -0.70710678 0.70710678,0 -0.70710678 0.70710678,
  0 -0.70710678 0.70710678,0 -0.70710678 0.70710678] }
}
}
DEF SHAPE_239 Shape {
 appearance DEF APP_2 Appearance {
  material Material {
   ambientIntensity 0.13400008
   diffuseColor 0.85900003 0.73799998 0.49599999
   emissiveColor 0 0 0
   shininess 0.1
   specularColor 0.12 0.12 0.12
   transparency 0
} }
 geometry DEF FACE_239 IndexedFaceSet {
  coord DEF COORD_239 Coordinate { point [
  0.12598425 -27.874016 0.62598425,0.59055118 -27.874016 0.62598425,
  0.12598425 -28.125984 0.62598425,0.59055118 -28.125984 0.62598425] }
 coordIndex [
  1,0,2,-1,1,2,3,-1]
  normalPerVertex TRUE
  normal DEF NORM_239 Normal { vector [
  0 0 1,0 0 1,
  0 0 1,0 0 1] }
}
}
DEF SHAPE_240 Shape {
 appearance USE APP_2
 geometry DEF FACE_240 IndexedFaceSet {
  coord DEF COORD_240 Coordinate { point [
  -0.12598425 -27.874016 0.37401575,-0.11739863 -27.874016 0.43923,
  -0.092226873 -27.874016 0.5,-0.052184386 -27.874016 0.55218439,
  0 -27.874016 0.59222687,0.060770004 -27.874016 0.61739863,
  0.12598425 -27.874016 0.62598425,0.59055118 -27.874016 0.62598425,
  0.59055118 -27.874016 0.37401575,0.12598425 -27.874016 0.37401575,
  0.12598425 -27.874016 -1.1181102,-0.12598425 -27.874016 -1.1181102] }
 coordIndex [
  9,0,1,-1,9,1,2,-1,9,2,3,-1,9,3,4,-1,9,4,5,-1,9,5,6,-1,8,6,7,-1,8,9,6,-1,
  10,11,0,-1,10,0,9,-1]
  normalPerVertex TRUE
  normal DEF NORM_240 Normal { vector [
  0 1 0,0 1 0,
  0 1 0,0 1 0,
  0 1 0,0 1 0,
  0 1 0,0 1 0,
  0 1 0,0 1 0,
  0 1 0,0 1 0] }
}
}
DEF SHAPE_241 Shape {
 appearance USE APP_2
 geometry DEF FACE_241 IndexedFaceSet {
  coord DEF COORD_241 Coordinate { point [
  0.59055118 -27.874016 0.37401575,0.12598425 -27.874016 0.37401575,
  0.59055118 -28.125984 0.37401575,0.12598425 -28.125984 0.37401575] }
 coordIndex [
  1,0,2,-1,1,2,3,-1]
  normalPerVertex TRUE
  normal DEF NORM_241 Normal { vector [
  0 0 -1,0 0 -1,
  0 0 -1,0 0 -1] }
}
}
DEF SHAPE_242 Shape {
 appearance USE APP_2
 geometry DEF FACE_242 IndexedFaceSet {
  coord DEF COORD_242 Coordinate { point [
  -0.12598425 -28.125984 0.37401575,-0.11739863 -28.125984 0.43923,
  -0.092226873 -28.125984 0.5,-0.052184386 -28.125984 0.55218439,
  0 -28.125984 0.59222687,0.060770004 -28.125984 0.61739863,
  0.12598425 -28.125984 0.62598425,0.59055118 -28.125984 0.62598425,
  0.59055118 -28.125984 0.37401575,0.12598425 -28.125984 0.37401575,
  0.12598425 -28.125984 -1.1181102,-0.12598425 -28.125984 -1.1181102] }
 coordIndex [
  9,1,0,-1,9,2,1,-1,9,3,2,-1,9,4,3,-1,9,5,4,-1,9,6,5,-1,8,7,6,-1,8,6,9,-1,
  10,0,11,-1,10,9,0,-1]
  normalPerVertex TRUE
  normal DEF NORM_242 Normal { vector [
  0 -1 0,0 -1 0,
  0 -1 0,0 -1 0,
  0 -1 0,0 -1 0,
  0 -1 0,0 -1 0,
  0 -1 0,0 -1 0,
  0 -1 0,0 -1 0] }
}
}
DEF SHAPE_243 Shape {
 appearance USE APP_2
 geometry DEF FACE_243 IndexedFaceSet {
  coord DEF COORD_243 Coordinate { point [
  0.12598425 -26.874016 0.62598425,0.59055118 -26.874016 0.62598425,
  0.12598425 -27.125984 0.62598425,0.59055118 -27.125984 0.62598425] }
 coordIndex [
  1,0,2,-1,1,2,3,-1]
  normalPerVertex TRUE
  normal DEF NORM_243 Normal { vector [
  0 0 1,0 0 1,
  0 0 1,0 0 1] }
}
}
DEF SHAPE_244 Shape {
 appearance USE APP_2
 geometry DEF FACE_244 IndexedFaceSet {
  coord DEF COORD_244 Coordinate { point [
  -0.12598425 -26.874016 0.37401575,-0.11739863 -26.874016 0.43923,
  -0.092226873 -26.874016 0.5,-0.052184386 -26.874016 0.55218439,
  0 -26.874016 0.59222687,0.060770004 -26.874016 0.61739863,
  0.12598425 -26.874016 0.62598425,0.59055118 -26.874016 0.62598425,
  0.59055118 -26.874016 0.37401575,0.12598425 -26.874016 0.37401575,
  0.12598425 -26.874016 -1.1181102,-0.12598425 -26.874016 -1.1181102] }
 coordIndex [
  9,0,1,-1,9,1,2,-1,9,2,3,-1,9,3,4,-1,9,4,5,-1,9,5,6,-1,8,6,7,-1,8,9,6,-1,
  10,11,0,-1,10,0,9,-1]
  normalPerVertex TRUE
  normal DEF NORM_244 Normal { vector [
  0 1 0,0 1 0,
  0 1 0,0 1 0,
  0 1 0,0 1 0,
  0 1 0,0 1 0,
  0 1 0,0 1 0,
  0 1 0,0 1 0] }
}
}
DEF SHAPE_245 Shape {
 appearance USE APP_2
 geometry DEF FACE_245 IndexedFaceSet {
  coord DEF COORD_245 Coordinate { point [
  0.59055118 -26.874016 0.37401575,0.12598425 -26.874016 0.37401575,
  0.59055118 -27.125984 0.37401575,0.12598425 -27.125984 0.37401575] }
 coordIndex [
  1,0,2,-1,1,2,3,-1]
  normalPerVertex TRUE
  normal DEF NORM_245 Normal { vector [
  0 0 -1,0 0 -1,
  0 0 -1,0 0 -1] }
}
}
DEF SHAPE_246 Shape {
 appearance USE APP_2
 geometry DEF FACE_246 IndexedFaceSet {
  coord DEF COORD_246 Coordinate { point [
  -0.12598425 -27.125984 0.37401575,-0.11739863 -27.125984 0.43923,
  -0.092226873 -27.125984 0.5,-0.052184386 -27.125984 0.55218439,
  0 -27.125984 0.59222687,0.060770004 -27.125984 0.61739863,
  0.12598425 -27.125984 0.62598425,0.59055118 -27.125984 0.62598425,
  0.59055118 -27.125984 0.37401575,0.12598425 -27.125984 0.37401575,
  0.12598425 -27.125984 -1.1181102,-0.12598425 -27.125984 -1.1181102] }
 coordIndex [
  9,1,0,-1,9,2,1,-1,9,3,2,-1,9,4,3,-1,9,5,4,-1,9,6,5,-1,8,7,6,-1,8,6,9,-1,
  10,0,11,-1,10,9,0,-1]
  normalPerVertex TRUE
  normal DEF NORM_246 Normal { vector [
  0 -1 0,0 -1 0,
  0 -1 0,0 -1 0,
  0 -1 0,0 -1 0,
  0 -1 0,0 -1 0,
  0 -1 0,0 -1 0,
  0 -1 0,0 -1 0] }
}
}
DEF SHAPE_247 Shape {
 appearance USE APP_2
 geometry DEF FACE_247 IndexedFaceSet {
  coord DEF COORD_247 Coordinate { point [
  0.12598425 -24.874016 0.62598425,0.59055118 -24.874016 0.62598425,
  0.12598425 -25.125984 0.62598425,0.59055118 -25.125984 0.62598425] }
 coordIndex [
  1,0,2,-1,1,2,3,-1]
  normalPerVertex TRUE
  normal DEF NORM_247 Normal { vector [
  0 0 1,0 0 1,
  0 0 1,0 0 1] }
}
}
DEF SHAPE_248 Shape {
 appearance USE APP_2
 geometry DEF FACE_248 IndexedFaceSet {
  coord DEF COORD_248 Coordinate { point [
  -0.12598425 -24.874016 0.37401575,-0.11739863 -24.874016 0.43923,
  -0.092226873 -24.874016 0.5,-0.052184386 -24.874016 0.55218439,
  0 -24.874016 0.59222687,0.060770004 -24.874016 0.61739863,
  0.12598425 -24.874016 0.62598425,0.59055118 -24.874016 0.62598425,
  0.59055118 -24.874016 0.37401575,0.12598425 -24.874016 0.37401575,
  0.12598425 -24.874016 -1.1181102,-0.12598425 -24.874016 -1.1181102] }
 coordIndex [
  9,0,1,-1,9,1,2,-1,9,2,3,-1,9,3,4,-1,9,4,5,-1,9,5,6,-1,8,6,7,-1,8,9,6,-1,
  10,11,0,-1,10,0,9,-1]
  normalPerVertex TRUE
  normal DEF NORM_248 Normal { vector [
  0 1 0,0 1 0,
  0 1 0,0 1 0,
  0 1 0,0 1 0,
  0 1 0,0 1 0,
  0 1 0,0 1 0,
  0 1 0,0 1 0] }
}
}
DEF SHAPE_249 Shape {
 appearance USE APP_2
 geometry DEF FACE_249 IndexedFaceSet {
  coord DEF COORD_249 Coordinate { point [
  0.59055118 -24.874016 0.37401575,0.12598425 -24.874016 0.37401575,
  0.59055118 -25.125984 0.37401575,0.12598425 -25.125984 0.37401575] }
 coordIndex [
  1,0,2,-1,1,2,3,-1]
  normalPerVertex TRUE
  normal DEF NORM_249 Normal { vector [
  0 0 -1,0 0 -1,
  0 0 -1,0 0 -1] }
}
}
DEF SHAPE_250 Shape {
 appearance USE APP_2
 geometry DEF FACE_250 IndexedFaceSet {
  coord DEF COORD_250 Coordinate { point [
  -0.12598425 -25.125984 0.37401575,-0.11739863 -25.125984 0.43923,
  -0.092226873 -25.125984 0.5,-0.052184386 -25.125984 0.55218439,
  0 -25.125984 0.59222687,0.060770004 -25.125984 0.61739863,
  0.12598425 -25.125984 0.62598425,0.59055118 -25.125984 0.62598425,
  0.59055118 -25.125984 0.37401575,0.12598425 -25.125984 0.37401575,
  0.12598425 -25.125984 -1.1181102,-0.12598425 -25.125984 -1.1181102] }
 coordIndex [
  9,1,0,-1,9,2,1,-1,9,3,2,-1,9,4,3,-1,9,5,4,-1,9,6,5,-1,8,7,6,-1,8,6,9,-1,
  10,0,11,-1,10,9,0,-1]
  normalPerVertex TRUE
  normal DEF NORM_250 Normal { vector [
  0 -1 0,0 -1 0,
  0 -1 0,0 -1 0,
  0 -1 0,0 -1 0,
  0 -1 0,0 -1 0,
  0 -1 0,0 -1 0,
  0 -1 0,0 -1 0] }
}
}
DEF SHAPE_251 Shape {
 appearance USE APP_2
 geometry DEF FACE_251 IndexedFaceSet {
  coord DEF COORD_251 Coordinate { point [
  0.12598425 -25.874016 0.62598425,0.59055118 -25.874016 0.62598425,
  0.12598425 -26.125984 0.62598425,0.59055118 -26.125984 0.62598425] }
 coordIndex [
  1,0,2,-1,1,2,3,-1]
  normalPerVertex TRUE
  normal DEF NORM_251 Normal { vector [
  0 0 1,0 0 1,
  0 0 1,0 0 1] }
}
}
DEF SHAPE_252 Shape {
 appearance USE APP_2
 geometry DEF FACE_252 IndexedFaceSet {
  coord DEF COORD_252 Coordinate { point [
  -0.12598425 -25.874016 0.37401575,-0.11739863 -25.874016 0.43923,
  -0.092226873 -25.874016 0.5,-0.052184386 -25.874016 0.55218439,
  0 -25.874016 0.59222687,0.060770004 -25.874016 0.61739863,
  0.12598425 -25.874016 0.62598425,0.59055118 -25.874016 0.62598425,
  0.59055118 -25.874016 0.37401575,0.12598425 -25.874016 0.37401575,
  0.12598425 -25.874016 -1.1181102,-0.12598425 -25.874016 -1.1181102] }
 coordIndex [
  9,0,1,-1,9,1,2,-1,9,2,3,-1,9,3,4,-1,9,4,5,-1,9,5,6,-1,8,6,7,-1,8,9,6,-1,
  10,11,0,-1,10,0,9,-1]
  normalPerVertex TRUE
  normal DEF NORM_252 Normal { vector [
  0 1 0,0 1 0,
  0 1 0,0 1 0,
  0 1 0,0 1 0,
  0 1 0,0 1 0,
  0 1 0,0 1 0,
  0 1 0,0 1 0] }
}
}
DEF SHAPE_253 Shape {
 appearance USE APP_2
 geometry DEF FACE_253 IndexedFaceSet {
  coord DEF COORD_253 Coordinate { point [
  0.59055118 -25.874016 0.37401575,0.12598425 -25.874016 0.37401575,
  0.59055118 -26.125984 0.37401575,0.12598425 -26.125984 0.37401575] }
 coordIndex [
  1,0,2,-1,1,2,3,-1]
  normalPerVertex TRUE
  normal DEF NORM_253 Normal { vector [
  0 0 -1,0 0 -1,
  0 0 -1,0 0 -1] }
}
}
DEF SHAPE_254 Shape {
 appearance USE APP_2
 geometry DEF FACE_254 IndexedFaceSet {
  coord DEF COORD_254 Coordinate { point [
  -0.12598425 -26.125984 0.37401575,-0.11739863 -26.125984 0.43923,
  -0.092226873 -26.125984 0.5,-0.052184386 -26.125984 0.55218439,
  0 -26.125984 0.59222687,0.060770004 -26.125984 0.61739863,
  0.12598425 -26.125984 0.62598425,0.59055118 -26.125984 0.62598425,
  0.59055118 -26.125984 0.37401575,0.12598425 -26.125984 0.37401575,
  0.12598425 -26.125984 -1.1181102,-0.12598425 -26.125984 -1.1181102] }
 coordIndex [
  9,1,0,-1,9,2,1,-1,9,3,2,-1,9,4,3,-1,9,5,4,-1,9,6,5,-1,8,7,6,-1,8,6,9,-1,
  10,0,11,-1,10,9,0,-1]
  normalPerVertex TRUE
  normal DEF NORM_254 Normal { vector [
  0 -1 0,0 -1 0,
  0 -1 0,0 -1 0,
  0 -1 0,0 -1 0,
  0 -1 0,0 -1 0,
  0 -1 0,0 -1 0,
  0 -1 0,0 -1 0] }
}
}
DEF SHAPE_255 Shape {
 appearance USE APP_2
 geometry DEF FACE_255 IndexedFaceSet {
  coord DEF COORD_255 Coordinate { point [
  0.12598425 -20.874016 0.62598425,0.59055118 -20.874016 0.62598425,
  0.12598425 -21.125984 0.62598425,0.59055118 -21.125984 0.62598425] }
 coordIndex [
  1,0,2,-1,1,2,3,-1]
  normalPerVertex TRUE
  normal DEF NORM_255 Normal { vector [
  0 0 1,0 0 1,
  0 0 1,0 0 1] }
}
}
DEF SHAPE_256 Shape {
 appearance USE APP_2
 geometry DEF FACE_256 IndexedFaceSet {
  coord DEF COORD_256 Coordinate { point [
  -0.12598425 -20.874016 0.37401575,-0.11739863 -20.874016 0.43923,
  -0.092226873 -20.874016 0.5,-0.052184386 -20.874016 0.55218439,
  0 -20.874016 0.59222687,0.060770004 -20.874016 0.61739863,
  0.12598425 -20.874016 0.62598425,0.59055118 -20.874016 0.62598425,
  0.59055118 -20.874016 0.37401575,0.12598425 -20.874016 0.37401575,
  0.12598425 -20.874016 -1.1181102,-0.12598425 -20.874016 -1.1181102] }
 coordIndex [
  9,0,1,-1,9,1,2,-1,9,2,3,-1,9,3,4,-1,9,4,5,-1,9,5,6,-1,8,6,7,-1,8,9,6,-1,
  10,11,0,-1,10,0,9,-1]
  normalPerVertex TRUE
  normal DEF NORM_256 Normal { vector [
  0 1 0,0 1 0,
  0 1 0,0 1 0,
  0 1 0,0 1 0,
  0 1 0,0 1 0,
  0 1 0,0 1 0,
  0 1 0,0 1 0] }
}
}
DEF SHAPE_257 Shape {
 appearance USE APP_2
 geometry DEF FACE_257 IndexedFaceSet {
  coord DEF COORD_257 Coordinate { point [
  0.59055118 -20.874016 0.37401575,0.12598425 -20.874016 0.37401575,
  0.59055118 -21.125984 0.37401575,0.12598425 -21.125984 0.37401575] }
 coordIndex [
  1,0,2,-1,1,2,3,-1]
  normalPerVertex TRUE
  normal DEF NORM_257 Normal { vector [
  0 0 -1,0 0 -1,
  0 0 -1,0 0 -1] }
}
}
DEF SHAPE_258 Shape {
 appearance USE APP_2
 geometry DEF FACE_258 IndexedFaceSet {
  coord DEF COORD_258 Coordinate { point [
  -0.12598425 -21.125984 0.37401575,-0.11739863 -21.125984 0.43923,
  -0.092226873 -21.125984 0.5,-0.052184386 -21.125984 0.55218439,
  0 -21.125984 0.59222687,0.060770004 -21.125984 0.61739863,
  0.12598425 -21.125984 0.62598425,0.59055118 -21.125984 0.62598425,
  0.59055118 -21.125984 0.37401575,0.12598425 -21.125984 0.37401575,
  0.12598425 -21.125984 -1.1181102,-0.12598425 -21.125984 -1.1181102] }
 coordIndex [
  9,1,0,-1,9,2,1,-1,9,3,2,-1,9,4,3,-1,9,5,4,-1,9,6,5,-1,8,7,6,-1,8,6,9,-1,
  10,0,11,-1,10,9,0,-1]
  normalPerVertex TRUE
  normal DEF NORM_258 Normal { vector [
  0 -1 0,0 -1 0,
  0 -1 0,0 -1 0,
  0 -1 0,0 -1 0,
  0 -1 0,0 -1 0,
  0 -1 0,0 -1 0,
  0 -1 0,0 -1 0] }
}
}
DEF SHAPE_259 Shape {
 appearance USE APP_2
 geometry DEF FACE_259 IndexedFaceSet {
  coord DEF COORD_259 Coordinate { point [
  0.59055118 -21.874016 0.37401575,0.12598425 -21.874016 0.37401575,
  0.59055118 -22.125984 0.37401575,0.12598425 -22.125984 0.37401575] }
 coordIndex [
  1,0,2,-1,1,2,3,-1]
  normalPerVertex TRUE
  normal DEF NORM_259 Normal { vector [
  0 0 -1,0 0 -1,
  0 0 -1,0 0 -1] }
}
}
DEF SHAPE_260 Shape {
 appearance USE APP_2
 geometry DEF FACE_260 IndexedFaceSet {
  coord DEF COORD_260 Coordinate { point [
  -0.12598425 -22.125984 0.37401575,-0.11739863 -22.125984 0.43923,
  -0.092226873 -22.125984 0.5,-0.052184386 -22.125984 0.55218439,
  0 -22.125984 0.59222687,0.060770004 -22.125984 0.61739863,
  0.12598425 -22.125984 0.62598425,0.59055118 -22.125984 0.62598425,
  0.59055118 -22.125984 0.37401575,0.12598425 -22.125984 0.37401575,
  0.12598425 -22.125984 -1.1181102,-0.12598425 -22.125984 -1.1181102] }
 coordIndex [
  9,1,0,-1,9,2,1,-1,9,3,2,-1,9,4,3,-1,9,5,4,-1,9,6,5,-1,8,7,6,-1,8,6,9,-1,
  10,0,11,-1,10,9,0,-1]
  normalPerVertex TRUE
  normal DEF NORM_260 Normal { vector [
  0 -1 0,0 -1 0,
  0 -1 0,0 -1 0,
  0 -1 0,0 -1 0,
  0 -1 0,0 -1 0,
  0 -1 0,0 -1 0,
  0 -1 0,0 -1 0] }
}
}
DEF SHAPE_261 Shape {
 appearance USE APP_2
 geometry DEF FACE_261 IndexedFaceSet {
  coord DEF COORD_261 Coordinate { point [
  0.12598425 -21.874016 0.62598425,0.59055118 -21.874016 0.62598425,
  0.12598425 -22.125984 0.62598425,0.59055118 -22.125984 0.62598425] }
 coordIndex [
  1,0,2,-1,1,2,3,-1]
  normalPerVertex TRUE
  normal DEF NORM_261 Normal { vector [
  0 0 1,0 0 1,
  0 0 1,0 0 1] }
}
}
DEF SHAPE_262 Shape {
 appearance USE APP_2
 geometry DEF FACE_262 IndexedFaceSet {
  coord DEF COORD_262 Coordinate { point [
  -0.12598425 -21.874016 0.37401575,-0.11739863 -21.874016 0.43923,
  -0.092226873 -21.874016 0.5,-0.052184386 -21.874016 0.55218439,
  0 -21.874016 0.59222687,0.060770004 -21.874016 0.61739863,
  0.12598425 -21.874016 0.62598425,0.59055118 -21.874016 0.62598425,
  0.59055118 -21.874016 0.37401575,0.12598425 -21.874016 0.37401575,
  0.12598425 -21.874016 -1.1181102,-0.12598425 -21.874016 -1.1181102] }
 coordIndex [
  9,0,1,-1,9,1,2,-1,9,2,3,-1,9,3,4,-1,9,4,5,-1,9,5,6,-1,8,6,7,-1,8,9,6,-1,
  10,11,0,-1,10,0,9,-1]
  normalPerVertex TRUE
  normal DEF NORM_262 Normal { vector [
  0 1 0,0 1 0,
  0 1 0,0 1 0,
  0 1 0,0 1 0,
  0 1 0,0 1 0,
  0 1 0,0 1 0,
  0 1 0,0 1 0] }
}
}
DEF SHAPE_263 Shape {
 appearance USE APP_2
 geometry DEF FACE_263 IndexedFaceSet {
  coord DEF COORD_263 Coordinate { point [
  0.12598425 -22.874016 0.62598425,0.59055118 -22.874016 0.62598425,
  0.12598425 -23.125984 0.62598425,0.59055118 -23.125984 0.62598425] }
 coordIndex [
  1,0,2,-1,1,2,3,-1]
  normalPerVertex TRUE
  normal DEF NORM_263 Normal { vector [
  0 0 1,0 0 1,
  0 0 1,0 0 1] }
}
}
DEF SHAPE_264 Shape {
 appearance USE APP_2
 geometry DEF FACE_264 IndexedFaceSet {
  coord DEF COORD_264 Coordinate { point [
  -0.12598425 -22.874016 0.37401575,-0.11739863 -22.874016 0.43923,
  -0.092226873 -22.874016 0.5,-0.052184386 -22.874016 0.55218439,
  0 -22.874016 0.59222687,0.060770004 -22.874016 0.61739863,
  0.12598425 -22.874016 0.62598425,0.59055118 -22.874016 0.62598425,
  0.59055118 -22.874016 0.37401575,0.12598425 -22.874016 0.37401575,
  0.12598425 -22.874016 -1.1181102,-0.12598425 -22.874016 -1.1181102] }
 coordIndex [
  9,0,1,-1,9,1,2,-1,9,2,3,-1,9,3,4,-1,9,4,5,-1,9,5,6,-1,8,6,7,-1,8,9,6,-1,
  10,11,0,-1,10,0,9,-1]
  normalPerVertex TRUE
  normal DEF NORM_264 Normal { vector [
  0 1 0,0 1 0,
  0 1 0,0 1 0,
  0 1 0,0 1 0,
  0 1 0,0 1 0,
  0 1 0,0 1 0,
  0 1 0,0 1 0] }
}
}
DEF SHAPE_265 Shape {
 appearance USE APP_2
 geometry DEF FACE_265 IndexedFaceSet {
  coord DEF COORD_265 Coordinate { point [
  0.59055118 -22.874016 0.37401575,0.12598425 -22.874016 0.37401575,
  0.59055118 -23.125984 0.37401575,0.12598425 -23.125984 0.37401575] }
 coordIndex [
  1,0,2,-1,1,2,3,-1]
  normalPerVertex TRUE
  normal DEF NORM_265 Normal { vector [
  0 0 -1,0 0 -1,
  0 0 -1,0 0 -1] }
}
}
DEF SHAPE_266 Shape {
 appearance USE APP_2
 geometry DEF FACE_266 IndexedFaceSet {
  coord DEF COORD_266 Coordinate { point [
  -0.12598425 -23.125984 0.37401575,-0.11739863 -23.125984 0.43923,
  -0.092226873 -23.125984 0.5,-0.052184386 -23.125984 0.55218439,
  0 -23.125984 0.59222687,0.060770004 -23.125984 0.61739863,
  0.12598425 -23.125984 0.62598425,0.59055118 -23.125984 0.62598425,
  0.59055118 -23.125984 0.37401575,0.12598425 -23.125984 0.37401575,
  0.12598425 -23.125984 -1.1181102,-0.12598425 -23.125984 -1.1181102] }
 coordIndex [
  9,1,0,-1,9,2,1,-1,9,3,2,-1,9,4,3,-1,9,5,4,-1,9,6,5,-1,8,7,6,-1,8,6,9,-1,
  10,0,11,-1,10,9,0,-1]
  normalPerVertex TRUE
  normal DEF NORM_266 Normal { vector [
  0 -1 0,0 -1 0,
  0 -1 0,0 -1 0,
  0 -1 0,0 -1 0,
  0 -1 0,0 -1 0,
  0 -1 0,0 -1 0,
  0 -1 0,0 -1 0] }
}
}
DEF SHAPE_267 Shape {
 appearance USE APP_2
 geometry DEF FACE_267 IndexedFaceSet {
  coord DEF COORD_267 Coordinate { point [
  0.12598425 -23.874016 0.62598425,0.59055118 -23.874016 0.62598425,
  0.12598425 -24.125984 0.62598425,0.59055118 -24.125984 0.62598425] }
 coordIndex [
  1,0,2,-1,1,2,3,-1]
  normalPerVertex TRUE
  normal DEF NORM_267 Normal { vector [
  0 0 1,0 0 1,
  0 0 1,0 0 1] }
}
}
DEF SHAPE_268 Shape {
 appearance USE APP_2
 geometry DEF FACE_268 IndexedFaceSet {
  coord DEF COORD_268 Coordinate { point [
  -0.12598425 -23.874016 0.37401575,-0.11739863 -23.874016 0.43923,
  -0.092226873 -23.874016 0.5,-0.052184386 -23.874016 0.55218439,
  0 -23.874016 0.59222687,0.060770004 -23.874016 0.61739863,
  0.12598425 -23.874016 0.62598425,0.59055118 -23.874016 0.62598425,
  0.59055118 -23.874016 0.37401575,0.12598425 -23.874016 0.37401575,
  0.12598425 -23.874016 -1.1181102,-0.12598425 -23.874016 -1.1181102] }
 coordIndex [
  9,0,1,-1,9,1,2,-1,9,2,3,-1,9,3,4,-1,9,4,5,-1,9,5,6,-1,8,6,7,-1,8,9,6,-1,
  10,11,0,-1,10,0,9,-1]
  normalPerVertex TRUE
  normal DEF NORM_268 Normal { vector [
  0 1 0,0 1 0,
  0 1 0,0 1 0,
  0 1 0,0 1 0,
  0 1 0,0 1 0,
  0 1 0,0 1 0,
  0 1 0,0 1 0] }
}
}
DEF SHAPE_269 Shape {
 appearance USE APP_2
 geometry DEF FACE_269 IndexedFaceSet {
  coord DEF COORD_269 Coordinate { point [
  0.59055118 -23.874016 0.37401575,0.12598425 -23.874016 0.37401575,
  0.59055118 -24.125984 0.37401575,0.12598425 -24.125984 0.37401575] }
 coordIndex [
  1,0,2,-1,1,2,3,-1]
  normalPerVertex TRUE
  normal DEF NORM_269 Normal { vector [
  0 0 -1,0 0 -1,
  0 0 -1,0 0 -1] }
}
}
DEF SHAPE_270 Shape {
 appearance USE APP_2
 geometry DEF FACE_270 IndexedFaceSet {
  coord DEF COORD_270 Coordinate { point [
  -0.12598425 -24.125984 0.37401575,-0.11739863 -24.125984 0.43923,
  -0.092226873 -24.125984 0.5,-0.052184386 -24.125984 0.55218439,
  0 -24.125984 0.59222687,0.060770004 -24.125984 0.61739863,
  0.12598425 -24.125984 0.62598425,0.59055118 -24.125984 0.62598425,
  0.59055118 -24.125984 0.37401575,0.12598425 -24.125984 0.37401575,
  0.12598425 -24.125984 -1.1181102,-0.12598425 -24.125984 -1.1181102] }
 coordIndex [
  9,1,0,-1,9,2,1,-1,9,3,2,-1,9,4,3,-1,9,5,4,-1,9,6,5,-1,8,7,6,-1,8,6,9,-1,
  10,0,11,-1,10,9,0,-1]
  normalPerVertex TRUE
  normal DEF NORM_270 Normal { vector [
  0 -1 0,0 -1 0,
  0 -1 0,0 -1 0,
  0 -1 0,0 -1 0,
  0 -1 0,0 -1 0,
  0 -1 0,0 -1 0,
  0 -1 0,0 -1 0] }
}
}
DEF SHAPE_271 Shape {
 appearance USE APP_2
 geometry DEF FACE_271 IndexedFaceSet {
  coord DEF COORD_271 Coordinate { point [
  0.59055118 -19.874016 0.37401575,0.12598425 -19.874016 0.37401575,
  0.59055118 -20.125984 0.37401575,0.12598425 -20.125984 0.37401575] }
 coordIndex [
  1,0,2,-1,1,2,3,-1]
  normalPerVertex TRUE
  normal DEF NORM_271 Normal { vector [
  0 0 -1,0 0 -1,
  0 0 -1,0 0 -1] }
}
}
DEF SHAPE_272 Shape {
 appearance USE APP_2
 geometry DEF FACE_272 IndexedFaceSet {
  coord DEF COORD_272 Coordinate { point [
  -0.12598425 -20.125984 0.37401575,-0.11739863 -20.125984 0.43923,
  -0.092226873 -20.125984 0.5,-0.052184386 -20.125984 0.55218439,
  0 -20.125984 0.59222687,0.060770004 -20.125984 0.61739863,
  0.12598425 -20.125984 0.62598425,0.59055118 -20.125984 0.62598425,
  0.59055118 -20.125984 0.37401575,0.12598425 -20.125984 0.37401575,
  0.12598425 -20.125984 -1.1181102,-0.12598425 -20.125984 -1.1181102] }
 coordIndex [
  9,1,0,-1,9,2,1,-1,9,3,2,-1,9,4,3,-1,9,5,4,-1,9,6,5,-1,8,7,6,-1,8,6,9,-1,
  10,0,11,-1,10,9,0,-1]
  normalPerVertex TRUE
  normal DEF NORM_272 Normal { vector [
  0 -1 0,0 -1 0,
  0 -1 0,0 -1 0,
  0 -1 0,0 -1 0,
  0 -1 0,0 -1 0,
  0 -1 0,0 -1 0,
  0 -1 0,0 -1 0] }
}
}
DEF SHAPE_273 Shape {
 appearance USE APP_2
 geometry DEF FACE_273 IndexedFaceSet {
  coord DEF COORD_273 Coordinate { point [
  0.12598425 -19.874016 0.62598425,0.59055118 -19.874016 0.62598425,
  0.12598425 -20.125984 0.62598425,0.59055118 -20.125984 0.62598425] }
 coordIndex [
  1,0,2,-1,1,2,3,-1]
  normalPerVertex TRUE
  normal DEF NORM_273 Normal { vector [
  0 0 1,0 0 1,
  0 0 1,0 0 1] }
}
}
DEF SHAPE_274 Shape {
 appearance USE APP_2
 geometry DEF FACE_274 IndexedFaceSet {
  coord DEF COORD_274 Coordinate { point [
  -0.12598425 -19.874016 0.37401575,-0.11739863 -19.874016 0.43923,
  -0.092226873 -19.874016 0.5,-0.052184386 -19.874016 0.55218439,
  0 -19.874016 0.59222687,0.060770004 -19.874016 0.61739863,
  0.12598425 -19.874016 0.62598425,0.59055118 -19.874016 0.62598425,
  0.59055118 -19.874016 0.37401575,0.12598425 -19.874016 0.37401575,
  0.12598425 -19.874016 -1.1181102,-0.12598425 -19.874016 -1.1181102] }
 coordIndex [
  9,0,1,-1,9,1,2,-1,9,2,3,-1,9,3,4,-1,9,4,5,-1,9,5,6,-1,8,6,7,-1,8,9,6,-1,
  10,11,0,-1,10,0,9,-1]
  normalPerVertex TRUE
  normal DEF NORM_274 Normal { vector [
  0 1 0,0 1 0,
  0 1 0,0 1 0,
  0 1 0,0 1 0,
  0 1 0,0 1 0,
  0 1 0,0 1 0,
  0 1 0,0 1 0] }
}
}
DEF SHAPE_275 Shape {
 appearance USE APP_2
 geometry DEF FACE_275 IndexedFaceSet {
  coord DEF COORD_275 Coordinate { point [
  0.59055118 -10.874016 0.37401575,0.12598425 -10.874016 0.37401575,
  0.59055118 -11.125984 0.37401575,0.12598425 -11.125984 0.37401575] }
 coordIndex [
  1,0,2,-1,1,2,3,-1]
  normalPerVertex TRUE
  normal DEF NORM_275 Normal { vector [
  0 0 -1,0 0 -1,
  0 0 -1,0 0 -1] }
}
}
DEF SHAPE_276 Shape {
 appearance USE APP_2
 geometry DEF FACE_276 IndexedFaceSet {
  coord DEF COORD_276 Coordinate { point [
  -0.12598425 -11.125984 0.37401575,-0.11739863 -11.125984 0.43923,
  -0.092226873 -11.125984 0.5,-0.052184386 -11.125984 0.55218439,
  0 -11.125984 0.59222687,0.060770004 -11.125984 0.61739863,
  0.12598425 -11.125984 0.62598425,0.59055118 -11.125984 0.62598425,
  0.59055118 -11.125984 0.37401575,0.12598425 -11.125984 0.37401575,
  0.12598425 -11.125984 -1.1181102,-0.12598425 -11.125984 -1.1181102] }
 coordIndex [
  9,1,0,-1,9,2,1,-1,9,3,2,-1,9,4,3,-1,9,5,4,-1,9,6,5,-1,8,7,6,-1,8,6,9,-1,
  10,0,11,-1,10,9,0,-1]
  normalPerVertex TRUE
  normal DEF NORM_276 Normal { vector [
  0 -1 0,0 -1 0,
  0 -1 0,0 -1 0,
  0 -1 0,0 -1 0,
  0 -1 0,0 -1 0,
  0 -1 0,0 -1 0,
  0 -1 0,0 -1 0] }
}
}
DEF SHAPE_277 Shape {
 appearance USE APP_2
 geometry DEF FACE_277 IndexedFaceSet {
  coord DEF COORD_277 Coordinate { point [
  0.12598425 -10.874016 0.62598425,0.59055118 -10.874016 0.62598425,
  0.12598425 -11.125984 0.62598425,0.59055118 -11.125984 0.62598425] }
 coordIndex [
  1,0,2,-1,1,2,3,-1]
  normalPerVertex TRUE
  normal DEF NORM_277 Normal { vector [
  0 0 1,0 0 1,
  0 0 1,0 0 1] }
}
}
DEF SHAPE_278 Shape {
 appearance USE APP_2
 geometry DEF FACE_278 IndexedFaceSet {
  coord DEF COORD_278 Coordinate { point [
  -0.12598425 -10.874016 0.37401575,-0.11739863 -10.874016 0.43923,
  -0.092226873 -10.874016 0.5,-0.052184386 -10.874016 0.55218439,
  0 -10.874016 0.59222687,0.060770004 -10.874016 0.61739863,
  0.12598425 -10.874016 0.62598425,0.59055118 -10.874016 0.62598425,
  0.59055118 -10.874016 0.37401575,0.12598425 -10.874016 0.37401575,
  0.12598425 -10.874016 -1.1181102,-0.12598425 -10.874016 -1.1181102] }
 coordIndex [
  9,0,1,-1,9,1,2,-1,9,2,3,-1,9,3,4,-1,9,4,5,-1,9,5,6,-1,8,6,7,-1,8,9,6,-1,
  10,11,0,-1,10,0,9,-1]
  normalPerVertex TRUE
  normal DEF NORM_278 Normal { vector [
  0 1 0,0 1 0,
  0 1 0,0 1 0,
  0 1 0,0 1 0,
  0 1 0,0 1 0,
  0 1 0,0 1 0,
  0 1 0,0 1 0] }
}
}
DEF SHAPE_279 Shape {
 appearance USE APP_2
 geometry DEF FACE_279 IndexedFaceSet {
  coord DEF COORD_279 Coordinate { point [
  0.12598425 -11.874016 0.62598425,0.59055118 -11.874016 0.62598425,
  0.12598425 -12.125984 0.62598425,0.59055118 -12.125984 0.62598425] }
 coordIndex [
  1,0,2,-1,1,2,3,-1]
  normalPerVertex TRUE
  normal DEF NORM_279 Normal { vector [
  0 0 1,0 0 1,
  0 0 1,0 0 1] }
}
}
DEF SHAPE_280 Shape {
 appearance USE APP_2
 geometry DEF FACE_280 IndexedFaceSet {
  coord DEF COORD_280 Coordinate { point [
  -0.12598425 -11.874016 0.37401575,-0.11739863 -11.874016 0.43923,
  -0.092226873 -11.874016 0.5,-0.052184386 -11.874016 0.55218439,
  0 -11.874016 0.59222687,0.060770004 -11.874016 0.61739863,
  0.12598425 -11.874016 0.62598425,0.59055118 -11.874016 0.62598425,
  0.59055118 -11.874016 0.37401575,0.12598425 -11.874016 0.37401575,
  0.12598425 -11.874016 -1.1181102,-0.12598425 -11.874016 -1.1181102] }
 coordIndex [
  9,0,1,-1,9,1,2,-1,9,2,3,-1,9,3,4,-1,9,4,5,-1,9,5,6,-1,8,6,7,-1,8,9,6,-1,
  10,11,0,-1,10,0,9,-1]
  normalPerVertex TRUE
  normal DEF NORM_280 Normal { vector [
  0 1 0,0 1 0,
  0 1 0,0 1 0,
  0 1 0,0 1 0,
  0 1 0,0 1 0,
  0 1 0,0 1 0,
  0 1 0,0 1 0] }
}
}
DEF SHAPE_281 Shape {
 appearance USE APP_2
 geometry DEF FACE_281 IndexedFaceSet {
  coord DEF COORD_281 Coordinate { point [
  0.59055118 -11.874016 0.37401575,0.12598425 -11.874016 0.37401575,
  0.59055118 -12.125984 0.37401575,0.12598425 -12.125984 0.37401575] }
 coordIndex [
  1,0,2,-1,1,2,3,-1]
  normalPerVertex TRUE
  normal DEF NORM_281 Normal { vector [
  0 0 -1,0 0 -1,
  0 0 -1,0 0 -1] }
}
}
DEF SHAPE_282 Shape {
 appearance USE APP_2
 geometry DEF FACE_282 IndexedFaceSet {
  coord DEF COORD_282 Coordinate { point [
  -0.12598425 -12.125984 0.37401575,-0.11739863 -12.125984 0.43923,
  -0.092226873 -12.125984 0.5,-0.052184386 -12.125984 0.55218439,
  0 -12.125984 0.59222687,0.060770004 -12.125984 0.61739863,
  0.12598425 -12.125984 0.62598425,0.59055118 -12.125984 0.62598425,
  0.59055118 -12.125984 0.37401575,0.12598425 -12.125984 0.37401575,
  0.12598425 -12.125984 -1.1181102,-0.12598425 -12.125984 -1.1181102] }
 coordIndex [
  9,1,0,-1,9,2,1,-1,9,3,2,-1,9,4,3,-1,9,5,4,-1,9,6,5,-1,8,7,6,-1,8,6,9,-1,
  10,0,11,-1,10,9,0,-1]
  normalPerVertex TRUE
  normal DEF NORM_282 Normal { vector [
  0 -1 0,0 -1 0,
  0 -1 0,0 -1 0,
  0 -1 0,0 -1 0,
  0 -1 0,0 -1 0,
  0 -1 0,0 -1 0,
  0 -1 0,0 -1 0] }
}
}
DEF SHAPE_283 Shape {
 appearance USE APP_2
 geometry DEF FACE_283 IndexedFaceSet {
  coord DEF COORD_283 Coordinate { point [
  0.12598425 -13.874016 0.62598425,0.59055118 -13.874016 0.62598425,
  0.12598425 -14.125984 0.62598425,0.59055118 -14.125984 0.62598425] }
 coordIndex [
  1,0,2,-1,1,2,3,-1]
  normalPerVertex TRUE
  normal DEF NORM_283 Normal { vector [
  0 0 1,0 0 1,
  0 0 1,0 0 1] }
}
}
DEF SHAPE_284 Shape {
 appearance USE APP_2
 geometry DEF FACE_284 IndexedFaceSet {
  coord DEF COORD_284 Coordinate { point [
  -0.12598425 -13.874016 0.37401575,-0.11739863 -13.874016 0.43923,
  -0.092226873 -13.874016 0.5,-0.052184386 -13.874016 0.55218439,
  0 -13.874016 0.59222687,0.060770004 -13.874016 0.61739863,
  0.12598425 -13.874016 0.62598425,0.59055118 -13.874016 0.62598425,
  0.59055118 -13.874016 0.37401575,0.12598425 -13.874016 0.37401575,
  0.12598425 -13.874016 -1.1181102,-0.12598425 -13.874016 -1.1181102] }
 coordIndex [
  9,0,1,-1,9,1,2,-1,9,2,3,-1,9,3,4,-1,9,4,5,-1,9,5,6,-1,8,6,7,-1,8,9,6,-1,
  10,11,0,-1,10,0,9,-1]
  normalPerVertex TRUE
  normal DEF NORM_284 Normal { vector [
  0 1 0,0 1 0,
  0 1 0,0 1 0,
  0 1 0,0 1 0,
  0 1 0,0 1 0,
  0 1 0,0 1 0,
  0 1 0,0 1 0] }
}
}
DEF SHAPE_285 Shape {
 appearance USE APP_2
 geometry DEF FACE_285 IndexedFaceSet {
  coord DEF COORD_285 Coordinate { point [
  0.59055118 -13.874016 0.37401575,0.12598425 -13.874016 0.37401575,
  0.59055118 -14.125984 0.37401575,0.12598425 -14.125984 0.37401575] }
 coordIndex [
  1,0,2,-1,1,2,3,-1]
  normalPerVertex TRUE
  normal DEF NORM_285 Normal { vector [
  0 0 -1,0 0 -1,
  0 0 -1,0 0 -1] }
}
}
DEF SHAPE_286 Shape {
 appearance USE APP_2
 geometry DEF FACE_286 IndexedFaceSet {
  coord DEF COORD_286 Coordinate { point [
  -0.12598425 -14.125984 0.37401575,-0.11739863 -14.125984 0.43923,
  -0.092226873 -14.125984 0.5,-0.052184386 -14.125984 0.55218439,
  0 -14.125984 0.59222687,0.060770004 -14.125984 0.61739863,
  0.12598425 -14.125984 0.62598425,0.59055118 -14.125984 0.62598425,
  0.59055118 -14.125984 0.37401575,0.12598425 -14.125984 0.37401575,
  0.12598425 -14.125984 -1.1181102,-0.12598425 -14.125984 -1.1181102] }
 coordIndex [
  9,1,0,-1,9,2,1,-1,9,3,2,-1,9,4,3,-1,9,5,4,-1,9,6,5,-1,8,7,6,-1,8,6,9,-1,
  10,0,11,-1,10,9,0,-1]
  normalPerVertex TRUE
  normal DEF NORM_286 Normal { vector [
  0 -1 0,0 -1 0,
  0 -1 0,0 -1 0,
  0 -1 0,0 -1 0,
  0 -1 0,0 -1 0,
  0 -1 0,0 -1 0,
  0 -1 0,0 -1 0] }
}
}
DEF SHAPE_287 Shape {
 appearance USE APP_2
 geometry DEF FACE_287 IndexedFaceSet {
  coord DEF COORD_287 Coordinate { point [
  0.59055118 -12.874016 0.37401575,0.12598425 -12.874016 0.37401575,
  0.59055118 -13.125984 0.37401575,0.12598425 -13.125984 0.37401575] }
 coordIndex [
  1,0,2,-1,1,2,3,-1]
  normalPerVertex TRUE
  normal DEF NORM_287 Normal { vector [
  0 0 -1,0 0 -1,
  0 0 -1,0 0 -1] }
}
}
DEF SHAPE_288 Shape {
 appearance USE APP_2
 geometry DEF FACE_288 IndexedFaceSet {
  coord DEF COORD_288 Coordinate { point [
  -0.12598425 -13.125984 0.37401575,-0.11739863 -13.125984 0.43923,
  -0.092226873 -13.125984 0.5,-0.052184386 -13.125984 0.55218439,
  0 -13.125984 0.59222687,0.060770004 -13.125984 0.61739863,
  0.12598425 -13.125984 0.62598425,0.59055118 -13.125984 0.62598425,
  0.59055118 -13.125984 0.37401575,0.12598425 -13.125984 0.37401575,
  0.12598425 -13.125984 -1.1181102,-0.12598425 -13.125984 -1.1181102] }
 coordIndex [
  9,1,0,-1,9,2,1,-1,9,3,2,-1,9,4,3,-1,9,5,4,-1,9,6,5,-1,8,7,6,-1,8,6,9,-1,
  10,0,11,-1,10,9,0,-1]
  normalPerVertex TRUE
  normal DEF NORM_288 Normal { vector [
  0 -1 0,0 -1 0,
  0 -1 0,0 -1 0,
  0 -1 0,0 -1 0,
  0 -1 0,0 -1 0,
  0 -1 0,0 -1 0,
  0 -1 0,0 -1 0] }
}
}
DEF SHAPE_289 Shape {
 appearance USE APP_2
 geometry DEF FACE_289 IndexedFaceSet {
  coord DEF COORD_289 Coordinate { point [
  0.12598425 -12.874016 0.62598425,0.59055118 -12.874016 0.62598425,
  0.12598425 -13.125984 0.62598425,0.59055118 -13.125984 0.62598425] }
 coordIndex [
  1,0,2,-1,1,2,3,-1]
  normalPerVertex TRUE
  normal DEF NORM_289 Normal { vector [
  0 0 1,0 0 1,
  0 0 1,0 0 1] }
}
}
DEF SHAPE_290 Shape {
 appearance USE APP_2
 geometry DEF FACE_290 IndexedFaceSet {
  coord DEF COORD_290 Coordinate { point [
  -0.12598425 -12.874016 0.37401575,-0.11739863 -12.874016 0.43923,
  -0.092226873 -12.874016 0.5,-0.052184386 -12.874016 0.55218439,
  0 -12.874016 0.59222687,0.060770004 -12.874016 0.61739863,
  0.12598425 -12.874016 0.62598425,0.59055118 -12.874016 0.62598425,
  0.59055118 -12.874016 0.37401575,0.12598425 -12.874016 0.37401575,
  0.12598425 -12.874016 -1.1181102,-0.12598425 -12.874016 -1.1181102] }
 coordIndex [
  9,0,1,-1,9,1,2,-1,9,2,3,-1,9,3,4,-1,9,4,5,-1,9,5,6,-1,8,6,7,-1,8,9,6,-1,
  10,11,0,-1,10,0,9,-1]
  normalPerVertex TRUE
  normal DEF NORM_290 Normal { vector [
  0 1 0,0 1 0,
  0 1 0,0 1 0,
  0 1 0,0 1 0,
  0 1 0,0 1 0,
  0 1 0,0 1 0,
  0 1 0,0 1 0] }
}
}
DEF SHAPE_291 Shape {
 appearance USE APP_2
 geometry DEF FACE_291 IndexedFaceSet {
  coord DEF COORD_291 Coordinate { point [
  0.12598425 -14.874016 0.62598425,0.59055118 -14.874016 0.62598425,
  0.12598425 -15.125984 0.62598425,0.59055118 -15.125984 0.62598425] }
 coordIndex [
  1,0,2,-1,1,2,3,-1]
  normalPerVertex TRUE
  normal DEF NORM_291 Normal { vector [
  0 0 1,0 0 1,
  0 0 1,0 0 1] }
}
}
DEF SHAPE_292 Shape {
 appearance USE APP_2
 geometry DEF FACE_292 IndexedFaceSet {
  coord DEF COORD_292 Coordinate { point [
  -0.12598425 -14.874016 0.37401575,-0.11739863 -14.874016 0.43923,
  -0.092226873 -14.874016 0.5,-0.052184386 -14.874016 0.55218439,
  0 -14.874016 0.59222687,0.060770004 -14.874016 0.61739863,
  0.12598425 -14.874016 0.62598425,0.59055118 -14.874016 0.62598425,
  0.59055118 -14.874016 0.37401575,0.12598425 -14.874016 0.37401575,
  0.12598425 -14.874016 -1.1181102,-0.12598425 -14.874016 -1.1181102] }
 coordIndex [
  9,0,1,-1,9,1,2,-1,9,2,3,-1,9,3,4,-1,9,4,5,-1,9,5,6,-1,8,6,7,-1,8,9,6,-1,
  10,11,0,-1,10,0,9,-1]
  normalPerVertex TRUE
  normal DEF NORM_292 Normal { vector [
  0 1 0,0 1 0,
  0 1 0,0 1 0,
  0 1 0,0 1 0,
  0 1 0,0 1 0,
  0 1 0,0 1 0,
  0 1 0,0 1 0] }
}
}
DEF SHAPE_293 Shape {
 appearance USE APP_2
 geometry DEF FACE_293 IndexedFaceSet {
  coord DEF COORD_293 Coordinate { point [
  0.59055118 -14.874016 0.37401575,0.12598425 -14.874016 0.37401575,
  0.59055118 -15.125984 0.37401575,0.12598425 -15.125984 0.37401575] }
 coordIndex [
  1,0,2,-1,1,2,3,-1]
  normalPerVertex TRUE
  normal DEF NORM_293 Normal { vector [
  0 0 -1,0 0 -1,
  0 0 -1,0 0 -1] }
}
}
DEF SHAPE_294 Shape {
 appearance USE APP_2
 geometry DEF FACE_294 IndexedFaceSet {
  coord DEF COORD_294 Coordinate { point [
  -0.12598425 -15.125984 0.37401575,-0.11739863 -15.125984 0.43923,
  -0.092226873 -15.125984 0.5,-0.052184386 -15.125984 0.55218439,
  0 -15.125984 0.59222687,0.060770004 -15.125984 0.61739863,
  0.12598425 -15.125984 0.62598425,0.59055118 -15.125984 0.62598425,
  0.59055118 -15.125984 0.37401575,0.12598425 -15.125984 0.37401575,
  0.12598425 -15.125984 -1.1181102,-0.12598425 -15.125984 -1.1181102] }
 coordIndex [
  9,1,0,-1,9,2,1,-1,9,3,2,-1,9,4,3,-1,9,5,4,-1,9,6,5,-1,8,7,6,-1,8,6,9,-1,
  10,0,11,-1,10,9,0,-1]
  normalPerVertex TRUE
  normal DEF NORM_294 Normal { vector [
  0 -1 0,0 -1 0,
  0 -1 0,0 -1 0,
  0 -1 0,0 -1 0,
  0 -1 0,0 -1 0,
  0 -1 0,0 -1 0,
  0 -1 0,0 -1 0] }
}
}
DEF SHAPE_295 Shape {
 appearance USE APP_2
 geometry DEF FACE_295 IndexedFaceSet {
  coord DEF COORD_295 Coordinate { point [
  -0.12598425 -15.874016 0.37401575,-0.11739863 -15.874016 0.43923,
  -0.092226873 -15.874016 0.5,-0.052184386 -15.874016 0.55218439,
  0 -15.874016 0.59222687,0.060770004 -15.874016 0.61739863,
  0.12598425 -15.874016 0.62598425,0.59055118 -15.874016 0.62598425,
  0.59055118 -15.874016 0.37401575,0.12598425 -15.874016 0.37401575,
  0.12598425 -15.874016 -1.1181102,-0.12598425 -15.874016 -1.1181102] }
 coordIndex [
  9,0,1,-1,9,1,2,-1,9,2,3,-1,9,3,4,-1,9,4,5,-1,9,5,6,-1,8,6,7,-1,8,9,6,-1,
  10,11,0,-1,10,0,9,-1]
  normalPerVertex TRUE
  normal DEF NORM_295 Normal { vector [
  0 1 0,0 1 0,
  0 1 0,0 1 0,
  0 1 0,0 1 0,
  0 1 0,0 1 0,
  0 1 0,0 1 0,
  0 1 0,0 1 0] }
}
}
DEF SHAPE_296 Shape {
 appearance USE APP_2
 geometry DEF FACE_296 IndexedFaceSet {
  coord DEF COORD_296 Coordinate { point [
  0.59055118 -15.874016 0.37401575,0.12598425 -15.874016 0.37401575,
  0.59055118 -16.125984 0.37401575,0.12598425 -16.125984 0.37401575] }
 coordIndex [
  1,0,2,-1,1,2,3,-1]
  normalPerVertex TRUE
  normal DEF NORM_296 Normal { vector [
  0 0 -1,0 0 -1,
  0 0 -1,0 0 -1] }
}
}
DEF SHAPE_297 Shape {
 appearance USE APP_2
 geometry DEF FACE_297 IndexedFaceSet {
  coord DEF COORD_297 Coordinate { point [
  -0.12598425 -16.125984 0.37401575,-0.11739863 -16.125984 0.43923,
  -0.092226873 -16.125984 0.5,-0.052184386 -16.125984 0.55218439,
  0 -16.125984 0.59222687,0.060770004 -16.125984 0.61739863,
  0.12598425 -16.125984 0.62598425,0.59055118 -16.125984 0.62598425,
  0.59055118 -16.125984 0.37401575,0.12598425 -16.125984 0.37401575,
  0.12598425 -16.125984 -1.1181102,-0.12598425 -16.125984 -1.1181102] }
 coordIndex [
  9,1,0,-1,9,2,1,-1,9,3,2,-1,9,4,3,-1,9,5,4,-1,9,6,5,-1,8,7,6,-1,8,6,9,-1,
  10,0,11,-1,10,9,0,-1]
  normalPerVertex TRUE
  normal DEF NORM_297 Normal { vector [
  0 -1 0,0 -1 0,
  0 -1 0,0 -1 0,
  0 -1 0,0 -1 0,
  0 -1 0,0 -1 0,
  0 -1 0,0 -1 0,
  0 -1 0,0 -1 0] }
}
}
DEF SHAPE_298 Shape {
 appearance USE APP_2
 geometry DEF FACE_298 IndexedFaceSet {
  coord DEF COORD_298 Coordinate { point [
  0.12598425 -15.874016 0.62598425,0.59055118 -15.874016 0.62598425,
  0.12598425 -16.125984 0.62598425,0.59055118 -16.125984 0.62598425] }
 coordIndex [
  1,0,2,-1,1,2,3,-1]
  normalPerVertex TRUE
  normal DEF NORM_298 Normal { vector [
  0 0 1,0 0 1,
  0 0 1,0 0 1] }
}
}
DEF SHAPE_299 Shape {
 appearance USE APP_2
 geometry DEF FACE_299 IndexedFaceSet {
  coord DEF COORD_299 Coordinate { point [
  -0.12598425 -17.874016 0.37401575,-0.11739863 -17.874016 0.43923,
  -0.092226873 -17.874016 0.5,-0.052184386 -17.874016 0.55218439,
  0 -17.874016 0.59222687,0.060770004 -17.874016 0.61739863,
  0.12598425 -17.874016 0.62598425,0.59055118 -17.874016 0.62598425,
  0.59055118 -17.874016 0.37401575,0.12598425 -17.874016 0.37401575,
  0.12598425 -17.874016 -1.1181102,-0.12598425 -17.874016 -1.1181102] }
 coordIndex [
  9,0,1,-1,9,1,2,-1,9,2,3,-1,9,3,4,-1,9,4,5,-1,9,5,6,-1,8,6,7,-1,8,9,6,-1,
  10,11,0,-1,10,0,9,-1]
  normalPerVertex TRUE
  normal DEF NORM_299 Normal { vector [
  0 1 0,0 1 0,
  0 1 0,0 1 0,
  0 1 0,0 1 0,
  0 1 0,0 1 0,
  0 1 0,0 1 0,
  0 1 0,0 1 0] }
}
}
DEF SHAPE_300 Shape {
 appearance USE APP_2
 geometry DEF FACE_300 IndexedFaceSet {
  coord DEF COORD_300 Coordinate { point [
  0.59055118 -17.874016 0.37401575,0.12598425 -17.874016 0.37401575,
  0.59055118 -18.125984 0.37401575,0.12598425 -18.125984 0.37401575] }
 coordIndex [
  1,0,2,-1,1,2,3,-1]
  normalPerVertex TRUE
  normal DEF NORM_300 Normal { vector [
  0 0 -1,0 0 -1,
  0 0 -1,0 0 -1] }
}
}
DEF SHAPE_301 Shape {
 appearance USE APP_2
 geometry DEF FACE_301 IndexedFaceSet {
  coord DEF COORD_301 Coordinate { point [
  -0.12598425 -18.125984 0.37401575,-0.11739863 -18.125984 0.43923,
  -0.092226873 -18.125984 0.5,-0.052184386 -18.125984 0.55218439,
  0 -18.125984 0.59222687,0.060770004 -18.125984 0.61739863,
  0.12598425 -18.125984 0.62598425,0.59055118 -18.125984 0.62598425,
  0.59055118 -18.125984 0.37401575,0.12598425 -18.125984 0.37401575,
  0.12598425 -18.125984 -1.1181102,-0.12598425 -18.125984 -1.1181102] }
 coordIndex [
  9,1,0,-1,9,2,1,-1,9,3,2,-1,9,4,3,-1,9,5,4,-1,9,6,5,-1,8,7,6,-1,8,6,9,-1,
  10,0,11,-1,10,9,0,-1]
  normalPerVertex TRUE
  normal DEF NORM_301 Normal { vector [
  0 -1 0,0 -1 0,
  0 -1 0,0 -1 0,
  0 -1 0,0 -1 0,
  0 -1 0,0 -1 0,
  0 -1 0,0 -1 0,
  0 -1 0,0 -1 0] }
}
}
DEF SHAPE_302 Shape {
 appearance USE APP_2
 geometry DEF FACE_302 IndexedFaceSet {
  coord DEF COORD_302 Coordinate { point [
  0.12598425 -17.874016 0.62598425,0.59055118 -17.874016 0.62598425,
  0.12598425 -18.125984 0.62598425,0.59055118 -18.125984 0.62598425] }
 coordIndex [
  1,0,2,-1,1,2,3,-1]
  normalPerVertex TRUE
  normal DEF NORM_302 Normal { vector [
  0 0 1,0 0 1,
  0 0 1,0 0 1] }
}
}
DEF SHAPE_303 Shape {
 appearance USE APP_2
 geometry DEF FACE_303 IndexedFaceSet {
  coord DEF COORD_303 Coordinate { point [
  0.12598425 -16.874016 0.62598425,0.59055118 -16.874016 0.62598425,
  0.12598425 -17.125984 0.62598425,0.59055118 -17.125984 0.62598425] }
 coordIndex [
  1,0,2,-1,1,2,3,-1]
  normalPerVertex TRUE
  normal DEF NORM_303 Normal { vector [
  0 0 1,0 0 1,
  0 0 1,0 0 1] }
}
}
DEF SHAPE_304 Shape {
 appearance USE APP_2
 geometry DEF FACE_304 IndexedFaceSet {
  coord DEF COORD_304 Coordinate { point [
  -0.12598425 -16.874016 0.37401575,-0.11739863 -16.874016 0.43923,
  -0.092226873 -16.874016 0.5,-0.052184386 -16.874016 0.55218439,
  0 -16.874016 0.59222687,0.060770004 -16.874016 0.61739863,
  0.12598425 -16.874016 0.62598425,0.59055118 -16.874016 0.62598425,
  0.59055118 -16.874016 0.37401575,0.12598425 -16.874016 0.37401575,
  0.12598425 -16.874016 -1.1181102,-0.12598425 -16.874016 -1.1181102] }
 coordIndex [
  9,0,1,-1,9,1,2,-1,9,2,3,-1,9,3,4,-1,9,4,5,-1,9,5,6,-1,8,6,7,-1,8,9,6,-1,
  10,11,0,-1,10,0,9,-1]
  normalPerVertex TRUE
  normal DEF NORM_304 Normal { vector [
  0 1 0,0 1 0,
  0 1 0,0 1 0,
  0 1 0,0 1 0,
  0 1 0,0 1 0,
  0 1 0,0 1 0,
  0 1 0,0 1 0] }
}
}
DEF SHAPE_305 Shape {
 appearance USE APP_2
 geometry DEF FACE_305 IndexedFaceSet {
  coord DEF COORD_305 Coordinate { point [
  0.59055118 -16.874016 0.37401575,0.12598425 -16.874016 0.37401575,
  0.59055118 -17.125984 0.37401575,0.12598425 -17.125984 0.37401575] }
 coordIndex [
  1,0,2,-1,1,2,3,-1]
  normalPerVertex TRUE
  normal DEF NORM_305 Normal { vector [
  0 0 -1,0 0 -1,
  0 0 -1,0 0 -1] }
}
}
DEF SHAPE_306 Shape {
 appearance USE APP_2
 geometry DEF FACE_306 IndexedFaceSet {
  coord DEF COORD_306 Coordinate { point [
  -0.12598425 -17.125984 0.37401575,-0.11739863 -17.125984 0.43923,
  -0.092226873 -17.125984 0.5,-0.052184386 -17.125984 0.55218439,
  0 -17.125984 0.59222687,0.060770004 -17.125984 0.61739863,
  0.12598425 -17.125984 0.62598425,0.59055118 -17.125984 0.62598425,
  0.59055118 -17.125984 0.37401575,0.12598425 -17.125984 0.37401575,
  0.12598425 -17.125984 -1.1181102,-0.12598425 -17.125984 -1.1181102] }
 coordIndex [
  9,1,0,-1,9,2,1,-1,9,3,2,-1,9,4,3,-1,9,5,4,-1,9,6,5,-1,8,7,6,-1,8,6,9,-1,
  10,0,11,-1,10,9,0,-1]
  normalPerVertex TRUE
  normal DEF NORM_306 Normal { vector [
  0 -1 0,0 -1 0,
  0 -1 0,0 -1 0,
  0 -1 0,0 -1 0,
  0 -1 0,0 -1 0,
  0 -1 0,0 -1 0,
  0 -1 0,0 -1 0] }
}
}
DEF SHAPE_307 Shape {
 appearance USE APP_2
 geometry DEF FACE_307 IndexedFaceSet {
  coord DEF COORD_307 Coordinate { point [
  -0.12598425 -18.874016 0.37401575,-0.11739863 -18.874016 0.43923,
  -0.092226873 -18.874016 0.5,-0.052184386 -18.874016 0.55218439,
  0 -18.874016 0.59222687,0.060770004 -18.874016 0.61739863,
  0.12598425 -18.874016 0.62598425,0.59055118 -18.874016 0.62598425,
  0.59055118 -18.874016 0.37401575,0.12598425 -18.874016 0.37401575,
  0.12598425 -18.874016 -1.1181102,-0.12598425 -18.874016 -1.1181102] }
 coordIndex [
  9,0,1,-1,9,1,2,-1,9,2,3,-1,9,3,4,-1,9,4,5,-1,9,5,6,-1,8,6,7,-1,8,9,6,-1,
  10,11,0,-1,10,0,9,-1]
  normalPerVertex TRUE
  normal DEF NORM_307 Normal { vector [
  0 1 0,0 1 0,
  0 1 0,0 1 0,
  0 1 0,0 1 0,
  0 1 0,0 1 0,
  0 1 0,0 1 0,
  0 1 0,0 1 0] }
}
}
DEF SHAPE_308 Shape {
 appearance USE APP_2
 geometry DEF FACE_308 IndexedFaceSet {
  coord DEF COORD_308 Coordinate { point [
  0.59055118 -18.874016 0.37401575,0.12598425 -18.874016 0.37401575,
  0.59055118 -19.125984 0.37401575,0.12598425 -19.125984 0.37401575] }
 coordIndex [
  1,0,2,-1,1,2,3,-1]
  normalPerVertex TRUE
  normal DEF NORM_308 Normal { vector [
  0 0 -1,0 0 -1,
  0 0 -1,0 0 -1] }
}
}
DEF SHAPE_309 Shape {
 appearance USE APP_2
 geometry DEF FACE_309 IndexedFaceSet {
  coord DEF COORD_309 Coordinate { point [
  -0.12598425 -19.125984 0.37401575,-0.11739863 -19.125984 0.43923,
  -0.092226873 -19.125984 0.5,-0.052184386 -19.125984 0.55218439,
  0 -19.125984 0.59222687,0.060770004 -19.125984 0.61739863,
  0.12598425 -19.125984 0.62598425,0.59055118 -19.125984 0.62598425,
  0.59055118 -19.125984 0.37401575,0.12598425 -19.125984 0.37401575,
  0.12598425 -19.125984 -1.1181102,-0.12598425 -19.125984 -1.1181102] }
 coordIndex [
  9,1,0,-1,9,2,1,-1,9,3,2,-1,9,4,3,-1,9,5,4,-1,9,6,5,-1,8,7,6,-1,8,6,9,-1,
  10,0,11,-1,10,9,0,-1]
  normalPerVertex TRUE
  normal DEF NORM_309 Normal { vector [
  0 -1 0,0 -1 0,
  0 -1 0,0 -1 0,
  0 -1 0,0 -1 0,
  0 -1 0,0 -1 0,
  0 -1 0,0 -1 0,
  0 -1 0,0 -1 0] }
}
}
DEF SHAPE_310 Shape {
 appearance USE APP_2
 geometry DEF FACE_310 IndexedFaceSet {
  coord DEF COORD_310 Coordinate { point [
  0.12598425 -18.874016 0.62598425,0.59055118 -18.874016 0.62598425,
  0.12598425 -19.125984 0.62598425,0.59055118 -19.125984 0.62598425] }
 coordIndex [
  1,0,2,-1,1,2,3,-1]
  normalPerVertex TRUE
  normal DEF NORM_310 Normal { vector [
  0 0 1,0 0 1,
  0 0 1,0 0 1] }
}
}
DEF SHAPE_311 Shape {
 appearance USE APP_2
 geometry DEF FACE_311 IndexedFaceSet {
  coord DEF COORD_311 Coordinate { point [
  0.59055118 -7.8740157 0.37401575,0.12598425 -7.8740157 0.37401575,
  0.59055118 -8.1259843 0.37401575,0.12598425 -8.1259843 0.37401575] }
 coordIndex [
  1,0,2,-1,1,2,3,-1]
  normalPerVertex TRUE
  normal DEF NORM_311 Normal { vector [
  0 0 -1,0 0 -1,
  0 0 -1,0 0 -1] }
}
}
DEF SHAPE_312 Shape {
 appearance USE APP_2
 geometry DEF FACE_312 IndexedFaceSet {
  coord DEF COORD_312 Coordinate { point [
  -0.12598425 -8.1259843 0.37401575,-0.11739863 -8.1259843 0.43923,
  -0.092226873 -8.1259843 0.5,-0.052184386 -8.1259843 0.55218439,
  0 -8.1259843 0.59222687,0.060770004 -8.1259843 0.61739863,
  0.12598425 -8.1259843 0.62598425,0.59055118 -8.1259843 0.62598425,
  0.59055118 -8.1259843 0.37401575,0.12598425 -8.1259843 0.37401575,
  0.12598425 -8.1259843 -1.1181102,-0.12598425 -8.1259843 -1.1181102] }
 coordIndex [
  9,1,0,-1,9,2,1,-1,9,3,2,-1,9,4,3,-1,9,5,4,-1,9,6,5,-1,8,7,6,-1,8,6,9,-1,
  10,0,11,-1,10,9,0,-1]
  normalPerVertex TRUE
  normal DEF NORM_312 Normal { vector [
  0 -1 0,0 -1 0,
  0 -1 0,0 -1 0,
  0 -1 0,0 -1 0,
  0 -1 0,0 -1 0,
  0 -1 0,0 -1 0,
  0 -1 0,0 -1 0] }
}
}
DEF SHAPE_313 Shape {
 appearance USE APP_2
 geometry DEF FACE_313 IndexedFaceSet {
  coord DEF COORD_313 Coordinate { point [
  0.12598425 -7.8740157 0.62598425,0.59055118 -7.8740157 0.62598425,
  0.12598425 -8.1259843 0.62598425,0.59055118 -8.1259843 0.62598425] }
 coordIndex [
  1,0,2,-1,1,2,3,-1]
  normalPerVertex TRUE
  normal DEF NORM_313 Normal { vector [
  0 0 1,0 0 1,
  0 0 1,0 0 1] }
}
}
DEF SHAPE_314 Shape {
 appearance USE APP_2
 geometry DEF FACE_314 IndexedFaceSet {
  coord DEF COORD_314 Coordinate { point [
  -0.12598425 -7.8740157 0.37401575,-0.11739863 -7.8740157 0.43923,
  -0.092226873 -7.8740157 0.5,-0.052184386 -7.8740157 0.55218439,
  0 -7.8740157 0.59222687,0.060770004 -7.8740157 0.61739863,
  0.12598425 -7.8740157 0.62598425,0.59055118 -7.8740157 0.62598425,
  0.59055118 -7.8740157 0.37401575,0.12598425 -7.8740157 0.37401575,
  0.12598425 -7.8740157 -1.1181102,-0.12598425 -7.8740157 -1.1181102] }
 coordIndex [
  9,0,1,-1,9,1,2,-1,9,2,3,-1,9,3,4,-1,9,4,5,-1,9,5,6,-1,8,6,7,-1,8,9,6,-1,
  10,11,0,-1,10,0,9,-1]
  normalPerVertex TRUE
  normal DEF NORM_314 Normal { vector [
  0 1 0,0 1 0,
  0 1 0,0 1 0,
  0 1 0,0 1 0,
  0 1 0,0 1 0,
  0 1 0,0 1 0,
  0 1 0,0 1 0] }
}
}
DEF SHAPE_315 Shape {
 appearance USE APP_2
 geometry DEF FACE_315 IndexedFaceSet {
  coord DEF COORD_315 Coordinate { point [
  0.12598425 -8.8740157 0.62598425,0.59055118 -8.8740157 0.62598425,
  0.12598425 -9.1259843 0.62598425,0.59055118 -9.1259843 0.62598425] }
 coordIndex [
  1,0,2,-1,1,2,3,-1]
  normalPerVertex TRUE
  normal DEF NORM_315 Normal { vector [
  0 0 1,0 0 1,
  0 0 1,0 0 1] }
}
}
DEF SHAPE_316 Shape {
 appearance USE APP_2
 geometry DEF FACE_316 IndexedFaceSet {
  coord DEF COORD_316 Coordinate { point [
  -0.12598425 -8.8740157 0.37401575,-0.11739863 -8.8740157 0.43923,
  -0.092226873 -8.8740157 0.5,-0.052184386 -8.8740157 0.55218439,
  0 -8.8740157 0.59222687,0.060770004 -8.8740157 0.61739863,
  0.12598425 -8.8740157 0.62598425,0.59055118 -8.8740157 0.62598425,
  0.59055118 -8.8740157 0.37401575,0.12598425 -8.8740157 0.37401575,
  0.12598425 -8.8740157 -1.1181102,-0.12598425 -8.8740157 -1.1181102] }
 coordIndex [
  9,0,1,-1,9,1,2,-1,9,2,3,-1,9,3,4,-1,9,4,5,-1,9,5,6,-1,8,6,7,-1,8,9,6,-1,
  10,11,0,-1,10,0,9,-1]
  normalPerVertex TRUE
  normal DEF NORM_316 Normal { vector [
  0 1 0,0 1 0,
  0 1 0,0 1 0,
  0 1 0,0 1 0,
  0 1 0,0 1 0,
  0 1 0,0 1 0,
  0 1 0,0 1 0] }
}
}
DEF SHAPE_317 Shape {
 appearance USE APP_2
 geometry DEF FACE_317 IndexedFaceSet {
  coord DEF COORD_317 Coordinate { point [
  0.59055118 -8.8740157 0.37401575,0.12598425 -8.8740157 0.37401575,
  0.59055118 -9.1259843 0.37401575,0.12598425 -9.1259843 0.37401575] }
 coordIndex [
  1,0,2,-1,1,2,3,-1]
  normalPerVertex TRUE
  normal DEF NORM_317 Normal { vector [
  0 0 -1,0 0 -1,
  0 0 -1,0 0 -1] }
}
}
DEF SHAPE_318 Shape {
 appearance USE APP_2
 geometry DEF FACE_318 IndexedFaceSet {
  coord DEF COORD_318 Coordinate { point [
  -0.12598425 -9.1259843 0.37401575,-0.11739863 -9.1259843 0.43923,
  -0.092226873 -9.1259843 0.5,-0.052184386 -9.1259843 0.55218439,
  0 -9.1259843 0.59222687,0.060770004 -9.1259843 0.61739863,
  0.12598425 -9.1259843 0.62598425,0.59055118 -9.1259843 0.62598425,
  0.59055118 -9.1259843 0.37401575,0.12598425 -9.1259843 0.37401575,
  0.12598425 -9.1259843 -1.1181102,-0.12598425 -9.1259843 -1.1181102] }
 coordIndex [
  9,1,0,-1,9,2,1,-1,9,3,2,-1,9,4,3,-1,9,5,4,-1,9,6,5,-1,8,7,6,-1,8,6,9,-1,
  10,0,11,-1,10,9,0,-1]
  normalPerVertex TRUE
  normal DEF NORM_318 Normal { vector [
  0 -1 0,0 -1 0,
  0 -1 0,0 -1 0,
  0 -1 0,0 -1 0,
  0 -1 0,0 -1 0,
  0 -1 0,0 -1 0,
  0 -1 0,0 -1 0] }
}
}
DEF SHAPE_319 Shape {
 appearance USE APP_2
 geometry DEF FACE_319 IndexedFaceSet {
  coord DEF COORD_319 Coordinate { point [
  0.12598425 -9.8740157 0.62598425,0.59055118 -9.8740157 0.62598425,
  0.12598425 -10.125984 0.62598425,0.59055118 -10.125984 0.62598425] }
 coordIndex [
  1,0,2,-1,1,2,3,-1]
  normalPerVertex TRUE
  normal DEF NORM_319 Normal { vector [
  0 0 1,0 0 1,
  0 0 1,0 0 1] }
}
}
DEF SHAPE_320 Shape {
 appearance USE APP_2
 geometry DEF FACE_320 IndexedFaceSet {
  coord DEF COORD_320 Coordinate { point [
  -0.12598425 -9.8740157 0.37401575,-0.11739863 -9.8740157 0.43923,
  -0.092226873 -9.8740157 0.5,-0.052184386 -9.8740157 0.55218439,
  0 -9.8740157 0.59222687,0.060770004 -9.8740157 0.61739863,
  0.12598425 -9.8740157 0.62598425,0.59055118 -9.8740157 0.62598425,
  0.59055118 -9.8740157 0.37401575,0.12598425 -9.8740157 0.37401575,
  0.12598425 -9.8740157 -1.1181102,-0.12598425 -9.8740157 -1.1181102] }
 coordIndex [
  9,0,1,-1,9,1,2,-1,9,2,3,-1,9,3,4,-1,9,4,5,-1,9,5,6,-1,8,6,7,-1,8,9,6,-1,
  10,11,0,-1,10,0,9,-1]
  normalPerVertex TRUE
  normal DEF NORM_320 Normal { vector [
  0 1 0,0 1 0,
  0 1 0,0 1 0,
  0 1 0,0 1 0,
  0 1 0,0 1 0,
  0 1 0,0 1 0,
  0 1 0,0 1 0] }
}
}
DEF SHAPE_321 Shape {
 appearance USE APP_2
 geometry DEF FACE_321 IndexedFaceSet {
  coord DEF COORD_321 Coordinate { point [
  0.59055118 -9.8740157 0.37401575,0.12598425 -9.8740157 0.37401575,
  0.59055118 -10.125984 0.37401575,0.12598425 -10.125984 0.37401575] }
 coordIndex [
  1,0,2,-1,1,2,3,-1]
  normalPerVertex TRUE
  normal DEF NORM_321 Normal { vector [
  0 0 -1,0 0 -1,
  0 0 -1,0 0 -1] }
}
}
DEF SHAPE_322 Shape {
 appearance USE APP_2
 geometry DEF FACE_322 IndexedFaceSet {
  coord DEF COORD_322 Coordinate { point [
  -0.12598425 -10.125984 0.37401575,-0.11739863 -10.125984 0.43923,
  -0.092226873 -10.125984 0.5,-0.052184386 -10.125984 0.55218439,
  0 -10.125984 0.59222687,0.060770004 -10.125984 0.61739863,
  0.12598425 -10.125984 0.62598425,0.59055118 -10.125984 0.62598425,
  0.59055118 -10.125984 0.37401575,0.12598425 -10.125984 0.37401575,
  0.12598425 -10.125984 -1.1181102,-0.12598425 -10.125984 -1.1181102] }
 coordIndex [
  9,1,0,-1,9,2,1,-1,9,3,2,-1,9,4,3,-1,9,5,4,-1,9,6,5,-1,8,7,6,-1,8,6,9,-1,
  10,0,11,-1,10,9,0,-1]
  normalPerVertex TRUE
  normal DEF NORM_322 Normal { vector [
  0 -1 0,0 -1 0,
  0 -1 0,0 -1 0,
  0 -1 0,0 -1 0,
  0 -1 0,0 -1 0,
  0 -1 0,0 -1 0,
  0 -1 0,0 -1 0] }
}
}
DEF SHAPE_323 Shape {
 appearance USE APP_2
 geometry DEF FACE_323 IndexedFaceSet {
  coord DEF COORD_323 Coordinate { point [
  0.59055118 -4.8740157 0.37401575,0.12598425 -4.8740157 0.37401575,
  0.59055118 -5.1259843 0.37401575,0.12598425 -5.1259843 0.37401575] }
 coordIndex [
  1,0,2,-1,1,2,3,-1]
  normalPerVertex TRUE
  normal DEF NORM_323 Normal { vector [
  0 0 -1,0 0 -1,
  0 0 -1,0 0 -1] }
}
}
DEF SHAPE_324 Shape {
 appearance USE APP_2
 geometry DEF FACE_324 IndexedFaceSet {
  coord DEF COORD_324 Coordinate { point [
  -0.12598425 -5.1259843 0.37401575,-0.11739863 -5.1259843 0.43923,
  -0.092226873 -5.1259843 0.5,-0.052184386 -5.1259843 0.55218439,
  0 -5.1259843 0.59222687,0.060770004 -5.1259843 0.61739863,
  0.12598425 -5.1259843 0.62598425,0.59055118 -5.1259843 0.62598425,
  0.59055118 -5.1259843 0.37401575,0.12598425 -5.1259843 0.37401575,
  0.12598425 -5.1259843 -1.1181102,-0.12598425 -5.1259843 -1.1181102] }
 coordIndex [
  9,1,0,-1,9,2,1,-1,9,3,2,-1,9,4,3,-1,9,5,4,-1,9,6,5,-1,8,7,6,-1,8,6,9,-1,
  10,0,11,-1,10,9,0,-1]
  normalPerVertex TRUE
  normal DEF NORM_324 Normal { vector [
  0 -1 0,0 -1 0,
  0 -1 0,0 -1 0,
  0 -1 0,0 -1 0,
  0 -1 0,0 -1 0,
  0 -1 0,0 -1 0,
  0 -1 0,0 -1 0] }
}
}
DEF SHAPE_325 Shape {
 appearance USE APP_2
 geometry DEF FACE_325 IndexedFaceSet {
  coord DEF COORD_325 Coordinate { point [
  0.12598425 -4.8740157 0.62598425,0.59055118 -4.8740157 0.62598425,
  0.12598425 -5.1259843 0.62598425,0.59055118 -5.1259843 0.62598425] }
 coordIndex [
  3,0,2,-1,1,0,3,-1]
  normalPerVertex TRUE
  normal DEF NORM_325 Normal { vector [
  0 0 1,0 0 1,
  0 0 1,0 0 1] }
}
}
DEF SHAPE_326 Shape {
 appearance USE APP_2
 geometry DEF FACE_326 IndexedFaceSet {
  coord DEF COORD_326 Coordinate { point [
  -0.12598425 -4.8740157 0.37401575,-0.11739863 -4.8740157 0.43923,
  -0.092226873 -4.8740157 0.5,-0.052184386 -4.8740157 0.55218439,
  0 -4.8740157 0.59222687,0.060770004 -4.8740157 0.61739863,
  0.12598425 -4.8740157 0.62598425,0.59055118 -4.8740157 0.62598425,
  0.59055118 -4.8740157 0.37401575,0.12598425 -4.8740157 0.37401575,
  0.12598425 -4.8740157 -1.1181102,-0.12598425 -4.8740157 -1.1181102] }
 coordIndex [
  9,0,1,-1,9,1,2,-1,9,2,3,-1,9,3,4,-1,9,4,5,-1,9,5,6,-1,8,6,7,-1,8,9,6,-1,
  10,11,0,-1,10,0,9,-1]
  normalPerVertex TRUE
  normal DEF NORM_326 Normal { vector [
  0 1 0,0 1 0,
  0 1 0,0 1 0,
  0 1 0,0 1 0,
  0 1 0,0 1 0,
  0 1 0,0 1 0,
  0 1 0,0 1 0] }
}
}
DEF SHAPE_327 Shape {
 appearance USE APP_2
 geometry DEF FACE_327 IndexedFaceSet {
  coord DEF COORD_327 Coordinate { point [
  0.59055118 -5.8740157 0.37401575,0.12598425 -5.8740157 0.37401575,
  0.59055118 -6.1259843 0.37401575,0.12598425 -6.1259843 0.37401575] }
 coordIndex [
  1,0,2,-1,1,2,3,-1]
  normalPerVertex TRUE
  normal DEF NORM_327 Normal { vector [
  0 0 -1,0 0 -1,
  0 0 -1,0 0 -1] }
}
}
DEF SHAPE_328 Shape {
 appearance USE APP_2
 geometry DEF FACE_328 IndexedFaceSet {
  coord DEF COORD_328 Coordinate { point [
  -0.12598425 -6.1259843 0.37401575,-0.11739863 -6.1259843 0.43923,
  -0.092226873 -6.1259843 0.5,-0.052184386 -6.1259843 0.55218439,
  0 -6.1259843 0.59222687,0.060770004 -6.1259843 0.61739863,
  0.12598425 -6.1259843 0.62598425,0.59055118 -6.1259843 0.62598425,
  0.59055118 -6.1259843 0.37401575,0.12598425 -6.1259843 0.37401575,
  0.12598425 -6.1259843 -1.1181102,-0.12598425 -6.1259843 -1.1181102] }
 coordIndex [
  9,1,0,-1,9,2,1,-1,9,3,2,-1,9,4,3,-1,9,5,4,-1,9,6,5,-1,8,7,6,-1,8,6,9,-1,
  10,0,11,-1,10,9,0,-1]
  normalPerVertex TRUE
  normal DEF NORM_328 Normal { vector [
  0 -1 0,0 -1 0,
  0 -1 0,0 -1 0,
  0 -1 0,0 -1 0,
  0 -1 0,0 -1 0,
  0 -1 0,0 -1 0,
  0 -1 0,0 -1 0] }
}
}
DEF SHAPE_329 Shape {
 appearance USE APP_2
 geometry DEF FACE_329 IndexedFaceSet {
  coord DEF COORD_329 Coordinate { point [
  0.12598425 -5.8740157 0.62598425,0.59055118 -5.8740157 0.62598425,
  0.12598425 -6.1259843 0.62598425,0.59055118 -6.1259843 0.62598425] }
 coordIndex [
  1,0,2,-1,1,2,3,-1]
  normalPerVertex TRUE
  normal DEF NORM_329 Normal { vector [
  0 0 1,0 0 1,
  0 0 1,0 0 1] }
}
}
DEF SHAPE_330 Shape {
 appearance USE APP_2
 geometry DEF FACE_330 IndexedFaceSet {
  coord DEF COORD_330 Coordinate { point [
  -0.12598425 -5.8740157 0.37401575,-0.11739863 -5.8740157 0.43923,
  -0.092226873 -5.8740157 0.5,-0.052184386 -5.8740157 0.55218439,
  0 -5.8740157 0.59222687,0.060770004 -5.8740157 0.61739863,
  0.12598425 -5.8740157 0.62598425,0.59055118 -5.8740157 0.62598425,
  0.59055118 -5.8740157 0.37401575,0.12598425 -5.8740157 0.37401575,
  0.12598425 -5.8740157 -1.1181102,-0.12598425 -5.8740157 -1.1181102] }
 coordIndex [
  9,0,1,-1,9,1,2,-1,9,2,3,-1,9,3,4,-1,9,4,5,-1,9,5,6,-1,8,6,7,-1,8,9,6,-1,
  10,11,0,-1,10,0,9,-1]
  normalPerVertex TRUE
  normal DEF NORM_330 Normal { vector [
  0 1 0,0 1 0,
  0 1 0,0 1 0,
  0 1 0,0 1 0,
  0 1 0,0 1 0,
  0 1 0,0 1 0,
  0 1 0,0 1 0] }
}
}
DEF SHAPE_331 Shape {
 appearance USE APP_2
 geometry DEF FACE_331 IndexedFaceSet {
  coord DEF COORD_331 Coordinate { point [
  0.12598425 -6.8740157 0.62598425,0.59055118 -6.8740157 0.62598425,
  0.12598425 -7.1259843 0.62598425,0.59055118 -7.1259843 0.62598425] }
 coordIndex [
  1,0,2,-1,1,2,3,-1]
  normalPerVertex TRUE
  normal DEF NORM_331 Normal { vector [
  0 0 1,0 0 1,
  0 0 1,0 0 1] }
}
}
DEF SHAPE_332 Shape {
 appearance USE APP_2
 geometry DEF FACE_332 IndexedFaceSet {
  coord DEF COORD_332 Coordinate { point [
  -0.12598425 -6.8740157 0.37401575,-0.11739863 -6.8740157 0.43923,
  -0.092226873 -6.8740157 0.5,-0.052184386 -6.8740157 0.55218439,
  0 -6.8740157 0.59222687,0.060770004 -6.8740157 0.61739863,
  0.12598425 -6.8740157 0.62598425,0.59055118 -6.8740157 0.62598425,
  0.59055118 -6.8740157 0.37401575,0.12598425 -6.8740157 0.37401575,
  0.12598425 -6.8740157 -1.1181102,-0.12598425 -6.8740157 -1.1181102] }
 coordIndex [
  9,0,1,-1,9,1,2,-1,9,2,3,-1,9,3,4,-1,9,4,5,-1,9,5,6,-1,8,6,7,-1,8,9,6,-1,
  10,11,0,-1,10,0,9,-1]
  normalPerVertex TRUE
  normal DEF NORM_332 Normal { vector [
  0 1 0,0 1 0,
  0 1 0,0 1 0,
  0 1 0,0 1 0,
  0 1 0,0 1 0,
  0 1 0,0 1 0,
  0 1 0,0 1 0] }
}
}
DEF SHAPE_333 Shape {
 appearance USE APP_2
 geometry DEF FACE_333 IndexedFaceSet {
  coord DEF COORD_333 Coordinate { point [
  0.59055118 -6.8740157 0.37401575,0.12598425 -6.8740157 0.37401575,
  0.59055118 -7.1259843 0.37401575,0.12598425 -7.1259843 0.37401575] }
 coordIndex [
  1,0,2,-1,1,2,3,-1]
  normalPerVertex TRUE
  normal DEF NORM_333 Normal { vector [
  0 0 -1,0 0 -1,
  0 0 -1,0 0 -1] }
}
}
DEF SHAPE_334 Shape {
 appearance USE APP_2
 geometry DEF FACE_334 IndexedFaceSet {
  coord DEF COORD_334 Coordinate { point [
  -0.12598425 -7.1259843 0.37401575,-0.11739863 -7.1259843 0.43923,
  -0.092226873 -7.1259843 0.5,-0.052184386 -7.1259843 0.55218439,
  0 -7.1259843 0.59222687,0.060770004 -7.1259843 0.61739863,
  0.12598425 -7.1259843 0.62598425,0.59055118 -7.1259843 0.62598425,
  0.59055118 -7.1259843 0.37401575,0.12598425 -7.1259843 0.37401575,
  0.12598425 -7.1259843 -1.1181102,-0.12598425 -7.1259843 -1.1181102] }
 coordIndex [
  9,1,0,-1,9,2,1,-1,9,3,2,-1,9,4,3,-1,9,5,4,-1,9,6,5,-1,8,7,6,-1,8,6,9,-1,
  10,0,11,-1,10,9,0,-1]
  normalPerVertex TRUE
  normal DEF NORM_334 Normal { vector [
  0 -1 0,0 -1 0,
  0 -1 0,0 -1 0,
  0 -1 0,0 -1 0,
  0 -1 0,0 -1 0,
  0 -1 0,0 -1 0,
  0 -1 0,0 -1 0] }
}
}
DEF SHAPE_335 Shape {
 appearance USE APP_2
 geometry DEF FACE_335 IndexedFaceSet {
  coord DEF COORD_335 Coordinate { point [
  0.12598425 -29.874016 0.62598425,0.59055118 -29.874016 0.62598425,
  0.12598425 -30.125984 0.62598425,0.59055118 -30.125984 0.62598425] }
 coordIndex [
  1,0,2,-1,1,2,3,-1]
  normalPerVertex TRUE
  normal DEF NORM_335 Normal { vector [
  0 0 1,0 0 1,
  0 0 1,0 0 1] }
}
}
DEF SHAPE_336 Shape {
 appearance USE APP_2
 geometry DEF FACE_336 IndexedFaceSet {
  coord DEF COORD_336 Coordinate { point [
  -0.12598425 -29.874016 0.37401575,-0.11739863 -29.874016 0.43923,
  -0.092226873 -29.874016 0.5,-0.052184386 -29.874016 0.55218439,
  0 -29.874016 0.59222687,0.060770004 -29.874016 0.61739863,
  0.12598425 -29.874016 0.62598425,0.59055118 -29.874016 0.62598425,
  0.59055118 -29.874016 0.37401575,0.12598425 -29.874016 0.37401575,
  0.12598425 -29.874016 -1.1181102,-0.12598425 -29.874016 -1.1181102] }
 coordIndex [
  9,0,1,-1,9,1,2,-1,9,2,3,-1,9,3,4,-1,9,4,5,-1,9,5,6,-1,8,6,7,-1,8,9,6,-1,
  10,11,0,-1,10,0,9,-1]
  normalPerVertex TRUE
  normal DEF NORM_336 Normal { vector [
  0 1 0,0 1 0,
  0 1 0,0 1 0,
  0 1 0,0 1 0,
  0 1 0,0 1 0,
  0 1 0,0 1 0,
  0 1 0,0 1 0] }
}
}
DEF SHAPE_337 Shape {
 appearance USE APP_2
 geometry DEF FACE_337 IndexedFaceSet {
  coord DEF COORD_337 Coordinate { point [
  0.59055118 -29.874016 0.37401575,0.12598425 -29.874016 0.37401575,
  0.59055118 -30.125984 0.37401575,0.12598425 -30.125984 0.37401575] }
 coordIndex [
  1,0,2,-1,1,2,3,-1]
  normalPerVertex TRUE
  normal DEF NORM_337 Normal { vector [
  0 0 -1,0 0 -1,
  0 0 -1,0 0 -1] }
}
}
DEF SHAPE_338 Shape {
 appearance USE APP_2
 geometry DEF FACE_338 IndexedFaceSet {
  coord DEF COORD_338 Coordinate { point [
  -0.12598425 -30.125984 0.37401575,-0.11739863 -30.125984 0.43923,
  -0.092226873 -30.125984 0.5,-0.052184386 -30.125984 0.55218439,
  0 -30.125984 0.59222687,0.060770004 -30.125984 0.61739863,
  0.12598425 -30.125984 0.62598425,0.59055118 -30.125984 0.62598425,
  0.59055118 -30.125984 0.37401575,0.12598425 -30.125984 0.37401575,
  0.12598425 -30.125984 -1.1181102,-0.12598425 -30.125984 -1.1181102] }
 coordIndex [
  9,1,0,-1,9,2,1,-1,9,3,2,-1,9,4,3,-1,9,5,4,-1,9,6,5,-1,8,7,6,-1,8,6,9,-1,
  10,0,11,-1,10,9,0,-1]
  normalPerVertex TRUE
  normal DEF NORM_338 Normal { vector [
  0 -1 0,0 -1 0,
  0 -1 0,0 -1 0,
  0 -1 0,0 -1 0,
  0 -1 0,0 -1 0,
  0 -1 0,0 -1 0,
  0 -1 0,0 -1 0] }
}
}
DEF SHAPE_339 Shape {
 appearance USE APP_2
 geometry DEF FACE_339 IndexedFaceSet {
  coord DEF COORD_339 Coordinate { point [
  0.12598425 -28.874016 0.62598425,0.59055118 -28.874016 0.62598425,
  0.12598425 -29.125984 0.62598425,0.59055118 -29.125984 0.62598425] }
 coordIndex [
  1,0,2,-1,1,2,3,-1]
  normalPerVertex TRUE
  normal DEF NORM_339 Normal { vector [
  0 0 1,0 0 1,
  0 0 1,0 0 1] }
}
}
DEF SHAPE_340 Shape {
 appearance USE APP_2
 geometry DEF FACE_340 IndexedFaceSet {
  coord DEF COORD_340 Coordinate { point [
  -0.12598425 -28.874016 0.37401575,-0.11739863 -28.874016 0.43923,
  -0.092226873 -28.874016 0.5,-0.052184386 -28.874016 0.55218439,
  0 -28.874016 0.59222687,0.060770004 -28.874016 0.61739863,
  0.12598425 -28.874016 0.62598425,0.59055118 -28.874016 0.62598425,
  0.59055118 -28.874016 0.37401575,0.12598425 -28.874016 0.37401575,
  0.12598425 -28.874016 -1.1181102,-0.12598425 -28.874016 -1.1181102] }
 coordIndex [
  9,0,1,-1,9,1,2,-1,9,2,3,-1,9,3,4,-1,9,4,5,-1,9,5,6,-1,8,6,7,-1,8,9,6,-1,
  10,11,0,-1,10,0,9,-1]
  normalPerVertex TRUE
  normal DEF NORM_340 Normal { vector [
  0 1 0,0 1 0,
  0 1 0,0 1 0,
  0 1 0,0 1 0,
  0 1 0,0 1 0,
  0 1 0,0 1 0,
  0 1 0,0 1 0] }
}
}
DEF SHAPE_341 Shape {
 appearance USE APP_2
 geometry DEF FACE_341 IndexedFaceSet {
  coord DEF COORD_341 Coordinate { point [
  0.59055118 -28.874016 0.37401575,0.12598425 -28.874016 0.37401575,
  0.59055118 -29.125984 0.37401575,0.12598425 -29.125984 0.37401575] }
 coordIndex [
  1,0,2,-1,1,2,3,-1]
  normalPerVertex TRUE
  normal DEF NORM_341 Normal { vector [
  0 0 -1,0 0 -1,
  0 0 -1,0 0 -1] }
}
}
DEF SHAPE_342 Shape {
 appearance USE APP_2
 geometry DEF FACE_342 IndexedFaceSet {
  coord DEF COORD_342 Coordinate { point [
  -0.12598425 -29.125984 0.37401575,-0.11739863 -29.125984 0.43923,
  -0.092226873 -29.125984 0.5,-0.052184386 -29.125984 0.55218439,
  0 -29.125984 0.59222687,0.060770004 -29.125984 0.61739863,
  0.12598425 -29.125984 0.62598425,0.59055118 -29.125984 0.62598425,
  0.59055118 -29.125984 0.37401575,0.12598425 -29.125984 0.37401575,
  0.12598425 -29.125984 -1.1181102,-0.12598425 -29.125984 -1.1181102] }
 coordIndex [
  9,1,0,-1,9,2,1,-1,9,3,2,-1,9,4,3,-1,9,5,4,-1,9,6,5,-1,8,7,6,-1,8,6,9,-1,
  10,0,11,-1,10,9,0,-1]
  normalPerVertex TRUE
  normal DEF NORM_342 Normal { vector [
  0 -1 0,0 -1 0,
  0 -1 0,0 -1 0,
  0 -1 0,0 -1 0,
  0 -1 0,0 -1 0,
  0 -1 0,0 -1 0,
  0 -1 0,0 -1 0] }
}
}
DEF SHAPE_343 Shape {
 appearance USE APP_2
 geometry DEF FACE_343 IndexedFaceSet {
  coord DEF COORD_343 Coordinate { point [
  -0.12598425 -34.874016 0.37401575,-0.11739863 -34.874016 0.43923,
  -0.092226873 -34.874016 0.5,-0.052184386 -34.874016 0.55218439,
  0 -34.874016 0.59222687,0.060770004 -34.874016 0.61739863,
  0.12598425 -34.874016 0.62598425,0.59055118 -34.874016 0.62598425,
  0.59055118 -34.874016 0.37401575,0.12598425 -34.874016 0.37401575,
  0.12598425 -34.874016 -1.1181102,-0.12598425 -34.874016 -1.1181102] }
 coordIndex [
  9,0,1,-1,9,1,2,-1,9,2,3,-1,9,3,4,-1,9,4,5,-1,9,5,6,-1,8,6,7,-1,8,9,6,-1,
  10,11,0,-1,10,0,9,-1]
  normalPerVertex TRUE
  normal DEF NORM_343 Normal { vector [
  0 1 0,0 1 0,
  0 1 0,0 1 0,
  0 1 0,0 1 0,
  0 1 0,0 1 0,
  0 1 0,0 1 0,
  0 1 0,0 1 0] }
}
}
DEF SHAPE_344 Shape {
 appearance USE APP_2
 geometry DEF FACE_344 IndexedFaceSet {
  coord DEF COORD_344 Coordinate { point [
  0.59055118 -34.874016 0.37401575,0.12598425 -34.874016 0.37401575,
  0.59055118 -35.125984 0.37401575,0.12598425 -35.125984 0.37401575] }
 coordIndex [
  1,0,2,-1,1,2,3,-1]
  normalPerVertex TRUE
  normal DEF NORM_344 Normal { vector [
  0 0 -1,0 0 -1,
  0 0 -1,0 0 -1] }
}
}
DEF SHAPE_345 Shape {
 appearance USE APP_2
 geometry DEF FACE_345 IndexedFaceSet {
  coord DEF COORD_345 Coordinate { point [
  -0.12598425 -35.125984 0.37401575,-0.11739863 -35.125984 0.43923,
  -0.092226873 -35.125984 0.5,-0.052184386 -35.125984 0.55218439,
  0 -35.125984 0.59222687,0.060770004 -35.125984 0.61739863,
  0.12598425 -35.125984 0.62598425,0.59055118 -35.125984 0.62598425,
  0.59055118 -35.125984 0.37401575,0.12598425 -35.125984 0.37401575,
  0.12598425 -35.125984 -1.1181102,-0.12598425 -35.125984 -1.1181102] }
 coordIndex [
  9,1,0,-1,9,2,1,-1,9,3,2,-1,9,4,3,-1,9,5,4,-1,9,6,5,-1,8,7,6,-1,8,6,9,-1,
  10,0,11,-1,10,9,0,-1]
  normalPerVertex TRUE
  normal DEF NORM_345 Normal { vector [
  0 -1 0,0 -1 0,
  0 -1 0,0 -1 0,
  0 -1 0,0 -1 0,
  0 -1 0,0 -1 0,
  0 -1 0,0 -1 0,
  0 -1 0,0 -1 0] }
}
}
DEF SHAPE_346 Shape {
 appearance USE APP_2
 geometry DEF FACE_346 IndexedFaceSet {
  coord DEF COORD_346 Coordinate { point [
  0.12598425 -34.874016 0.62598425,0.59055118 -34.874016 0.62598425,
  0.12598425 -35.125984 0.62598425,0.59055118 -35.125984 0.62598425] }
 coordIndex [
  1,0,2,-1,1,2,3,-1]
  normalPerVertex TRUE
  normal DEF NORM_346 Normal { vector [
  0 0 1,0 0 1,
  0 0 1,0 0 1] }
}
}
DEF SHAPE_347 Shape {
 appearance USE APP_2
 geometry DEF FACE_347 IndexedFaceSet {
  coord DEF COORD_347 Coordinate { point [
  0.59055118 -33.874016 0.37401575,0.12598425 -33.874016 0.37401575,
  0.59055118 -34.125984 0.37401575,0.12598425 -34.125984 0.37401575] }
 coordIndex [
  1,0,2,-1,1,2,3,-1]
  normalPerVertex TRUE
  normal DEF NORM_347 Normal { vector [
  0 0 -1,0 0 -1,
  0 0 -1,0 0 -1] }
}
}
DEF SHAPE_348 Shape {
 appearance USE APP_2
 geometry DEF FACE_348 IndexedFaceSet {
  coord DEF COORD_348 Coordinate { point [
  -0.12598425 -34.125984 0.37401575,-0.11739863 -34.125984 0.43923,
  -0.092226873 -34.125984 0.5,-0.052184386 -34.125984 0.55218439,
  0 -34.125984 0.59222687,0.060770004 -34.125984 0.61739863,
  0.12598425 -34.125984 0.62598425,0.59055118 -34.125984 0.62598425,
  0.59055118 -34.125984 0.37401575,0.12598425 -34.125984 0.37401575,
  0.12598425 -34.125984 -1.1181102,-0.12598425 -34.125984 -1.1181102] }
 coordIndex [
  9,1,0,-1,9,2,1,-1,9,3,2,-1,9,4,3,-1,9,5,4,-1,9,6,5,-1,8,7,6,-1,8,6,9,-1,
  10,0,11,-1,10,9,0,-1]
  normalPerVertex TRUE
  normal DEF NORM_348 Normal { vector [
  0 -1 0,0 -1 0,
  0 -1 0,0 -1 0,
  0 -1 0,0 -1 0,
  0 -1 0,0 -1 0,
  0 -1 0,0 -1 0,
  0 -1 0,0 -1 0] }
}
}
DEF SHAPE_349 Shape {
 appearance USE APP_2
 geometry DEF FACE_349 IndexedFaceSet {
  coord DEF COORD_349 Coordinate { point [
  0.12598425 -33.874016 0.62598425,0.59055118 -33.874016 0.62598425,
  0.12598425 -34.125984 0.62598425,0.59055118 -34.125984 0.62598425] }
 coordIndex [
  1,0,2,-1,1,2,3,-1]
  normalPerVertex TRUE
  normal DEF NORM_349 Normal { vector [
  0 0 1,0 0 1,
  0 0 1,0 0 1] }
}
}
DEF SHAPE_350 Shape {
 appearance USE APP_2
 geometry DEF FACE_350 IndexedFaceSet {
  coord DEF COORD_350 Coordinate { point [
  -0.12598425 -33.874016 0.37401575,-0.11739863 -33.874016 0.43923,
  -0.092226873 -33.874016 0.5,-0.052184386 -33.874016 0.55218439,
  0 -33.874016 0.59222687,0.060770004 -33.874016 0.61739863,
  0.12598425 -33.874016 0.62598425,0.59055118 -33.874016 0.62598425,
  0.59055118 -33.874016 0.37401575,0.12598425 -33.874016 0.37401575,
  0.12598425 -33.874016 -1.1181102,-0.12598425 -33.874016 -1.1181102] }
 coordIndex [
  9,0,1,-1,9,1,2,-1,9,2,3,-1,9,3,4,-1,9,4,5,-1,9,5,6,-1,8,6,7,-1,8,9,6,-1,
  10,11,0,-1,10,0,9,-1]
  normalPerVertex TRUE
  normal DEF NORM_350 Normal { vector [
  0 1 0,0 1 0,
  0 1 0,0 1 0,
  0 1 0,0 1 0,
  0 1 0,0 1 0,
  0 1 0,0 1 0,
  0 1 0,0 1 0] }
}
}
DEF SHAPE_351 Shape {
 appearance USE APP_2
 geometry DEF FACE_351 IndexedFaceSet {
  coord DEF COORD_351 Coordinate { point [
  0.12598425 -32.874016 0.62598425,0.59055118 -32.874016 0.62598425,
  0.12598425 -33.125984 0.62598425,0.59055118 -33.125984 0.62598425] }
 coordIndex [
  1,0,2,-1,1,2,3,-1]
  normalPerVertex TRUE
  normal DEF NORM_351 Normal { vector [
  0 0 1,0 0 1,
  0 0 1,0 0 1] }
}
}
DEF SHAPE_352 Shape {
 appearance USE APP_2
 geometry DEF FACE_352 IndexedFaceSet {
  coord DEF COORD_352 Coordinate { point [
  -0.12598425 -32.874016 0.37401575,-0.11739863 -32.874016 0.43923,
  -0.092226873 -32.874016 0.5,-0.052184386 -32.874016 0.55218439,
  0 -32.874016 0.59222687,0.060770004 -32.874016 0.61739863,
  0.12598425 -32.874016 0.62598425,0.59055118 -32.874016 0.62598425,
  0.59055118 -32.874016 0.37401575,0.12598425 -32.874016 0.37401575,
  0.12598425 -32.874016 -1.1181102,-0.12598425 -32.874016 -1.1181102] }
 coordIndex [
  9,0,1,-1,9,1,2,-1,9,2,3,-1,9,3,4,-1,9,4,5,-1,9,5,6,-1,8,6,7,-1,8,9,6,-1,
  10,11,0,-1,10,0,9,-1]
  normalPerVertex TRUE
  normal DEF NORM_352 Normal { vector [
  0 1 0,0 1 0,
  0 1 0,0 1 0,
  0 1 0,0 1 0,
  0 1 0,0 1 0,
  0 1 0,0 1 0,
  0 1 0,0 1 0] }
}
}
DEF SHAPE_353 Shape {
 appearance USE APP_2
 geometry DEF FACE_353 IndexedFaceSet {
  coord DEF COORD_353 Coordinate { point [
  0.59055118 -32.874016 0.37401575,0.12598425 -32.874016 0.37401575,
  0.59055118 -33.125984 0.37401575,0.12598425 -33.125984 0.37401575] }
 coordIndex [
  1,0,2,-1,1,2,3,-1]
  normalPerVertex TRUE
  normal DEF NORM_353 Normal { vector [
  0 0 -1,0 0 -1,
  0 0 -1,0 0 -1] }
}
}
DEF SHAPE_354 Shape {
 appearance USE APP_2
 geometry DEF FACE_354 IndexedFaceSet {
  coord DEF COORD_354 Coordinate { point [
  -0.12598425 -33.125984 0.37401575,-0.11739863 -33.125984 0.43923,
  -0.092226873 -33.125984 0.5,-0.052184386 -33.125984 0.55218439,
  0 -33.125984 0.59222687,0.060770004 -33.125984 0.61739863,
  0.12598425 -33.125984 0.62598425,0.59055118 -33.125984 0.62598425,
  0.59055118 -33.125984 0.37401575,0.12598425 -33.125984 0.37401575,
  0.12598425 -33.125984 -1.1181102,-0.12598425 -33.125984 -1.1181102] }
 coordIndex [
  9,1,0,-1,9,2,1,-1,9,3,2,-1,9,4,3,-1,9,5,4,-1,9,6,5,-1,8,7,6,-1,8,6,9,-1,
  10,0,11,-1,10,9,0,-1]
  normalPerVertex TRUE
  normal DEF NORM_354 Normal { vector [
  0 -1 0,0 -1 0,
  0 -1 0,0 -1 0,
  0 -1 0,0 -1 0,
  0 -1 0,0 -1 0,
  0 -1 0,0 -1 0,
  0 -1 0,0 -1 0] }
}
}
DEF SHAPE_355 Shape {
 appearance USE APP_2
 geometry DEF FACE_355 IndexedFaceSet {
  coord DEF COORD_355 Coordinate { point [
  0.12598425 -30.874016 0.62598425,0.59055118 -30.874016 0.62598425,
  0.12598425 -31.125984 0.62598425,0.59055118 -31.125984 0.62598425] }
 coordIndex [
  1,0,2,-1,1,2,3,-1]
  normalPerVertex TRUE
  normal DEF NORM_355 Normal { vector [
  0 0 1,0 0 1,
  0 0 1,0 0 1] }
}
}
DEF SHAPE_356 Shape {
 appearance USE APP_2
 geometry DEF FACE_356 IndexedFaceSet {
  coord DEF COORD_356 Coordinate { point [
  -0.12598425 -30.874016 0.37401575,-0.11739863 -30.874016 0.43923,
  -0.092226873 -30.874016 0.5,-0.052184386 -30.874016 0.55218439,
  0 -30.874016 0.59222687,0.060770004 -30.874016 0.61739863,
  0.12598425 -30.874016 0.62598425,0.59055118 -30.874016 0.62598425,
  0.59055118 -30.874016 0.37401575,0.12598425 -30.874016 0.37401575,
  0.12598425 -30.874016 -1.1181102,-0.12598425 -30.874016 -1.1181102] }
 coordIndex [
  9,0,1,-1,9,1,2,-1,9,2,3,-1,9,3,4,-1,9,4,5,-1,9,5,6,-1,8,6,7,-1,8,9,6,-1,
  10,11,0,-1,10,0,9,-1]
  normalPerVertex TRUE
  normal DEF NORM_356 Normal { vector [
  0 1 0,0 1 0,
  0 1 0,0 1 0,
  0 1 0,0 1 0,
  0 1 0,0 1 0,
  0 1 0,0 1 0,
  0 1 0,0 1 0] }
}
}
DEF SHAPE_357 Shape {
 appearance USE APP_2
 geometry DEF FACE_357 IndexedFaceSet {
  coord DEF COORD_357 Coordinate { point [
  0.59055118 -30.874016 0.37401575,0.12598425 -30.874016 0.37401575,
  0.59055118 -31.125984 0.37401575,0.12598425 -31.125984 0.37401575] }
 coordIndex [
  1,0,2,-1,1,2,3,-1]
  normalPerVertex TRUE
  normal DEF NORM_357 Normal { vector [
  0 0 -1,0 0 -1,
  0 0 -1,0 0 -1] }
}
}
DEF SHAPE_358 Shape {
 appearance USE APP_2
 geometry DEF FACE_358 IndexedFaceSet {
  coord DEF COORD_358 Coordinate { point [
  -0.12598425 -31.125984 0.37401575,-0.11739863 -31.125984 0.43923,
  -0.092226873 -31.125984 0.5,-0.052184386 -31.125984 0.55218439,
  0 -31.125984 0.59222687,0.060770004 -31.125984 0.61739863,
  0.12598425 -31.125984 0.62598425,0.59055118 -31.125984 0.62598425,
  0.59055118 -31.125984 0.37401575,0.12598425 -31.125984 0.37401575,
  0.12598425 -31.125984 -1.1181102,-0.12598425 -31.125984 -1.1181102] }
 coordIndex [
  9,1,0,-1,9,2,1,-1,9,3,2,-1,9,4,3,-1,9,5,4,-1,9,6,5,-1,8,7,6,-1,8,6,9,-1,
  10,0,11,-1,10,9,0,-1]
  normalPerVertex TRUE
  normal DEF NORM_358 Normal { vector [
  0 -1 0,0 -1 0,
  0 -1 0,0 -1 0,
  0 -1 0,0 -1 0,
  0 -1 0,0 -1 0,
  0 -1 0,0 -1 0,
  0 -1 0,0 -1 0] }
}
}
DEF SHAPE_359 Shape {
 appearance USE APP_2
 geometry DEF FACE_359 IndexedFaceSet {
  coord DEF COORD_359 Coordinate { point [
  -0.12598425 -31.874016 0.37401575,-0.11739863 -31.874016 0.43923,
  -0.092226873 -31.874016 0.5,-0.052184386 -31.874016 0.55218439,
  0 -31.874016 0.59222687,0.060770004 -31.874016 0.61739863,
  0.12598425 -31.874016 0.62598425,0.59055118 -31.874016 0.62598425,
  0.59055118 -31.874016 0.37401575,0.12598425 -31.874016 0.37401575,
  0.12598425 -31.874016 -1.1181102,-0.12598425 -31.874016 -1.1181102] }
 coordIndex [
  9,0,1,-1,9,1,2,-1,9,2,3,-1,9,3,4,-1,9,4,5,-1,9,5,6,-1,8,6,7,-1,8,9,6,-1,
  10,11,0,-1,10,0,9,-1]
  normalPerVertex TRUE
  normal DEF NORM_359 Normal { vector [
  0 1 0,0 1 0,
  0 1 0,0 1 0,
  0 1 0,0 1 0,
  0 1 0,0 1 0,
  0 1 0,0 1 0,
  0 1 0,0 1 0] }
}
}
DEF SHAPE_360 Shape {
 appearance USE APP_2
 geometry DEF FACE_360 IndexedFaceSet {
  coord DEF COORD_360 Coordinate { point [
  0.59055118 -31.874016 0.37401575,0.12598425 -31.874016 0.37401575,
  0.59055118 -32.125984 0.37401575,0.12598425 -32.125984 0.37401575] }
 coordIndex [
  1,0,2,-1,1,2,3,-1]
  normalPerVertex TRUE
  normal DEF NORM_360 Normal { vector [
  0 0 -1,0 0 -1,
  0 0 -1,0 0 -1] }
}
}
DEF SHAPE_361 Shape {
 appearance USE APP_2
 geometry DEF FACE_361 IndexedFaceSet {
  coord DEF COORD_361 Coordinate { point [
  -0.12598425 -32.125984 0.37401575,-0.11739863 -32.125984 0.43923,
  -0.092226873 -32.125984 0.5,-0.052184386 -32.125984 0.55218439,
  0 -32.125984 0.59222687,0.060770004 -32.125984 0.61739863,
  0.12598425 -32.125984 0.62598425,0.59055118 -32.125984 0.62598425,
  0.59055118 -32.125984 0.37401575,0.12598425 -32.125984 0.37401575,
  0.12598425 -32.125984 -1.1181102,-0.12598425 -32.125984 -1.1181102] }
 coordIndex [
  9,1,0,-1,9,2,1,-1,9,3,2,-1,9,4,3,-1,9,5,4,-1,9,6,5,-1,8,7,6,-1,8,6,9,-1,
  10,0,11,-1,10,9,0,-1]
  normalPerVertex TRUE
  normal DEF NORM_361 Normal { vector [
  0 -1 0,0 -1 0,
  0 -1 0,0 -1 0,
  0 -1 0,0 -1 0,
  0 -1 0,0 -1 0,
  0 -1 0,0 -1 0,
  0 -1 0,0 -1 0] }
}
}
DEF SHAPE_362 Shape {
 appearance USE APP_2
 geometry DEF FACE_362 IndexedFaceSet {
  coord DEF COORD_362 Coordinate { point [
  0.12598425 -31.874016 0.62598425,0.59055118 -31.874016 0.62598425,
  0.12598425 -32.125984 0.62598425,0.59055118 -32.125984 0.62598425] }
 coordIndex [
  1,0,2,-1,1,2,3,-1]
  normalPerVertex TRUE
  normal DEF NORM_362 Normal { vector [
  0 0 1,0 0 1,
  0 0 1,0 0 1] }
}
}
DEF SHAPE_363 Shape {
 appearance USE APP_2
 geometry DEF FACE_363 IndexedFaceSet {
  coord DEF COORD_363 Coordinate { point [
  0.59055118 -1.8740157 0.37401575,0.12598425 -1.8740157 0.37401575,
  0.59055118 -2.1259843 0.37401575,0.12598425 -2.1259843 0.37401575] }
 coordIndex [
  1,0,2,-1,1,2,3,-1]
  normalPerVertex TRUE
  normal DEF NORM_363 Normal { vector [
  0 0 -1,0 0 -1,
  0 0 -1,0 0 -1] }
}
}
DEF SHAPE_364 Shape {
 appearance USE APP_2
 geometry DEF FACE_364 IndexedFaceSet {
  coord DEF COORD_364 Coordinate { point [
  -0.12598425 -2.1259843 0.37401575,-0.11739863 -2.1259843 0.43923,
  -0.092226873 -2.1259843 0.5,-0.052184386 -2.1259843 0.55218439,
  0 -2.1259843 0.59222687,0.060770004 -2.1259843 0.61739863,
  0.12598425 -2.1259843 0.62598425,0.59055118 -2.1259843 0.62598425,
  0.59055118 -2.1259843 0.37401575,0.12598425 -2.1259843 0.37401575,
  0.12598425 -2.1259843 -1.1181102,-0.12598425 -2.1259843 -1.1181102] }
 coordIndex [
  9,1,0,-1,9,2,1,-1,9,3,2,-1,9,4,3,-1,9,5,4,-1,9,6,5,-1,8,7,6,-1,8,6,9,-1,
  10,0,11,-1,10,9,0,-1]
  normalPerVertex TRUE
  normal DEF NORM_364 Normal { vector [
  0 -1 0,0 -1 0,
  0 -1 0,0 -1 0,
  0 -1 0,0 -1 0,
  0 -1 0,0 -1 0,
  0 -1 0,0 -1 0,
  0 -1 0,0 -1 0] }
}
}
DEF SHAPE_365 Shape {
 appearance USE APP_2
 geometry DEF FACE_365 IndexedFaceSet {
  coord DEF COORD_365 Coordinate { point [
  0.12598425 -1.8740157 0.62598425,0.59055118 -1.8740157 0.62598425,
  0.12598425 -2.1259843 0.62598425,0.59055118 -2.1259843 0.62598425] }
 coordIndex [
  1,0,2,-1,1,2,3,-1]
  normalPerVertex TRUE
  normal DEF NORM_365 Normal { vector [
  0 0 1,0 0 1,
  0 0 1,0 0 1] }
}
}
DEF SHAPE_366 Shape {
 appearance USE APP_2
 geometry DEF FACE_366 IndexedFaceSet {
  coord DEF COORD_366 Coordinate { point [
  -0.12598425 -1.8740157 0.37401575,-0.11739863 -1.8740157 0.43923,
  -0.092226873 -1.8740157 0.5,-0.052184386 -1.8740157 0.55218439,
  0 -1.8740157 0.59222687,0.060770004 -1.8740157 0.61739863,
  0.12598425 -1.8740157 0.62598425,0.59055118 -1.8740157 0.62598425,
  0.59055118 -1.8740157 0.37401575,0.12598425 -1.8740157 0.37401575,
  0.12598425 -1.8740157 -1.1181102,-0.12598425 -1.8740157 -1.1181102] }
 coordIndex [
  9,0,1,-1,9,1,2,-1,9,2,3,-1,9,3,4,-1,9,4,5,-1,9,5,6,-1,8,6,7,-1,8,9,6,-1,
  10,11,0,-1,10,0,9,-1]
  normalPerVertex TRUE
  normal DEF NORM_366 Normal { vector [
  0 1 0,0 1 0,
  0 1 0,0 1 0,
  0 1 0,0 1 0,
  0 1 0,0 1 0,
  0 1 0,0 1 0,
  0 1 0,0 1 0] }
}
}
DEF SHAPE_367 Shape {
 appearance USE APP_2
 geometry DEF FACE_367 IndexedFaceSet {
  coord DEF COORD_367 Coordinate { point [
  0.12598425 -2.8740157 0.62598425,0.59055118 -2.8740157 0.62598425,
  0.12598425 -3.1259843 0.62598425,0.59055118 -3.1259843 0.62598425] }
 coordIndex [
  1,0,2,-1,1,2,3,-1]
  normalPerVertex TRUE
  normal DEF NORM_367 Normal { vector [
  0 0 1,0 0 1,
  0 0 1,0 0 1] }
}
}
DEF SHAPE_368 Shape {
 appearance USE APP_2
 geometry DEF FACE_368 IndexedFaceSet {
  coord DEF COORD_368 Coordinate { point [
  -0.12598425 -2.8740157 0.37401575,-0.11739863 -2.8740157 0.43923,
  -0.092226873 -2.8740157 0.5,-0.052184386 -2.8740157 0.55218439,
  0 -2.8740157 0.59222687,0.060770004 -2.8740157 0.61739863,
  0.12598425 -2.8740157 0.62598425,0.59055118 -2.8740157 0.62598425,
  0.59055118 -2.8740157 0.37401575,0.12598425 -2.8740157 0.37401575,
  0.12598425 -2.8740157 -1.1181102,-0.12598425 -2.8740157 -1.1181102] }
 coordIndex [
  9,0,1,-1,9,1,2,-1,9,2,3,-1,9,3,4,-1,9,4,5,-1,9,5,6,-1,8,6,7,-1,8,9,6,-1,
  10,11,0,-1,10,0,9,-1]
  normalPerVertex TRUE
  normal DEF NORM_368 Normal { vector [
  0 1 0,0 1 0,
  0 1 0,0 1 0,
  0 1 0,0 1 0,
  0 1 0,0 1 0,
  0 1 0,0 1 0,
  0 1 0,0 1 0] }
}
}
DEF SHAPE_369 Shape {
 appearance USE APP_2
 geometry DEF FACE_369 IndexedFaceSet {
  coord DEF COORD_369 Coordinate { point [
  0.59055118 -2.8740157 0.37401575,0.12598425 -2.8740157 0.37401575,
  0.59055118 -3.1259843 0.37401575,0.12598425 -3.1259843 0.37401575] }
 coordIndex [
  1,0,2,-1,1,2,3,-1]
  normalPerVertex TRUE
  normal DEF NORM_369 Normal { vector [
  0 0 -1,0 0 -1,
  0 0 -1,0 0 -1] }
}
}
DEF SHAPE_370 Shape {
 appearance USE APP_2
 geometry DEF FACE_370 IndexedFaceSet {
  coord DEF COORD_370 Coordinate { point [
  -0.12598425 -3.1259843 0.37401575,-0.11739863 -3.1259843 0.43923,
  -0.092226873 -3.1259843 0.5,-0.052184386 -3.1259843 0.55218439,
  0 -3.1259843 0.59222687,0.060770004 -3.1259843 0.61739863,
  0.12598425 -3.1259843 0.62598425,0.59055118 -3.1259843 0.62598425,
  0.59055118 -3.1259843 0.37401575,0.12598425 -3.1259843 0.37401575,
  0.12598425 -3.1259843 -1.1181102,-0.12598425 -3.1259843 -1.1181102] }
 coordIndex [
  9,1,0,-1,9,2,1,-1,9,3,2,-1,9,4,3,-1,9,5,4,-1,9,6,5,-1,8,7,6,-1,8,6,9,-1,
  10,0,11,-1,10,9,0,-1]
  normalPerVertex TRUE
  normal DEF NORM_370 Normal { vector [
  0 -1 0,0 -1 0,
  0 -1 0,0 -1 0,
  0 -1 0,0 -1 0,
  0 -1 0,0 -1 0,
  0 -1 0,0 -1 0,
  0 -1 0,0 -1 0] }
}
}
DEF SHAPE_371 Shape {
 appearance USE APP_2
 geometry DEF FACE_371 IndexedFaceSet {
  coord DEF COORD_371 Coordinate { point [
  0.59055118 -3.8740157 0.37401575,0.12598425 -3.8740157 0.37401575,
  0.59055118 -4.1259843 0.37401575,0.12598425 -4.1259843 0.37401575] }
 coordIndex [
  1,0,2,-1,1,2,3,-1]
  normalPerVertex TRUE
  normal DEF NORM_371 Normal { vector [
  0 0 -1,0 0 -1,
  0 0 -1,0 0 -1] }
}
}
DEF SHAPE_372 Shape {
 appearance USE APP_2
 geometry DEF FACE_372 IndexedFaceSet {
  coord DEF COORD_372 Coordinate { point [
  -0.12598425 -4.1259843 0.37401575,-0.11739863 -4.1259843 0.43923,
  -0.092226873 -4.1259843 0.5,-0.052184386 -4.1259843 0.55218439,
  0 -4.1259843 0.59222687,0.060770004 -4.1259843 0.61739863,
  0.12598425 -4.1259843 0.62598425,0.59055118 -4.1259843 0.62598425,
  0.59055118 -4.1259843 0.37401575,0.12598425 -4.1259843 0.37401575,
  0.12598425 -4.1259843 -1.1181102,-0.12598425 -4.1259843 -1.1181102] }
 coordIndex [
  9,1,0,-1,9,2,1,-1,9,3,2,-1,9,4,3,-1,9,5,4,-1,9,6,5,-1,8,7,6,-1,8,6,9,-1,
  10,0,11,-1,10,9,0,-1]
  normalPerVertex TRUE
  normal DEF NORM_372 Normal { vector [
  0 -1 0,0 -1 0,
  0 -1 0,0 -1 0,
  0 -1 0,0 -1 0,
  0 -1 0,0 -1 0,
  0 -1 0,0 -1 0,
  0 -1 0,0 -1 0] }
}
}
DEF SHAPE_373 Shape {
 appearance USE APP_2
 geometry DEF FACE_373 IndexedFaceSet {
  coord DEF COORD_373 Coordinate { point [
  0.12598425 -3.8740157 0.62598425,0.59055118 -3.8740157 0.62598425,
  0.12598425 -4.1259843 0.62598425,0.59055118 -4.1259843 0.62598425] }
 coordIndex [
  1,0,2,-1,1,2,3,-1]
  normalPerVertex TRUE
  normal DEF NORM_373 Normal { vector [
  0 0 1,0 0 1,
  0 0 1,0 0 1] }
}
}
DEF SHAPE_374 Shape {
 appearance USE APP_2
 geometry DEF FACE_374 IndexedFaceSet {
  coord DEF COORD_374 Coordinate { point [
  -0.12598425 -3.8740157 0.37401575,-0.11739863 -3.8740157 0.43923,
  -0.092226873 -3.8740157 0.5,-0.052184386 -3.8740157 0.55218439,
  0 -3.8740157 0.59222687,0.060770004 -3.8740157 0.61739863,
  0.12598425 -3.8740157 0.62598425,0.59055118 -3.8740157 0.62598425,
  0.59055118 -3.8740157 0.37401575,0.12598425 -3.8740157 0.37401575,
  0.12598425 -3.8740157 -1.1181102,-0.12598425 -3.8740157 -1.1181102] }
 coordIndex [
  9,0,1,-1,9,1,2,-1,9,2,3,-1,9,3,4,-1,9,4,5,-1,9,5,6,-1,8,6,7,-1,8,9,6,-1,
  10,11,0,-1,10,0,9,-1]
  normalPerVertex TRUE
  normal DEF NORM_374 Normal { vector [
  0 1 0,0 1 0,
  0 1 0,0 1 0,
  0 1 0,0 1 0,
  0 1 0,0 1 0,
  0 1 0,0 1 0,
  0 1 0,0 1 0] }
}
}
DEF SHAPE_375 Shape {
 appearance USE APP_2
 geometry DEF FACE_375 IndexedFaceSet {
  coord DEF COORD_375 Coordinate { point [
  -0.12598425 -0.87401575 0.37401575,-0.11739863 -0.87401575 0.43923,
  -0.092226873 -0.87401575 0.5,-0.052184386 -0.87401575 0.55218439,
  0 -0.87401575 0.59222687,0.060770004 -0.87401575 0.61739863,
  0.12598425 -0.87401575 0.62598425,0.59055118 -0.87401575 0.62598425,
  0.59055118 -0.87401575 0.37401575,0.12598425 -0.87401575 0.37401575,
  0.12598425 -0.87401575 -1.1181102,-0.12598425 -0.87401575 -1.1181102] }
 coordIndex [
  9,0,1,-1,9,1,2,-1,9,2,3,-1,9,3,4,-1,9,4,5,-1,9,5,6,-1,8,6,7,-1,8,9,6,-1,
  10,11,0,-1,10,0,9,-1]
  normalPerVertex TRUE
  normal DEF NORM_375 Normal { vector [
  0 1 0,0 1 0,
  0 1 0,0 1 0,
  0 1 0,0 1 0,
  0 1 0,0 1 0,
  0 1 0,0 1 0,
  0 1 0,0 1 0] }
}
}
DEF SHAPE_376 Shape {
 appearance USE APP_2
 geometry DEF FACE_376 IndexedFaceSet {
  coord DEF COORD_376 Coordinate { point [
  0.59055118 -0.87401575 0.37401575,0.12598425 -0.87401575 0.37401575,
  0.59055118 -1.1259843 0.37401575,0.12598425 -1.1259843 0.37401575] }
 coordIndex [
  1,0,2,-1,1,2,3,-1]
  normalPerVertex TRUE
  normal DEF NORM_376 Normal { vector [
  0 0 -1,0 0 -1,
  0 0 -1,0 0 -1] }
}
}
DEF SHAPE_377 Shape {
 appearance USE APP_2
 geometry DEF FACE_377 IndexedFaceSet {
  coord DEF COORD_377 Coordinate { point [
  -0.12598425 -1.1259843 0.37401575,-0.11739863 -1.1259843 0.43923,
  -0.092226873 -1.1259843 0.5,-0.052184386 -1.1259843 0.55218439,
  0 -1.1259843 0.59222687,0.060770004 -1.1259843 0.61739863,
  0.12598425 -1.1259843 0.62598425,0.59055118 -1.1259843 0.62598425,
  0.59055118 -1.1259843 0.37401575,0.12598425 -1.1259843 0.37401575,
  0.12598425 -1.1259843 -1.1181102,-0.12598425 -1.1259843 -1.1181102] }
 coordIndex [
  9,1,0,-1,9,2,1,-1,9,3,2,-1,9,4,3,-1,9,5,4,-1,9,6,5,-1,8,7,6,-1,8,6,9,-1,
  10,0,11,-1,10,9,0,-1]
  normalPerVertex TRUE
  normal DEF NORM_377 Normal { vector [
  0 -1 0,0 -1 0,
  0 -1 0,0 -1 0,
  0 -1 0,0 -1 0,
  0 -1 0,0 -1 0,
  0 -1 0,0 -1 0,
  0 -1 0,0 -1 0] }
}
}
DEF SHAPE_378 Shape {
 appearance USE APP_2
 geometry DEF FACE_378 IndexedFaceSet {
  coord DEF COORD_378 Coordinate { point [
  0.12598425 -0.87401575 0.62598425,0.59055118 -0.87401575 0.62598425,
  0.12598425 -1.1259843 0.62598425,0.59055118 -1.1259843 0.62598425] }
 coordIndex [
  1,0,2,-1,1,2,3,-1]
  normalPerVertex TRUE
  normal DEF NORM_378 Normal { vector [
  0 0 1,0 0 1,
  0 0 1,0 0 1] }
}
}
DEF SHAPE_379 Shape {
 appearance USE APP_2
 geometry DEF FACE_379 IndexedFaceSet {
  coord DEF COORD_379 Coordinate { point [
  0.12598425 -36.874016 0.62598425,0.59055118 -36.874016 0.62598425,
  0.12598425 -37.125984 0.62598425,0.59055118 -37.125984 0.62598425] }
 coordIndex [
  1,0,2,-1,1,2,3,-1]
  normalPerVertex TRUE
  normal DEF NORM_379 Normal { vector [
  0 0 1,0 0 1,
  0 0 1,0 0 1] }
}
}
DEF SHAPE_380 Shape {
 appearance USE APP_2
 geometry DEF FACE_380 IndexedFaceSet {
  coord DEF COORD_380 Coordinate { point [
  -0.12598425 -36.874016 0.37401575,-0.11739863 -36.874016 0.43923,
  -0.092226873 -36.874016 0.5,-0.052184386 -36.874016 0.55218439,
  0 -36.874016 0.59222687,0.060770004 -36.874016 0.61739863,
  0.12598425 -36.874016 0.62598425,0.59055118 -36.874016 0.62598425,
  0.59055118 -36.874016 0.37401575,0.12598425 -36.874016 0.37401575,
  0.12598425 -36.874016 -1.1181102,-0.12598425 -36.874016 -1.1181102] }
 coordIndex [
  9,0,1,-1,9,1,2,-1,9,2,3,-1,9,3,4,-1,9,4,5,-1,9,5,6,-1,8,6,7,-1,8,9,6,-1,
  10,11,0,-1,10,0,9,-1]
  normalPerVertex TRUE
  normal DEF NORM_380 Normal { vector [
  0 1 0,0 1 0,
  0 1 0,0 1 0,
  0 1 0,0 1 0,
  0 1 0,0 1 0,
  0 1 0,0 1 0,
  0 1 0,0 1 0] }
}
}
DEF SHAPE_381 Shape {
 appearance USE APP_2
 geometry DEF FACE_381 IndexedFaceSet {
  coord DEF COORD_381 Coordinate { point [
  0.59055118 -36.874016 0.37401575,0.12598425 -36.874016 0.37401575,
  0.59055118 -37.125984 0.37401575,0.12598425 -37.125984 0.37401575] }
 coordIndex [
  1,0,2,-1,1,2,3,-1]
  normalPerVertex TRUE
  normal DEF NORM_381 Normal { vector [
  0 0 -1,0 0 -1,
  0 0 -1,0 0 -1] }
}
}
DEF SHAPE_382 Shape {
 appearance USE APP_2
 geometry DEF FACE_382 IndexedFaceSet {
  coord DEF COORD_382 Coordinate { point [
  -0.12598425 -37.125984 0.37401575,-0.11739863 -37.125984 0.43923,
  -0.092226873 -37.125984 0.5,-0.052184386 -37.125984 0.55218439,
  0 -37.125984 0.59222687,0.060770004 -37.125984 0.61739863,
  0.12598425 -37.125984 0.62598425,0.59055118 -37.125984 0.62598425,
  0.59055118 -37.125984 0.37401575,0.12598425 -37.125984 0.37401575,
  0.12598425 -37.125984 -1.1181102,-0.12598425 -37.125984 -1.1181102] }
 coordIndex [
  9,1,0,-1,9,2,1,-1,9,3,2,-1,9,4,3,-1,9,5,4,-1,9,6,5,-1,8,7,6,-1,8,6,9,-1,
  10,0,11,-1,10,9,0,-1]
  normalPerVertex TRUE
  normal DEF NORM_382 Normal { vector [
  0 -1 0,0 -1 0,
  0 -1 0,0 -1 0,
  0 -1 0,0 -1 0,
  0 -1 0,0 -1 0,
  0 -1 0,0 -1 0,
  0 -1 0,0 -1 0] }
}
}
DEF SHAPE_383 Shape {
 appearance USE APP_2
 geometry DEF FACE_383 IndexedFaceSet {
  coord DEF COORD_383 Coordinate { point [
  0.12598425 -35.874016 0.62598425,0.59055118 -35.874016 0.62598425,
  0.12598425 -36.125984 0.62598425,0.59055118 -36.125984 0.62598425] }
 coordIndex [
  1,0,2,-1,1,2,3,-1]
  normalPerVertex TRUE
  normal DEF NORM_383 Normal { vector [
  0 0 1,0 0 1,
  0 0 1,0 0 1] }
}
}
DEF SHAPE_384 Shape {
 appearance USE APP_2
 geometry DEF FACE_384 IndexedFaceSet {
  coord DEF COORD_384 Coordinate { point [
  -0.12598425 -35.874016 0.37401575,-0.11739863 -35.874016 0.43923,
  -0.092226873 -35.874016 0.5,-0.052184386 -35.874016 0.55218439,
  0 -35.874016 0.59222687,0.060770004 -35.874016 0.61739863,
  0.12598425 -35.874016 0.62598425,0.59055118 -35.874016 0.62598425,
  0.59055118 -35.874016 0.37401575,0.12598425 -35.874016 0.37401575,
  0.12598425 -35.874016 -1.1181102,-0.12598425 -35.874016 -1.1181102] }
 coordIndex [
  9,0,1,-1,9,1,2,-1,9,2,3,-1,9,3,4,-1,9,4,5,-1,9,5,6,-1,8,6,7,-1,8,9,6,-1,
  10,11,0,-1,10,0,9,-1]
  normalPerVertex TRUE
  normal DEF NORM_384 Normal { vector [
  0 1 0,0 1 0,
  0 1 0,0 1 0,
  0 1 0,0 1 0,
  0 1 0,0 1 0,
  0 1 0,0 1 0,
  0 1 0,0 1 0] }
}
}
DEF SHAPE_385 Shape {
 appearance USE APP_2
 geometry DEF FACE_385 IndexedFaceSet {
  coord DEF COORD_385 Coordinate { point [
  0.59055118 -35.874016 0.37401575,0.12598425 -35.874016 0.37401575,
  0.59055118 -36.125984 0.37401575,0.12598425 -36.125984 0.37401575] }
 coordIndex [
  1,0,2,-1,1,2,3,-1]
  normalPerVertex TRUE
  normal DEF NORM_385 Normal { vector [
  0 0 -1,0 0 -1,
  0 0 -1,0 0 -1] }
}
}
DEF SHAPE_386 Shape {
 appearance USE APP_2
 geometry DEF FACE_386 IndexedFaceSet {
  coord DEF COORD_386 Coordinate { point [
  -0.12598425 -36.125984 0.37401575,-0.11739863 -36.125984 0.43923,
  -0.092226873 -36.125984 0.5,-0.052184386 -36.125984 0.55218439,
  0 -36.125984 0.59222687,0.060770004 -36.125984 0.61739863,
  0.12598425 -36.125984 0.62598425,0.59055118 -36.125984 0.62598425,
  0.59055118 -36.125984 0.37401575,0.12598425 -36.125984 0.37401575,
  0.12598425 -36.125984 -1.1181102,-0.12598425 -36.125984 -1.1181102] }
 coordIndex [
  9,1,0,-1,9,2,1,-1,9,3,2,-1,9,4,3,-1,9,5,4,-1,9,6,5,-1,8,7,6,-1,8,6,9,-1,
  10,0,11,-1,10,9,0,-1]
  normalPerVertex TRUE
  normal DEF NORM_386 Normal { vector [
  0 -1 0,0 -1 0,
  0 -1 0,0 -1 0,
  0 -1 0,0 -1 0,
  0 -1 0,0 -1 0,
  0 -1 0,0 -1 0,
  0 -1 0,0 -1 0] }
}
}
DEF SHAPE_387 Shape {
 appearance USE APP_2
 geometry DEF FACE_387 IndexedFaceSet {
  coord DEF COORD_387 Coordinate { point [
  0.59055118 -37.874016 0.37401575,0.12598425 -37.874016 0.37401575,
  0.59055118 -38.125984 0.37401575,0.12598425 -38.125984 0.37401575] }
 coordIndex [
  1,0,2,-1,1,2,3,-1]
  normalPerVertex TRUE
  normal DEF NORM_387 Normal { vector [
  0 0 -1,0 0 -1,
  0 0 -1,0 0 -1] }
}
}
DEF SHAPE_388 Shape {
 appearance USE APP_2
 geometry DEF FACE_388 IndexedFaceSet {
  coord DEF COORD_388 Coordinate { point [
  -0.12598425 -38.125984 0.37401575,-0.11739863 -38.125984 0.43923,
  -0.092226873 -38.125984 0.5,-0.052184386 -38.125984 0.55218439,
  0 -38.125984 0.59222687,0.060770004 -38.125984 0.61739863,
  0.12598425 -38.125984 0.62598425,0.59055118 -38.125984 0.62598425,
  0.59055118 -38.125984 0.37401575,0.12598425 -38.125984 0.37401575,
  0.12598425 -38.125984 -1.1181102,-0.12598425 -38.125984 -1.1181102] }
 coordIndex [
  9,1,0,-1,9,2,1,-1,9,3,2,-1,9,4,3,-1,9,5,4,-1,9,6,5,-1,8,7,6,-1,8,6,9,-1,
  10,0,11,-1,10,9,0,-1]
  normalPerVertex TRUE
  normal DEF NORM_388 Normal { vector [
  0 -1 0,0 -1 0,
  0 -1 0,0 -1 0,
  0 -1 0,0 -1 0,
  0 -1 0,0 -1 0,
  0 -1 0,0 -1 0,
  0 -1 0,0 -1 0] }
}
}
DEF SHAPE_389 Shape {
 appearance USE APP_2
 geometry DEF FACE_389 IndexedFaceSet {
  coord DEF COORD_389 Coordinate { point [
  0.12598425 -37.874016 0.62598425,0.59055118 -37.874016 0.62598425,
  0.12598425 -38.125984 0.62598425,0.59055118 -38.125984 0.62598425] }
 coordIndex [
  1,0,2,-1,1,2,3,-1]
  normalPerVertex TRUE
  normal DEF NORM_389 Normal { vector [
  0 0 1,0 0 1,
  0 0 1,0 0 1] }
}
}
DEF SHAPE_390 Shape {
 appearance USE APP_2
 geometry DEF FACE_390 IndexedFaceSet {
  coord DEF COORD_390 Coordinate { point [
  -0.12598425 -37.874016 0.37401575,-0.11739863 -37.874016 0.43923,
  -0.092226873 -37.874016 0.5,-0.052184386 -37.874016 0.55218439,
  0 -37.874016 0.59222687,0.060770004 -37.874016 0.61739863,
  0.12598425 -37.874016 0.62598425,0.59055118 -37.874016 0.62598425,
  0.59055118 -37.874016 0.37401575,0.12598425 -37.874016 0.37401575,
  0.12598425 -37.874016 -1.1181102,-0.12598425 -37.874016 -1.1181102] }
 coordIndex [
  9,0,1,-1,9,1,2,-1,9,2,3,-1,9,3,4,-1,9,4,5,-1,9,5,6,-1,8,6,7,-1,8,9,6,-1,
  10,11,0,-1,10,0,9,-1]
  normalPerVertex TRUE
  normal DEF NORM_390 Normal { vector [
  0 1 0,0 1 0,
  0 1 0,0 1 0,
  0 1 0,0 1 0,
  0 1 0,0 1 0,
  0 1 0,0 1 0,
  0 1 0,0 1 0] }
}
}
DEF SHAPE_391 Shape {
 appearance USE APP_2
 geometry DEF FACE_391 IndexedFaceSet {
  coord DEF COORD_391 Coordinate { point [
  -0.12598425 0.12598425 0.37401575,-0.11739863 0.12598425 0.43923,
  -0.092226873 0.12598425 0.5,-0.052184386 0.12598425 0.55218439,
  0 0.12598425 0.59222687,0.060770004 0.12598425 0.61739863,
  0.12598425 0.12598425 0.62598425,0.59055118 0.12598425 0.62598425,
  0.59055118 0.12598425 0.37401575,0.12598425 0.12598425 0.37401575,
  0.12598425 0.12598425 -1.1181102,-0.12598425 0.12598425 -1.1181102] }
 coordIndex [
  9,0,1,-1,9,1,2,-1,9,2,3,-1,9,3,4,-1,9,4,5,-1,9,5,6,-1,8,6,7,-1,8,9,6,-1,
  10,11,0,-1,10,0,9,-1]
  normalPerVertex TRUE
  normal DEF NORM_391 Normal { vector [
  0 1 0,0 1 0,
  0 1 0,0 1 0,
  0 1 0,0 1 0,
  0 1 0,0 1 0,
  0 1 0,0 1 0,
  0 1 0,0 1 0] }
}
}
DEF SHAPE_392 Shape {
 appearance USE APP_2
 geometry DEF FACE_392 IndexedFaceSet {
  coord DEF COORD_392 Coordinate { point [
  0.59055118 0.12598425 0.37401575,0.12598425 0.12598425 0.37401575,
  0.59055118 -0.12598425 0.37401575,0.12598425 -0.12598425 0.37401575] }
 coordIndex [
  1,0,2,-1,1,2,3,-1]
  normalPerVertex TRUE
  normal DEF NORM_392 Normal { vector [
  0 0 -1,0 0 -1,
  0 0 -1,0 0 -1] }
}
}
DEF SHAPE_393 Shape {
 appearance USE APP_2
 geometry DEF FACE_393 IndexedFaceSet {
  coord DEF COORD_393 Coordinate { point [
  -0.12598425 -0.12598425 0.37401575,-0.11739863 -0.12598425 0.43923,
  -0.092226873 -0.12598425 0.5,-0.052184386 -0.12598425 0.55218439,
  0 -0.12598425 0.59222687,0.060770004 -0.12598425 0.61739863,
  0.12598425 -0.12598425 0.62598425,0.59055118 -0.12598425 0.62598425,
  0.59055118 -0.12598425 0.37401575,0.12598425 -0.12598425 0.37401575,
  0.12598425 -0.12598425 -1.1181102,-0.12598425 -0.12598425 -1.1181102] }
 coordIndex [
  9,1,0,-1,9,2,1,-1,9,3,2,-1,9,4,3,-1,9,5,4,-1,9,6,5,-1,8,7,6,-1,8,6,9,-1,
  10,0,11,-1,10,9,0,-1]
  normalPerVertex TRUE
  normal DEF NORM_393 Normal { vector [
  0 -1 0,0 -1 0,
  0 -1 0,0 -1 0,
  0 -1 0,0 -1 0,
  0 -1 0,0 -1 0,
  0 -1 0,0 -1 0,
  0 -1 0,0 -1 0] }
}
}
DEF SHAPE_394 Shape {
 appearance USE APP_2
 geometry DEF FACE_394 IndexedFaceSet {
  coord DEF COORD_394 Coordinate { point [
  0.12598425 0.12598425 0.62598425,0.59055118 0.12598425 0.62598425,
  0.12598425 -0.12598425 0.62598425,0.59055118 -0.12598425 0.62598425] }
 coordIndex [
  1,0,2,-1,1,2,3,-1]
  normalPerVertex TRUE
  normal DEF NORM_394 Normal { vector [
  0 0 1,0 0 1,
  0 0 1,0 0 1] }
}
}
DEF SHAPE_395 Shape {
 appearance USE APP_2
 geometry DEF FACE_395 IndexedFaceSet {
  coord DEF COORD_395 Coordinate { point [
  1.5905512 -27.874016 0.62598425,3.8897638 -27.874016 0.62598425,
  1.5905512 -28.125984 0.62598425,3.8897638 -28.125984 0.62598425] }
 coordIndex [
  1,0,2,-1,1,2,3,-1]
  normalPerVertex TRUE
  normal DEF NORM_395 Normal { vector [
  0 0 1,0 0 1,
  0 0 1,0 0 1] }
}
}
DEF SHAPE_396 Shape {
 appearance USE APP_2
 geometry DEF FACE_396 IndexedFaceSet {
  coord DEF COORD_396 Coordinate { point [
  1.5905512 -27.874016 0.62598425,1.5905512 -27.874016 0.37401575,
  3.8897638 -27.874016 0.62598425,3.8897638 -27.874016 0.37401575] }
 coordIndex [
  3,1,0,-1,3,0,2,-1]
  normalPerVertex TRUE
  normal DEF NORM_396 Normal { vector [
  0 1 0,0 1 0,
  0 1 0,0 1 0] }
}
}
DEF SHAPE_397 Shape {
 appearance USE APP_2
 geometry DEF FACE_397 IndexedFaceSet {
  coord DEF COORD_397 Coordinate { point [
  3.8897638 -27.874016 0.37401575,1.5905512 -27.874016 0.37401575,
  3.8897638 -28.125984 0.37401575,1.5905512 -28.125984 0.37401575] }
 coordIndex [
  1,0,2,-1,1,2,3,-1]
  normalPerVertex TRUE
  normal DEF NORM_397 Normal { vector [
  0 0 -1,0 0 -1,
  0 0 -1,0 0 -1] }
}
}
DEF SHAPE_398 Shape {
 appearance USE APP_2
 geometry DEF FACE_398 IndexedFaceSet {
  coord DEF COORD_398 Coordinate { point [
  1.5905512 -28.125984 0.62598425,1.5905512 -28.125984 0.37401575,
  3.8897638 -28.125984 0.62598425,3.8897638 -28.125984 0.37401575] }
 coordIndex [
  3,0,1,-1,3,2,0,-1]
  normalPerVertex TRUE
  normal DEF NORM_398 Normal { vector [
  0 -1 0,0 -1 0,
  0 -1 0,0 -1 0] }
}
}
DEF SHAPE_399 Shape {
 appearance USE APP_2
 geometry DEF FACE_399 IndexedFaceSet {
  coord DEF COORD_399 Coordinate { point [
  1.5905512 -26.874016 0.62598425,3.8897638 -26.874016 0.62598425,
  1.5905512 -27.125984 0.62598425,3.8897638 -27.125984 0.62598425] }
 coordIndex [
  1,0,2,-1,1,2,3,-1]
  normalPerVertex TRUE
  normal DEF NORM_399 Normal { vector [
  0 0 1,0 0 1,
  0 0 1,0 0 1] }
}
}
DEF SHAPE_400 Shape {
 appearance USE APP_2
 geometry DEF FACE_400 IndexedFaceSet {
  coord DEF COORD_400 Coordinate { point [
  1.5905512 -26.874016 0.62598425,1.5905512 -26.874016 0.37401575,
  3.8897638 -26.874016 0.62598425,3.8897638 -26.874016 0.37401575] }
 coordIndex [
  3,1,0,-1,3,0,2,-1]
  normalPerVertex TRUE
  normal DEF NORM_400 Normal { vector [
  0 1 0,0 1 0,
  0 1 0,0 1 0] }
}
}
DEF SHAPE_401 Shape {
 appearance USE APP_2
 geometry DEF FACE_401 IndexedFaceSet {
  coord DEF COORD_401 Coordinate { point [
  3.8897638 -26.874016 0.37401575,1.5905512 -26.874016 0.37401575,
  3.8897638 -27.125984 0.37401575,1.5905512 -27.125984 0.37401575] }
 coordIndex [
  1,0,2,-1,1,2,3,-1]
  normalPerVertex TRUE
  normal DEF NORM_401 Normal { vector [
  0 0 -1,0 0 -1,
  0 0 -1,0 0 -1] }
}
}
DEF SHAPE_402 Shape {
 appearance USE APP_2
 geometry DEF FACE_402 IndexedFaceSet {
  coord DEF COORD_402 Coordinate { point [
  1.5905512 -27.125984 0.62598425,1.5905512 -27.125984 0.37401575,
  3.8897638 -27.125984 0.62598425,3.8897638 -27.125984 0.37401575] }
 coordIndex [
  3,0,1,-1,3,2,0,-1]
  normalPerVertex TRUE
  normal DEF NORM_402 Normal { vector [
  0 -1 0,0 -1 0,
  0 -1 0,0 -1 0] }
}
}
DEF SHAPE_403 Shape {
 appearance USE APP_2
 geometry DEF FACE_403 IndexedFaceSet {
  coord DEF COORD_403 Coordinate { point [
  1.5905512 -24.874016 0.62598425,3.8897638 -24.874016 0.62598425,
  1.5905512 -25.125984 0.62598425,3.8897638 -25.125984 0.62598425] }
 coordIndex [
  1,0,2,-1,1,2,3,-1]
  normalPerVertex TRUE
  normal DEF NORM_403 Normal { vector [
  0 0 1,0 0 1,
  0 0 1,0 0 1] }
}
}
DEF SHAPE_404 Shape {
 appearance USE APP_2
 geometry DEF FACE_404 IndexedFaceSet {
  coord DEF COORD_404 Coordinate { point [
  1.5905512 -24.874016 0.62598425,1.5905512 -24.874016 0.37401575,
  3.8897638 -24.874016 0.62598425,3.8897638 -24.874016 0.37401575] }
 coordIndex [
  3,1,0,-1,3,0,2,-1]
  normalPerVertex TRUE
  normal DEF NORM_404 Normal { vector [
  0 1 0,0 1 0,
  0 1 0,0 1 0] }
}
}
DEF SHAPE_405 Shape {
 appearance USE APP_2
 geometry DEF FACE_405 IndexedFaceSet {
  coord DEF COORD_405 Coordinate { point [
  3.8897638 -24.874016 0.37401575,1.5905512 -24.874016 0.37401575,
  3.8897638 -25.125984 0.37401575,1.5905512 -25.125984 0.37401575] }
 coordIndex [
  1,0,2,-1,1,2,3,-1]
  normalPerVertex TRUE
  normal DEF NORM_405 Normal { vector [
  0 0 -1,0 0 -1,
  0 0 -1,0 0 -1] }
}
}
DEF SHAPE_406 Shape {
 appearance USE APP_2
 geometry DEF FACE_406 IndexedFaceSet {
  coord DEF COORD_406 Coordinate { point [
  1.5905512 -25.125984 0.62598425,1.5905512 -25.125984 0.37401575,
  3.8897638 -25.125984 0.62598425,3.8897638 -25.125984 0.37401575] }
 coordIndex [
  3,0,1,-1,3,2,0,-1]
  normalPerVertex TRUE
  normal DEF NORM_406 Normal { vector [
  0 -1 0,0 -1 0,
  0 -1 0,0 -1 0] }
}
}
DEF SHAPE_407 Shape {
 appearance USE APP_2
 geometry DEF FACE_407 IndexedFaceSet {
  coord DEF COORD_407 Coordinate { point [
  1.5905512 -25.874016 0.62598425,3.8897638 -25.874016 0.62598425,
  1.5905512 -26.125984 0.62598425,3.8897638 -26.125984 0.62598425] }
 coordIndex [
  1,0,2,-1,1,2,3,-1]
  normalPerVertex TRUE
  normal DEF NORM_407 Normal { vector [
  0 0 1,0 0 1,
  0 0 1,0 0 1] }
}
}
DEF SHAPE_408 Shape {
 appearance USE APP_2
 geometry DEF FACE_408 IndexedFaceSet {
  coord DEF COORD_408 Coordinate { point [
  1.5905512 -25.874016 0.62598425,1.5905512 -25.874016 0.37401575,
  3.8897638 -25.874016 0.62598425,3.8897638 -25.874016 0.37401575] }
 coordIndex [
  3,1,0,-1,3,0,2,-1]
  normalPerVertex TRUE
  normal DEF NORM_408 Normal { vector [
  0 1 0,0 1 0,
  0 1 0,0 1 0] }
}
}
DEF SHAPE_409 Shape {
 appearance USE APP_2
 geometry DEF FACE_409 IndexedFaceSet {
  coord DEF COORD_409 Coordinate { point [
  3.8897638 -25.874016 0.37401575,1.5905512 -25.874016 0.37401575,
  3.8897638 -26.125984 0.37401575,1.5905512 -26.125984 0.37401575] }
 coordIndex [
  1,0,2,-1,1,2,3,-1]
  normalPerVertex TRUE
  normal DEF NORM_409 Normal { vector [
  0 0 -1,0 0 -1,
  0 0 -1,0 0 -1] }
}
}
DEF SHAPE_410 Shape {
 appearance USE APP_2
 geometry DEF FACE_410 IndexedFaceSet {
  coord DEF COORD_410 Coordinate { point [
  1.5905512 -26.125984 0.62598425,1.5905512 -26.125984 0.37401575,
  3.8897638 -26.125984 0.62598425,3.8897638 -26.125984 0.37401575] }
 coordIndex [
  3,0,1,-1,3,2,0,-1]
  normalPerVertex TRUE
  normal DEF NORM_410 Normal { vector [
  0 -1 0,0 -1 0,
  0 -1 0,0 -1 0] }
}
}
DEF SHAPE_411 Shape {
 appearance USE APP_2
 geometry DEF FACE_411 IndexedFaceSet {
  coord DEF COORD_411 Coordinate { point [
  1.5905512 -20.874016 0.62598425,3.8897638 -20.874016 0.62598425,
  1.5905512 -21.125984 0.62598425,3.8897638 -21.125984 0.62598425] }
 coordIndex [
  1,0,2,-1,1,2,3,-1]
  normalPerVertex TRUE
  normal DEF NORM_411 Normal { vector [
  0 0 1,0 0 1,
  0 0 1,0 0 1] }
}
}
DEF SHAPE_412 Shape {
 appearance USE APP_2
 geometry DEF FACE_412 IndexedFaceSet {
  coord DEF COORD_412 Coordinate { point [
  1.5905512 -20.874016 0.62598425,1.5905512 -20.874016 0.37401575,
  3.8897638 -20.874016 0.62598425,3.8897638 -20.874016 0.37401575] }
 coordIndex [
  3,1,0,-1,3,0,2,-1]
  normalPerVertex TRUE
  normal DEF NORM_412 Normal { vector [
  0 1 0,0 1 0,
  0 1 0,0 1 0] }
}
}
DEF SHAPE_413 Shape {
 appearance USE APP_2
 geometry DEF FACE_413 IndexedFaceSet {
  coord DEF COORD_413 Coordinate { point [
  3.8897638 -20.874016 0.37401575,1.5905512 -20.874016 0.37401575,
  3.8897638 -21.125984 0.37401575,1.5905512 -21.125984 0.37401575] }
 coordIndex [
  1,0,2,-1,1,2,3,-1]
  normalPerVertex TRUE
  normal DEF NORM_413 Normal { vector [
  0 0 -1,0 0 -1,
  0 0 -1,0 0 -1] }
}
}
DEF SHAPE_414 Shape {
 appearance USE APP_2
 geometry DEF FACE_414 IndexedFaceSet {
  coord DEF COORD_414 Coordinate { point [
  1.5905512 -21.125984 0.62598425,1.5905512 -21.125984 0.37401575,
  3.8897638 -21.125984 0.62598425,3.8897638 -21.125984 0.37401575] }
 coordIndex [
  3,0,1,-1,3,2,0,-1]
  normalPerVertex TRUE
  normal DEF NORM_414 Normal { vector [
  0 -1 0,0 -1 0,
  0 -1 0,0 -1 0] }
}
}
DEF SHAPE_415 Shape {
 appearance USE APP_2
 geometry DEF FACE_415 IndexedFaceSet {
  coord DEF COORD_415 Coordinate { point [
  3.8897638 -21.874016 0.37401575,1.5905512 -21.874016 0.37401575,
  3.8897638 -22.125984 0.37401575,1.5905512 -22.125984 0.37401575] }
 coordIndex [
  1,0,2,-1,1,2,3,-1]
  normalPerVertex TRUE
  normal DEF NORM_415 Normal { vector [
  0 0 -1,0 0 -1,
  0 0 -1,0 0 -1] }
}
}
DEF SHAPE_416 Shape {
 appearance USE APP_2
 geometry DEF FACE_416 IndexedFaceSet {
  coord DEF COORD_416 Coordinate { point [
  1.5905512 -22.125984 0.62598425,1.5905512 -22.125984 0.37401575,
  3.8897638 -22.125984 0.62598425,3.8897638 -22.125984 0.37401575] }
 coordIndex [
  3,0,1,-1,3,2,0,-1]
  normalPerVertex TRUE
  normal DEF NORM_416 Normal { vector [
  0 -1 0,0 -1 0,
  0 -1 0,0 -1 0] }
}
}
DEF SHAPE_417 Shape {
 appearance USE APP_2
 geometry DEF FACE_417 IndexedFaceSet {
  coord DEF COORD_417 Coordinate { point [
  1.5905512 -21.874016 0.62598425,3.8897638 -21.874016 0.62598425,
  1.5905512 -22.125984 0.62598425,3.8897638 -22.125984 0.62598425] }
 coordIndex [
  1,0,2,-1,1,2,3,-1]
  normalPerVertex TRUE
  normal DEF NORM_417 Normal { vector [
  0 0 1,0 0 1,
  0 0 1,0 0 1] }
}
}
DEF SHAPE_418 Shape {
 appearance USE APP_2
 geometry DEF FACE_418 IndexedFaceSet {
  coord DEF COORD_418 Coordinate { point [
  1.5905512 -21.874016 0.62598425,1.5905512 -21.874016 0.37401575,
  3.8897638 -21.874016 0.62598425,3.8897638 -21.874016 0.37401575] }
 coordIndex [
  3,1,0,-1,3,0,2,-1]
  normalPerVertex TRUE
  normal DEF NORM_418 Normal { vector [
  0 1 0,0 1 0,
  0 1 0,0 1 0] }
}
}
DEF SHAPE_419 Shape {
 appearance USE APP_2
 geometry DEF FACE_419 IndexedFaceSet {
  coord DEF COORD_419 Coordinate { point [
  1.5905512 -22.874016 0.62598425,3.8897638 -22.874016 0.62598425,
  1.5905512 -23.125984 0.62598425,3.8897638 -23.125984 0.62598425] }
 coordIndex [
  1,0,2,-1,1,2,3,-1]
  normalPerVertex TRUE
  normal DEF NORM_419 Normal { vector [
  0 0 1,0 0 1,
  0 0 1,0 0 1] }
}
}
DEF SHAPE_420 Shape {
 appearance USE APP_2
 geometry DEF FACE_420 IndexedFaceSet {
  coord DEF COORD_420 Coordinate { point [
  1.5905512 -22.874016 0.62598425,1.5905512 -22.874016 0.37401575,
  3.8897638 -22.874016 0.62598425,3.8897638 -22.874016 0.37401575] }
 coordIndex [
  3,1,0,-1,3,0,2,-1]
  normalPerVertex TRUE
  normal DEF NORM_420 Normal { vector [
  0 1 0,0 1 0,
  0 1 0,0 1 0] }
}
}
DEF SHAPE_421 Shape {
 appearance USE APP_2
 geometry DEF FACE_421 IndexedFaceSet {
  coord DEF COORD_421 Coordinate { point [
  3.8897638 -22.874016 0.37401575,1.5905512 -22.874016 0.37401575,
  3.8897638 -23.125984 0.37401575,1.5905512 -23.125984 0.37401575] }
 coordIndex [
  1,0,2,-1,1,2,3,-1]
  normalPerVertex TRUE
  normal DEF NORM_421 Normal { vector [
  0 0 -1,0 0 -1,
  0 0 -1,0 0 -1] }
}
}
DEF SHAPE_422 Shape {
 appearance USE APP_2
 geometry DEF FACE_422 IndexedFaceSet {
  coord DEF COORD_422 Coordinate { point [
  1.5905512 -23.125984 0.62598425,1.5905512 -23.125984 0.37401575,
  3.8897638 -23.125984 0.62598425,3.8897638 -23.125984 0.37401575] }
 coordIndex [
  3,0,1,-1,3,2,0,-1]
  normalPerVertex TRUE
  normal DEF NORM_422 Normal { vector [
  0 -1 0,0 -1 0,
  0 -1 0,0 -1 0] }
}
}
DEF SHAPE_423 Shape {
 appearance USE APP_2
 geometry DEF FACE_423 IndexedFaceSet {
  coord DEF COORD_423 Coordinate { point [
  1.5905512 -23.874016 0.62598425,3.8897638 -23.874016 0.62598425,
  1.5905512 -24.125984 0.62598425,3.8897638 -24.125984 0.62598425] }
 coordIndex [
  1,0,2,-1,1,2,3,-1]
  normalPerVertex TRUE
  normal DEF NORM_423 Normal { vector [
  0 0 1,0 0 1,
  0 0 1,0 0 1] }
}
}
DEF SHAPE_424 Shape {
 appearance USE APP_2
 geometry DEF FACE_424 IndexedFaceSet {
  coord DEF COORD_424 Coordinate { point [
  1.5905512 -23.874016 0.62598425,1.5905512 -23.874016 0.37401575,
  3.8897638 -23.874016 0.62598425,3.8897638 -23.874016 0.37401575] }
 coordIndex [
  3,1,0,-1,3,0,2,-1]
  normalPerVertex TRUE
  normal DEF NORM_424 Normal { vector [
  0 1 0,0 1 0,
  0 1 0,0 1 0] }
}
}
DEF SHAPE_425 Shape {
 appearance USE APP_2
 geometry DEF FACE_425 IndexedFaceSet {
  coord DEF COORD_425 Coordinate { point [
  3.8897638 -23.874016 0.37401575,1.5905512 -23.874016 0.37401575,
  3.8897638 -24.125984 0.37401575,1.5905512 -24.125984 0.37401575] }
 coordIndex [
  1,0,2,-1,1,2,3,-1]
  normalPerVertex TRUE
  normal DEF NORM_425 Normal { vector [
  0 0 -1,0 0 -1,
  0 0 -1,0 0 -1] }
}
}
DEF SHAPE_426 Shape {
 appearance USE APP_2
 geometry DEF FACE_426 IndexedFaceSet {
  coord DEF COORD_426 Coordinate { point [
  1.5905512 -24.125984 0.62598425,1.5905512 -24.125984 0.37401575,
  3.8897638 -24.125984 0.62598425,3.8897638 -24.125984 0.37401575] }
 coordIndex [
  3,0,1,-1,3,2,0,-1]
  normalPerVertex TRUE
  normal DEF NORM_426 Normal { vector [
  0 -1 0,0 -1 0,
  0 -1 0,0 -1 0] }
}
}
DEF SHAPE_427 Shape {
 appearance USE APP_2
 geometry DEF FACE_427 IndexedFaceSet {
  coord DEF COORD_427 Coordinate { point [
  3.8897638 -19.874016 0.37401575,1.5905512 -19.874016 0.37401575,
  3.8897638 -20.125984 0.37401575,1.5905512 -20.125984 0.37401575] }
 coordIndex [
  1,0,2,-1,1,2,3,-1]
  normalPerVertex TRUE
  normal DEF NORM_427 Normal { vector [
  0 0 -1,0 0 -1,
  0 0 -1,0 0 -1] }
}
}
DEF SHAPE_428 Shape {
 appearance USE APP_2
 geometry DEF FACE_428 IndexedFaceSet {
  coord DEF COORD_428 Coordinate { point [
  1.5905512 -20.125984 0.62598425,1.5905512 -20.125984 0.37401575,
  3.8897638 -20.125984 0.62598425,3.8897638 -20.125984 0.37401575] }
 coordIndex [
  3,0,1,-1,3,2,0,-1]
  normalPerVertex TRUE
  normal DEF NORM_428 Normal { vector [
  0 -1 0,0 -1 0,
  0 -1 0,0 -1 0] }
}
}
DEF SHAPE_429 Shape {
 appearance USE APP_2
 geometry DEF FACE_429 IndexedFaceSet {
  coord DEF COORD_429 Coordinate { point [
  1.5905512 -19.874016 0.62598425,3.8897638 -19.874016 0.62598425,
  1.5905512 -20.125984 0.62598425,3.8897638 -20.125984 0.62598425] }
 coordIndex [
  1,0,2,-1,1,2,3,-1]
  normalPerVertex TRUE
  normal DEF NORM_429 Normal { vector [
  0 0 1,0 0 1,
  0 0 1,0 0 1] }
}
}
DEF SHAPE_430 Shape {
 appearance USE APP_2
 geometry DEF FACE_430 IndexedFaceSet {
  coord DEF COORD_430 Coordinate { point [
  1.5905512 -19.874016 0.62598425,1.5905512 -19.874016 0.37401575,
  3.8897638 -19.874016 0.62598425,3.8897638 -19.874016 0.37401575] }
 coordIndex [
  3,1,0,-1,3,0,2,-1]
  normalPerVertex TRUE
  normal DEF NORM_430 Normal { vector [
  0 1 0,0 1 0,
  0 1 0,0 1 0] }
}
}
DEF SHAPE_431 Shape {
 appearance USE APP_2
 geometry DEF FACE_431 IndexedFaceSet {
  coord DEF COORD_431 Coordinate { point [
  3.8897638 -10.874016 0.37401575,1.5905512 -10.874016 0.37401575,
  3.8897638 -11.125984 0.37401575,1.5905512 -11.125984 0.37401575] }
 coordIndex [
  1,0,2,-1,1,2,3,-1]
  normalPerVertex TRUE
  normal DEF NORM_431 Normal { vector [
  0 0 -1,0 0 -1,
  0 0 -1,0 0 -1] }
}
}
DEF SHAPE_432 Shape {
 appearance USE APP_2
 geometry DEF FACE_432 IndexedFaceSet {
  coord DEF COORD_432 Coordinate { point [
  1.5905512 -11.125984 0.62598425,1.5905512 -11.125984 0.37401575,
  3.8897638 -11.125984 0.62598425,3.8897638 -11.125984 0.37401575] }
 coordIndex [
  3,0,1,-1,3,2,0,-1]
  normalPerVertex TRUE
  normal DEF NORM_432 Normal { vector [
  0 -1 0,0 -1 0,
  0 -1 0,0 -1 0] }
}
}
DEF SHAPE_433 Shape {
 appearance USE APP_2
 geometry DEF FACE_433 IndexedFaceSet {
  coord DEF COORD_433 Coordinate { point [
  1.5905512 -10.874016 0.62598425,3.8897638 -10.874016 0.62598425,
  1.5905512 -11.125984 0.62598425,3.8897638 -11.125984 0.62598425] }
 coordIndex [
  1,0,2,-1,1,2,3,-1]
  normalPerVertex TRUE
  normal DEF NORM_433 Normal { vector [
  0 0 1,0 0 1,
  0 0 1,0 0 1] }
}
}
DEF SHAPE_434 Shape {
 appearance USE APP_2
 geometry DEF FACE_434 IndexedFaceSet {
  coord DEF COORD_434 Coordinate { point [
  1.5905512 -10.874016 0.62598425,1.5905512 -10.874016 0.37401575,
  3.8897638 -10.874016 0.62598425,3.8897638 -10.874016 0.37401575] }
 coordIndex [
  3,1,0,-1,3,0,2,-1]
  normalPerVertex TRUE
  normal DEF NORM_434 Normal { vector [
  0 1 0,0 1 0,
  0 1 0,0 1 0] }
}
}
DEF SHAPE_435 Shape {
 appearance USE APP_2
 geometry DEF FACE_435 IndexedFaceSet {
  coord DEF COORD_435 Coordinate { point [
  1.5905512 -11.874016 0.62598425,3.8897638 -11.874016 0.62598425,
  1.5905512 -12.125984 0.62598425,3.8897638 -12.125984 0.62598425] }
 coordIndex [
  1,0,2,-1,1,2,3,-1]
  normalPerVertex TRUE
  normal DEF NORM_435 Normal { vector [
  0 0 1,0 0 1,
  0 0 1,0 0 1] }
}
}
DEF SHAPE_436 Shape {
 appearance USE APP_2
 geometry DEF FACE_436 IndexedFaceSet {
  coord DEF COORD_436 Coordinate { point [
  1.5905512 -11.874016 0.62598425,1.5905512 -11.874016 0.37401575,
  3.8897638 -11.874016 0.62598425,3.8897638 -11.874016 0.37401575] }
 coordIndex [
  3,1,0,-1,3,0,2,-1]
  normalPerVertex TRUE
  normal DEF NORM_436 Normal { vector [
  0 1 0,0 1 0,
  0 1 0,0 1 0] }
}
}
DEF SHAPE_437 Shape {
 appearance USE APP_2
 geometry DEF FACE_437 IndexedFaceSet {
  coord DEF COORD_437 Coordinate { point [
  3.8897638 -11.874016 0.37401575,1.5905512 -11.874016 0.37401575,
  3.8897638 -12.125984 0.37401575,1.5905512 -12.125984 0.37401575] }
 coordIndex [
  1,0,2,-1,1,2,3,-1]
  normalPerVertex TRUE
  normal DEF NORM_437 Normal { vector [
  0 0 -1,0 0 -1,
  0 0 -1,0 0 -1] }
}
}
DEF SHAPE_438 Shape {
 appearance USE APP_2
 geometry DEF FACE_438 IndexedFaceSet {
  coord DEF COORD_438 Coordinate { point [
  1.5905512 -12.125984 0.62598425,1.5905512 -12.125984 0.37401575,
  3.8897638 -12.125984 0.62598425,3.8897638 -12.125984 0.37401575] }
 coordIndex [
  3,0,1,-1,3,2,0,-1]
  normalPerVertex TRUE
  normal DEF NORM_438 Normal { vector [
  0 -1 0,0 -1 0,
  0 -1 0,0 -1 0] }
}
}
DEF SHAPE_439 Shape {
 appearance USE APP_2
 geometry DEF FACE_439 IndexedFaceSet {
  coord DEF COORD_439 Coordinate { point [
  1.5905512 -13.874016 0.62598425,3.8897638 -13.874016 0.62598425,
  1.5905512 -14.125984 0.62598425,3.8897638 -14.125984 0.62598425] }
 coordIndex [
  1,0,2,-1,1,2,3,-1]
  normalPerVertex TRUE
  normal DEF NORM_439 Normal { vector [
  0 0 1,0 0 1,
  0 0 1,0 0 1] }
}
}
DEF SHAPE_440 Shape {
 appearance USE APP_2
 geometry DEF FACE_440 IndexedFaceSet {
  coord DEF COORD_440 Coordinate { point [
  1.5905512 -13.874016 0.62598425,1.5905512 -13.874016 0.37401575,
  3.8897638 -13.874016 0.62598425,3.8897638 -13.874016 0.37401575] }
 coordIndex [
  3,1,0,-1,3,0,2,-1]
  normalPerVertex TRUE
  normal DEF NORM_440 Normal { vector [
  0 1 0,0 1 0,
  0 1 0,0 1 0] }
}
}
DEF SHAPE_441 Shape {
 appearance USE APP_2
 geometry DEF FACE_441 IndexedFaceSet {
  coord DEF COORD_441 Coordinate { point [
  3.8897638 -13.874016 0.37401575,1.5905512 -13.874016 0.37401575,
  3.8897638 -14.125984 0.37401575,1.5905512 -14.125984 0.37401575] }
 coordIndex [
  1,0,2,-1,1,2,3,-1]
  normalPerVertex TRUE
  normal DEF NORM_441 Normal { vector [
  0 0 -1,0 0 -1,
  0 0 -1,0 0 -1] }
}
}
DEF SHAPE_442 Shape {
 appearance USE APP_2
 geometry DEF FACE_442 IndexedFaceSet {
  coord DEF COORD_442 Coordinate { point [
  1.5905512 -14.125984 0.62598425,1.5905512 -14.125984 0.37401575,
  3.8897638 -14.125984 0.62598425,3.8897638 -14.125984 0.37401575] }
 coordIndex [
  3,0,1,-1,3,2,0,-1]
  normalPerVertex TRUE
  normal DEF NORM_442 Normal { vector [
  0 -1 0,0 -1 0,
  0 -1 0,0 -1 0] }
}
}
DEF SHAPE_443 Shape {
 appearance USE APP_2
 geometry DEF FACE_443 IndexedFaceSet {
  coord DEF COORD_443 Coordinate { point [
  3.8897638 -12.874016 0.37401575,1.5905512 -12.874016 0.37401575,
  3.8897638 -13.125984 0.37401575,1.5905512 -13.125984 0.37401575] }
 coordIndex [
  1,0,2,-1,1,2,3,-1]
  normalPerVertex TRUE
  normal DEF NORM_443 Normal { vector [
  0 0 -1,0 0 -1,
  0 0 -1,0 0 -1] }
}
}
DEF SHAPE_444 Shape {
 appearance USE APP_2
 geometry DEF FACE_444 IndexedFaceSet {
  coord DEF COORD_444 Coordinate { point [
  1.5905512 -13.125984 0.62598425,1.5905512 -13.125984 0.37401575,
  3.8897638 -13.125984 0.62598425,3.8897638 -13.125984 0.37401575] }
 coordIndex [
  3,0,1,-1,3,2,0,-1]
  normalPerVertex TRUE
  normal DEF NORM_444 Normal { vector [
  0 -1 0,0 -1 0,
  0 -1 0,0 -1 0] }
}
}
DEF SHAPE_445 Shape {
 appearance USE APP_2
 geometry DEF FACE_445 IndexedFaceSet {
  coord DEF COORD_445 Coordinate { point [
  1.5905512 -12.874016 0.62598425,3.8897638 -12.874016 0.62598425,
  1.5905512 -13.125984 0.62598425,3.8897638 -13.125984 0.62598425] }
 coordIndex [
  1,0,2,-1,1,2,3,-1]
  normalPerVertex TRUE
  normal DEF NORM_445 Normal { vector [
  0 0 1,0 0 1,
  0 0 1,0 0 1] }
}
}
DEF SHAPE_446 Shape {
 appearance USE APP_2
 geometry DEF FACE_446 IndexedFaceSet {
  coord DEF COORD_446 Coordinate { point [
  1.5905512 -12.874016 0.62598425,1.5905512 -12.874016 0.37401575,
  3.8897638 -12.874016 0.62598425,3.8897638 -12.874016 0.37401575] }
 coordIndex [
  3,1,0,-1,3,0,2,-1]
  normalPerVertex TRUE
  normal DEF NORM_446 Normal { vector [
  0 1 0,0 1 0,
  0 1 0,0 1 0] }
}
}
DEF SHAPE_447 Shape {
 appearance USE APP_2
 geometry DEF FACE_447 IndexedFaceSet {
  coord DEF COORD_447 Coordinate { point [
  1.5905512 -14.874016 0.62598425,3.8897638 -14.874016 0.62598425,
  1.5905512 -15.125984 0.62598425,3.8897638 -15.125984 0.62598425] }
 coordIndex [
  1,0,2,-1,1,2,3,-1]
  normalPerVertex TRUE
  normal DEF NORM_447 Normal { vector [
  0 0 1,0 0 1,
  0 0 1,0 0 1] }
}
}
DEF SHAPE_448 Shape {
 appearance USE APP_2
 geometry DEF FACE_448 IndexedFaceSet {
  coord DEF COORD_448 Coordinate { point [
  1.5905512 -14.874016 0.62598425,1.5905512 -14.874016 0.37401575,
  3.8897638 -14.874016 0.62598425,3.8897638 -14.874016 0.37401575] }
 coordIndex [
  3,1,0,-1,3,0,2,-1]
  normalPerVertex TRUE
  normal DEF NORM_448 Normal { vector [
  0 1 0,0 1 0,
  0 1 0,0 1 0] }
}
}
DEF SHAPE_449 Shape {
 appearance USE APP_2
 geometry DEF FACE_449 IndexedFaceSet {
  coord DEF COORD_449 Coordinate { point [
  3.8897638 -14.874016 0.37401575,1.5905512 -14.874016 0.37401575,
  3.8897638 -15.125984 0.37401575,1.5905512 -15.125984 0.37401575] }
 coordIndex [
  1,0,2,-1,1,2,3,-1]
  normalPerVertex TRUE
  normal DEF NORM_449 Normal { vector [
  0 0 -1,0 0 -1,
  0 0 -1,0 0 -1] }
}
}
DEF SHAPE_450 Shape {
 appearance USE APP_2
 geometry DEF FACE_450 IndexedFaceSet {
  coord DEF COORD_450 Coordinate { point [
  1.5905512 -15.125984 0.62598425,1.5905512 -15.125984 0.37401575,
  3.8897638 -15.125984 0.62598425,3.8897638 -15.125984 0.37401575] }
 coordIndex [
  3,0,1,-1,3,2,0,-1]
  normalPerVertex TRUE
  normal DEF NORM_450 Normal { vector [
  0 -1 0,0 -1 0,
  0 -1 0,0 -1 0] }
}
}
DEF SHAPE_451 Shape {
 appearance USE APP_2
 geometry DEF FACE_451 IndexedFaceSet {
  coord DEF COORD_451 Coordinate { point [
  1.5905512 -15.874016 0.62598425,1.5905512 -15.874016 0.37401575,
  3.8897638 -15.874016 0.62598425,3.8897638 -15.874016 0.37401575] }
 coordIndex [
  3,1,0,-1,3,0,2,-1]
  normalPerVertex TRUE
  normal DEF NORM_451 Normal { vector [
  0 1 0,0 1 0,
  0 1 0,0 1 0] }
}
}
DEF SHAPE_452 Shape {
 appearance USE APP_2
 geometry DEF FACE_452 IndexedFaceSet {
  coord DEF COORD_452 Coordinate { point [
  3.8897638 -15.874016 0.37401575,1.5905512 -15.874016 0.37401575,
  3.8897638 -16.125984 0.37401575,1.5905512 -16.125984 0.37401575] }
 coordIndex [
  1,0,2,-1,1,2,3,-1]
  normalPerVertex TRUE
  normal DEF NORM_452 Normal { vector [
  0 0 -1,0 0 -1,
  0 0 -1,0 0 -1] }
}
}
DEF SHAPE_453 Shape {
 appearance USE APP_2
 geometry DEF FACE_453 IndexedFaceSet {
  coord DEF COORD_453 Coordinate { point [
  1.5905512 -16.125984 0.62598425,1.5905512 -16.125984 0.37401575,
  3.8897638 -16.125984 0.62598425,3.8897638 -16.125984 0.37401575] }
 coordIndex [
  3,0,1,-1,3,2,0,-1]
  normalPerVertex TRUE
  normal DEF NORM_453 Normal { vector [
  0 -1 0,0 -1 0,
  0 -1 0,0 -1 0] }
}
}
DEF SHAPE_454 Shape {
 appearance USE APP_2
 geometry DEF FACE_454 IndexedFaceSet {
  coord DEF COORD_454 Coordinate { point [
  1.5905512 -15.874016 0.62598425,3.8897638 -15.874016 0.62598425,
  1.5905512 -16.125984 0.62598425,3.8897638 -16.125984 0.62598425] }
 coordIndex [
  1,0,2,-1,1,2,3,-1]
  normalPerVertex TRUE
  normal DEF NORM_454 Normal { vector [
  0 0 1,0 0 1,
  0 0 1,0 0 1] }
}
}
DEF SHAPE_455 Shape {
 appearance USE APP_2
 geometry DEF FACE_455 IndexedFaceSet {
  coord DEF COORD_455 Coordinate { point [
  1.5905512 -17.874016 0.62598425,1.5905512 -17.874016 0.37401575,
  3.8897638 -17.874016 0.62598425,3.8897638 -17.874016 0.37401575] }
 coordIndex [
  3,1,0,-1,3,0,2,-1]
  normalPerVertex TRUE
  normal DEF NORM_455 Normal { vector [
  0 1 0,0 1 0,
  0 1 0,0 1 0] }
}
}
DEF SHAPE_456 Shape {
 appearance USE APP_2
 geometry DEF FACE_456 IndexedFaceSet {
  coord DEF COORD_456 Coordinate { point [
  3.8897638 -17.874016 0.37401575,1.5905512 -17.874016 0.37401575,
  3.8897638 -18.125984 0.37401575,1.5905512 -18.125984 0.37401575] }
 coordIndex [
  1,0,2,-1,1,2,3,-1]
  normalPerVertex TRUE
  normal DEF NORM_456 Normal { vector [
  0 0 -1,0 0 -1,
  0 0 -1,0 0 -1] }
}
}
DEF SHAPE_457 Shape {
 appearance USE APP_2
 geometry DEF FACE_457 IndexedFaceSet {
  coord DEF COORD_457 Coordinate { point [
  1.5905512 -18.125984 0.62598425,1.5905512 -18.125984 0.37401575,
  3.8897638 -18.125984 0.62598425,3.8897638 -18.125984 0.37401575] }
 coordIndex [
  3,0,1,-1,3,2,0,-1]
  normalPerVertex TRUE
  normal DEF NORM_457 Normal { vector [
  0 -1 0,0 -1 0,
  0 -1 0,0 -1 0] }
}
}
DEF SHAPE_458 Shape {
 appearance USE APP_2
 geometry DEF FACE_458 IndexedFaceSet {
  coord DEF COORD_458 Coordinate { point [
  1.5905512 -17.874016 0.62598425,3.8897638 -17.874016 0.62598425,
  1.5905512 -18.125984 0.62598425,3.8897638 -18.125984 0.62598425] }
 coordIndex [
  1,0,2,-1,1,2,3,-1]
  normalPerVertex TRUE
  normal DEF NORM_458 Normal { vector [
  0 0 1,0 0 1,
  0 0 1,0 0 1] }
}
}
DEF SHAPE_459 Shape {
 appearance USE APP_2
 geometry DEF FACE_459 IndexedFaceSet {
  coord DEF COORD_459 Coordinate { point [
  1.5905512 -16.874016 0.62598425,3.8897638 -16.874016 0.62598425,
  1.5905512 -17.125984 0.62598425,3.8897638 -17.125984 0.62598425] }
 coordIndex [
  1,0,2,-1,1,2,3,-1]
  normalPerVertex TRUE
  normal DEF NORM_459 Normal { vector [
  0 0 1,0 0 1,
  0 0 1,0 0 1] }
}
}
DEF SHAPE_460 Shape {
 appearance USE APP_2
 geometry DEF FACE_460 IndexedFaceSet {
  coord DEF COORD_460 Coordinate { point [
  1.5905512 -16.874016 0.62598425,1.5905512 -16.874016 0.37401575,
  3.8897638 -16.874016 0.62598425,3.8897638 -16.874016 0.37401575] }
 coordIndex [
  3,1,0,-1,3,0,2,-1]
  normalPerVertex TRUE
  normal DEF NORM_460 Normal { vector [
  0 1 0,0 1 0,
  0 1 0,0 1 0] }
}
}
DEF SHAPE_461 Shape {
 appearance USE APP_2
 geometry DEF FACE_461 IndexedFaceSet {
  coord DEF COORD_461 Coordinate { point [
  3.8897638 -16.874016 0.37401575,1.5905512 -16.874016 0.37401575,
  3.8897638 -17.125984 0.37401575,1.5905512 -17.125984 0.37401575] }
 coordIndex [
  1,0,2,-1,1,2,3,-1]
  normalPerVertex TRUE
  normal DEF NORM_461 Normal { vector [
  0 0 -1,0 0 -1,
  0 0 -1,0 0 -1] }
}
}
DEF SHAPE_462 Shape {
 appearance USE APP_2
 geometry DEF FACE_462 IndexedFaceSet {
  coord DEF COORD_462 Coordinate { point [
  1.5905512 -17.125984 0.62598425,1.5905512 -17.125984 0.37401575,
  3.8897638 -17.125984 0.62598425,3.8897638 -17.125984 0.37401575] }
 coordIndex [
  3,0,1,-1,3,2,0,-1]
  normalPerVertex TRUE
  normal DEF NORM_462 Normal { vector [
  0 -1 0,0 -1 0,
  0 -1 0,0 -1 0] }
}
}
DEF SHAPE_463 Shape {
 appearance USE APP_2
 geometry DEF FACE_463 IndexedFaceSet {
  coord DEF COORD_463 Coordinate { point [
  1.5905512 -18.874016 0.62598425,1.5905512 -18.874016 0.37401575,
  3.8897638 -18.874016 0.62598425,3.8897638 -18.874016 0.37401575] }
 coordIndex [
  3,1,0,-1,3,0,2,-1]
  normalPerVertex TRUE
  normal DEF NORM_463 Normal { vector [
  0 1 0,0 1 0,
  0 1 0,0 1 0] }
}
}
DEF SHAPE_464 Shape {
 appearance USE APP_2
 geometry DEF FACE_464 IndexedFaceSet {
  coord DEF COORD_464 Coordinate { point [
  3.8897638 -18.874016 0.37401575,1.5905512 -18.874016 0.37401575,
  3.8897638 -19.125984 0.37401575,1.5905512 -19.125984 0.37401575] }
 coordIndex [
  1,0,2,-1,1,2,3,-1]
  normalPerVertex TRUE
  normal DEF NORM_464 Normal { vector [
  0 0 -1,0 0 -1,
  0 0 -1,0 0 -1] }
}
}
DEF SHAPE_465 Shape {
 appearance USE APP_2
 geometry DEF FACE_465 IndexedFaceSet {
  coord DEF COORD_465 Coordinate { point [
  1.5905512 -19.125984 0.62598425,1.5905512 -19.125984 0.37401575,
  3.8897638 -19.125984 0.62598425,3.8897638 -19.125984 0.37401575] }
 coordIndex [
  3,0,1,-1,3,2,0,-1]
  normalPerVertex TRUE
  normal DEF NORM_465 Normal { vector [
  0 -1 0,0 -1 0,
  0 -1 0,0 -1 0] }
}
}
DEF SHAPE_466 Shape {
 appearance USE APP_2
 geometry DEF FACE_466 IndexedFaceSet {
  coord DEF COORD_466 Coordinate { point [
  1.5905512 -18.874016 0.62598425,3.8897638 -18.874016 0.62598425,
  1.5905512 -19.125984 0.62598425,3.8897638 -19.125984 0.62598425] }
 coordIndex [
  1,0,2,-1,1,2,3,-1]
  normalPerVertex TRUE
  normal DEF NORM_466 Normal { vector [
  0 0 1,0 0 1,
  0 0 1,0 0 1] }
}
}
DEF SHAPE_467 Shape {
 appearance USE APP_2
 geometry DEF FACE_467 IndexedFaceSet {
  coord DEF COORD_467 Coordinate { point [
  3.8897638 -7.8740157 0.37401575,1.5905512 -7.8740157 0.37401575,
  3.8897638 -8.1259843 0.37401575,1.5905512 -8.1259843 0.37401575] }
 coordIndex [
  1,0,2,-1,1,2,3,-1]
  normalPerVertex TRUE
  normal DEF NORM_467 Normal { vector [
  0 0 -1,0 0 -1,
  0 0 -1,0 0 -1] }
}
}
DEF SHAPE_468 Shape {
 appearance USE APP_2
 geometry DEF FACE_468 IndexedFaceSet {
  coord DEF COORD_468 Coordinate { point [
  1.5905512 -8.1259843 0.62598425,1.5905512 -8.1259843 0.37401575,
  3.8897638 -8.1259843 0.62598425,3.8897638 -8.1259843 0.37401575] }
 coordIndex [
  3,0,1,-1,3,2,0,-1]
  normalPerVertex TRUE
  normal DEF NORM_468 Normal { vector [
  0 -1 0,0 -1 0,
  0 -1 0,0 -1 0] }
}
}
DEF SHAPE_469 Shape {
 appearance USE APP_2
 geometry DEF FACE_469 IndexedFaceSet {
  coord DEF COORD_469 Coordinate { point [
  1.5905512 -7.8740157 0.62598425,3.8897638 -7.8740157 0.62598425,
  1.5905512 -8.1259843 0.62598425,3.8897638 -8.1259843 0.62598425] }
 coordIndex [
  1,0,2,-1,1,2,3,-1]
  normalPerVertex TRUE
  normal DEF NORM_469 Normal { vector [
  0 0 1,0 0 1,
  0 0 1,0 0 1] }
}
}
DEF SHAPE_470 Shape {
 appearance USE APP_2
 geometry DEF FACE_470 IndexedFaceSet {
  coord DEF COORD_470 Coordinate { point [
  1.5905512 -7.8740157 0.62598425,1.5905512 -7.8740157 0.37401575,
  3.8897638 -7.8740157 0.62598425,3.8897638 -7.8740157 0.37401575] }
 coordIndex [
  3,1,0,-1,3,0,2,-1]
  normalPerVertex TRUE
  normal DEF NORM_470 Normal { vector [
  0 1 0,0 1 0,
  0 1 0,0 1 0] }
}
}
DEF SHAPE_471 Shape {
 appearance USE APP_2
 geometry DEF FACE_471 IndexedFaceSet {
  coord DEF COORD_471 Coordinate { point [
  1.5905512 -8.8740157 0.62598425,3.8897638 -8.8740157 0.62598425,
  1.5905512 -9.1259843 0.62598425,3.8897638 -9.1259843 0.62598425] }
 coordIndex [
  1,0,2,-1,1,2,3,-1]
  normalPerVertex TRUE
  normal DEF NORM_471 Normal { vector [
  0 0 1,0 0 1,
  0 0 1,0 0 1] }
}
}
DEF SHAPE_472 Shape {
 appearance USE APP_2
 geometry DEF FACE_472 IndexedFaceSet {
  coord DEF COORD_472 Coordinate { point [
  1.5905512 -8.8740157 0.62598425,1.5905512 -8.8740157 0.37401575,
  3.8897638 -8.8740157 0.62598425,3.8897638 -8.8740157 0.37401575] }
 coordIndex [
  3,1,0,-1,3,0,2,-1]
  normalPerVertex TRUE
  normal DEF NORM_472 Normal { vector [
  0 1 0,0 1 0,
  0 1 0,0 1 0] }
}
}
DEF SHAPE_473 Shape {
 appearance USE APP_2
 geometry DEF FACE_473 IndexedFaceSet {
  coord DEF COORD_473 Coordinate { point [
  3.8897638 -8.8740157 0.37401575,1.5905512 -8.8740157 0.37401575,
  3.8897638 -9.1259843 0.37401575,1.5905512 -9.1259843 0.37401575] }
 coordIndex [
  1,0,2,-1,1,2,3,-1]
  normalPerVertex TRUE
  normal DEF NORM_473 Normal { vector [
  0 0 -1,0 0 -1,
  0 0 -1,0 0 -1] }
}
}
DEF SHAPE_474 Shape {
 appearance USE APP_2
 geometry DEF FACE_474 IndexedFaceSet {
  coord DEF COORD_474 Coordinate { point [
  1.5905512 -9.1259843 0.62598425,1.5905512 -9.1259843 0.37401575,
  3.8897638 -9.1259843 0.62598425,3.8897638 -9.1259843 0.37401575] }
 coordIndex [
  3,0,1,-1,3,2,0,-1]
  normalPerVertex TRUE
  normal DEF NORM_474 Normal { vector [
  0 -1 0,0 -1 0,
  0 -1 0,0 -1 0] }
}
}
DEF SHAPE_475 Shape {
 appearance USE APP_2
 geometry DEF FACE_475 IndexedFaceSet {
  coord DEF COORD_475 Coordinate { point [
  1.5905512 -9.8740157 0.62598425,3.8897638 -9.8740157 0.62598425,
  1.5905512 -10.125984 0.62598425,3.8897638 -10.125984 0.62598425] }
 coordIndex [
  1,0,2,-1,1,2,3,-1]
  normalPerVertex TRUE
  normal DEF NORM_475 Normal { vector [
  0 0 1,0 0 1,
  0 0 1,0 0 1] }
}
}
DEF SHAPE_476 Shape {
 appearance USE APP_2
 geometry DEF FACE_476 IndexedFaceSet {
  coord DEF COORD_476 Coordinate { point [
  1.5905512 -9.8740157 0.62598425,1.5905512 -9.8740157 0.37401575,
  3.8897638 -9.8740157 0.62598425,3.8897638 -9.8740157 0.37401575] }
 coordIndex [
  3,1,0,-1,3,0,2,-1]
  normalPerVertex TRUE
  normal DEF NORM_476 Normal { vector [
  0 1 0,0 1 0,
  0 1 0,0 1 0] }
}
}
DEF SHAPE_477 Shape {
 appearance USE APP_2
 geometry DEF FACE_477 IndexedFaceSet {
  coord DEF COORD_477 Coordinate { point [
  3.8897638 -9.8740157 0.37401575,1.5905512 -9.8740157 0.37401575,
  3.8897638 -10.125984 0.37401575,1.5905512 -10.125984 0.37401575] }
 coordIndex [
  1,0,2,-1,1,2,3,-1]
  normalPerVertex TRUE
  normal DEF NORM_477 Normal { vector [
  0 0 -1,0 0 -1,
  0 0 -1,0 0 -1] }
}
}
DEF SHAPE_478 Shape {
 appearance USE APP_2
 geometry DEF FACE_478 IndexedFaceSet {
  coord DEF COORD_478 Coordinate { point [
  1.5905512 -10.125984 0.62598425,1.5905512 -10.125984 0.37401575,
  3.8897638 -10.125984 0.62598425,3.8897638 -10.125984 0.37401575] }
 coordIndex [
  3,0,1,-1,3,2,0,-1]
  normalPerVertex TRUE
  normal DEF NORM_478 Normal { vector [
  0 -1 0,0 -1 0,
  0 -1 0,0 -1 0] }
}
}
DEF SHAPE_479 Shape {
 appearance USE APP_2
 geometry DEF FACE_479 IndexedFaceSet {
  coord DEF COORD_479 Coordinate { point [
  3.8897638 -4.8740157 0.37401575,1.5905512 -4.8740157 0.37401575,
  3.8897638 -5.1259843 0.37401575,1.5905512 -5.1259843 0.37401575] }
 coordIndex [
  1,0,2,-1,1,2,3,-1]
  normalPerVertex TRUE
  normal DEF NORM_479 Normal { vector [
  0 0 -1,0 0 -1,
  0 0 -1,0 0 -1] }
}
}
DEF SHAPE_480 Shape {
 appearance USE APP_2
 geometry DEF FACE_480 IndexedFaceSet {
  coord DEF COORD_480 Coordinate { point [
  1.5905512 -5.1259843 0.62598425,1.5905512 -5.1259843 0.37401575,
  3.8897638 -5.1259843 0.62598425,3.8897638 -5.1259843 0.37401575] }
 coordIndex [
  3,0,1,-1,3,2,0,-1]
  normalPerVertex TRUE
  normal DEF NORM_480 Normal { vector [
  0 -1 0,0 -1 0,
  0 -1 0,0 -1 0] }
}
}
DEF SHAPE_481 Shape {
 appearance USE APP_2
 geometry DEF FACE_481 IndexedFaceSet {
  coord DEF COORD_481 Coordinate { point [
  1.5905512 -4.8740157 0.62598425,3.8897638 -4.8740157 0.62598425,
  1.5905512 -5.1259843 0.62598425,3.8897638 -5.1259843 0.62598425] }
 coordIndex [
  1,0,2,-1,1,2,3,-1]
  normalPerVertex TRUE
  normal DEF NORM_481 Normal { vector [
  0 0 1,0 0 1,
  0 0 1,0 0 1] }
}
}
DEF SHAPE_482 Shape {
 appearance USE APP_2
 geometry DEF FACE_482 IndexedFaceSet {
  coord DEF COORD_482 Coordinate { point [
  1.5905512 -4.8740157 0.62598425,1.5905512 -4.8740157 0.37401575,
  3.8897638 -4.8740157 0.62598425,3.8897638 -4.8740157 0.37401575] }
 coordIndex [
  3,1,0,-1,3,0,2,-1]
  normalPerVertex TRUE
  normal DEF NORM_482 Normal { vector [
  0 1 0,0 1 0,
  0 1 0,0 1 0] }
}
}
DEF SHAPE_483 Shape {
 appearance USE APP_2
 geometry DEF FACE_483 IndexedFaceSet {
  coord DEF COORD_483 Coordinate { point [
  3.8897638 -5.8740157 0.37401575,1.5905512 -5.8740157 0.37401575,
  3.8897638 -6.1259843 0.37401575,1.5905512 -6.1259843 0.37401575] }
 coordIndex [
  1,0,2,-1,1,2,3,-1]
  normalPerVertex TRUE
  normal DEF NORM_483 Normal { vector [
  0 0 -1,0 0 -1,
  0 0 -1,0 0 -1] }
}
}
DEF SHAPE_484 Shape {
 appearance USE APP_2
 geometry DEF FACE_484 IndexedFaceSet {
  coord DEF COORD_484 Coordinate { point [
  1.5905512 -6.1259843 0.62598425,1.5905512 -6.1259843 0.37401575,
  3.8897638 -6.1259843 0.62598425,3.8897638 -6.1259843 0.37401575] }
 coordIndex [
  3,0,1,-1,3,2,0,-1]
  normalPerVertex TRUE
  normal DEF NORM_484 Normal { vector [
  0 -1 0,0 -1 0,
  0 -1 0,0 -1 0] }
}
}
DEF SHAPE_485 Shape {
 appearance USE APP_2
 geometry DEF FACE_485 IndexedFaceSet {
  coord DEF COORD_485 Coordinate { point [
  1.5905512 -5.8740157 0.62598425,3.8897638 -5.8740157 0.62598425,
  1.5905512 -6.1259843 0.62598425,3.8897638 -6.1259843 0.62598425] }
 coordIndex [
  1,0,2,-1,1,2,3,-1]
  normalPerVertex TRUE
  normal DEF NORM_485 Normal { vector [
  0 0 1,0 0 1,
  0 0 1,0 0 1] }
}
}
DEF SHAPE_486 Shape {
 appearance USE APP_2
 geometry DEF FACE_486 IndexedFaceSet {
  coord DEF COORD_486 Coordinate { point [
  1.5905512 -5.8740157 0.62598425,1.5905512 -5.8740157 0.37401575,
  3.8897638 -5.8740157 0.62598425,3.8897638 -5.8740157 0.37401575] }
 coordIndex [
  3,1,0,-1,3,0,2,-1]
  normalPerVertex TRUE
  normal DEF NORM_486 Normal { vector [
  0 1 0,0 1 0,
  0 1 0,0 1 0] }
}
}
DEF SHAPE_487 Shape {
 appearance USE APP_2
 geometry DEF FACE_487 IndexedFaceSet {
  coord DEF COORD_487 Coordinate { point [
  1.5905512 -6.8740157 0.62598425,3.8897638 -6.8740157 0.62598425,
  1.5905512 -7.1259843 0.62598425,3.8897638 -7.1259843 0.62598425] }
 coordIndex [
  1,0,2,-1,1,2,3,-1]
  normalPerVertex TRUE
  normal DEF NORM_487 Normal { vector [
  0 0 1,0 0 1,
  0 0 1,0 0 1] }
}
}
DEF SHAPE_488 Shape {
 appearance USE APP_2
 geometry DEF FACE_488 IndexedFaceSet {
  coord DEF COORD_488 Coordinate { point [
  1.5905512 -6.8740157 0.62598425,1.5905512 -6.8740157 0.37401575,
  3.8897638 -6.8740157 0.62598425,3.8897638 -6.8740157 0.37401575] }
 coordIndex [
  3,1,0,-1,3,0,2,-1]
  normalPerVertex TRUE
  normal DEF NORM_488 Normal { vector [
  0 1 0,0 1 0,
  0 1 0,0 1 0] }
}
}
DEF SHAPE_489 Shape {
 appearance USE APP_2
 geometry DEF FACE_489 IndexedFaceSet {
  coord DEF COORD_489 Coordinate { point [
  3.8897638 -6.8740157 0.37401575,1.5905512 -6.8740157 0.37401575,
  3.8897638 -7.1259843 0.37401575,1.5905512 -7.1259843 0.37401575] }
 coordIndex [
  1,0,2,-1,1,2,3,-1]
  normalPerVertex TRUE
  normal DEF NORM_489 Normal { vector [
  0 0 -1,0 0 -1,
  0 0 -1,0 0 -1] }
}
}
DEF SHAPE_490 Shape {
 appearance USE APP_2
 geometry DEF FACE_490 IndexedFaceSet {
  coord DEF COORD_490 Coordinate { point [
  1.5905512 -7.1259843 0.62598425,1.5905512 -7.1259843 0.37401575,
  3.8897638 -7.1259843 0.62598425,3.8897638 -7.1259843 0.37401575] }
 coordIndex [
  3,0,1,-1,3,2,0,-1]
  normalPerVertex TRUE
  normal DEF NORM_490 Normal { vector [
  0 -1 0,0 -1 0,
  0 -1 0,0 -1 0] }
}
}
DEF SHAPE_491 Shape {
 appearance USE APP_2
 geometry DEF FACE_491 IndexedFaceSet {
  coord DEF COORD_491 Coordinate { point [
  1.5905512 -29.874016 0.62598425,3.8897638 -29.874016 0.62598425,
  1.5905512 -30.125984 0.62598425,3.8897638 -30.125984 0.62598425] }
 coordIndex [
  1,0,2,-1,1,2,3,-1]
  normalPerVertex TRUE
  normal DEF NORM_491 Normal { vector [
  0 0 1,0 0 1,
  0 0 1,0 0 1] }
}
}
DEF SHAPE_492 Shape {
 appearance USE APP_2
 geometry DEF FACE_492 IndexedFaceSet {
  coord DEF COORD_492 Coordinate { point [
  1.5905512 -29.874016 0.62598425,1.5905512 -29.874016 0.37401575,
  3.8897638 -29.874016 0.62598425,3.8897638 -29.874016 0.37401575] }
 coordIndex [
  3,1,0,-1,3,0,2,-1]
  normalPerVertex TRUE
  normal DEF NORM_492 Normal { vector [
  0 1 0,0 1 0,
  0 1 0,0 1 0] }
}
}
DEF SHAPE_493 Shape {
 appearance USE APP_2
 geometry DEF FACE_493 IndexedFaceSet {
  coord DEF COORD_493 Coordinate { point [
  3.8897638 -29.874016 0.37401575,1.5905512 -29.874016 0.37401575,
  3.8897638 -30.125984 0.37401575,1.5905512 -30.125984 0.37401575] }
 coordIndex [
  1,0,2,-1,1,2,3,-1]
  normalPerVertex TRUE
  normal DEF NORM_493 Normal { vector [
  0 0 -1,0 0 -1,
  0 0 -1,0 0 -1] }
}
}
DEF SHAPE_494 Shape {
 appearance USE APP_2
 geometry DEF FACE_494 IndexedFaceSet {
  coord DEF COORD_494 Coordinate { point [
  1.5905512 -30.125984 0.62598425,1.5905512 -30.125984 0.37401575,
  3.8897638 -30.125984 0.62598425,3.8897638 -30.125984 0.37401575] }
 coordIndex [
  3,0,1,-1,3,2,0,-1]
  normalPerVertex TRUE
  normal DEF NORM_494 Normal { vector [
  0 -1 0,0 -1 0,
  0 -1 0,0 -1 0] }
}
}
DEF SHAPE_495 Shape {
 appearance USE APP_2
 geometry DEF FACE_495 IndexedFaceSet {
  coord DEF COORD_495 Coordinate { point [
  1.5905512 -28.874016 0.62598425,3.8897638 -28.874016 0.62598425,
  1.5905512 -29.125984 0.62598425,3.8897638 -29.125984 0.62598425] }
 coordIndex [
  1,0,2,-1,1,2,3,-1]
  normalPerVertex TRUE
  normal DEF NORM_495 Normal { vector [
  0 0 1,0 0 1,
  0 0 1,0 0 1] }
}
}
DEF SHAPE_496 Shape {
 appearance USE APP_2
 geometry DEF FACE_496 IndexedFaceSet {
  coord DEF COORD_496 Coordinate { point [
  1.5905512 -28.874016 0.62598425,1.5905512 -28.874016 0.37401575,
  3.8897638 -28.874016 0.62598425,3.8897638 -28.874016 0.37401575] }
 coordIndex [
  3,1,0,-1,3,0,2,-1]
  normalPerVertex TRUE
  normal DEF NORM_496 Normal { vector [
  0 1 0,0 1 0,
  0 1 0,0 1 0] }
}
}
DEF SHAPE_497 Shape {
 appearance USE APP_2
 geometry DEF FACE_497 IndexedFaceSet {
  coord DEF COORD_497 Coordinate { point [
  3.8897638 -28.874016 0.37401575,1.5905512 -28.874016 0.37401575,
  3.8897638 -29.125984 0.37401575,1.5905512 -29.125984 0.37401575] }
 coordIndex [
  1,0,2,-1,1,2,3,-1]
  normalPerVertex TRUE
  normal DEF NORM_497 Normal { vector [
  0 0 -1,0 0 -1,
  0 0 -1,0 0 -1] }
}
}
DEF SHAPE_498 Shape {
 appearance USE APP_2
 geometry DEF FACE_498 IndexedFaceSet {
  coord DEF COORD_498 Coordinate { point [
  1.5905512 -29.125984 0.62598425,1.5905512 -29.125984 0.37401575,
  3.8897638 -29.125984 0.62598425,3.8897638 -29.125984 0.37401575] }
 coordIndex [
  3,0,1,-1,3,2,0,-1]
  normalPerVertex TRUE
  normal DEF NORM_498 Normal { vector [
  0 -1 0,0 -1 0,
  0 -1 0,0 -1 0] }
}
}
DEF SHAPE_499 Shape {
 appearance USE APP_2
 geometry DEF FACE_499 IndexedFaceSet {
  coord DEF COORD_499 Coordinate { point [
  1.5905512 -34.874016 0.62598425,1.5905512 -34.874016 0.37401575,
  3.8897638 -34.874016 0.62598425,3.8897638 -34.874016 0.37401575] }
 coordIndex [
  3,1,0,-1,3,0,2,-1]
  normalPerVertex TRUE
  normal DEF NORM_499 Normal { vector [
  0 1 0,0 1 0,
  0 1 0,0 1 0] }
}
}
DEF SHAPE_500 Shape {
 appearance USE APP_2
 geometry DEF FACE_500 IndexedFaceSet {
  coord DEF COORD_500 Coordinate { point [
  3.8897638 -34.874016 0.37401575,1.5905512 -34.874016 0.37401575,
  3.8897638 -35.125984 0.37401575,1.5905512 -35.125984 0.37401575] }
 coordIndex [
  1,0,2,-1,1,2,3,-1]
  normalPerVertex TRUE
  normal DEF NORM_500 Normal { vector [
  0 0 -1,0 0 -1,
  0 0 -1,0 0 -1] }
}
}
DEF SHAPE_501 Shape {
 appearance USE APP_2
 geometry DEF FACE_501 IndexedFaceSet {
  coord DEF COORD_501 Coordinate { point [
  1.5905512 -35.125984 0.62598425,1.5905512 -35.125984 0.37401575,
  3.8897638 -35.125984 0.62598425,3.8897638 -35.125984 0.37401575] }
 coordIndex [
  3,0,1,-1,3,2,0,-1]
  normalPerVertex TRUE
  normal DEF NORM_501 Normal { vector [
  0 -1 0,0 -1 0,
  0 -1 0,0 -1 0] }
}
}
DEF SHAPE_502 Shape {
 appearance USE APP_2
 geometry DEF FACE_502 IndexedFaceSet {
  coord DEF COORD_502 Coordinate { point [
  1.5905512 -34.874016 0.62598425,3.8897638 -34.874016 0.62598425,
  1.5905512 -35.125984 0.62598425,3.8897638 -35.125984 0.62598425] }
 coordIndex [
  1,0,2,-1,1,2,3,-1]
  normalPerVertex TRUE
  normal DEF NORM_502 Normal { vector [
  0 0 1,0 0 1,
  0 0 1,0 0 1] }
}
}
DEF SHAPE_503 Shape {
 appearance USE APP_2
 geometry DEF FACE_503 IndexedFaceSet {
  coord DEF COORD_503 Coordinate { point [
  3.8897638 -33.874016 0.37401575,1.5905512 -33.874016 0.37401575,
  3.8897638 -34.125984 0.37401575,1.5905512 -34.125984 0.37401575] }
 coordIndex [
  1,0,2,-1,1,2,3,-1]
  normalPerVertex TRUE
  normal DEF NORM_503 Normal { vector [
  0 0 -1,0 0 -1,
  0 0 -1,0 0 -1] }
}
}
DEF SHAPE_504 Shape {
 appearance USE APP_2
 geometry DEF FACE_504 IndexedFaceSet {
  coord DEF COORD_504 Coordinate { point [
  1.5905512 -34.125984 0.62598425,1.5905512 -34.125984 0.37401575,
  3.8897638 -34.125984 0.62598425,3.8897638 -34.125984 0.37401575] }
 coordIndex [
  3,0,1,-1,3,2,0,-1]
  normalPerVertex TRUE
  normal DEF NORM_504 Normal { vector [
  0 -1 0,0 -1 0,
  0 -1 0,0 -1 0] }
}
}
DEF SHAPE_505 Shape {
 appearance USE APP_2
 geometry DEF FACE_505 IndexedFaceSet {
  coord DEF COORD_505 Coordinate { point [
  1.5905512 -33.874016 0.62598425,3.8897638 -33.874016 0.62598425,
  1.5905512 -34.125984 0.62598425,3.8897638 -34.125984 0.62598425] }
 coordIndex [
  1,0,2,-1,1,2,3,-1]
  normalPerVertex TRUE
  normal DEF NORM_505 Normal { vector [
  0 0 1,0 0 1,
  0 0 1,0 0 1] }
}
}
DEF SHAPE_506 Shape {
 appearance USE APP_2
 geometry DEF FACE_506 IndexedFaceSet {
  coord DEF COORD_506 Coordinate { point [
  1.5905512 -33.874016 0.62598425,1.5905512 -33.874016 0.37401575,
  3.8897638 -33.874016 0.62598425,3.8897638 -33.874016 0.37401575] }
 coordIndex [
  3,1,0,-1,3,0,2,-1]
  normalPerVertex TRUE
  normal DEF NORM_506 Normal { vector [
  0 1 0,0 1 0,
  0 1 0,0 1 0] }
}
}
DEF SHAPE_507 Shape {
 appearance USE APP_2
 geometry DEF FACE_507 IndexedFaceSet {
  coord DEF COORD_507 Coordinate { point [
  1.5905512 -32.874016 0.62598425,3.8897638 -32.874016 0.62598425,
  1.5905512 -33.125984 0.62598425,3.8897638 -33.125984 0.62598425] }
 coordIndex [
  1,0,2,-1,1,2,3,-1]
  normalPerVertex TRUE
  normal DEF NORM_507 Normal { vector [
  0 0 1,0 0 1,
  0 0 1,0 0 1] }
}
}
DEF SHAPE_508 Shape {
 appearance USE APP_2
 geometry DEF FACE_508 IndexedFaceSet {
  coord DEF COORD_508 Coordinate { point [
  1.5905512 -32.874016 0.62598425,1.5905512 -32.874016 0.37401575,
  3.8897638 -32.874016 0.62598425,3.8897638 -32.874016 0.37401575] }
 coordIndex [
  3,1,0,-1,3,0,2,-1]
  normalPerVertex TRUE
  normal DEF NORM_508 Normal { vector [
  0 1 0,0 1 0,
  0 1 0,0 1 0] }
}
}
DEF SHAPE_509 Shape {
 appearance USE APP_2
 geometry DEF FACE_509 IndexedFaceSet {
  coord DEF COORD_509 Coordinate { point [
  3.8897638 -32.874016 0.37401575,1.5905512 -32.874016 0.37401575,
  3.8897638 -33.125984 0.37401575,1.5905512 -33.125984 0.37401575] }
 coordIndex [
  1,0,2,-1,1,2,3,-1]
  normalPerVertex TRUE
  normal DEF NORM_509 Normal { vector [
  0 0 -1,0 0 -1,
  0 0 -1,0 0 -1] }
}
}
DEF SHAPE_510 Shape {
 appearance USE APP_2
 geometry DEF FACE_510 IndexedFaceSet {
  coord DEF COORD_510 Coordinate { point [
  1.5905512 -33.125984 0.62598425,1.5905512 -33.125984 0.37401575,
  3.8897638 -33.125984 0.62598425,3.8897638 -33.125984 0.37401575] }
 coordIndex [
  3,0,1,-1,3,2,0,-1]
  normalPerVertex TRUE
  normal DEF NORM_510 Normal { vector [
  0 -1 0,0 -1 0,
  0 -1 0,0 -1 0] }
}
}
DEF SHAPE_511 Shape {
 appearance USE APP_2
 geometry DEF FACE_511 IndexedFaceSet {
  coord DEF COORD_511 Coordinate { point [
  1.5905512 -30.874016 0.62598425,3.8897638 -30.874016 0.62598425,
  1.5905512 -31.125984 0.62598425,3.8897638 -31.125984 0.62598425] }
 coordIndex [
  1,0,2,-1,1,2,3,-1]
  normalPerVertex TRUE
  normal DEF NORM_511 Normal { vector [
  0 0 1,0 0 1,
  0 0 1,0 0 1] }
}
}
DEF SHAPE_512 Shape {
 appearance USE APP_2
 geometry DEF FACE_512 IndexedFaceSet {
  coord DEF COORD_512 Coordinate { point [
  1.5905512 -30.874016 0.62598425,1.5905512 -30.874016 0.37401575,
  3.8897638 -30.874016 0.62598425,3.8897638 -30.874016 0.37401575] }
 coordIndex [
  3,1,0,-1,3,0,2,-1]
  normalPerVertex TRUE
  normal DEF NORM_512 Normal { vector [
  0 1 0,0 1 0,
  0 1 0,0 1 0] }
}
}
DEF SHAPE_513 Shape {
 appearance USE APP_2
 geometry DEF FACE_513 IndexedFaceSet {
  coord DEF COORD_513 Coordinate { point [
  3.8897638 -30.874016 0.37401575,1.5905512 -30.874016 0.37401575,
  3.8897638 -31.125984 0.37401575,1.5905512 -31.125984 0.37401575] }
 coordIndex [
  1,0,2,-1,1,2,3,-1]
  normalPerVertex TRUE
  normal DEF NORM_513 Normal { vector [
  0 0 -1,0 0 -1,
  0 0 -1,0 0 -1] }
}
}
DEF SHAPE_514 Shape {
 appearance USE APP_2
 geometry DEF FACE_514 IndexedFaceSet {
  coord DEF COORD_514 Coordinate { point [
  1.5905512 -31.125984 0.62598425,1.5905512 -31.125984 0.37401575,
  3.8897638 -31.125984 0.62598425,3.8897638 -31.125984 0.37401575] }
 coordIndex [
  3,0,1,-1,3,2,0,-1]
  normalPerVertex TRUE
  normal DEF NORM_514 Normal { vector [
  0 -1 0,0 -1 0,
  0 -1 0,0 -1 0] }
}
}
DEF SHAPE_515 Shape {
 appearance USE APP_2
 geometry DEF FACE_515 IndexedFaceSet {
  coord DEF COORD_515 Coordinate { point [
  1.5905512 -31.874016 0.62598425,1.5905512 -31.874016 0.37401575,
  3.8897638 -31.874016 0.62598425,3.8897638 -31.874016 0.37401575] }
 coordIndex [
  3,1,0,-1,3,0,2,-1]
  normalPerVertex TRUE
  normal DEF NORM_515 Normal { vector [
  0 1 0,0 1 0,
  0 1 0,0 1 0] }
}
}
DEF SHAPE_516 Shape {
 appearance USE APP_2
 geometry DEF FACE_516 IndexedFaceSet {
  coord DEF COORD_516 Coordinate { point [
  3.8897638 -31.874016 0.37401575,1.5905512 -31.874016 0.37401575,
  3.8897638 -32.125984 0.37401575,1.5905512 -32.125984 0.37401575] }
 coordIndex [
  1,0,2,-1,1,2,3,-1]
  normalPerVertex TRUE
  normal DEF NORM_516 Normal { vector [
  0 0 -1,0 0 -1,
  0 0 -1,0 0 -1] }
}
}
DEF SHAPE_517 Shape {
 appearance USE APP_2
 geometry DEF FACE_517 IndexedFaceSet {
  coord DEF COORD_517 Coordinate { point [
  1.5905512 -32.125984 0.62598425,1.5905512 -32.125984 0.37401575,
  3.8897638 -32.125984 0.62598425,3.8897638 -32.125984 0.37401575] }
 coordIndex [
  3,0,1,-1,3,2,0,-1]
  normalPerVertex TRUE
  normal DEF NORM_517 Normal { vector [
  0 -1 0,0 -1 0,
  0 -1 0,0 -1 0] }
}
}
DEF SHAPE_518 Shape {
 appearance USE APP_2
 geometry DEF FACE_518 IndexedFaceSet {
  coord DEF COORD_518 Coordinate { point [
  1.5905512 -31.874016 0.62598425,3.8897638 -31.874016 0.62598425,
  1.5905512 -32.125984 0.62598425,3.8897638 -32.125984 0.62598425] }
 coordIndex [
  1,0,2,-1,1,2,3,-1]
  normalPerVertex TRUE
  normal DEF NORM_518 Normal { vector [
  0 0 1,0 0 1,
  0 0 1,0 0 1] }
}
}
DEF SHAPE_519 Shape {
 appearance USE APP_2
 geometry DEF FACE_519 IndexedFaceSet {
  coord DEF COORD_519 Coordinate { point [
  3.8897638 -1.8740157 0.37401575,1.5905512 -1.8740157 0.37401575,
  3.8897638 -2.1259843 0.37401575,1.5905512 -2.1259843 0.37401575] }
 coordIndex [
  1,0,2,-1,1,2,3,-1]
  normalPerVertex TRUE
  normal DEF NORM_519 Normal { vector [
  0 0 -1,0 0 -1,
  0 0 -1,0 0 -1] }
}
}
DEF SHAPE_520 Shape {
 appearance USE APP_2
 geometry DEF FACE_520 IndexedFaceSet {
  coord DEF COORD_520 Coordinate { point [
  1.5905512 -2.1259843 0.62598425,1.5905512 -2.1259843 0.37401575,
  3.8897638 -2.1259843 0.62598425,3.8897638 -2.1259843 0.37401575] }
 coordIndex [
  3,0,1,-1,3,2,0,-1]
  normalPerVertex TRUE
  normal DEF NORM_520 Normal { vector [
  0 -1 0,0 -1 0,
  0 -1 0,0 -1 0] }
}
}
DEF SHAPE_521 Shape {
 appearance USE APP_2
 geometry DEF FACE_521 IndexedFaceSet {
  coord DEF COORD_521 Coordinate { point [
  1.5905512 -1.8740157 0.62598425,3.8897638 -1.8740157 0.62598425,
  1.5905512 -2.1259843 0.62598425,3.8897638 -2.1259843 0.62598425] }
 coordIndex [
  1,0,2,-1,1,2,3,-1]
  normalPerVertex TRUE
  normal DEF NORM_521 Normal { vector [
  0 0 1,0 0 1,
  0 0 1,0 0 1] }
}
}
DEF SHAPE_522 Shape {
 appearance USE APP_2
 geometry DEF FACE_522 IndexedFaceSet {
  coord DEF COORD_522 Coordinate { point [
  1.5905512 -1.8740157 0.62598425,1.5905512 -1.8740157 0.37401575,
  3.8897638 -1.8740157 0.62598425,3.8897638 -1.8740157 0.37401575] }
 coordIndex [
  3,1,0,-1,3,0,2,-1]
  normalPerVertex TRUE
  normal DEF NORM_522 Normal { vector [
  0 1 0,0 1 0,
  0 1 0,0 1 0] }
}
}
DEF SHAPE_523 Shape {
 appearance USE APP_2
 geometry DEF FACE_523 IndexedFaceSet {
  coord DEF COORD_523 Coordinate { point [
  1.5905512 -2.8740157 0.62598425,3.8897638 -2.8740157 0.62598425,
  1.5905512 -3.1259843 0.62598425,3.8897638 -3.1259843 0.62598425] }
 coordIndex [
  1,0,2,-1,1,2,3,-1]
  normalPerVertex TRUE
  normal DEF NORM_523 Normal { vector [
  0 0 1,0 0 1,
  0 0 1,0 0 1] }
}
}
DEF SHAPE_524 Shape {
 appearance USE APP_2
 geometry DEF FACE_524 IndexedFaceSet {
  coord DEF COORD_524 Coordinate { point [
  1.5905512 -2.8740157 0.62598425,1.5905512 -2.8740157 0.37401575,
  3.8897638 -2.8740157 0.62598425,3.8897638 -2.8740157 0.37401575] }
 coordIndex [
  3,1,0,-1,3,0,2,-1]
  normalPerVertex TRUE
  normal DEF NORM_524 Normal { vector [
  0 1 0,0 1 0,
  0 1 0,0 1 0] }
}
}
DEF SHAPE_525 Shape {
 appearance USE APP_2
 geometry DEF FACE_525 IndexedFaceSet {
  coord DEF COORD_525 Coordinate { point [
  3.8897638 -2.8740157 0.37401575,1.5905512 -2.8740157 0.37401575,
  3.8897638 -3.1259843 0.37401575,1.5905512 -3.1259843 0.37401575] }
 coordIndex [
  1,0,2,-1,1,2,3,-1]
  normalPerVertex TRUE
  normal DEF NORM_525 Normal { vector [
  0 0 -1,0 0 -1,
  0 0 -1,0 0 -1] }
}
}
DEF SHAPE_526 Shape {
 appearance USE APP_2
 geometry DEF FACE_526 IndexedFaceSet {
  coord DEF COORD_526 Coordinate { point [
  1.5905512 -3.1259843 0.62598425,1.5905512 -3.1259843 0.37401575,
  3.8897638 -3.1259843 0.62598425,3.8897638 -3.1259843 0.37401575] }
 coordIndex [
  3,0,1,-1,3,2,0,-1]
  normalPerVertex TRUE
  normal DEF NORM_526 Normal { vector [
  0 -1 0,0 -1 0,
  0 -1 0,0 -1 0] }
}
}
DEF SHAPE_527 Shape {
 appearance USE APP_2
 geometry DEF FACE_527 IndexedFaceSet {
  coord DEF COORD_527 Coordinate { point [
  3.8897638 -3.8740157 0.37401575,1.5905512 -3.8740157 0.37401575,
  3.8897638 -4.1259843 0.37401575,1.5905512 -4.1259843 0.37401575] }
 coordIndex [
  1,0,2,-1,1,2,3,-1]
  normalPerVertex TRUE
  normal DEF NORM_527 Normal { vector [
  0 0 -1,0 0 -1,
  0 0 -1,0 0 -1] }
}
}
DEF SHAPE_528 Shape {
 appearance USE APP_2
 geometry DEF FACE_528 IndexedFaceSet {
  coord DEF COORD_528 Coordinate { point [
  1.5905512 -4.1259843 0.62598425,1.5905512 -4.1259843 0.37401575,
  3.8897638 -4.1259843 0.62598425,3.8897638 -4.1259843 0.37401575] }
 coordIndex [
  3,0,1,-1,3,2,0,-1]
  normalPerVertex TRUE
  normal DEF NORM_528 Normal { vector [
  0 -1 0,0 -1 0,
  0 -1 0,0 -1 0] }
}
}
DEF SHAPE_529 Shape {
 appearance USE APP_2
 geometry DEF FACE_529 IndexedFaceSet {
  coord DEF COORD_529 Coordinate { point [
  1.5905512 -3.8740157 0.62598425,3.8897638 -3.8740157 0.62598425,
  1.5905512 -4.1259843 0.62598425,3.8897638 -4.1259843 0.62598425] }
 coordIndex [
  1,0,2,-1,1,2,3,-1]
  normalPerVertex TRUE
  normal DEF NORM_529 Normal { vector [
  0 0 1,0 0 1,
  0 0 1,0 0 1] }
}
}
DEF SHAPE_530 Shape {
 appearance USE APP_2
 geometry DEF FACE_530 IndexedFaceSet {
  coord DEF COORD_530 Coordinate { point [
  1.5905512 -3.8740157 0.62598425,1.5905512 -3.8740157 0.37401575,
  3.8897638 -3.8740157 0.62598425,3.8897638 -3.8740157 0.37401575] }
 coordIndex [
  3,1,0,-1,3,0,2,-1]
  normalPerVertex TRUE
  normal DEF NORM_530 Normal { vector [
  0 1 0,0 1 0,
  0 1 0,0 1 0] }
}
}
DEF SHAPE_531 Shape {
 appearance USE APP_2
 geometry DEF FACE_531 IndexedFaceSet {
  coord DEF COORD_531 Coordinate { point [
  1.5905512 -0.87401575 0.62598425,1.5905512 -0.87401575 0.37401575,
  3.8897638 -0.87401575 0.62598425,3.8897638 -0.87401575 0.37401575] }
 coordIndex [
  3,1,0,-1,3,0,2,-1]
  normalPerVertex TRUE
  normal DEF NORM_531 Normal { vector [
  0 1 0,0 1 0,
  0 1 0,0 1 0] }
}
}
DEF SHAPE_532 Shape {
 appearance USE APP_2
 geometry DEF FACE_532 IndexedFaceSet {
  coord DEF COORD_532 Coordinate { point [
  3.8897638 -0.87401575 0.37401575,1.5905512 -0.87401575 0.37401575,
  3.8897638 -1.1259843 0.37401575,1.5905512 -1.1259843 0.37401575] }
 coordIndex [
  1,0,2,-1,1,2,3,-1]
  normalPerVertex TRUE
  normal DEF NORM_532 Normal { vector [
  0 0 -1,0 0 -1,
  0 0 -1,0 0 -1] }
}
}
DEF SHAPE_533 Shape {
 appearance USE APP_2
 geometry DEF FACE_533 IndexedFaceSet {
  coord DEF COORD_533 Coordinate { point [
  1.5905512 -1.1259843 0.62598425,1.5905512 -1.1259843 0.37401575,
  3.8897638 -1.1259843 0.62598425,3.8897638 -1.1259843 0.37401575] }
 coordIndex [
  3,0,1,-1,3,2,0,-1]
  normalPerVertex TRUE
  normal DEF NORM_533 Normal { vector [
  0 -1 0,0 -1 0,
  0 -1 0,0 -1 0] }
}
}
DEF SHAPE_534 Shape {
 appearance USE APP_2
 geometry DEF FACE_534 IndexedFaceSet {
  coord DEF COORD_534 Coordinate { point [
  1.5905512 -0.87401575 0.62598425,3.8897638 -0.87401575 0.62598425,
  1.5905512 -1.1259843 0.62598425,3.8897638 -1.1259843 0.62598425] }
 coordIndex [
  1,0,2,-1,1,2,3,-1]
  normalPerVertex TRUE
  normal DEF NORM_534 Normal { vector [
  0 0 1,0 0 1,
  0 0 1,0 0 1] }
}
}
DEF SHAPE_535 Shape {
 appearance USE APP_2
 geometry DEF FACE_535 IndexedFaceSet {
  coord DEF COORD_535 Coordinate { point [
  1.5905512 -36.874016 0.62598425,3.8897638 -36.874016 0.62598425,
  1.5905512 -37.125984 0.62598425,3.8897638 -37.125984 0.62598425] }
 coordIndex [
  1,0,2,-1,1,2,3,-1]
  normalPerVertex TRUE
  normal DEF NORM_535 Normal { vector [
  0 0 1,0 0 1,
  0 0 1,0 0 1] }
}
}
DEF SHAPE_536 Shape {
 appearance USE APP_2
 geometry DEF FACE_536 IndexedFaceSet {
  coord DEF COORD_536 Coordinate { point [
  1.5905512 -36.874016 0.62598425,1.5905512 -36.874016 0.37401575,
  3.8897638 -36.874016 0.62598425,3.8897638 -36.874016 0.37401575] }
 coordIndex [
  3,1,0,-1,3,0,2,-1]
  normalPerVertex TRUE
  normal DEF NORM_536 Normal { vector [
  0 1 0,0 1 0,
  0 1 0,0 1 0] }
}
}
DEF SHAPE_537 Shape {
 appearance USE APP_2
 geometry DEF FACE_537 IndexedFaceSet {
  coord DEF COORD_537 Coordinate { point [
  3.8897638 -36.874016 0.37401575,1.5905512 -36.874016 0.37401575,
  3.8897638 -37.125984 0.37401575,1.5905512 -37.125984 0.37401575] }
 coordIndex [
  1,0,2,-1,1,2,3,-1]
  normalPerVertex TRUE
  normal DEF NORM_537 Normal { vector [
  0 0 -1,0 0 -1,
  0 0 -1,0 0 -1] }
}
}
DEF SHAPE_538 Shape {
 appearance USE APP_2
 geometry DEF FACE_538 IndexedFaceSet {
  coord DEF COORD_538 Coordinate { point [
  1.5905512 -37.125984 0.62598425,1.5905512 -37.125984 0.37401575,
  3.8897638 -37.125984 0.62598425,3.8897638 -37.125984 0.37401575] }
 coordIndex [
  3,0,1,-1,3,2,0,-1]
  normalPerVertex TRUE
  normal DEF NORM_538 Normal { vector [
  0 -1 0,0 -1 0,
  0 -1 0,0 -1 0] }
}
}
DEF SHAPE_539 Shape {
 appearance USE APP_2
 geometry DEF FACE_539 IndexedFaceSet {
  coord DEF COORD_539 Coordinate { point [
  1.5905512 -35.874016 0.62598425,3.8897638 -35.874016 0.62598425,
  1.5905512 -36.125984 0.62598425,3.8897638 -36.125984 0.62598425] }
 coordIndex [
  1,0,2,-1,1,2,3,-1]
  normalPerVertex TRUE
  normal DEF NORM_539 Normal { vector [
  0 0 1,0 0 1,
  0 0 1,0 0 1] }
}
}
DEF SHAPE_540 Shape {
 appearance USE APP_2
 geometry DEF FACE_540 IndexedFaceSet {
  coord DEF COORD_540 Coordinate { point [
  1.5905512 -35.874016 0.62598425,1.5905512 -35.874016 0.37401575,
  3.8897638 -35.874016 0.62598425,3.8897638 -35.874016 0.37401575] }
 coordIndex [
  3,1,0,-1,3,0,2,-1]
  normalPerVertex TRUE
  normal DEF NORM_540 Normal { vector [
  0 1 0,0 1 0,
  0 1 0,0 1 0] }
}
}
DEF SHAPE_541 Shape {
 appearance USE APP_2
 geometry DEF FACE_541 IndexedFaceSet {
  coord DEF COORD_541 Coordinate { point [
  3.8897638 -35.874016 0.37401575,1.5905512 -35.874016 0.37401575,
  3.8897638 -36.125984 0.37401575,1.5905512 -36.125984 0.37401575] }
 coordIndex [
  1,0,2,-1,1,2,3,-1]
  normalPerVertex TRUE
  normal DEF NORM_541 Normal { vector [
  0 0 -1,0 0 -1,
  0 0 -1,0 0 -1] }
}
}
DEF SHAPE_542 Shape {
 appearance USE APP_2
 geometry DEF FACE_542 IndexedFaceSet {
  coord DEF COORD_542 Coordinate { point [
  1.5905512 -36.125984 0.62598425,1.5905512 -36.125984 0.37401575,
  3.8897638 -36.125984 0.62598425,3.8897638 -36.125984 0.37401575] }
 coordIndex [
  3,0,1,-1,3,2,0,-1]
  normalPerVertex TRUE
  normal DEF NORM_542 Normal { vector [
  0 -1 0,0 -1 0,
  0 -1 0,0 -1 0] }
}
}
DEF SHAPE_543 Shape {
 appearance USE APP_2
 geometry DEF FACE_543 IndexedFaceSet {
  coord DEF COORD_543 Coordinate { point [
  3.8897638 -37.874016 0.37401575,1.5905512 -37.874016 0.37401575,
  3.8897638 -38.125984 0.37401575,1.5905512 -38.125984 0.37401575] }
 coordIndex [
  1,0,2,-1,1,2,3,-1]
  normalPerVertex TRUE
  normal DEF NORM_543 Normal { vector [
  0 0 -1,0 0 -1,
  0 0 -1,0 0 -1] }
}
}
DEF SHAPE_544 Shape {
 appearance USE APP_2
 geometry DEF FACE_544 IndexedFaceSet {
  coord DEF COORD_544 Coordinate { point [
  1.5905512 -38.125984 0.62598425,1.5905512 -38.125984 0.37401575,
  3.8897638 -38.125984 0.62598425,3.8897638 -38.125984 0.37401575] }
 coordIndex [
  3,0,1,-1,3,2,0,-1]
  normalPerVertex TRUE
  normal DEF NORM_544 Normal { vector [
  0 -1 0,0 -1 0,
  0 -1 0,0 -1 0] }
}
}
DEF SHAPE_545 Shape {
 appearance USE APP_2
 geometry DEF FACE_545 IndexedFaceSet {
  coord DEF COORD_545 Coordinate { point [
  1.5905512 -37.874016 0.62598425,3.8897638 -37.874016 0.62598425,
  1.5905512 -38.125984 0.62598425,3.8897638 -38.125984 0.62598425] }
 coordIndex [
  1,0,2,-1,1,2,3,-1]
  normalPerVertex TRUE
  normal DEF NORM_545 Normal { vector [
  0 0 1,0 0 1,
  0 0 1,0 0 1] }
}
}
DEF SHAPE_546 Shape {
 appearance USE APP_2
 geometry DEF FACE_546 IndexedFaceSet {
  coord DEF COORD_546 Coordinate { point [
  1.5905512 -37.874016 0.62598425,1.5905512 -37.874016 0.37401575,
  3.8897638 -37.874016 0.62598425,3.8897638 -37.874016 0.37401575] }
 coordIndex [
  3,1,0,-1,3,0,2,-1]
  normalPerVertex TRUE
  normal DEF NORM_546 Normal { vector [
  0 1 0,0 1 0,
  0 1 0,0 1 0] }
}
}
DEF SHAPE_547 Shape {
 appearance USE APP_2
 geometry DEF FACE_547 IndexedFaceSet {
  coord DEF COORD_547 Coordinate { point [
  1.5905512 0.12598425 0.62598425,1.5905512 0.12598425 0.37401575,
  3.8897638 0.12598425 0.62598425,3.8897638 0.12598425 0.37401575] }
 coordIndex [
  3,1,0,-1,3,0,2,-1]
  normalPerVertex TRUE
  normal DEF NORM_547 Normal { vector [
  0 1 0,0 1 0,
  0 1 0,0 1 0] }
}
}
DEF SHAPE_548 Shape {
 appearance USE APP_2
 geometry DEF FACE_548 IndexedFaceSet {
  coord DEF COORD_548 Coordinate { point [
  3.8897638 0.12598425 0.37401575,1.5905512 0.12598425 0.37401575,
  3.8897638 -0.12598425 0.37401575,1.5905512 -0.12598425 0.37401575] }
 coordIndex [
  1,0,2,-1,1,2,3,-1]
  normalPerVertex TRUE
  normal DEF NORM_548 Normal { vector [
  0 0 -1,0 0 -1,
  0 0 -1,0 0 -1] }
}
}
DEF SHAPE_549 Shape {
 appearance USE APP_2
 geometry DEF FACE_549 IndexedFaceSet {
  coord DEF COORD_549 Coordinate { point [
  1.5905512 -0.12598425 0.62598425,1.5905512 -0.12598425 0.37401575,
  3.8897638 -0.12598425 0.62598425,3.8897638 -0.12598425 0.37401575] }
 coordIndex [
  3,0,1,-1,3,2,0,-1]
  normalPerVertex TRUE
  normal DEF NORM_549 Normal { vector [
  0 -1 0,0 -1 0,
  0 -1 0,0 -1 0] }
}
}
DEF SHAPE_550 Shape {
 appearance USE APP_2
 geometry DEF FACE_550 IndexedFaceSet {
  coord DEF COORD_550 Coordinate { point [
  1.5905512 0.12598425 0.62598425,3.8897638 0.12598425 0.62598425,
  1.5905512 -0.12598425 0.62598425,3.8897638 -0.12598425 0.62598425] }
 coordIndex [
  1,0,2,-1,1,2,3,-1]
  normalPerVertex TRUE
  normal DEF NORM_550 Normal { vector [
  0 0 1,0 0 1,
  0 0 1,0 0 1] }
}
}
DEF SHAPE_551 Shape {
 appearance USE APP_2
 geometry DEF FACE_551 IndexedFaceSet {
  coord DEF COORD_551 Coordinate { point [
  -0.12598425 -27.874016 0.37401575,-0.12598425 -28.125984 0.37401575,
  -0.11739863 -28.125984 0.43923,-0.092226873 -28.125984 0.5,
  -0.052184386 -28.125984 0.55218439,0 -28.125984 0.59222687,
  0.060770004 -28.125984 0.61739863,0.12598425 -28.125984 0.62598425,
  0.12598425 -27.874016 0.62598425,-0.11739863 -27.874016 0.43923,
  -0.092226873 -27.874016 0.5,-0.052184386 -27.874016 0.55218439,
  0 -27.874016 0.59222687,0.060770004 -27.874016 0.61739863] }
 coordIndex [
  6,7,8,-1,6,8,13,-1,5,13,12,-1,5,6,13,-1,4,12,11,-1,4,5,12,-1,3,11,10,-1,3,4,11,-1,
  2,9,0,-1,2,10,9,-1,2,3,10,-1,1,2,0,-1]
  normalPerVertex TRUE
  normal DEF NORM_551 Normal { vector [
  -0.99144486 0 0.13052619,-0.99144486 0 0.13052619,
  -0.96592583 0 0.25881905,-0.84327172 0 0.5374875,
  -0.67542593 0 0.73742784,-0.46155098 0 0.88711369,
  -0.21622209 0 0.9763442,-0.13052619 0 0.99144486,
  -0.13052619 0 0.99144486,-0.96592583 0 0.25881905,
  -0.88711369 0 0.46155098,-0.73742784 0 0.67542593,
  -0.5374875 0 0.84327172,-0.30091828 0 0.95364993] }
}
}
DEF SHAPE_552 Shape {
 appearance USE APP_2
 geometry DEF FACE_552 IndexedFaceSet {
  coord DEF COORD_552 Coordinate { point [
  -0.12598425 -27.874016 -1.1181102,-0.12598425 -27.874016 0.37401575,
  -0.12598425 -28.125984 -1.1181102,-0.12598425 -28.125984 0.37401575] }
 coordIndex [
  1,0,2,-1,1,2,3,-1]
  normalPerVertex TRUE
  normal DEF NORM_552 Normal { vector [
  -1 0 0,-1 0 0,
  -1 0 0,-1 0 0] }
}
}
DEF SHAPE_553 Shape {
 appearance USE APP_2
 geometry DEF FACE_553 IndexedFaceSet {
  coord DEF COORD_553 Coordinate { point [
  0.062992126 -27.937008 -1.1811024,-0.062992126 -27.937008 -1.1811024,
  -0.12598425 -27.874016 -1.1181102,0.12598425 -27.874016 -1.1181102] }
 coordIndex [
  0,1,2,-1,0,2,3,-1]
  normalPerVertex TRUE
  normal DEF NORM_553 Normal { vector [
  0 0.70710678 -0.70710678,0 0.70710678 -0.70710678,
  0 0.70710678 -0.70710678,0 0.70710678 -0.70710678] }
}
}
DEF SHAPE_554 Shape {
 appearance USE APP_2
 geometry DEF FACE_554 IndexedFaceSet {
  coord DEF COORD_554 Coordinate { point [
  0.12598425 -27.874016 0.37401575,0.12598425 -27.874016 -1.1181102,
  0.12598425 -28.125984 0.37401575,0.12598425 -28.125984 -1.1181102] }
 coordIndex [
  1,0,2,-1,1,2,3,-1]
  normalPerVertex TRUE
  normal DEF NORM_554 Normal { vector [
  1 0 0,1 0 0,
  1 0 0,1 0 0] }
}
}
DEF SHAPE_555 Shape {
 appearance USE APP_2
 geometry DEF FACE_555 IndexedFaceSet {
  coord DEF COORD_555 Coordinate { point [
  0.062992126 -28.062992 -1.1811024,0.12598425 -28.125984 -1.1181102,
  -0.062992126 -28.062992 -1.1811024,-0.12598425 -28.125984 -1.1181102] }
 coordIndex [
  3,0,1,-1,3,2,0,-1]
  normalPerVertex TRUE
  normal DEF NORM_555 Normal { vector [
  0 -0.70710678 -0.70710678,0 -0.70710678 -0.70710678,
  0 -0.70710678 -0.70710678,0 -0.70710678 -0.70710678] }
}
}
DEF SHAPE_556 Shape {
 appearance USE APP_2
 geometry DEF FACE_556 IndexedFaceSet {
  coord DEF COORD_556 Coordinate { point [
  -0.12598425 -26.874016 0.37401575,-0.12598425 -27.125984 0.37401575,
  -0.11739863 -27.125984 0.43923,-0.092226873 -27.125984 0.5,
  -0.052184386 -27.125984 0.55218439,0 -27.125984 0.59222687,
  0.060770004 -27.125984 0.61739863,0.12598425 -27.125984 0.62598425,
  0.12598425 -26.874016 0.62598425,-0.11739863 -26.874016 0.43923,
  -0.092226873 -26.874016 0.5,-0.052184386 -26.874016 0.55218439,
  0 -26.874016 0.59222687,0.060770004 -26.874016 0.61739863] }
 coordIndex [
  6,7,8,-1,6,8,13,-1,5,13,12,-1,5,6,13,-1,4,12,11,-1,4,5,12,-1,3,11,10,-1,3,4,11,-1,
  2,9,0,-1,2,10,9,-1,2,3,10,-1,1,2,0,-1]
  normalPerVertex TRUE
  normal DEF NORM_556 Normal { vector [
  -0.99144486 0 0.13052619,-0.99144486 0 0.13052619,
  -0.96592583 0 0.25881905,-0.84327172 0 0.5374875,
  -0.67542593 0 0.73742784,-0.46155098 0 0.88711369,
  -0.21622209 0 0.9763442,-0.13052619 0 0.99144486,
  -0.13052619 0 0.99144486,-0.96592583 0 0.25881905,
  -0.88711369 0 0.46155098,-0.73742784 0 0.67542593,
  -0.5374875 0 0.84327172,-0.30091828 0 0.95364993] }
}
}
DEF SHAPE_557 Shape {
 appearance USE APP_2
 geometry DEF FACE_557 IndexedFaceSet {
  coord DEF COORD_557 Coordinate { point [
  -0.12598425 -26.874016 -1.1181102,-0.12598425 -26.874016 0.37401575,
  -0.12598425 -27.125984 -1.1181102,-0.12598425 -27.125984 0.37401575] }
 coordIndex [
  1,0,2,-1,1,2,3,-1]
  normalPerVertex TRUE
  normal DEF NORM_557 Normal { vector [
  -1 0 0,-1 0 0,
  -1 0 0,-1 0 0] }
}
}
DEF SHAPE_558 Shape {
 appearance USE APP_2
 geometry DEF FACE_558 IndexedFaceSet {
  coord DEF COORD_558 Coordinate { point [
  0.062992126 -26.937008 -1.1811024,-0.062992126 -26.937008 -1.1811024,
  -0.12598425 -26.874016 -1.1181102,0.12598425 -26.874016 -1.1181102] }
 coordIndex [
  0,1,2,-1,0,2,3,-1]
  normalPerVertex TRUE
  normal DEF NORM_558 Normal { vector [
  0 0.70710678 -0.70710678,0 0.70710678 -0.70710678,
  0 0.70710678 -0.70710678,0 0.70710678 -0.70710678] }
}
}
DEF SHAPE_559 Shape {
 appearance USE APP_2
 geometry DEF FACE_559 IndexedFaceSet {
  coord DEF COORD_559 Coordinate { point [
  0.12598425 -26.874016 0.37401575,0.12598425 -26.874016 -1.1181102,
  0.12598425 -27.125984 0.37401575,0.12598425 -27.125984 -1.1181102] }
 coordIndex [
  1,0,2,-1,1,2,3,-1]
  normalPerVertex TRUE
  normal DEF NORM_559 Normal { vector [
  1 0 0,1 0 0,
  1 0 0,1 0 0] }
}
}
DEF SHAPE_560 Shape {
 appearance USE APP_2
 geometry DEF FACE_560 IndexedFaceSet {
  coord DEF COORD_560 Coordinate { point [
  0.062992126 -27.062992 -1.1811024,0.12598425 -27.125984 -1.1181102,
  -0.062992126 -27.062992 -1.1811024,-0.12598425 -27.125984 -1.1181102] }
 coordIndex [
  3,0,1,-1,3,2,0,-1]
  normalPerVertex TRUE
  normal DEF NORM_560 Normal { vector [
  0 -0.70710678 -0.70710678,0 -0.70710678 -0.70710678,
  0 -0.70710678 -0.70710678,0 -0.70710678 -0.70710678] }
}
}
DEF SHAPE_561 Shape {
 appearance USE APP_2
 geometry DEF FACE_561 IndexedFaceSet {
  coord DEF COORD_561 Coordinate { point [
  -0.12598425 -24.874016 0.37401575,-0.12598425 -25.125984 0.37401575,
  -0.11739863 -25.125984 0.43923,-0.092226873 -25.125984 0.5,
  -0.052184386 -25.125984 0.55218439,0 -25.125984 0.59222687,
  0.060770004 -25.125984 0.61739863,0.12598425 -25.125984 0.62598425,
  0.12598425 -24.874016 0.62598425,-0.11739863 -24.874016 0.43923,
  -0.092226873 -24.874016 0.5,-0.052184386 -24.874016 0.55218439,
  0 -24.874016 0.59222687,0.060770004 -24.874016 0.61739863] }
 coordIndex [
  6,7,8,-1,6,8,13,-1,5,13,12,-1,5,6,13,-1,4,12,11,-1,4,5,12,-1,3,11,10,-1,3,4,11,-1,
  2,9,0,-1,2,10,9,-1,2,3,10,-1,1,2,0,-1]
  normalPerVertex TRUE
  normal DEF NORM_561 Normal { vector [
  -0.99144486 0 0.13052619,-0.99144486 0 0.13052619,
  -0.96592583 0 0.25881905,-0.84327172 0 0.5374875,
  -0.67542593 0 0.73742784,-0.46155098 0 0.88711369,
  -0.21622209 0 0.9763442,-0.13052619 0 0.99144486,
  -0.13052619 0 0.99144486,-0.96592583 0 0.25881905,
  -0.88711369 0 0.46155098,-0.73742784 0 0.67542593,
  -0.5374875 0 0.84327172,-0.30091828 0 0.95364993] }
}
}
DEF SHAPE_562 Shape {
 appearance USE APP_2
 geometry DEF FACE_562 IndexedFaceSet {
  coord DEF COORD_562 Coordinate { point [
  -0.12598425 -24.874016 -1.1181102,-0.12598425 -24.874016 0.37401575,
  -0.12598425 -25.125984 -1.1181102,-0.12598425 -25.125984 0.37401575] }
 coordIndex [
  1,0,2,-1,1,2,3,-1]
  normalPerVertex TRUE
  normal DEF NORM_562 Normal { vector [
  -1 0 0,-1 0 0,
  -1 0 0,-1 0 0] }
}
}
DEF SHAPE_563 Shape {
 appearance USE APP_2
 geometry DEF FACE_563 IndexedFaceSet {
  coord DEF COORD_563 Coordinate { point [
  0.062992126 -24.937008 -1.1811024,-0.062992126 -24.937008 -1.1811024,
  -0.12598425 -24.874016 -1.1181102,0.12598425 -24.874016 -1.1181102] }
 coordIndex [
  0,1,2,-1,0,2,3,-1]
  normalPerVertex TRUE
  normal DEF NORM_563 Normal { vector [
  0 0.70710678 -0.70710678,0 0.70710678 -0.70710678,
  0 0.70710678 -0.70710678,0 0.70710678 -0.70710678] }
}
}
DEF SHAPE_564 Shape {
 appearance USE APP_2
 geometry DEF FACE_564 IndexedFaceSet {
  coord DEF COORD_564 Coordinate { point [
  0.12598425 -24.874016 0.37401575,0.12598425 -24.874016 -1.1181102,
  0.12598425 -25.125984 0.37401575,0.12598425 -25.125984 -1.1181102] }
 coordIndex [
  1,0,2,-1,1,2,3,-1]
  normalPerVertex TRUE
  normal DEF NORM_564 Normal { vector [
  1 0 0,1 0 0,
  1 0 0,1 0 0] }
}
}
DEF SHAPE_565 Shape {
 appearance USE APP_2
 geometry DEF FACE_565 IndexedFaceSet {
  coord DEF COORD_565 Coordinate { point [
  0.062992126 -25.062992 -1.1811024,0.12598425 -25.125984 -1.1181102,
  -0.062992126 -25.062992 -1.1811024,-0.12598425 -25.125984 -1.1181102] }
 coordIndex [
  3,0,1,-1,3,2,0,-1]
  normalPerVertex TRUE
  normal DEF NORM_565 Normal { vector [
  0 -0.70710678 -0.70710678,0 -0.70710678 -0.70710678,
  0 -0.70710678 -0.70710678,0 -0.70710678 -0.70710678] }
}
}
DEF SHAPE_566 Shape {
 appearance USE APP_2
 geometry DEF FACE_566 IndexedFaceSet {
  coord DEF COORD_566 Coordinate { point [
  -0.12598425 -25.874016 0.37401575,-0.12598425 -26.125984 0.37401575,
  -0.11739863 -26.125984 0.43923,-0.092226873 -26.125984 0.5,
  -0.052184386 -26.125984 0.55218439,0 -26.125984 0.59222687,
  0.060770004 -26.125984 0.61739863,0.12598425 -26.125984 0.62598425,
  0.12598425 -25.874016 0.62598425,-0.11739863 -25.874016 0.43923,
  -0.092226873 -25.874016 0.5,-0.052184386 -25.874016 0.55218439,
  0 -25.874016 0.59222687,0.060770004 -25.874016 0.61739863] }
 coordIndex [
  6,7,8,-1,6,8,13,-1,5,13,12,-1,5,6,13,-1,4,12,11,-1,4,5,12,-1,3,11,10,-1,3,4,11,-1,
  2,9,0,-1,2,10,9,-1,2,3,10,-1,1,2,0,-1]
  normalPerVertex TRUE
  normal DEF NORM_566 Normal { vector [
  -0.99144486 0 0.13052619,-0.99144486 0 0.13052619,
  -0.96592583 0 0.25881905,-0.84327172 0 0.5374875,
  -0.67542593 0 0.73742784,-0.46155098 0 0.88711369,
  -0.21622209 0 0.9763442,-0.13052619 0 0.99144486,
  -0.13052619 0 0.99144486,-0.96592583 0 0.25881905,
  -0.88711369 0 0.46155098,-0.73742784 0 0.67542593,
  -0.5374875 0 0.84327172,-0.30091828 0 0.95364993] }
}
}
DEF SHAPE_567 Shape {
 appearance USE APP_2
 geometry DEF FACE_567 IndexedFaceSet {
  coord DEF COORD_567 Coordinate { point [
  -0.12598425 -25.874016 -1.1181102,-0.12598425 -25.874016 0.37401575,
  -0.12598425 -26.125984 -1.1181102,-0.12598425 -26.125984 0.37401575] }
 coordIndex [
  1,0,2,-1,1,2,3,-1]
  normalPerVertex TRUE
  normal DEF NORM_567 Normal { vector [
  -1 0 0,-1 0 0,
  -1 0 0,-1 0 0] }
}
}
DEF SHAPE_568 Shape {
 appearance USE APP_2
 geometry DEF FACE_568 IndexedFaceSet {
  coord DEF COORD_568 Coordinate { point [
  0.062992126 -25.937008 -1.1811024,-0.062992126 -25.937008 -1.1811024,
  -0.12598425 -25.874016 -1.1181102,0.12598425 -25.874016 -1.1181102] }
 coordIndex [
  0,1,2,-1,0,2,3,-1]
  normalPerVertex TRUE
  normal DEF NORM_568 Normal { vector [
  0 0.70710678 -0.70710678,0 0.70710678 -0.70710678,
  0 0.70710678 -0.70710678,0 0.70710678 -0.70710678] }
}
}
DEF SHAPE_569 Shape {
 appearance USE APP_2
 geometry DEF FACE_569 IndexedFaceSet {
  coord DEF COORD_569 Coordinate { point [
  0.12598425 -25.874016 0.37401575,0.12598425 -25.874016 -1.1181102,
  0.12598425 -26.125984 0.37401575,0.12598425 -26.125984 -1.1181102] }
 coordIndex [
  1,0,2,-1,1,2,3,-1]
  normalPerVertex TRUE
  normal DEF NORM_569 Normal { vector [
  1 0 0,1 0 0,
  1 0 0,1 0 0] }
}
}
DEF SHAPE_570 Shape {
 appearance USE APP_2
 geometry DEF FACE_570 IndexedFaceSet {
  coord DEF COORD_570 Coordinate { point [
  0.062992126 -26.062992 -1.1811024,0.12598425 -26.125984 -1.1181102,
  -0.062992126 -26.062992 -1.1811024,-0.12598425 -26.125984 -1.1181102] }
 coordIndex [
  3,0,1,-1,3,2,0,-1]
  normalPerVertex TRUE
  normal DEF NORM_570 Normal { vector [
  0 -0.70710678 -0.70710678,0 -0.70710678 -0.70710678,
  0 -0.70710678 -0.70710678,0 -0.70710678 -0.70710678] }
}
}
DEF SHAPE_571 Shape {
 appearance USE APP_2
 geometry DEF FACE_571 IndexedFaceSet {
  coord DEF COORD_571 Coordinate { point [
  -0.12598425 -20.874016 0.37401575,-0.12598425 -21.125984 0.37401575,
  -0.11739863 -21.125984 0.43923,-0.092226873 -21.125984 0.5,
  -0.052184386 -21.125984 0.55218439,0 -21.125984 0.59222687,
  0.060770004 -21.125984 0.61739863,0.12598425 -21.125984 0.62598425,
  0.12598425 -20.874016 0.62598425,-0.11739863 -20.874016 0.43923,
  -0.092226873 -20.874016 0.5,-0.052184386 -20.874016 0.55218439,
  0 -20.874016 0.59222687,0.060770004 -20.874016 0.61739863] }
 coordIndex [
  6,7,8,-1,6,8,13,-1,5,13,12,-1,5,6,13,-1,4,12,11,-1,4,5,12,-1,3,11,10,-1,3,4,11,-1,
  2,10,9,-1,2,3,10,-1,1,9,0,-1,1,2,9,-1]
  normalPerVertex TRUE
  normal DEF NORM_571 Normal { vector [
  -0.99144486 0 0.13052619,-0.99144486 0 0.13052619,
  -0.95364993 0 0.30091828,-0.84327172 0 0.5374875,
  -0.67542593 0 0.73742784,-0.46155098 0 0.88711369,
  -0.21622209 0 0.9763442,-0.13052619 0 0.99144486,
  -0.13052619 0 0.99144486,-0.9763442 0 0.21622209,
  -0.88711369 0 0.46155098,-0.73742784 0 0.67542593,
  -0.5374875 0 0.84327172,-0.30091828 0 0.95364993] }
}
}
DEF SHAPE_572 Shape {
 appearance USE APP_2
 geometry DEF FACE_572 IndexedFaceSet {
  coord DEF COORD_572 Coordinate { point [
  -0.12598425 -20.874016 -1.1181102,-0.12598425 -20.874016 0.37401575,
  -0.12598425 -21.125984 -1.1181102,-0.12598425 -21.125984 0.37401575] }
 coordIndex [
  1,0,2,-1,1,2,3,-1]
  normalPerVertex TRUE
  normal DEF NORM_572 Normal { vector [
  -1 0 0,-1 0 0,
  -1 0 0,-1 0 0] }
}
}
DEF SHAPE_573 Shape {
 appearance USE APP_2
 geometry DEF FACE_573 IndexedFaceSet {
  coord DEF COORD_573 Coordinate { point [
  0.062992126 -20.937008 -1.1811024,-0.062992126 -20.937008 -1.1811024,
  -0.12598425 -20.874016 -1.1181102,0.12598425 -20.874016 -1.1181102] }
 coordIndex [
  0,1,2,-1,0,2,3,-1]
  normalPerVertex TRUE
  normal DEF NORM_573 Normal { vector [
  0 0.70710678 -0.70710678,0 0.70710678 -0.70710678,
  0 0.70710678 -0.70710678,0 0.70710678 -0.70710678] }
}
}
DEF SHAPE_574 Shape {
 appearance USE APP_2
 geometry DEF FACE_574 IndexedFaceSet {
  coord DEF COORD_574 Coordinate { point [
  0.12598425 -20.874016 0.37401575,0.12598425 -20.874016 -1.1181102,
  0.12598425 -21.125984 0.37401575,0.12598425 -21.125984 -1.1181102] }
 coordIndex [
  1,0,2,-1,1,2,3,-1]
  normalPerVertex TRUE
  normal DEF NORM_574 Normal { vector [
  1 0 0,1 0 0,
  1 0 0,1 0 0] }
}
}
DEF SHAPE_575 Shape {
 appearance USE APP_2
 geometry DEF FACE_575 IndexedFaceSet {
  coord DEF COORD_575 Coordinate { point [
  0.062992126 -21.062992 -1.1811024,0.12598425 -21.125984 -1.1181102,
  -0.062992126 -21.062992 -1.1811024,-0.12598425 -21.125984 -1.1181102] }
 coordIndex [
  3,0,1,-1,3,2,0,-1]
  normalPerVertex TRUE
  normal DEF NORM_575 Normal { vector [
  0 -0.70710678 -0.70710678,0 -0.70710678 -0.70710678,
  0 -0.70710678 -0.70710678,0 -0.70710678 -0.70710678] }
}
}
DEF SHAPE_576 Shape {
 appearance USE APP_2
 geometry DEF FACE_576 IndexedFaceSet {
  coord DEF COORD_576 Coordinate { point [
  0.12598425 -21.874016 0.37401575,0.12598425 -21.874016 -1.1181102,
  0.12598425 -22.125984 0.37401575,0.12598425 -22.125984 -1.1181102] }
 coordIndex [
  1,0,2,-1,1,2,3,-1]
  normalPerVertex TRUE
  normal DEF NORM_576 Normal { vector [
  1 0 0,1 0 0,
  1 0 0,1 0 0] }
}
}
DEF SHAPE_577 Shape {
 appearance USE APP_2
 geometry DEF FACE_577 IndexedFaceSet {
  coord DEF COORD_577 Coordinate { point [
  -0.12598425 -21.874016 0.37401575,-0.12598425 -22.125984 0.37401575,
  -0.11739863 -22.125984 0.43923,-0.092226873 -22.125984 0.5,
  -0.052184386 -22.125984 0.55218439,0 -22.125984 0.59222687,
  0.060770004 -22.125984 0.61739863,0.12598425 -22.125984 0.62598425,
  0.12598425 -21.874016 0.62598425,-0.11739863 -21.874016 0.43923,
  -0.092226873 -21.874016 0.5,-0.052184386 -21.874016 0.55218439,
  0 -21.874016 0.59222687,0.060770004 -21.874016 0.61739863] }
 coordIndex [
  6,7,8,-1,6,8,13,-1,5,13,12,-1,5,6,13,-1,4,12,11,-1,4,5,12,-1,3,11,10,-1,3,4,11,-1,
  2,9,0,-1,2,10,9,-1,2,3,10,-1,1,2,0,-1]
  normalPerVertex TRUE
  normal DEF NORM_577 Normal { vector [
  -0.99144486 0 0.13052619,-0.99144486 0 0.13052619,
  -0.96592583 0 0.25881905,-0.84327172 0 0.5374875,
  -0.67542593 0 0.73742784,-0.46155098 0 0.88711369,
  -0.21622209 0 0.9763442,-0.13052619 0 0.99144486,
  -0.13052619 0 0.99144486,-0.96592583 0 0.25881905,
  -0.88711369 0 0.46155098,-0.73742784 0 0.67542593,
  -0.5374875 0 0.84327172,-0.30091828 0 0.95364993] }
}
}
DEF SHAPE_578 Shape {
 appearance USE APP_2
 geometry DEF FACE_578 IndexedFaceSet {
  coord DEF COORD_578 Coordinate { point [
  -0.12598425 -21.874016 -1.1181102,-0.12598425 -21.874016 0.37401575,
  -0.12598425 -22.125984 -1.1181102,-0.12598425 -22.125984 0.37401575] }
 coordIndex [
  1,0,2,-1,1,2,3,-1]
  normalPerVertex TRUE
  normal DEF NORM_578 Normal { vector [
  -1 0 0,-1 0 0,
  -1 0 0,-1 0 0] }
}
}
DEF SHAPE_579 Shape {
 appearance USE APP_2
 geometry DEF FACE_579 IndexedFaceSet {
  coord DEF COORD_579 Coordinate { point [
  0.062992126 -22.062992 -1.1811024,0.12598425 -22.125984 -1.1181102,
  -0.062992126 -22.062992 -1.1811024,-0.12598425 -22.125984 -1.1181102] }
 coordIndex [
  3,0,1,-1,3,2,0,-1]
  normalPerVertex TRUE
  normal DEF NORM_579 Normal { vector [
  0 -0.70710678 -0.70710678,0 -0.70710678 -0.70710678,
  0 -0.70710678 -0.70710678,0 -0.70710678 -0.70710678] }
}
}
DEF SHAPE_580 Shape {
 appearance USE APP_2
 geometry DEF FACE_580 IndexedFaceSet {
  coord DEF COORD_580 Coordinate { point [
  0.062992126 -21.937008 -1.1811024,-0.062992126 -21.937008 -1.1811024,
  -0.12598425 -21.874016 -1.1181102,0.12598425 -21.874016 -1.1181102] }
 coordIndex [
  0,1,2,-1,0,2,3,-1]
  normalPerVertex TRUE
  normal DEF NORM_580 Normal { vector [
  0 0.70710678 -0.70710678,0 0.70710678 -0.70710678,
  0 0.70710678 -0.70710678,0 0.70710678 -0.70710678] }
}
}
DEF SHAPE_581 Shape {
 appearance USE APP_2
 geometry DEF FACE_581 IndexedFaceSet {
  coord DEF COORD_581 Coordinate { point [
  -0.12598425 -22.874016 0.37401575,-0.12598425 -23.125984 0.37401575,
  -0.11739863 -23.125984 0.43923,-0.092226873 -23.125984 0.5,
  -0.052184386 -23.125984 0.55218439,0 -23.125984 0.59222687,
  0.060770004 -23.125984 0.61739863,0.12598425 -23.125984 0.62598425,
  0.12598425 -22.874016 0.62598425,-0.11739863 -22.874016 0.43923,
  -0.092226873 -22.874016 0.5,-0.052184386 -22.874016 0.55218439,
  0 -22.874016 0.59222687,0.060770004 -22.874016 0.61739863] }
 coordIndex [
  6,7,8,-1,6,8,13,-1,5,13,12,-1,5,6,13,-1,4,12,11,-1,4,5,12,-1,3,11,10,-1,3,4,11,-1,
  2,9,0,-1,2,10,9,-1,2,3,10,-1,1,2,0,-1]
  normalPerVertex TRUE
  normal DEF NORM_581 Normal { vector [
  -0.99144486 0 0.13052619,-0.99144486 0 0.13052619,
  -0.96592583 0 0.25881905,-0.84327172 0 0.5374875,
  -0.67542593 0 0.73742784,-0.46155098 0 0.88711369,
  -0.21622209 0 0.9763442,-0.13052619 0 0.99144486,
  -0.13052619 0 0.99144486,-0.96592583 0 0.25881905,
  -0.88711369 0 0.46155098,-0.73742784 0 0.67542593,
  -0.5374875 0 0.84327172,-0.30091828 0 0.95364993] }
}
}
DEF SHAPE_582 Shape {
 appearance USE APP_2
 geometry DEF FACE_582 IndexedFaceSet {
  coord DEF COORD_582 Coordinate { point [
  -0.12598425 -22.874016 -1.1181102,-0.12598425 -22.874016 0.37401575,
  -0.12598425 -23.125984 -1.1181102,-0.12598425 -23.125984 0.37401575] }
 coordIndex [
  1,0,2,-1,1,2,3,-1]
  normalPerVertex TRUE
  normal DEF NORM_582 Normal { vector [
  -1 0 0,-1 0 0,
  -1 0 0,-1 0 0] }
}
}
DEF SHAPE_583 Shape {
 appearance USE APP_2
 geometry DEF FACE_583 IndexedFaceSet {
  coord DEF COORD_583 Coordinate { point [
  0.062992126 -22.937008 -1.1811024,-0.062992126 -22.937008 -1.1811024,
  -0.12598425 -22.874016 -1.1181102,0.12598425 -22.874016 -1.1181102] }
 coordIndex [
  0,1,2,-1,0,2,3,-1]
  normalPerVertex TRUE
  normal DEF NORM_583 Normal { vector [
  0 0.70710678 -0.70710678,0 0.70710678 -0.70710678,
  0 0.70710678 -0.70710678,0 0.70710678 -0.70710678] }
}
}
DEF SHAPE_584 Shape {
 appearance USE APP_2
 geometry DEF FACE_584 IndexedFaceSet {
  coord DEF COORD_584 Coordinate { point [
  0.12598425 -22.874016 0.37401575,0.12598425 -22.874016 -1.1181102,
  0.12598425 -23.125984 0.37401575,0.12598425 -23.125984 -1.1181102] }
 coordIndex [
  1,0,2,-1,1,2,3,-1]
  normalPerVertex TRUE
  normal DEF NORM_584 Normal { vector [
  1 0 0,1 0 0,
  1 0 0,1 0 0] }
}
}
DEF SHAPE_585 Shape {
 appearance USE APP_2
 geometry DEF FACE_585 IndexedFaceSet {
  coord DEF COORD_585 Coordinate { point [
  0.062992126 -23.062992 -1.1811024,0.12598425 -23.125984 -1.1181102,
  -0.062992126 -23.062992 -1.1811024,-0.12598425 -23.125984 -1.1181102] }
 coordIndex [
  3,0,1,-1,3,2,0,-1]
  normalPerVertex TRUE
  normal DEF NORM_585 Normal { vector [
  0 -0.70710678 -0.70710678,0 -0.70710678 -0.70710678,
  0 -0.70710678 -0.70710678,0 -0.70710678 -0.70710678] }
}
}
DEF SHAPE_586 Shape {
 appearance USE APP_2
 geometry DEF FACE_586 IndexedFaceSet {
  coord DEF COORD_586 Coordinate { point [
  -0.12598425 -23.874016 0.37401575,-0.12598425 -24.125984 0.37401575,
  -0.11739863 -24.125984 0.43923,-0.092226873 -24.125984 0.5,
  -0.052184386 -24.125984 0.55218439,0 -24.125984 0.59222687,
  0.060770004 -24.125984 0.61739863,0.12598425 -24.125984 0.62598425,
  0.12598425 -23.874016 0.62598425,-0.11739863 -23.874016 0.43923,
  -0.092226873 -23.874016 0.5,-0.052184386 -23.874016 0.55218439,
  0 -23.874016 0.59222687,0.060770004 -23.874016 0.61739863] }
 coordIndex [
  6,7,8,-1,6,8,13,-1,5,13,12,-1,5,6,13,-1,4,12,11,-1,4,5,12,-1,3,11,10,-1,3,4,11,-1,
  2,9,0,-1,2,10,9,-1,2,3,10,-1,1,2,0,-1]
  normalPerVertex TRUE
  normal DEF NORM_586 Normal { vector [
  -0.99144486 0 0.13052619,-0.99144486 0 0.13052619,
  -0.96592583 0 0.25881905,-0.84327172 0 0.5374875,
  -0.67542593 0 0.73742784,-0.46155098 0 0.88711369,
  -0.21622209 0 0.9763442,-0.13052619 0 0.99144486,
  -0.13052619 0 0.99144486,-0.96592583 0 0.25881905,
  -0.88711369 0 0.46155098,-0.73742784 0 0.67542593,
  -0.5374875 0 0.84327172,-0.30091828 0 0.95364993] }
}
}
DEF SHAPE_587 Shape {
 appearance USE APP_2
 geometry DEF FACE_587 IndexedFaceSet {
  coord DEF COORD_587 Coordinate { point [
  -0.12598425 -23.874016 -1.1181102,-0.12598425 -23.874016 0.37401575,
  -0.12598425 -24.125984 -1.1181102,-0.12598425 -24.125984 0.37401575] }
 coordIndex [
  1,0,2,-1,1,2,3,-1]
  normalPerVertex TRUE
  normal DEF NORM_587 Normal { vector [
  -1 0 0,-1 0 0,
  -1 0 0,-1 0 0] }
}
}
DEF SHAPE_588 Shape {
 appearance USE APP_2
 geometry DEF FACE_588 IndexedFaceSet {
  coord DEF COORD_588 Coordinate { point [
  0.062992126 -23.937008 -1.1811024,-0.062992126 -23.937008 -1.1811024,
  -0.12598425 -23.874016 -1.1181102,0.12598425 -23.874016 -1.1181102] }
 coordIndex [
  0,1,2,-1,0,2,3,-1]
  normalPerVertex TRUE
  normal DEF NORM_588 Normal { vector [
  0 0.70710678 -0.70710678,0 0.70710678 -0.70710678,
  0 0.70710678 -0.70710678,0 0.70710678 -0.70710678] }
}
}
DEF SHAPE_589 Shape {
 appearance USE APP_2
 geometry DEF FACE_589 IndexedFaceSet {
  coord DEF COORD_589 Coordinate { point [
  0.12598425 -23.874016 0.37401575,0.12598425 -23.874016 -1.1181102,
  0.12598425 -24.125984 0.37401575,0.12598425 -24.125984 -1.1181102] }
 coordIndex [
  1,0,2,-1,1,2,3,-1]
  normalPerVertex TRUE
  normal DEF NORM_589 Normal { vector [
  1 0 0,1 0 0,
  1 0 0,1 0 0] }
}
}
DEF SHAPE_590 Shape {
 appearance USE APP_2
 geometry DEF FACE_590 IndexedFaceSet {
  coord DEF COORD_590 Coordinate { point [
  0.062992126 -24.062992 -1.1811024,0.12598425 -24.125984 -1.1181102,
  -0.062992126 -24.062992 -1.1811024,-0.12598425 -24.125984 -1.1181102] }
 coordIndex [
  3,0,1,-1,3,2,0,-1]
  normalPerVertex TRUE
  normal DEF NORM_590 Normal { vector [
  0 -0.70710678 -0.70710678,0 -0.70710678 -0.70710678,
  0 -0.70710678 -0.70710678,0 -0.70710678 -0.70710678] }
}
}
DEF SHAPE_591 Shape {
 appearance USE APP_2
 geometry DEF FACE_591 IndexedFaceSet {
  coord DEF COORD_591 Coordinate { point [
  0.12598425 -19.874016 0.37401575,0.12598425 -19.874016 -1.1181102,
  0.12598425 -20.125984 0.37401575,0.12598425 -20.125984 -1.1181102] }
 coordIndex [
  1,0,2,-1,1,2,3,-1]
  normalPerVertex TRUE
  normal DEF NORM_591 Normal { vector [
  1 0 0,1 0 0,
  1 0 0,1 0 0] }
}
}
DEF SHAPE_592 Shape {
 appearance USE APP_2
 geometry DEF FACE_592 IndexedFaceSet {
  coord DEF COORD_592 Coordinate { point [
  -0.12598425 -19.874016 0.37401575,-0.12598425 -20.125984 0.37401575,
  -0.11739863 -20.125984 0.43923,-0.092226873 -20.125984 0.5,
  -0.052184386 -20.125984 0.55218439,0 -20.125984 0.59222687,
  0.060770004 -20.125984 0.61739863,0.12598425 -20.125984 0.62598425,
  0.12598425 -19.874016 0.62598425,-0.11739863 -19.874016 0.43923,
  -0.092226873 -19.874016 0.5,-0.052184386 -19.874016 0.55218439,
  0 -19.874016 0.59222687,0.060770004 -19.874016 0.61739863] }
 coordIndex [
  6,7,8,-1,6,8,13,-1,5,13,12,-1,5,6,13,-1,4,12,11,-1,4,5,12,-1,3,11,10,-1,3,4,11,-1,
  2,9,0,-1,2,10,9,-1,2,3,10,-1,1,2,0,-1]
  normalPerVertex TRUE
  normal DEF NORM_592 Normal { vector [
  -0.99144486 0 0.13052619,-0.99144486 0 0.13052619,
  -0.96592583 0 0.25881905,-0.84327172 0 0.5374875,
  -0.67542593 0 0.73742784,-0.46155098 0 0.88711369,
  -0.21622209 0 0.9763442,-0.13052619 0 0.99144486,
  -0.13052619 0 0.99144486,-0.96592583 0 0.25881905,
  -0.88711369 0 0.46155098,-0.73742784 0 0.67542593,
  -0.5374875 0 0.84327172,-0.30091828 0 0.95364993] }
}
}
DEF SHAPE_593 Shape {
 appearance USE APP_2
 geometry DEF FACE_593 IndexedFaceSet {
  coord DEF COORD_593 Coordinate { point [
  -0.12598425 -19.874016 -1.1181102,-0.12598425 -19.874016 0.37401575,
  -0.12598425 -20.125984 -1.1181102,-0.12598425 -20.125984 0.37401575] }
 coordIndex [
  1,0,2,-1,1,2,3,-1]
  normalPerVertex TRUE
  normal DEF NORM_593 Normal { vector [
  -1 0 0,-1 0 0,
  -1 0 0,-1 0 0] }
}
}
DEF SHAPE_594 Shape {
 appearance USE APP_2
 geometry DEF FACE_594 IndexedFaceSet {
  coord DEF COORD_594 Coordinate { point [
  0.062992126 -20.062992 -1.1811024,0.12598425 -20.125984 -1.1181102,
  -0.062992126 -20.062992 -1.1811024,-0.12598425 -20.125984 -1.1181102] }
 coordIndex [
  3,0,1,-1,3,2,0,-1]
  normalPerVertex TRUE
  normal DEF NORM_594 Normal { vector [
  0 -0.70710678 -0.70710678,0 -0.70710678 -0.70710678,
  0 -0.70710678 -0.70710678,0 -0.70710678 -0.70710678] }
}
}
DEF SHAPE_595 Shape {
 appearance USE APP_2
 geometry DEF FACE_595 IndexedFaceSet {
  coord DEF COORD_595 Coordinate { point [
  0.062992126 -19.937008 -1.1811024,-0.062992126 -19.937008 -1.1811024,
  -0.12598425 -19.874016 -1.1181102,0.12598425 -19.874016 -1.1181102] }
 coordIndex [
  0,1,2,-1,0,2,3,-1]
  normalPerVertex TRUE
  normal DEF NORM_595 Normal { vector [
  0 0.70710678 -0.70710678,0 0.70710678 -0.70710678,
  0 0.70710678 -0.70710678,0 0.70710678 -0.70710678] }
}
}
DEF SHAPE_596 Shape {
 appearance USE APP_2
 geometry DEF FACE_596 IndexedFaceSet {
  coord DEF COORD_596 Coordinate { point [
  0.12598425 -10.874016 0.37401575,0.12598425 -10.874016 -1.1181102,
  0.12598425 -11.125984 0.37401575,0.12598425 -11.125984 -1.1181102] }
 coordIndex [
  1,0,2,-1,1,2,3,-1]
  normalPerVertex TRUE
  normal DEF NORM_596 Normal { vector [
  1 0 0,1 0 0,
  1 0 0,1 0 0] }
}
}
DEF SHAPE_597 Shape {
 appearance USE APP_2
 geometry DEF FACE_597 IndexedFaceSet {
  coord DEF COORD_597 Coordinate { point [
  -0.12598425 -10.874016 0.37401575,-0.12598425 -11.125984 0.37401575,
  -0.11739863 -11.125984 0.43923,-0.092226873 -11.125984 0.5,
  -0.052184386 -11.125984 0.55218439,0 -11.125984 0.59222687,
  0.060770004 -11.125984 0.61739863,0.12598425 -11.125984 0.62598425,
  0.12598425 -10.874016 0.62598425,-0.11739863 -10.874016 0.43923,
  -0.092226873 -10.874016 0.5,-0.052184386 -10.874016 0.55218439,
  0 -10.874016 0.59222687,0.060770004 -10.874016 0.61739863] }
 coordIndex [
  6,7,8,-1,6,8,13,-1,5,13,12,-1,5,6,13,-1,4,12,11,-1,4,5,12,-1,3,11,10,-1,3,4,11,-1,
  2,9,0,-1,2,10,9,-1,2,3,10,-1,1,2,0,-1]
  normalPerVertex TRUE
  normal DEF NORM_597 Normal { vector [
  -0.99144486 0 0.13052619,-0.99144486 0 0.13052619,
  -0.96592583 0 0.25881905,-0.84327172 0 0.5374875,
  -0.67542593 0 0.73742784,-0.46155098 0 0.88711369,
  -0.21622209 0 0.9763442,-0.13052619 0 0.99144486,
  -0.13052619 0 0.99144486,-0.96592583 0 0.25881905,
  -0.88711369 0 0.46155098,-0.73742784 0 0.67542593,
  -0.5374875 0 0.84327172,-0.30091828 0 0.95364993] }
}
}
DEF SHAPE_598 Shape {
 appearance USE APP_2
 geometry DEF FACE_598 IndexedFaceSet {
  coord DEF COORD_598 Coordinate { point [
  -0.12598425 -10.874016 -1.1181102,-0.12598425 -10.874016 0.37401575,
  -0.12598425 -11.125984 -1.1181102,-0.12598425 -11.125984 0.37401575] }
 coordIndex [
  1,0,2,-1,1,2,3,-1]
  normalPerVertex TRUE
  normal DEF NORM_598 Normal { vector [
  -1 0 0,-1 0 0,
  -1 0 0,-1 0 0] }
}
}
DEF SHAPE_599 Shape {
 appearance USE APP_2
 geometry DEF FACE_599 IndexedFaceSet {
  coord DEF COORD_599 Coordinate { point [
  0.062992126 -11.062992 -1.1811024,0.12598425 -11.125984 -1.1181102,
  -0.062992126 -11.062992 -1.1811024,-0.12598425 -11.125984 -1.1181102] }
 coordIndex [
  3,0,1,-1,3,2,0,-1]
  normalPerVertex TRUE
  normal DEF NORM_599 Normal { vector [
  0 -0.70710678 -0.70710678,0 -0.70710678 -0.70710678,
  0 -0.70710678 -0.70710678,0 -0.70710678 -0.70710678] }
}
}
DEF SHAPE_600 Shape {
 appearance USE APP_2
 geometry DEF FACE_600 IndexedFaceSet {
  coord DEF COORD_600 Coordinate { point [
  0.062992126 -10.937008 -1.1811024,-0.062992126 -10.937008 -1.1811024,
  -0.12598425 -10.874016 -1.1181102,0.12598425 -10.874016 -1.1181102] }
 coordIndex [
  0,1,2,-1,0,2,3,-1]
  normalPerVertex TRUE
  normal DEF NORM_600 Normal { vector [
  0 0.70710678 -0.70710678,0 0.70710678 -0.70710678,
  0 0.70710678 -0.70710678,0 0.70710678 -0.70710678] }
}
}
DEF SHAPE_601 Shape {
 appearance USE APP_2
 geometry DEF FACE_601 IndexedFaceSet {
  coord DEF COORD_601 Coordinate { point [
  -0.12598425 -11.874016 0.37401575,-0.12598425 -12.125984 0.37401575,
  -0.11739863 -12.125984 0.43923,-0.092226873 -12.125984 0.5,
  -0.052184386 -12.125984 0.55218439,0 -12.125984 0.59222687,
  0.060770004 -12.125984 0.61739863,0.12598425 -12.125984 0.62598425,
  0.12598425 -11.874016 0.62598425,-0.11739863 -11.874016 0.43923,
  -0.092226873 -11.874016 0.5,-0.052184386 -11.874016 0.55218439,
  0 -11.874016 0.59222687,0.060770004 -11.874016 0.61739863] }
 coordIndex [
  6,7,8,-1,6,8,13,-1,5,13,12,-1,5,6,13,-1,4,12,11,-1,4,5,12,-1,3,11,10,-1,3,4,11,-1,
  2,9,0,-1,2,10,9,-1,2,3,10,-1,1,2,0,-1]
  normalPerVertex TRUE
  normal DEF NORM_601 Normal { vector [
  -0.99144486 0 0.13052619,-0.99144486 0 0.13052619,
  -0.96592583 0 0.25881905,-0.84327172 0 0.5374875,
  -0.67542593 0 0.73742784,-0.46155098 0 0.88711369,
  -0.21622209 0 0.9763442,-0.13052619 0 0.99144486,
  -0.13052619 0 0.99144486,-0.96592583 0 0.25881905,
  -0.88711369 0 0.46155098,-0.73742784 0 0.67542593,
  -0.5374875 0 0.84327172,-0.30091828 0 0.95364993] }
}
}
DEF SHAPE_602 Shape {
 appearance USE APP_2
 geometry DEF FACE_602 IndexedFaceSet {
  coord DEF COORD_602 Coordinate { point [
  -0.12598425 -11.874016 -1.1181102,-0.12598425 -11.874016 0.37401575,
  -0.12598425 -12.125984 -1.1181102,-0.12598425 -12.125984 0.37401575] }
 coordIndex [
  1,0,2,-1,1,2,3,-1]
  normalPerVertex TRUE
  normal DEF NORM_602 Normal { vector [
  -1 0 0,-1 0 0,
  -1 0 0,-1 0 0] }
}
}
DEF SHAPE_603 Shape {
 appearance USE APP_2
 geometry DEF FACE_603 IndexedFaceSet {
  coord DEF COORD_603 Coordinate { point [
  0.062992126 -11.937008 -1.1811024,-0.062992126 -11.937008 -1.1811024,
  -0.12598425 -11.874016 -1.1181102,0.12598425 -11.874016 -1.1181102] }
 coordIndex [
  0,1,2,-1,0,2,3,-1]
  normalPerVertex TRUE
  normal DEF NORM_603 Normal { vector [
  0 0.70710678 -0.70710678,0 0.70710678 -0.70710678,
  0 0.70710678 -0.70710678,0 0.70710678 -0.70710678] }
}
}
DEF SHAPE_604 Shape {
 appearance USE APP_2
 geometry DEF FACE_604 IndexedFaceSet {
  coord DEF COORD_604 Coordinate { point [
  0.12598425 -11.874016 0.37401575,0.12598425 -11.874016 -1.1181102,
  0.12598425 -12.125984 0.37401575,0.12598425 -12.125984 -1.1181102] }
 coordIndex [
  1,0,2,-1,1,2,3,-1]
  normalPerVertex TRUE
  normal DEF NORM_604 Normal { vector [
  1 0 0,1 0 0,
  1 0 0,1 0 0] }
}
}
DEF SHAPE_605 Shape {
 appearance USE APP_2
 geometry DEF FACE_605 IndexedFaceSet {
  coord DEF COORD_605 Coordinate { point [
  0.062992126 -12.062992 -1.1811024,0.12598425 -12.125984 -1.1181102,
  -0.062992126 -12.062992 -1.1811024,-0.12598425 -12.125984 -1.1181102] }
 coordIndex [
  3,0,1,-1,3,2,0,-1]
  normalPerVertex TRUE
  normal DEF NORM_605 Normal { vector [
  0 -0.70710678 -0.70710678,0 -0.70710678 -0.70710678,
  0 -0.70710678 -0.70710678,0 -0.70710678 -0.70710678] }
}
}
DEF SHAPE_606 Shape {
 appearance USE APP_2
 geometry DEF FACE_606 IndexedFaceSet {
  coord DEF COORD_606 Coordinate { point [
  -0.12598425 -13.874016 0.37401575,-0.12598425 -14.125984 0.37401575,
  -0.11739863 -14.125984 0.43923,-0.092226873 -14.125984 0.5,
  -0.052184386 -14.125984 0.55218439,0 -14.125984 0.59222687,
  0.060770004 -14.125984 0.61739863,0.12598425 -14.125984 0.62598425,
  0.12598425 -13.874016 0.62598425,-0.11739863 -13.874016 0.43923,
  -0.092226873 -13.874016 0.5,-0.052184386 -13.874016 0.55218439,
  0 -13.874016 0.59222687,0.060770004 -13.874016 0.61739863] }
 coordIndex [
  6,7,8,-1,6,8,13,-1,5,13,12,-1,5,6,13,-1,4,12,11,-1,4,5,12,-1,3,11,10,-1,3,4,11,-1,
  2,9,0,-1,2,10,9,-1,2,3,10,-1,1,2,0,-1]
  normalPerVertex TRUE
  normal DEF NORM_606 Normal { vector [
  -0.99144486 0 0.13052619,-0.99144486 0 0.13052619,
  -0.96592583 0 0.25881905,-0.84327172 0 0.5374875,
  -0.67542593 0 0.73742784,-0.46155098 0 0.88711369,
  -0.21622209 0 0.9763442,-0.13052619 0 0.99144486,
  -0.13052619 0 0.99144486,-0.96592583 0 0.25881905,
  -0.88711369 0 0.46155098,-0.73742784 0 0.67542593,
  -0.5374875 0 0.84327172,-0.30091828 0 0.95364993] }
}
}
DEF SHAPE_607 Shape {
 appearance USE APP_2
 geometry DEF FACE_607 IndexedFaceSet {
  coord DEF COORD_607 Coordinate { point [
  -0.12598425 -13.874016 -1.1181102,-0.12598425 -13.874016 0.37401575,
  -0.12598425 -14.125984 -1.1181102,-0.12598425 -14.125984 0.37401575] }
 coordIndex [
  1,0,2,-1,1,2,3,-1]
  normalPerVertex TRUE
  normal DEF NORM_607 Normal { vector [
  -1 0 0,-1 0 0,
  -1 0 0,-1 0 0] }
}
}
DEF SHAPE_608 Shape {
 appearance USE APP_2
 geometry DEF FACE_608 IndexedFaceSet {
  coord DEF COORD_608 Coordinate { point [
  0.062992126 -13.937008 -1.1811024,-0.062992126 -13.937008 -1.1811024,
  -0.12598425 -13.874016 -1.1181102,0.12598425 -13.874016 -1.1181102] }
 coordIndex [
  0,1,2,-1,0,2,3,-1]
  normalPerVertex TRUE
  normal DEF NORM_608 Normal { vector [
  0 0.70710678 -0.70710678,0 0.70710678 -0.70710678,
  0 0.70710678 -0.70710678,0 0.70710678 -0.70710678] }
}
}
DEF SHAPE_609 Shape {
 appearance USE APP_2
 geometry DEF FACE_609 IndexedFaceSet {
  coord DEF COORD_609 Coordinate { point [
  0.12598425 -13.874016 0.37401575,0.12598425 -13.874016 -1.1181102,
  0.12598425 -14.125984 0.37401575,0.12598425 -14.125984 -1.1181102] }
 coordIndex [
  1,0,2,-1,1,2,3,-1]
  normalPerVertex TRUE
  normal DEF NORM_609 Normal { vector [
  1 0 0,1 0 0,
  1 0 0,1 0 0] }
}
}
DEF SHAPE_610 Shape {
 appearance USE APP_2
 geometry DEF FACE_610 IndexedFaceSet {
  coord DEF COORD_610 Coordinate { point [
  0.062992126 -14.062992 -1.1811024,0.12598425 -14.125984 -1.1181102,
  -0.062992126 -14.062992 -1.1811024,-0.12598425 -14.125984 -1.1181102] }
 coordIndex [
  3,0,1,-1,3,2,0,-1]
  normalPerVertex TRUE
  normal DEF NORM_610 Normal { vector [
  0 -0.70710678 -0.70710678,0 -0.70710678 -0.70710678,
  0 -0.70710678 -0.70710678,0 -0.70710678 -0.70710678] }
}
}
DEF SHAPE_611 Shape {
 appearance USE APP_2
 geometry DEF FACE_611 IndexedFaceSet {
  coord DEF COORD_611 Coordinate { point [
  0.12598425 -12.874016 0.37401575,0.12598425 -12.874016 -1.1181102,
  0.12598425 -13.125984 0.37401575,0.12598425 -13.125984 -1.1181102] }
 coordIndex [
  1,0,2,-1,1,2,3,-1]
  normalPerVertex TRUE
  normal DEF NORM_611 Normal { vector [
  1 0 0,1 0 0,
  1 0 0,1 0 0] }
}
}
DEF SHAPE_612 Shape {
 appearance USE APP_2
 geometry DEF FACE_612 IndexedFaceSet {
  coord DEF COORD_612 Coordinate { point [
  -0.12598425 -12.874016 0.37401575,-0.12598425 -13.125984 0.37401575,
  -0.11739863 -13.125984 0.43923,-0.092226873 -13.125984 0.5,
  -0.052184386 -13.125984 0.55218439,0 -13.125984 0.59222687,
  0.060770004 -13.125984 0.61739863,0.12598425 -13.125984 0.62598425,
  0.12598425 -12.874016 0.62598425,-0.11739863 -12.874016 0.43923,
  -0.092226873 -12.874016 0.5,-0.052184386 -12.874016 0.55218439,
  0 -12.874016 0.59222687,0.060770004 -12.874016 0.61739863] }
 coordIndex [
  6,7,8,-1,6,8,13,-1,5,13,12,-1,5,6,13,-1,4,12,11,-1,4,5,12,-1,3,11,10,-1,3,4,11,-1,
  2,9,0,-1,2,10,9,-1,2,3,10,-1,1,2,0,-1]
  normalPerVertex TRUE
  normal DEF NORM_612 Normal { vector [
  -0.99144486 0 0.13052619,-0.99144486 0 0.13052619,
  -0.96592583 0 0.25881905,-0.84327172 0 0.5374875,
  -0.67542593 0 0.73742784,-0.46155098 0 0.88711369,
  -0.21622209 0 0.9763442,-0.13052619 0 0.99144486,
  -0.13052619 0 0.99144486,-0.96592583 0 0.25881905,
  -0.88711369 0 0.46155098,-0.73742784 0 0.67542593,
  -0.5374875 0 0.84327172,-0.30091828 0 0.95364993] }
}
}
DEF SHAPE_613 Shape {
 appearance USE APP_2
 geometry DEF FACE_613 IndexedFaceSet {
  coord DEF COORD_613 Coordinate { point [
  -0.12598425 -12.874016 -1.1181102,-0.12598425 -12.874016 0.37401575,
  -0.12598425 -13.125984 -1.1181102,-0.12598425 -13.125984 0.37401575] }
 coordIndex [
  1,0,2,-1,1,2,3,-1]
  normalPerVertex TRUE
  normal DEF NORM_613 Normal { vector [
  -1 0 0,-1 0 0,
  -1 0 0,-1 0 0] }
}
}
DEF SHAPE_614 Shape {
 appearance USE APP_2
 geometry DEF FACE_614 IndexedFaceSet {
  coord DEF COORD_614 Coordinate { point [
  0.062992126 -13.062992 -1.1811024,0.12598425 -13.125984 -1.1181102,
  -0.062992126 -13.062992 -1.1811024,-0.12598425 -13.125984 -1.1181102] }
 coordIndex [
  3,0,1,-1,3,2,0,-1]
  normalPerVertex TRUE
  normal DEF NORM_614 Normal { vector [
  0 -0.70710678 -0.70710678,0 -0.70710678 -0.70710678,
  0 -0.70710678 -0.70710678,0 -0.70710678 -0.70710678] }
}
}
DEF SHAPE_615 Shape {
 appearance USE APP_2
 geometry DEF FACE_615 IndexedFaceSet {
  coord DEF COORD_615 Coordinate { point [
  0.062992126 -12.937008 -1.1811024,-0.062992126 -12.937008 -1.1811024,
  -0.12598425 -12.874016 -1.1181102,0.12598425 -12.874016 -1.1181102] }
 coordIndex [
  0,1,2,-1,0,2,3,-1]
  normalPerVertex TRUE
  normal DEF NORM_615 Normal { vector [
  0 0.70710678 -0.70710678,0 0.70710678 -0.70710678,
  0 0.70710678 -0.70710678,0 0.70710678 -0.70710678] }
}
}
DEF SHAPE_616 Shape {
 appearance USE APP_2
 geometry DEF FACE_616 IndexedFaceSet {
  coord DEF COORD_616 Coordinate { point [
  -0.12598425 -14.874016 0.37401575,-0.12598425 -15.125984 0.37401575,
  -0.11739863 -15.125984 0.43923,-0.092226873 -15.125984 0.5,
  -0.052184386 -15.125984 0.55218439,0 -15.125984 0.59222687,
  0.060770004 -15.125984 0.61739863,0.12598425 -15.125984 0.62598425,
  0.12598425 -14.874016 0.62598425,-0.11739863 -14.874016 0.43923,
  -0.092226873 -14.874016 0.5,-0.052184386 -14.874016 0.55218439,
  0 -14.874016 0.59222687,0.060770004 -14.874016 0.61739863] }
 coordIndex [
  6,7,8,-1,6,8,13,-1,5,13,12,-1,5,6,13,-1,4,12,11,-1,4,5,12,-1,3,11,10,-1,3,4,11,-1,
  2,9,0,-1,2,10,9,-1,2,3,10,-1,1,2,0,-1]
  normalPerVertex TRUE
  normal DEF NORM_616 Normal { vector [
  -0.99144486 0 0.13052619,-0.99144486 0 0.13052619,
  -0.96592583 0 0.25881905,-0.84327172 0 0.5374875,
  -0.67542593 0 0.73742784,-0.46155098 0 0.88711369,
  -0.21622209 0 0.9763442,-0.13052619 0 0.99144486,
  -0.13052619 0 0.99144486,-0.96592583 0 0.25881905,
  -0.88711369 0 0.46155098,-0.73742784 0 0.67542593,
  -0.5374875 0 0.84327172,-0.30091828 0 0.95364993] }
}
}
DEF SHAPE_617 Shape {
 appearance USE APP_2
 geometry DEF FACE_617 IndexedFaceSet {
  coord DEF COORD_617 Coordinate { point [
  -0.12598425 -14.874016 -1.1181102,-0.12598425 -14.874016 0.37401575,
  -0.12598425 -15.125984 -1.1181102,-0.12598425 -15.125984 0.37401575] }
 coordIndex [
  1,0,2,-1,1,2,3,-1]
  normalPerVertex TRUE
  normal DEF NORM_617 Normal { vector [
  -1 0 0,-1 0 0,
  -1 0 0,-1 0 0] }
}
}
DEF SHAPE_618 Shape {
 appearance USE APP_2
 geometry DEF FACE_618 IndexedFaceSet {
  coord DEF COORD_618 Coordinate { point [
  0.062992126 -14.937008 -1.1811024,-0.062992126 -14.937008 -1.1811024,
  -0.12598425 -14.874016 -1.1181102,0.12598425 -14.874016 -1.1181102] }
 coordIndex [
  0,1,2,-1,0,2,3,-1]
  normalPerVertex TRUE
  normal DEF NORM_618 Normal { vector [
  0 0.70710678 -0.70710678,0 0.70710678 -0.70710678,
  0 0.70710678 -0.70710678,0 0.70710678 -0.70710678] }
}
}
DEF SHAPE_619 Shape {
 appearance USE APP_2
 geometry DEF FACE_619 IndexedFaceSet {
  coord DEF COORD_619 Coordinate { point [
  0.12598425 -14.874016 0.37401575,0.12598425 -14.874016 -1.1181102,
  0.12598425 -15.125984 0.37401575,0.12598425 -15.125984 -1.1181102] }
 coordIndex [
  1,0,2,-1,1,2,3,-1]
  normalPerVertex TRUE
  normal DEF NORM_619 Normal { vector [
  1 0 0,1 0 0,
  1 0 0,1 0 0] }
}
}
DEF SHAPE_620 Shape {
 appearance USE APP_2
 geometry DEF FACE_620 IndexedFaceSet {
  coord DEF COORD_620 Coordinate { point [
  0.062992126 -15.062992 -1.1811024,0.12598425 -15.125984 -1.1181102,
  -0.062992126 -15.062992 -1.1811024,-0.12598425 -15.125984 -1.1181102] }
 coordIndex [
  3,0,1,-1,3,2,0,-1]
  normalPerVertex TRUE
  normal DEF NORM_620 Normal { vector [
  0 -0.70710678 -0.70710678,0 -0.70710678 -0.70710678,
  0 -0.70710678 -0.70710678,0 -0.70710678 -0.70710678] }
}
}
DEF SHAPE_621 Shape {
 appearance USE APP_2
 geometry DEF FACE_621 IndexedFaceSet {
  coord DEF COORD_621 Coordinate { point [
  -0.12598425 -15.874016 0.37401575,-0.12598425 -16.125984 0.37401575,
  -0.11739863 -16.125984 0.43923,-0.092226873 -16.125984 0.5,
  -0.052184386 -16.125984 0.55218439,0 -16.125984 0.59222687,
  0.060770004 -16.125984 0.61739863,0.12598425 -16.125984 0.62598425,
  0.12598425 -15.874016 0.62598425,-0.11739863 -15.874016 0.43923,
  -0.092226873 -15.874016 0.5,-0.052184386 -15.874016 0.55218439,
  0 -15.874016 0.59222687,0.060770004 -15.874016 0.61739863] }
 coordIndex [
  6,7,8,-1,6,8,13,-1,5,13,12,-1,5,6,13,-1,4,12,11,-1,4,5,12,-1,3,11,10,-1,3,4,11,-1,
  2,9,0,-1,2,10,9,-1,2,3,10,-1,1,2,0,-1]
  normalPerVertex TRUE
  normal DEF NORM_621 Normal { vector [
  -0.99144486 0 0.13052619,-0.99144486 0 0.13052619,
  -0.96592583 0 0.25881905,-0.84327172 0 0.5374875,
  -0.67542593 0 0.73742784,-0.46155098 0 0.88711369,
  -0.21622209 0 0.9763442,-0.13052619 0 0.99144486,
  -0.13052619 0 0.99144486,-0.96592583 0 0.25881905,
  -0.88711369 0 0.46155098,-0.73742784 0 0.67542593,
  -0.5374875 0 0.84327172,-0.30091828 0 0.95364993] }
}
}
DEF SHAPE_622 Shape {
 appearance USE APP_2
 geometry DEF FACE_622 IndexedFaceSet {
  coord DEF COORD_622 Coordinate { point [
  -0.12598425 -15.874016 -1.1181102,-0.12598425 -15.874016 0.37401575,
  -0.12598425 -16.125984 -1.1181102,-0.12598425 -16.125984 0.37401575] }
 coordIndex [
  1,0,2,-1,1,2,3,-1]
  normalPerVertex TRUE
  normal DEF NORM_622 Normal { vector [
  -1 0 0,-1 0 0,
  -1 0 0,-1 0 0] }
}
}
DEF SHAPE_623 Shape {
 appearance USE APP_2
 geometry DEF FACE_623 IndexedFaceSet {
  coord DEF COORD_623 Coordinate { point [
  0.062992126 -15.937008 -1.1811024,-0.062992126 -15.937008 -1.1811024,
  -0.12598425 -15.874016 -1.1181102,0.12598425 -15.874016 -1.1181102] }
 coordIndex [
  0,1,2,-1,0,2,3,-1]
  normalPerVertex TRUE
  normal DEF NORM_623 Normal { vector [
  0 0.70710678 -0.70710678,0 0.70710678 -0.70710678,
  0 0.70710678 -0.70710678,0 0.70710678 -0.70710678] }
}
}
DEF SHAPE_624 Shape {
 appearance USE APP_2
 geometry DEF FACE_624 IndexedFaceSet {
  coord DEF COORD_624 Coordinate { point [
  0.12598425 -15.874016 0.37401575,0.12598425 -15.874016 -1.1181102,
  0.12598425 -16.125984 0.37401575,0.12598425 -16.125984 -1.1181102] }
 coordIndex [
  1,0,2,-1,1,2,3,-1]
  normalPerVertex TRUE
  normal DEF NORM_624 Normal { vector [
  1 0 0,1 0 0,
  1 0 0,1 0 0] }
}
}
DEF SHAPE_625 Shape {
 appearance USE APP_2
 geometry DEF FACE_625 IndexedFaceSet {
  coord DEF COORD_625 Coordinate { point [
  0.062992126 -16.062992 -1.1811024,0.12598425 -16.125984 -1.1181102,
  -0.062992126 -16.062992 -1.1811024,-0.12598425 -16.125984 -1.1181102] }
 coordIndex [
  3,0,1,-1,3,2,0,-1]
  normalPerVertex TRUE
  normal DEF NORM_625 Normal { vector [
  0 -0.70710678 -0.70710678,0 -0.70710678 -0.70710678,
  0 -0.70710678 -0.70710678,0 -0.70710678 -0.70710678] }
}
}
DEF SHAPE_626 Shape {
 appearance USE APP_2
 geometry DEF FACE_626 IndexedFaceSet {
  coord DEF COORD_626 Coordinate { point [
  -0.12598425 -17.874016 0.37401575,-0.12598425 -18.125984 0.37401575,
  -0.11739863 -18.125984 0.43923,-0.092226873 -18.125984 0.5,
  -0.052184386 -18.125984 0.55218439,0 -18.125984 0.59222687,
  0.060770004 -18.125984 0.61739863,0.12598425 -18.125984 0.62598425,
  0.12598425 -17.874016 0.62598425,-0.11739863 -17.874016 0.43923,
  -0.092226873 -17.874016 0.5,-0.052184386 -17.874016 0.55218439,
  0 -17.874016 0.59222687,0.060770004 -17.874016 0.61739863] }
 coordIndex [
  6,7,8,-1,6,8,13,-1,5,13,12,-1,5,6,13,-1,4,12,11,-1,4,5,12,-1,3,11,10,-1,3,4,11,-1,
  2,9,0,-1,2,10,9,-1,2,3,10,-1,1,2,0,-1]
  normalPerVertex TRUE
  normal DEF NORM_626 Normal { vector [
  -0.99144486 0 0.13052619,-0.99144486 0 0.13052619,
  -0.96592583 0 0.25881905,-0.84327172 0 0.5374875,
  -0.67542593 0 0.73742784,-0.46155098 0 0.88711369,
  -0.21622209 0 0.9763442,-0.13052619 0 0.99144486,
  -0.13052619 0 0.99144486,-0.96592583 0 0.25881905,
  -0.88711369 0 0.46155098,-0.73742784 0 0.67542593,
  -0.5374875 0 0.84327172,-0.30091828 0 0.95364993] }
}
}
DEF SHAPE_627 Shape {
 appearance USE APP_2
 geometry DEF FACE_627 IndexedFaceSet {
  coord DEF COORD_627 Coordinate { point [
  -0.12598425 -17.874016 -1.1181102,-0.12598425 -17.874016 0.37401575,
  -0.12598425 -18.125984 -1.1181102,-0.12598425 -18.125984 0.37401575] }
 coordIndex [
  1,0,2,-1,1,2,3,-1]
  normalPerVertex TRUE
  normal DEF NORM_627 Normal { vector [
  -1 0 0,-1 0 0,
  -1 0 0,-1 0 0] }
}
}
DEF SHAPE_628 Shape {
 appearance USE APP_2
 geometry DEF FACE_628 IndexedFaceSet {
  coord DEF COORD_628 Coordinate { point [
  0.062992126 -17.937008 -1.1811024,-0.062992126 -17.937008 -1.1811024,
  -0.12598425 -17.874016 -1.1181102,0.12598425 -17.874016 -1.1181102] }
 coordIndex [
  0,1,2,-1,0,2,3,-1]
  normalPerVertex TRUE
  normal DEF NORM_628 Normal { vector [
  0 0.70710678 -0.70710678,0 0.70710678 -0.70710678,
  0 0.70710678 -0.70710678,0 0.70710678 -0.70710678] }
}
}
DEF SHAPE_629 Shape {
 appearance USE APP_2
 geometry DEF FACE_629 IndexedFaceSet {
  coord DEF COORD_629 Coordinate { point [
  0.12598425 -17.874016 0.37401575,0.12598425 -17.874016 -1.1181102,
  0.12598425 -18.125984 0.37401575,0.12598425 -18.125984 -1.1181102] }
 coordIndex [
  1,0,2,-1,1,2,3,-1]
  normalPerVertex TRUE
  normal DEF NORM_629 Normal { vector [
  1 0 0,1 0 0,
  1 0 0,1 0 0] }
}
}
DEF SHAPE_630 Shape {
 appearance USE APP_2
 geometry DEF FACE_630 IndexedFaceSet {
  coord DEF COORD_630 Coordinate { point [
  0.062992126 -18.062992 -1.1811024,0.12598425 -18.125984 -1.1181102,
  -0.062992126 -18.062992 -1.1811024,-0.12598425 -18.125984 -1.1181102] }
 coordIndex [
  3,0,1,-1,3,2,0,-1]
  normalPerVertex TRUE
  normal DEF NORM_630 Normal { vector [
  0 -0.70710678 -0.70710678,0 -0.70710678 -0.70710678,
  0 -0.70710678 -0.70710678,0 -0.70710678 -0.70710678] }
}
}
DEF SHAPE_631 Shape {
 appearance USE APP_2
 geometry DEF FACE_631 IndexedFaceSet {
  coord DEF COORD_631 Coordinate { point [
  -0.12598425 -16.874016 0.37401575,-0.12598425 -17.125984 0.37401575,
  -0.11739863 -17.125984 0.43923,-0.092226873 -17.125984 0.5,
  -0.052184386 -17.125984 0.55218439,0 -17.125984 0.59222687,
  0.060770004 -17.125984 0.61739863,0.12598425 -17.125984 0.62598425,
  0.12598425 -16.874016 0.62598425,-0.11739863 -16.874016 0.43923,
  -0.092226873 -16.874016 0.5,-0.052184386 -16.874016 0.55218439,
  0 -16.874016 0.59222687,0.060770004 -16.874016 0.61739863] }
 coordIndex [
  6,7,8,-1,6,8,13,-1,5,13,12,-1,5,6,13,-1,4,12,11,-1,4,5,12,-1,3,11,10,-1,3,4,11,-1,
  2,9,0,-1,2,10,9,-1,2,3,10,-1,1,2,0,-1]
  normalPerVertex TRUE
  normal DEF NORM_631 Normal { vector [
  -0.99144486 0 0.13052619,-0.99144486 0 0.13052619,
  -0.96592583 0 0.25881905,-0.84327172 0 0.5374875,
  -0.67542593 0 0.73742784,-0.46155098 0 0.88711369,
  -0.21622209 0 0.9763442,-0.13052619 0 0.99144486,
  -0.13052619 0 0.99144486,-0.96592583 0 0.25881905,
  -0.88711369 0 0.46155098,-0.73742784 0 0.67542593,
  -0.5374875 0 0.84327172,-0.30091828 0 0.95364993] }
}
}
DEF SHAPE_632 Shape {
 appearance USE APP_2
 geometry DEF FACE_632 IndexedFaceSet {
  coord DEF COORD_632 Coordinate { point [
  -0.12598425 -16.874016 -1.1181102,-0.12598425 -16.874016 0.37401575,
  -0.12598425 -17.125984 -1.1181102,-0.12598425 -17.125984 0.37401575] }
 coordIndex [
  1,0,2,-1,1,2,3,-1]
  normalPerVertex TRUE
  normal DEF NORM_632 Normal { vector [
  -1 0 0,-1 0 0,
  -1 0 0,-1 0 0] }
}
}
DEF SHAPE_633 Shape {
 appearance USE APP_2
 geometry DEF FACE_633 IndexedFaceSet {
  coord DEF COORD_633 Coordinate { point [
  0.062992126 -16.937008 -1.1811024,-0.062992126 -16.937008 -1.1811024,
  -0.12598425 -16.874016 -1.1181102,0.12598425 -16.874016 -1.1181102] }
 coordIndex [
  0,1,2,-1,0,2,3,-1]
  normalPerVertex TRUE
  normal DEF NORM_633 Normal { vector [
  0 0.70710678 -0.70710678,0 0.70710678 -0.70710678,
  0 0.70710678 -0.70710678,0 0.70710678 -0.70710678] }
}
}
DEF SHAPE_634 Shape {
 appearance USE APP_2
 geometry DEF FACE_634 IndexedFaceSet {
  coord DEF COORD_634 Coordinate { point [
  0.12598425 -16.874016 0.37401575,0.12598425 -16.874016 -1.1181102,
  0.12598425 -17.125984 0.37401575,0.12598425 -17.125984 -1.1181102] }
 coordIndex [
  1,0,2,-1,1,2,3,-1]
  normalPerVertex TRUE
  normal DEF NORM_634 Normal { vector [
  1 0 0,1 0 0,
  1 0 0,1 0 0] }
}
}
DEF SHAPE_635 Shape {
 appearance USE APP_2
 geometry DEF FACE_635 IndexedFaceSet {
  coord DEF COORD_635 Coordinate { point [
  0.062992126 -17.062992 -1.1811024,0.12598425 -17.125984 -1.1181102,
  -0.062992126 -17.062992 -1.1811024,-0.12598425 -17.125984 -1.1181102] }
 coordIndex [
  3,0,1,-1,3,2,0,-1]
  normalPerVertex TRUE
  normal DEF NORM_635 Normal { vector [
  0 -0.70710678 -0.70710678,0 -0.70710678 -0.70710678,
  0 -0.70710678 -0.70710678,0 -0.70710678 -0.70710678] }
}
}
DEF SHAPE_636 Shape {
 appearance USE APP_2
 geometry DEF FACE_636 IndexedFaceSet {
  coord DEF COORD_636 Coordinate { point [
  -0.12598425 -18.874016 0.37401575,-0.12598425 -19.125984 0.37401575,
  -0.11739863 -19.125984 0.43923,-0.092226873 -19.125984 0.5,
  -0.052184386 -19.125984 0.55218439,0 -19.125984 0.59222687,
  0.060770004 -19.125984 0.61739863,0.12598425 -19.125984 0.62598425,
  0.12598425 -18.874016 0.62598425,-0.11739863 -18.874016 0.43923,
  -0.092226873 -18.874016 0.5,-0.052184386 -18.874016 0.55218439,
  0 -18.874016 0.59222687,0.060770004 -18.874016 0.61739863] }
 coordIndex [
  6,7,8,-1,6,8,13,-1,5,13,12,-1,5,6,13,-1,4,12,11,-1,4,5,12,-1,3,11,10,-1,3,4,11,-1,
  2,9,0,-1,2,10,9,-1,2,3,10,-1,1,2,0,-1]
  normalPerVertex TRUE
  normal DEF NORM_636 Normal { vector [
  -0.99144486 0 0.13052619,-0.99144486 0 0.13052619,
  -0.96592583 0 0.25881905,-0.84327172 0 0.5374875,
  -0.67542593 0 0.73742784,-0.46155098 0 0.88711369,
  -0.21622209 0 0.9763442,-0.13052619 0 0.99144486,
  -0.13052619 0 0.99144486,-0.96592583 0 0.25881905,
  -0.88711369 0 0.46155098,-0.73742784 0 0.67542593,
  -0.5374875 0 0.84327172,-0.30091828 0 0.95364993] }
}
}
DEF SHAPE_637 Shape {
 appearance USE APP_2
 geometry DEF FACE_637 IndexedFaceSet {
  coord DEF COORD_637 Coordinate { point [
  -0.12598425 -18.874016 -1.1181102,-0.12598425 -18.874016 0.37401575,
  -0.12598425 -19.125984 -1.1181102,-0.12598425 -19.125984 0.37401575] }
 coordIndex [
  1,0,2,-1,1,2,3,-1]
  normalPerVertex TRUE
  normal DEF NORM_637 Normal { vector [
  -1 0 0,-1 0 0,
  -1 0 0,-1 0 0] }
}
}
DEF SHAPE_638 Shape {
 appearance USE APP_2
 geometry DEF FACE_638 IndexedFaceSet {
  coord DEF COORD_638 Coordinate { point [
  0.062992126 -18.937008 -1.1811024,-0.062992126 -18.937008 -1.1811024,
  -0.12598425 -18.874016 -1.1181102,0.12598425 -18.874016 -1.1181102] }
 coordIndex [
  0,1,2,-1,0,2,3,-1]
  normalPerVertex TRUE
  normal DEF NORM_638 Normal { vector [
  0 0.70710678 -0.70710678,0 0.70710678 -0.70710678,
  0 0.70710678 -0.70710678,0 0.70710678 -0.70710678] }
}
}
DEF SHAPE_639 Shape {
 appearance USE APP_2
 geometry DEF FACE_639 IndexedFaceSet {
  coord DEF COORD_639 Coordinate { point [
  0.12598425 -18.874016 0.37401575,0.12598425 -18.874016 -1.1181102,
  0.12598425 -19.125984 0.37401575,0.12598425 -19.125984 -1.1181102] }
 coordIndex [
  1,0,2,-1,1,2,3,-1]
  normalPerVertex TRUE
  normal DEF NORM_639 Normal { vector [
  1 0 0,1 0 0,
  1 0 0,1 0 0] }
}
}
DEF SHAPE_640 Shape {
 appearance USE APP_2
 geometry DEF FACE_640 IndexedFaceSet {
  coord DEF COORD_640 Coordinate { point [
  0.062992126 -19.062992 -1.1811024,0.12598425 -19.125984 -1.1181102,
  -0.062992126 -19.062992 -1.1811024,-0.12598425 -19.125984 -1.1181102] }
 coordIndex [
  3,0,1,-1,3,2,0,-1]
  normalPerVertex TRUE
  normal DEF NORM_640 Normal { vector [
  0 -0.70710678 -0.70710678,0 -0.70710678 -0.70710678,
  0 -0.70710678 -0.70710678,0 -0.70710678 -0.70710678] }
}
}
DEF SHAPE_641 Shape {
 appearance USE APP_2
 geometry DEF FACE_641 IndexedFaceSet {
  coord DEF COORD_641 Coordinate { point [
  0.12598425 -7.8740157 0.37401575,0.12598425 -7.8740157 -1.1181102,
  0.12598425 -8.1259843 0.37401575,0.12598425 -8.1259843 -1.1181102] }
 coordIndex [
  1,0,2,-1,1,2,3,-1]
  normalPerVertex TRUE
  normal DEF NORM_641 Normal { vector [
  1 0 0,1 0 0,
  1 0 0,1 0 0] }
}
}
DEF SHAPE_642 Shape {
 appearance USE APP_2
 geometry DEF FACE_642 IndexedFaceSet {
  coord DEF COORD_642 Coordinate { point [
  -0.12598425 -7.8740157 0.37401575,-0.12598425 -8.1259843 0.37401575,
  -0.11739863 -8.1259843 0.43923,-0.092226873 -8.1259843 0.5,
  -0.052184386 -8.1259843 0.55218439,0 -8.1259843 0.59222687,
  0.060770004 -8.1259843 0.61739863,0.12598425 -8.1259843 0.62598425,
  0.12598425 -7.8740157 0.62598425,-0.11739863 -7.8740157 0.43923,
  -0.092226873 -7.8740157 0.5,-0.052184386 -7.8740157 0.55218439,
  0 -7.8740157 0.59222687,0.060770004 -7.8740157 0.61739863] }
 coordIndex [
  6,7,8,-1,6,8,13,-1,5,13,12,-1,5,6,13,-1,4,12,11,-1,4,5,12,-1,3,11,10,-1,3,4,11,-1,
  2,9,0,-1,2,10,9,-1,2,3,10,-1,1,2,0,-1]
  normalPerVertex TRUE
  normal DEF NORM_642 Normal { vector [
  -0.99144486 0 0.13052619,-0.99144486 0 0.13052619,
  -0.96592583 0 0.25881905,-0.84327172 0 0.5374875,
  -0.67542593 0 0.73742784,-0.46155098 0 0.88711369,
  -0.21622209 0 0.9763442,-0.13052619 0 0.99144486,
  -0.13052619 0 0.99144486,-0.96592583 0 0.25881905,
  -0.88711369 0 0.46155098,-0.73742784 0 0.67542593,
  -0.5374875 0 0.84327172,-0.30091828 0 0.95364993] }
}
}
DEF SHAPE_643 Shape {
 appearance USE APP_2
 geometry DEF FACE_643 IndexedFaceSet {
  coord DEF COORD_643 Coordinate { point [
  -0.12598425 -7.8740157 -1.1181102,-0.12598425 -7.8740157 0.37401575,
  -0.12598425 -8.1259843 -1.1181102,-0.12598425 -8.1259843 0.37401575] }
 coordIndex [
  1,0,2,-1,1,2,3,-1]
  normalPerVertex TRUE
  normal DEF NORM_643 Normal { vector [
  -1 0 0,-1 0 0,
  -1 0 0,-1 0 0] }
}
}
DEF SHAPE_644 Shape {
 appearance USE APP_2
 geometry DEF FACE_644 IndexedFaceSet {
  coord DEF COORD_644 Coordinate { point [
  0.062992126 -8.0629921 -1.1811024,0.12598425 -8.1259843 -1.1181102,
  -0.062992126 -8.0629921 -1.1811024,-0.12598425 -8.1259843 -1.1181102] }
 coordIndex [
  3,0,1,-1,3,2,0,-1]
  normalPerVertex TRUE
  normal DEF NORM_644 Normal { vector [
  0 -0.70710678 -0.70710678,0 -0.70710678 -0.70710678,
  0 -0.70710678 -0.70710678,0 -0.70710678 -0.70710678] }
}
}
DEF SHAPE_645 Shape {
 appearance USE APP_2
 geometry DEF FACE_645 IndexedFaceSet {
  coord DEF COORD_645 Coordinate { point [
  0.062992126 -7.9370079 -1.1811024,-0.062992126 -7.9370079 -1.1811024,
  -0.12598425 -7.8740157 -1.1181102,0.12598425 -7.8740157 -1.1181102] }
 coordIndex [
  0,1,2,-1,0,2,3,-1]
  normalPerVertex TRUE
  normal DEF NORM_645 Normal { vector [
  0 0.70710678 -0.70710678,0 0.70710678 -0.70710678,
  0 0.70710678 -0.70710678,0 0.70710678 -0.70710678] }
}
}
DEF SHAPE_646 Shape {
 appearance USE APP_2
 geometry DEF FACE_646 IndexedFaceSet {
  coord DEF COORD_646 Coordinate { point [
  -0.12598425 -8.8740157 0.37401575,-0.12598425 -9.1259843 0.37401575,
  -0.11739863 -9.1259843 0.43923,-0.092226873 -9.1259843 0.5,
  -0.052184386 -9.1259843 0.55218439,0 -9.1259843 0.59222687,
  0.060770004 -9.1259843 0.61739863,0.12598425 -9.1259843 0.62598425,
  0.12598425 -8.8740157 0.62598425,-0.11739863 -8.8740157 0.43923,
  -0.092226873 -8.8740157 0.5,-0.052184386 -8.8740157 0.55218439,
  0 -8.8740157 0.59222687,0.060770004 -8.8740157 0.61739863] }
 coordIndex [
  6,7,8,-1,6,8,13,-1,5,13,12,-1,5,6,13,-1,4,12,11,-1,4,5,12,-1,3,11,10,-1,3,4,11,-1,
  2,9,0,-1,2,10,9,-1,2,3,10,-1,1,2,0,-1]
  normalPerVertex TRUE
  normal DEF NORM_646 Normal { vector [
  -0.99144486 0 0.13052619,-0.99144486 0 0.13052619,
  -0.96592583 0 0.25881905,-0.84327172 0 0.5374875,
  -0.67542593 0 0.73742784,-0.46155098 0 0.88711369,
  -0.21622209 0 0.9763442,-0.13052619 0 0.99144486,
  -0.13052619 0 0.99144486,-0.96592583 0 0.25881905,
  -0.88711369 0 0.46155098,-0.73742784 0 0.67542593,
  -0.5374875 0 0.84327172,-0.30091828 0 0.95364993] }
}
}
DEF SHAPE_647 Shape {
 appearance USE APP_2
 geometry DEF FACE_647 IndexedFaceSet {
  coord DEF COORD_647 Coordinate { point [
  -0.12598425 -8.8740157 -1.1181102,-0.12598425 -8.8740157 0.37401575,
  -0.12598425 -9.1259843 -1.1181102,-0.12598425 -9.1259843 0.37401575] }
 coordIndex [
  1,0,2,-1,1,2,3,-1]
  normalPerVertex TRUE
  normal DEF NORM_647 Normal { vector [
  -1 0 0,-1 0 0,
  -1 0 0,-1 0 0] }
}
}
DEF SHAPE_648 Shape {
 appearance USE APP_2
 geometry DEF FACE_648 IndexedFaceSet {
  coord DEF COORD_648 Coordinate { point [
  0.062992126 -8.9370079 -1.1811024,-0.062992126 -8.9370079 -1.1811024,
  -0.12598425 -8.8740157 -1.1181102,0.12598425 -8.8740157 -1.1181102] }
 coordIndex [
  0,1,2,-1,0,2,3,-1]
  normalPerVertex TRUE
  normal DEF NORM_648 Normal { vector [
  0 0.70710678 -0.70710678,0 0.70710678 -0.70710678,
  0 0.70710678 -0.70710678,0 0.70710678 -0.70710678] }
}
}
DEF SHAPE_649 Shape {
 appearance USE APP_2
 geometry DEF FACE_649 IndexedFaceSet {
  coord DEF COORD_649 Coordinate { point [
  0.12598425 -8.8740157 0.37401575,0.12598425 -8.8740157 -1.1181102,
  0.12598425 -9.1259843 0.37401575,0.12598425 -9.1259843 -1.1181102] }
 coordIndex [
  1,0,2,-1,1,2,3,-1]
  normalPerVertex TRUE
  normal DEF NORM_649 Normal { vector [
  1 0 0,1 0 0,
  1 0 0,1 0 0] }
}
}
DEF SHAPE_650 Shape {
 appearance USE APP_2
 geometry DEF FACE_650 IndexedFaceSet {
  coord DEF COORD_650 Coordinate { point [
  0.062992126 -9.0629921 -1.1811024,0.12598425 -9.1259843 -1.1181102,
  -0.062992126 -9.0629921 -1.1811024,-0.12598425 -9.1259843 -1.1181102] }
 coordIndex [
  3,0,1,-1,3,2,0,-1]
  normalPerVertex TRUE
  normal DEF NORM_650 Normal { vector [
  0 -0.70710678 -0.70710678,0 -0.70710678 -0.70710678,
  0 -0.70710678 -0.70710678,0 -0.70710678 -0.70710678] }
}
}
DEF SHAPE_651 Shape {
 appearance USE APP_2
 geometry DEF FACE_651 IndexedFaceSet {
  coord DEF COORD_651 Coordinate { point [
  -0.12598425 -9.8740157 0.37401575,-0.12598425 -10.125984 0.37401575,
  -0.11739863 -10.125984 0.43923,-0.092226873 -10.125984 0.5,
  -0.052184386 -10.125984 0.55218439,0 -10.125984 0.59222687,
  0.060770004 -10.125984 0.61739863,0.12598425 -10.125984 0.62598425,
  0.12598425 -9.8740157 0.62598425,-0.11739863 -9.8740157 0.43923,
  -0.092226873 -9.8740157 0.5,-0.052184386 -9.8740157 0.55218439,
  0 -9.8740157 0.59222687,0.060770004 -9.8740157 0.61739863] }
 coordIndex [
  6,7,8,-1,6,8,13,-1,5,13,12,-1,5,6,13,-1,4,12,11,-1,4,5,12,-1,3,11,10,-1,3,4,11,-1,
  2,9,0,-1,2,10,9,-1,2,3,10,-1,1,2,0,-1]
  normalPerVertex TRUE
  normal DEF NORM_651 Normal { vector [
  -0.99144486 0 0.13052619,-0.99144486 0 0.13052619,
  -0.96592583 0 0.25881905,-0.84327172 0 0.5374875,
  -0.67542593 0 0.73742784,-0.46155098 0 0.88711369,
  -0.21622209 0 0.9763442,-0.13052619 0 0.99144486,
  -0.13052619 0 0.99144486,-0.96592583 0 0.25881905,
  -0.88711369 0 0.46155098,-0.73742784 0 0.67542593,
  -0.5374875 0 0.84327172,-0.30091828 0 0.95364993] }
}
}
DEF SHAPE_652 Shape {
 appearance USE APP_2
 geometry DEF FACE_652 IndexedFaceSet {
  coord DEF COORD_652 Coordinate { point [
  -0.12598425 -9.8740157 -1.1181102,-0.12598425 -9.8740157 0.37401575,
  -0.12598425 -10.125984 -1.1181102,-0.12598425 -10.125984 0.37401575] }
 coordIndex [
  1,0,2,-1,1,2,3,-1]
  normalPerVertex TRUE
  normal DEF NORM_652 Normal { vector [
  -1 0 0,-1 0 0,
  -1 0 0,-1 0 0] }
}
}
DEF SHAPE_653 Shape {
 appearance USE APP_2
 geometry DEF FACE_653 IndexedFaceSet {
  coord DEF COORD_653 Coordinate { point [
  0.062992126 -9.9370079 -1.1811024,-0.062992126 -9.9370079 -1.1811024,
  -0.12598425 -9.8740157 -1.1181102,0.12598425 -9.8740157 -1.1181102] }
 coordIndex [
  0,1,2,-1,0,2,3,-1]
  normalPerVertex TRUE
  normal DEF NORM_653 Normal { vector [
  0 0.70710678 -0.70710678,0 0.70710678 -0.70710678,
  0 0.70710678 -0.70710678,0 0.70710678 -0.70710678] }
}
}
DEF SHAPE_654 Shape {
 appearance USE APP_2
 geometry DEF FACE_654 IndexedFaceSet {
  coord DEF COORD_654 Coordinate { point [
  0.12598425 -9.8740157 0.37401575,0.12598425 -9.8740157 -1.1181102,
  0.12598425 -10.125984 0.37401575,0.12598425 -10.125984 -1.1181102] }
 coordIndex [
  1,0,2,-1,1,2,3,-1]
  normalPerVertex TRUE
  normal DEF NORM_654 Normal { vector [
  1 0 0,1 0 0,
  1 0 0,1 0 0] }
}
}
DEF SHAPE_655 Shape {
 appearance USE APP_2
 geometry DEF FACE_655 IndexedFaceSet {
  coord DEF COORD_655 Coordinate { point [
  0.062992126 -10.062992 -1.1811024,0.12598425 -10.125984 -1.1181102,
  -0.062992126 -10.062992 -1.1811024,-0.12598425 -10.125984 -1.1181102] }
 coordIndex [
  3,0,1,-1,3,2,0,-1]
  normalPerVertex TRUE
  normal DEF NORM_655 Normal { vector [
  0 -0.70710678 -0.70710678,0 -0.70710678 -0.70710678,
  0 -0.70710678 -0.70710678,0 -0.70710678 -0.70710678] }
}
}
DEF SHAPE_656 Shape {
 appearance USE APP_2
 geometry DEF FACE_656 IndexedFaceSet {
  coord DEF COORD_656 Coordinate { point [
  0.12598425 -4.8740157 0.37401575,0.12598425 -4.8740157 -1.1181102,
  0.12598425 -5.1259843 0.37401575,0.12598425 -5.1259843 -1.1181102] }
 coordIndex [
  1,0,2,-1,1,2,3,-1]
  normalPerVertex TRUE
  normal DEF NORM_656 Normal { vector [
  1 0 0,1 0 0,
  1 0 0,1 0 0] }
}
}
DEF SHAPE_657 Shape {
 appearance USE APP_2
 geometry DEF FACE_657 IndexedFaceSet {
  coord DEF COORD_657 Coordinate { point [
  -0.12598425 -4.8740157 0.37401575,-0.12598425 -5.1259843 0.37401575,
  -0.11739863 -5.1259843 0.43923,-0.092226873 -5.1259843 0.5,
  -0.052184386 -5.1259843 0.55218439,0 -5.1259843 0.59222687,
  0.060770004 -5.1259843 0.61739863,0.12598425 -5.1259843 0.62598425,
  0.12598425 -4.8740157 0.62598425,-0.11739863 -4.8740157 0.43923,
  -0.092226873 -4.8740157 0.5,-0.052184386 -4.8740157 0.55218439,
  0 -4.8740157 0.59222687,0.060770004 -4.8740157 0.61739863] }
 coordIndex [
  6,7,8,-1,6,8,13,-1,5,13,12,-1,5,6,13,-1,4,12,11,-1,4,5,12,-1,3,11,10,-1,3,4,11,-1,
  2,10,9,-1,2,3,10,-1,1,9,0,-1,1,2,9,-1]
  normalPerVertex TRUE
  normal DEF NORM_657 Normal { vector [
  -0.99144486 0 0.13052619,-0.99144486 0 0.13052619,
  -0.95364993 0 0.30091828,-0.84327172 0 0.5374875,
  -0.67542593 0 0.73742784,-0.46155098 0 0.88711369,
  -0.21622209 0 0.9763442,-0.13052619 0 0.99144486,
  -0.13052619 0 0.99144486,-0.9763442 0 0.21622209,
  -0.88711369 0 0.46155098,-0.73742784 0 0.67542593,
  -0.5374875 0 0.84327172,-0.30091828 0 0.95364993] }
}
}
DEF SHAPE_658 Shape {
 appearance USE APP_2
 geometry DEF FACE_658 IndexedFaceSet {
  coord DEF COORD_658 Coordinate { point [
  -0.12598425 -4.8740157 -1.1181102,-0.12598425 -4.8740157 0.37401575,
  -0.12598425 -5.1259843 -1.1181102,-0.12598425 -5.1259843 0.37401575] }
 coordIndex [
  1,0,2,-1,1,2,3,-1]
  normalPerVertex TRUE
  normal DEF NORM_658 Normal { vector [
  -1 0 0,-1 0 0,
  -1 0 0,-1 0 0] }
}
}
DEF SHAPE_659 Shape {
 appearance USE APP_2
 geometry DEF FACE_659 IndexedFaceSet {
  coord DEF COORD_659 Coordinate { point [
  0.062992126 -5.0629921 -1.1811024,0.12598425 -5.1259843 -1.1181102,
  -0.062992126 -5.0629921 -1.1811024,-0.12598425 -5.1259843 -1.1181102] }
 coordIndex [
  3,0,1,-1,3,2,0,-1]
  normalPerVertex TRUE
  normal DEF NORM_659 Normal { vector [
  0 -0.70710678 -0.70710678,0 -0.70710678 -0.70710678,
  0 -0.70710678 -0.70710678,0 -0.70710678 -0.70710678] }
}
}
DEF SHAPE_660 Shape {
 appearance USE APP_2
 geometry DEF FACE_660 IndexedFaceSet {
  coord DEF COORD_660 Coordinate { point [
  0.062992126 -4.9370079 -1.1811024,-0.062992126 -4.9370079 -1.1811024,
  -0.12598425 -4.8740157 -1.1181102,0.12598425 -4.8740157 -1.1181102] }
 coordIndex [
  0,1,2,-1,0,2,3,-1]
  normalPerVertex TRUE
  normal DEF NORM_660 Normal { vector [
  0 0.70710678 -0.70710678,0 0.70710678 -0.70710678,
  0 0.70710678 -0.70710678,0 0.70710678 -0.70710678] }
}
}
DEF SHAPE_661 Shape {
 appearance USE APP_2
 geometry DEF FACE_661 IndexedFaceSet {
  coord DEF COORD_661 Coordinate { point [
  0.12598425 -5.8740157 0.37401575,0.12598425 -5.8740157 -1.1181102,
  0.12598425 -6.1259843 0.37401575,0.12598425 -6.1259843 -1.1181102] }
 coordIndex [
  1,0,2,-1,1,2,3,-1]
  normalPerVertex TRUE
  normal DEF NORM_661 Normal { vector [
  1 0 0,1 0 0,
  1 0 0,1 0 0] }
}
}
DEF SHAPE_662 Shape {
 appearance USE APP_2
 geometry DEF FACE_662 IndexedFaceSet {
  coord DEF COORD_662 Coordinate { point [
  -0.12598425 -5.8740157 0.37401575,-0.12598425 -6.1259843 0.37401575,
  -0.11739863 -6.1259843 0.43923,-0.092226873 -6.1259843 0.5,
  -0.052184386 -6.1259843 0.55218439,0 -6.1259843 0.59222687,
  0.060770004 -6.1259843 0.61739863,0.12598425 -6.1259843 0.62598425,
  0.12598425 -5.8740157 0.62598425,-0.11739863 -5.8740157 0.43923,
  -0.092226873 -5.8740157 0.5,-0.052184386 -5.8740157 0.55218439,
  0 -5.8740157 0.59222687,0.060770004 -5.8740157 0.61739863] }
 coordIndex [
  6,7,8,-1,6,8,13,-1,5,13,12,-1,5,6,13,-1,4,12,11,-1,4,5,12,-1,3,11,10,-1,3,4,11,-1,
  2,9,0,-1,2,10,9,-1,2,3,10,-1,1,2,0,-1]
  normalPerVertex TRUE
  normal DEF NORM_662 Normal { vector [
  -0.99144486 0 0.13052619,-0.99144486 0 0.13052619,
  -0.96592583 0 0.25881905,-0.84327172 0 0.5374875,
  -0.67542593 0 0.73742784,-0.46155098 0 0.88711369,
  -0.21622209 0 0.9763442,-0.13052619 0 0.99144486,
  -0.13052619 0 0.99144486,-0.96592583 0 0.25881905,
  -0.88711369 0 0.46155098,-0.73742784 0 0.67542593,
  -0.5374875 0 0.84327172,-0.30091828 0 0.95364993] }
}
}
DEF SHAPE_663 Shape {
 appearance USE APP_2
 geometry DEF FACE_663 IndexedFaceSet {
  coord DEF COORD_663 Coordinate { point [
  -0.12598425 -5.8740157 -1.1181102,-0.12598425 -5.8740157 0.37401575,
  -0.12598425 -6.1259843 -1.1181102,-0.12598425 -6.1259843 0.37401575] }
 coordIndex [
  1,0,2,-1,1,2,3,-1]
  normalPerVertex TRUE
  normal DEF NORM_663 Normal { vector [
  -1 0 0,-1 0 0,
  -1 0 0,-1 0 0] }
}
}
DEF SHAPE_664 Shape {
 appearance USE APP_2
 geometry DEF FACE_664 IndexedFaceSet {
  coord DEF COORD_664 Coordinate { point [
  0.062992126 -6.0629921 -1.1811024,0.12598425 -6.1259843 -1.1181102,
  -0.062992126 -6.0629921 -1.1811024,-0.12598425 -6.1259843 -1.1181102] }
 coordIndex [
  3,0,1,-1,3,2,0,-1]
  normalPerVertex TRUE
  normal DEF NORM_664 Normal { vector [
  0 -0.70710678 -0.70710678,0 -0.70710678 -0.70710678,
  0 -0.70710678 -0.70710678,0 -0.70710678 -0.70710678] }
}
}
DEF SHAPE_665 Shape {
 appearance USE APP_2
 geometry DEF FACE_665 IndexedFaceSet {
  coord DEF COORD_665 Coordinate { point [
  0.062992126 -5.9370079 -1.1811024,-0.062992126 -5.9370079 -1.1811024,
  -0.12598425 -5.8740157 -1.1181102,0.12598425 -5.8740157 -1.1181102] }
 coordIndex [
  0,1,2,-1,0,2,3,-1]
  normalPerVertex TRUE
  normal DEF NORM_665 Normal { vector [
  0 0.70710678 -0.70710678,0 0.70710678 -0.70710678,
  0 0.70710678 -0.70710678,0 0.70710678 -0.70710678] }
}
}
DEF SHAPE_666 Shape {
 appearance USE APP_2
 geometry DEF FACE_666 IndexedFaceSet {
  coord DEF COORD_666 Coordinate { point [
  -0.12598425 -6.8740157 0.37401575,-0.12598425 -7.1259843 0.37401575,
  -0.11739863 -7.1259843 0.43923,-0.092226873 -7.1259843 0.5,
  -0.052184386 -7.1259843 0.55218439,0 -7.1259843 0.59222687,
  0.060770004 -7.1259843 0.61739863,0.12598425 -7.1259843 0.62598425,
  0.12598425 -6.8740157 0.62598425,-0.11739863 -6.8740157 0.43923,
  -0.092226873 -6.8740157 0.5,-0.052184386 -6.8740157 0.55218439,
  0 -6.8740157 0.59222687,0.060770004 -6.8740157 0.61739863] }
 coordIndex [
  6,7,8,-1,6,8,13,-1,5,13,12,-1,5,6,13,-1,4,12,11,-1,4,5,12,-1,3,11,10,-1,3,4,11,-1,
  2,9,0,-1,2,10,9,-1,2,3,10,-1,1,2,0,-1]
  normalPerVertex TRUE
  normal DEF NORM_666 Normal { vector [
  -0.99144486 0 0.13052619,-0.99144486 0 0.13052619,
  -0.96592583 0 0.25881905,-0.84327172 0 0.5374875,
  -0.67542593 0 0.73742784,-0.46155098 0 0.88711369,
  -0.21622209 0 0.9763442,-0.13052619 0 0.99144486,
  -0.13052619 0 0.99144486,-0.96592583 0 0.25881905,
  -0.88711369 0 0.46155098,-0.73742784 0 0.67542593,
  -0.5374875 0 0.84327172,-0.30091828 0 0.95364993] }
}
}
DEF SHAPE_667 Shape {
 appearance USE APP_2
 geometry DEF FACE_667 IndexedFaceSet {
  coord DEF COORD_667 Coordinate { point [
  -0.12598425 -6.8740157 -1.1181102,-0.12598425 -6.8740157 0.37401575,
  -0.12598425 -7.1259843 -1.1181102,-0.12598425 -7.1259843 0.37401575] }
 coordIndex [
  1,0,2,-1,1,2,3,-1]
  normalPerVertex TRUE
  normal DEF NORM_667 Normal { vector [
  -1 0 0,-1 0 0,
  -1 0 0,-1 0 0] }
}
}
DEF SHAPE_668 Shape {
 appearance USE APP_2
 geometry DEF FACE_668 IndexedFaceSet {
  coord DEF COORD_668 Coordinate { point [
  0.062992126 -6.9370079 -1.1811024,-0.062992126 -6.9370079 -1.1811024,
  -0.12598425 -6.8740157 -1.1181102,0.12598425 -6.8740157 -1.1181102] }
 coordIndex [
  0,1,2,-1,0,2,3,-1]
  normalPerVertex TRUE
  normal DEF NORM_668 Normal { vector [
  0 0.70710678 -0.70710678,0 0.70710678 -0.70710678,
  0 0.70710678 -0.70710678,0 0.70710678 -0.70710678] }
}
}
DEF SHAPE_669 Shape {
 appearance USE APP_2
 geometry DEF FACE_669 IndexedFaceSet {
  coord DEF COORD_669 Coordinate { point [
  0.12598425 -6.8740157 0.37401575,0.12598425 -6.8740157 -1.1181102,
  0.12598425 -7.1259843 0.37401575,0.12598425 -7.1259843 -1.1181102] }
 coordIndex [
  1,0,2,-1,1,2,3,-1]
  normalPerVertex TRUE
  normal DEF NORM_669 Normal { vector [
  1 0 0,1 0 0,
  1 0 0,1 0 0] }
}
}
DEF SHAPE_670 Shape {
 appearance USE APP_2
 geometry DEF FACE_670 IndexedFaceSet {
  coord DEF COORD_670 Coordinate { point [
  0.062992126 -7.0629921 -1.1811024,0.12598425 -7.1259843 -1.1181102,
  -0.062992126 -7.0629921 -1.1811024,-0.12598425 -7.1259843 -1.1181102] }
 coordIndex [
  3,0,1,-1,3,2,0,-1]
  normalPerVertex TRUE
  normal DEF NORM_670 Normal { vector [
  0 -0.70710678 -0.70710678,0 -0.70710678 -0.70710678,
  0 -0.70710678 -0.70710678,0 -0.70710678 -0.70710678] }
}
}
DEF SHAPE_671 Shape {
 appearance USE APP_2
 geometry DEF FACE_671 IndexedFaceSet {
  coord DEF COORD_671 Coordinate { point [
  -0.12598425 -29.874016 0.37401575,-0.12598425 -30.125984 0.37401575,
  -0.11739863 -30.125984 0.43923,-0.092226873 -30.125984 0.5,
  -0.052184386 -30.125984 0.55218439,0 -30.125984 0.59222687,
  0.060770004 -30.125984 0.61739863,0.12598425 -30.125984 0.62598425,
  0.12598425 -29.874016 0.62598425,-0.11739863 -29.874016 0.43923,
  -0.092226873 -29.874016 0.5,-0.052184386 -29.874016 0.55218439,
  0 -29.874016 0.59222687,0.060770004 -29.874016 0.61739863] }
 coordIndex [
  6,7,8,-1,6,8,13,-1,5,13,12,-1,5,6,13,-1,4,12,11,-1,4,5,12,-1,3,11,10,-1,3,4,11,-1,
  2,9,0,-1,2,10,9,-1,2,3,10,-1,1,2,0,-1]
  normalPerVertex TRUE
  normal DEF NORM_671 Normal { vector [
  -0.99144486 0 0.13052619,-0.99144486 0 0.13052619,
  -0.96592583 0 0.25881905,-0.84327172 0 0.5374875,
  -0.67542593 0 0.73742784,-0.46155098 0 0.88711369,
  -0.21622209 0 0.9763442,-0.13052619 0 0.99144486,
  -0.13052619 0 0.99144486,-0.96592583 0 0.25881905,
  -0.88711369 0 0.46155098,-0.73742784 0 0.67542593,
  -0.5374875 0 0.84327172,-0.30091828 0 0.95364993] }
}
}
DEF SHAPE_672 Shape {
 appearance USE APP_2
 geometry DEF FACE_672 IndexedFaceSet {
  coord DEF COORD_672 Coordinate { point [
  -0.12598425 -29.874016 -1.1181102,-0.12598425 -29.874016 0.37401575,
  -0.12598425 -30.125984 -1.1181102,-0.12598425 -30.125984 0.37401575] }
 coordIndex [
  1,0,2,-1,1,2,3,-1]
  normalPerVertex TRUE
  normal DEF NORM_672 Normal { vector [
  -1 0 0,-1 0 0,
  -1 0 0,-1 0 0] }
}
}
DEF SHAPE_673 Shape {
 appearance USE APP_2
 geometry DEF FACE_673 IndexedFaceSet {
  coord DEF COORD_673 Coordinate { point [
  0.062992126 -29.937008 -1.1811024,-0.062992126 -29.937008 -1.1811024,
  -0.12598425 -29.874016 -1.1181102,0.12598425 -29.874016 -1.1181102] }
 coordIndex [
  0,1,2,-1,0,2,3,-1]
  normalPerVertex TRUE
  normal DEF NORM_673 Normal { vector [
  0 0.70710678 -0.70710678,0 0.70710678 -0.70710678,
  0 0.70710678 -0.70710678,0 0.70710678 -0.70710678] }
}
}
DEF SHAPE_674 Shape {
 appearance USE APP_2
 geometry DEF FACE_674 IndexedFaceSet {
  coord DEF COORD_674 Coordinate { point [
  0.12598425 -29.874016 0.37401575,0.12598425 -29.874016 -1.1181102,
  0.12598425 -30.125984 0.37401575,0.12598425 -30.125984 -1.1181102] }
 coordIndex [
  1,0,2,-1,1,2,3,-1]
  normalPerVertex TRUE
  normal DEF NORM_674 Normal { vector [
  1 0 0,1 0 0,
  1 0 0,1 0 0] }
}
}
DEF SHAPE_675 Shape {
 appearance USE APP_2
 geometry DEF FACE_675 IndexedFaceSet {
  coord DEF COORD_675 Coordinate { point [
  0.062992126 -30.062992 -1.1811024,0.12598425 -30.125984 -1.1181102,
  -0.062992126 -30.062992 -1.1811024,-0.12598425 -30.125984 -1.1181102] }
 coordIndex [
  3,0,1,-1,3,2,0,-1]
  normalPerVertex TRUE
  normal DEF NORM_675 Normal { vector [
  0 -0.70710678 -0.70710678,0 -0.70710678 -0.70710678,
  0 -0.70710678 -0.70710678,0 -0.70710678 -0.70710678] }
}
}
DEF SHAPE_676 Shape {
 appearance USE APP_2
 geometry DEF FACE_676 IndexedFaceSet {
  coord DEF COORD_676 Coordinate { point [
  -0.12598425 -28.874016 0.37401575,-0.12598425 -29.125984 0.37401575,
  -0.11739863 -29.125984 0.43923,-0.092226873 -29.125984 0.5,
  -0.052184386 -29.125984 0.55218439,0 -29.125984 0.59222687,
  0.060770004 -29.125984 0.61739863,0.12598425 -29.125984 0.62598425,
  0.12598425 -28.874016 0.62598425,-0.11739863 -28.874016 0.43923,
  -0.092226873 -28.874016 0.5,-0.052184386 -28.874016 0.55218439,
  0 -28.874016 0.59222687,0.060770004 -28.874016 0.61739863] }
 coordIndex [
  6,7,8,-1,6,8,13,-1,5,13,12,-1,5,6,13,-1,4,12,11,-1,4,5,12,-1,3,11,10,-1,3,4,11,-1,
  2,9,0,-1,2,10,9,-1,2,3,10,-1,1,2,0,-1]
  normalPerVertex TRUE
  normal DEF NORM_676 Normal { vector [
  -0.99144486 0 0.13052619,-0.99144486 0 0.13052619,
  -0.96592583 0 0.25881905,-0.84327172 0 0.5374875,
  -0.67542593 0 0.73742784,-0.46155098 0 0.88711369,
  -0.21622209 0 0.9763442,-0.13052619 0 0.99144486,
  -0.13052619 0 0.99144486,-0.96592583 0 0.25881905,
  -0.88711369 0 0.46155098,-0.73742784 0 0.67542593,
  -0.5374875 0 0.84327172,-0.30091828 0 0.95364993] }
}
}
DEF SHAPE_677 Shape {
 appearance USE APP_2
 geometry DEF FACE_677 IndexedFaceSet {
  coord DEF COORD_677 Coordinate { point [
  -0.12598425 -28.874016 -1.1181102,-0.12598425 -28.874016 0.37401575,
  -0.12598425 -29.125984 -1.1181102,-0.12598425 -29.125984 0.37401575] }
 coordIndex [
  1,0,2,-1,1,2,3,-1]
  normalPerVertex TRUE
  normal DEF NORM_677 Normal { vector [
  -1 0 0,-1 0 0,
  -1 0 0,-1 0 0] }
}
}
DEF SHAPE_678 Shape {
 appearance USE APP_2
 geometry DEF FACE_678 IndexedFaceSet {
  coord DEF COORD_678 Coordinate { point [
  0.062992126 -28.937008 -1.1811024,-0.062992126 -28.937008 -1.1811024,
  -0.12598425 -28.874016 -1.1181102,0.12598425 -28.874016 -1.1181102] }
 coordIndex [
  0,1,2,-1,0,2,3,-1]
  normalPerVertex TRUE
  normal DEF NORM_678 Normal { vector [
  0 0.70710678 -0.70710678,0 0.70710678 -0.70710678,
  0 0.70710678 -0.70710678,0 0.70710678 -0.70710678] }
}
}
DEF SHAPE_679 Shape {
 appearance USE APP_2
 geometry DEF FACE_679 IndexedFaceSet {
  coord DEF COORD_679 Coordinate { point [
  0.12598425 -28.874016 0.37401575,0.12598425 -28.874016 -1.1181102,
  0.12598425 -29.125984 0.37401575,0.12598425 -29.125984 -1.1181102] }
 coordIndex [
  1,0,2,-1,1,2,3,-1]
  normalPerVertex TRUE
  normal DEF NORM_679 Normal { vector [
  1 0 0,1 0 0,
  1 0 0,1 0 0] }
}
}
DEF SHAPE_680 Shape {
 appearance USE APP_2
 geometry DEF FACE_680 IndexedFaceSet {
  coord DEF COORD_680 Coordinate { point [
  0.062992126 -29.062992 -1.1811024,0.12598425 -29.125984 -1.1181102,
  -0.062992126 -29.062992 -1.1811024,-0.12598425 -29.125984 -1.1181102] }
 coordIndex [
  3,0,1,-1,3,2,0,-1]
  normalPerVertex TRUE
  normal DEF NORM_680 Normal { vector [
  0 -0.70710678 -0.70710678,0 -0.70710678 -0.70710678,
  0 -0.70710678 -0.70710678,0 -0.70710678 -0.70710678] }
}
}
DEF SHAPE_681 Shape {
 appearance USE APP_2
 geometry DEF FACE_681 IndexedFaceSet {
  coord DEF COORD_681 Coordinate { point [
  -0.12598425 -34.874016 0.37401575,-0.12598425 -35.125984 0.37401575,
  -0.11739863 -35.125984 0.43923,-0.092226873 -35.125984 0.5,
  -0.052184386 -35.125984 0.55218439,0 -35.125984 0.59222687,
  0.060770004 -35.125984 0.61739863,0.12598425 -35.125984 0.62598425,
  0.12598425 -34.874016 0.62598425,-0.11739863 -34.874016 0.43923,
  -0.092226873 -34.874016 0.5,-0.052184386 -34.874016 0.55218439,
  0 -34.874016 0.59222687,0.060770004 -34.874016 0.61739863] }
 coordIndex [
  6,7,8,-1,6,8,13,-1,5,13,12,-1,5,6,13,-1,4,12,11,-1,4,5,12,-1,3,11,10,-1,3,4,11,-1,
  2,9,0,-1,2,10,9,-1,2,3,10,-1,1,2,0,-1]
  normalPerVertex TRUE
  normal DEF NORM_681 Normal { vector [
  -0.99144486 0 0.13052619,-0.99144486 0 0.13052619,
  -0.96592583 0 0.25881905,-0.84327172 0 0.5374875,
  -0.67542593 0 0.73742784,-0.46155098 0 0.88711369,
  -0.21622209 0 0.9763442,-0.13052619 0 0.99144486,
  -0.13052619 0 0.99144486,-0.96592583 0 0.25881905,
  -0.88711369 0 0.46155098,-0.73742784 0 0.67542593,
  -0.5374875 0 0.84327172,-0.30091828 0 0.95364993] }
}
}
DEF SHAPE_682 Shape {
 appearance USE APP_2
 geometry DEF FACE_682 IndexedFaceSet {
  coord DEF COORD_682 Coordinate { point [
  -0.12598425 -34.874016 -1.1181102,-0.12598425 -34.874016 0.37401575,
  -0.12598425 -35.125984 -1.1181102,-0.12598425 -35.125984 0.37401575] }
 coordIndex [
  1,0,2,-1,1,2,3,-1]
  normalPerVertex TRUE
  normal DEF NORM_682 Normal { vector [
  -1 0 0,-1 0 0,
  -1 0 0,-1 0 0] }
}
}
DEF SHAPE_683 Shape {
 appearance USE APP_2
 geometry DEF FACE_683 IndexedFaceSet {
  coord DEF COORD_683 Coordinate { point [
  0.062992126 -34.937008 -1.1811024,-0.062992126 -34.937008 -1.1811024,
  -0.12598425 -34.874016 -1.1181102,0.12598425 -34.874016 -1.1181102] }
 coordIndex [
  0,1,2,-1,0,2,3,-1]
  normalPerVertex TRUE
  normal DEF NORM_683 Normal { vector [
  0 0.70710678 -0.70710678,0 0.70710678 -0.70710678,
  0 0.70710678 -0.70710678,0 0.70710678 -0.70710678] }
}
}
DEF SHAPE_684 Shape {
 appearance USE APP_2
 geometry DEF FACE_684 IndexedFaceSet {
  coord DEF COORD_684 Coordinate { point [
  0.12598425 -34.874016 0.37401575,0.12598425 -34.874016 -1.1181102,
  0.12598425 -35.125984 0.37401575,0.12598425 -35.125984 -1.1181102] }
 coordIndex [
  1,0,2,-1,1,2,3,-1]
  normalPerVertex TRUE
  normal DEF NORM_684 Normal { vector [
  1 0 0,1 0 0,
  1 0 0,1 0 0] }
}
}
DEF SHAPE_685 Shape {
 appearance USE APP_2
 geometry DEF FACE_685 IndexedFaceSet {
  coord DEF COORD_685 Coordinate { point [
  0.062992126 -35.062992 -1.1811024,0.12598425 -35.125984 -1.1181102,
  -0.062992126 -35.062992 -1.1811024,-0.12598425 -35.125984 -1.1181102] }
 coordIndex [
  3,0,1,-1,3,2,0,-1]
  normalPerVertex TRUE
  normal DEF NORM_685 Normal { vector [
  0 -0.70710678 -0.70710678,0 -0.70710678 -0.70710678,
  0 -0.70710678 -0.70710678,0 -0.70710678 -0.70710678] }
}
}
DEF SHAPE_686 Shape {
 appearance USE APP_2
 geometry DEF FACE_686 IndexedFaceSet {
  coord DEF COORD_686 Coordinate { point [
  0.12598425 -33.874016 0.37401575,0.12598425 -33.874016 -1.1181102,
  0.12598425 -34.125984 0.37401575,0.12598425 -34.125984 -1.1181102] }
 coordIndex [
  1,0,2,-1,1,2,3,-1]
  normalPerVertex TRUE
  normal DEF NORM_686 Normal { vector [
  1 0 0,1 0 0,
  1 0 0,1 0 0] }
}
}
DEF SHAPE_687 Shape {
 appearance USE APP_2
 geometry DEF FACE_687 IndexedFaceSet {
  coord DEF COORD_687 Coordinate { point [
  -0.12598425 -33.874016 0.37401575,-0.12598425 -34.125984 0.37401575,
  -0.11739863 -34.125984 0.43923,-0.092226873 -34.125984 0.5,
  -0.052184386 -34.125984 0.55218439,0 -34.125984 0.59222687,
  0.060770004 -34.125984 0.61739863,0.12598425 -34.125984 0.62598425,
  0.12598425 -33.874016 0.62598425,-0.11739863 -33.874016 0.43923,
  -0.092226873 -33.874016 0.5,-0.052184386 -33.874016 0.55218439,
  0 -33.874016 0.59222687,0.060770004 -33.874016 0.61739863] }
 coordIndex [
  6,7,8,-1,6,8,13,-1,5,13,12,-1,5,6,13,-1,4,12,11,-1,4,5,12,-1,3,11,10,-1,3,4,11,-1,
  2,9,0,-1,2,10,9,-1,2,3,10,-1,1,2,0,-1]
  normalPerVertex TRUE
  normal DEF NORM_687 Normal { vector [
  -0.99144486 0 0.13052619,-0.99144486 0 0.13052619,
  -0.96592583 0 0.25881905,-0.84327172 0 0.5374875,
  -0.67542593 0 0.73742784,-0.46155098 0 0.88711369,
  -0.21622209 0 0.9763442,-0.13052619 0 0.99144486,
  -0.13052619 0 0.99144486,-0.96592583 0 0.25881905,
  -0.88711369 0 0.46155098,-0.73742784 0 0.67542593,
  -0.5374875 0 0.84327172,-0.30091828 0 0.95364993] }
}
}
DEF SHAPE_688 Shape {
 appearance USE APP_2
 geometry DEF FACE_688 IndexedFaceSet {
  coord DEF COORD_688 Coordinate { point [
  -0.12598425 -33.874016 -1.1181102,-0.12598425 -33.874016 0.37401575,
  -0.12598425 -34.125984 -1.1181102,-0.12598425 -34.125984 0.37401575] }
 coordIndex [
  1,0,2,-1,1,2,3,-1]
  normalPerVertex TRUE
  normal DEF NORM_688 Normal { vector [
  -1 0 0,-1 0 0,
  -1 0 0,-1 0 0] }
}
}
DEF SHAPE_689 Shape {
 appearance USE APP_2
 geometry DEF FACE_689 IndexedFaceSet {
  coord DEF COORD_689 Coordinate { point [
  0.062992126 -34.062992 -1.1811024,0.12598425 -34.125984 -1.1181102,
  -0.062992126 -34.062992 -1.1811024,-0.12598425 -34.125984 -1.1181102] }
 coordIndex [
  3,0,1,-1,3,2,0,-1]
  normalPerVertex TRUE
  normal DEF NORM_689 Normal { vector [
  0 -0.70710678 -0.70710678,0 -0.70710678 -0.70710678,
  0 -0.70710678 -0.70710678,0 -0.70710678 -0.70710678] }
}
}
DEF SHAPE_690 Shape {
 appearance USE APP_2
 geometry DEF FACE_690 IndexedFaceSet {
  coord DEF COORD_690 Coordinate { point [
  0.062992126 -33.937008 -1.1811024,-0.062992126 -33.937008 -1.1811024,
  -0.12598425 -33.874016 -1.1181102,0.12598425 -33.874016 -1.1181102] }
 coordIndex [
  0,1,2,-1,0,2,3,-1]
  normalPerVertex TRUE
  normal DEF NORM_690 Normal { vector [
  0 0.70710678 -0.70710678,0 0.70710678 -0.70710678,
  0 0.70710678 -0.70710678,0 0.70710678 -0.70710678] }
}
}
DEF SHAPE_691 Shape {
 appearance USE APP_2
 geometry DEF FACE_691 IndexedFaceSet {
  coord DEF COORD_691 Coordinate { point [
  -0.12598425 -32.874016 0.37401575,-0.12598425 -33.125984 0.37401575,
  -0.11739863 -33.125984 0.43923,-0.092226873 -33.125984 0.5,
  -0.052184386 -33.125984 0.55218439,0 -33.125984 0.59222687,
  0.060770004 -33.125984 0.61739863,0.12598425 -33.125984 0.62598425,
  0.12598425 -32.874016 0.62598425,-0.11739863 -32.874016 0.43923,
  -0.092226873 -32.874016 0.5,-0.052184386 -32.874016 0.55218439,
  0 -32.874016 0.59222687,0.060770004 -32.874016 0.61739863] }
 coordIndex [
  6,7,8,-1,6,8,13,-1,5,13,12,-1,5,6,13,-1,4,12,11,-1,4,5,12,-1,3,11,10,-1,3,4,11,-1,
  2,9,0,-1,2,10,9,-1,2,3,10,-1,1,2,0,-1]
  normalPerVertex TRUE
  normal DEF NORM_691 Normal { vector [
  -0.99144486 0 0.13052619,-0.99144486 0 0.13052619,
  -0.96592583 0 0.25881905,-0.84327172 0 0.5374875,
  -0.67542593 0 0.73742784,-0.46155098 0 0.88711369,
  -0.21622209 0 0.9763442,-0.13052619 0 0.99144486,
  -0.13052619 0 0.99144486,-0.96592583 0 0.25881905,
  -0.88711369 0 0.46155098,-0.73742784 0 0.67542593,
  -0.5374875 0 0.84327172,-0.30091828 0 0.95364993] }
}
}
DEF SHAPE_692 Shape {
 appearance USE APP_2
 geometry DEF FACE_692 IndexedFaceSet {
  coord DEF COORD_692 Coordinate { point [
  -0.12598425 -32.874016 -1.1181102,-0.12598425 -32.874016 0.37401575,
  -0.12598425 -33.125984 -1.1181102,-0.12598425 -33.125984 0.37401575] }
 coordIndex [
  1,0,2,-1,1,2,3,-1]
  normalPerVertex TRUE
  normal DEF NORM_692 Normal { vector [
  -1 0 0,-1 0 0,
  -1 0 0,-1 0 0] }
}
}
DEF SHAPE_693 Shape {
 appearance USE APP_2
 geometry DEF FACE_693 IndexedFaceSet {
  coord DEF COORD_693 Coordinate { point [
  0.062992126 -32.937008 -1.1811024,-0.062992126 -32.937008 -1.1811024,
  -0.12598425 -32.874016 -1.1181102,0.12598425 -32.874016 -1.1181102] }
 coordIndex [
  0,1,2,-1,0,2,3,-1]
  normalPerVertex TRUE
  normal DEF NORM_693 Normal { vector [
  0 0.70710678 -0.70710678,0 0.70710678 -0.70710678,
  0 0.70710678 -0.70710678,0 0.70710678 -0.70710678] }
}
}
DEF SHAPE_694 Shape {
 appearance USE APP_2
 geometry DEF FACE_694 IndexedFaceSet {
  coord DEF COORD_694 Coordinate { point [
  0.12598425 -32.874016 0.37401575,0.12598425 -32.874016 -1.1181102,
  0.12598425 -33.125984 0.37401575,0.12598425 -33.125984 -1.1181102] }
 coordIndex [
  1,0,2,-1,1,2,3,-1]
  normalPerVertex TRUE
  normal DEF NORM_694 Normal { vector [
  1 0 0,1 0 0,
  1 0 0,1 0 0] }
}
}
DEF SHAPE_695 Shape {
 appearance USE APP_2
 geometry DEF FACE_695 IndexedFaceSet {
  coord DEF COORD_695 Coordinate { point [
  0.062992126 -33.062992 -1.1811024,0.12598425 -33.125984 -1.1181102,
  -0.062992126 -33.062992 -1.1811024,-0.12598425 -33.125984 -1.1181102] }
 coordIndex [
  3,0,1,-1,3,2,0,-1]
  normalPerVertex TRUE
  normal DEF NORM_695 Normal { vector [
  0 -0.70710678 -0.70710678,0 -0.70710678 -0.70710678,
  0 -0.70710678 -0.70710678,0 -0.70710678 -0.70710678] }
}
}
DEF SHAPE_696 Shape {
 appearance USE APP_2
 geometry DEF FACE_696 IndexedFaceSet {
  coord DEF COORD_696 Coordinate { point [
  -0.12598425 -30.874016 0.37401575,-0.12598425 -31.125984 0.37401575,
  -0.11739863 -31.125984 0.43923,-0.092226873 -31.125984 0.5,
  -0.052184386 -31.125984 0.55218439,0 -31.125984 0.59222687,
  0.060770004 -31.125984 0.61739863,0.12598425 -31.125984 0.62598425,
  0.12598425 -30.874016 0.62598425,-0.11739863 -30.874016 0.43923,
  -0.092226873 -30.874016 0.5,-0.052184386 -30.874016 0.55218439,
  0 -30.874016 0.59222687,0.060770004 -30.874016 0.61739863] }
 coordIndex [
  6,7,8,-1,6,8,13,-1,5,13,12,-1,5,6,13,-1,4,12,11,-1,4,5,12,-1,3,11,10,-1,3,4,11,-1,
  2,9,0,-1,2,10,9,-1,2,3,10,-1,1,2,0,-1]
  normalPerVertex TRUE
  normal DEF NORM_696 Normal { vector [
  -0.99144486 0 0.13052619,-0.99144486 0 0.13052619,
  -0.96592583 0 0.25881905,-0.84327172 0 0.5374875,
  -0.67542593 0 0.73742784,-0.46155098 0 0.88711369,
  -0.21622209 0 0.9763442,-0.13052619 0 0.99144486,
  -0.13052619 0 0.99144486,-0.96592583 0 0.25881905,
  -0.88711369 0 0.46155098,-0.73742784 0 0.67542593,
  -0.5374875 0 0.84327172,-0.30091828 0 0.95364993] }
}
}
DEF SHAPE_697 Shape {
 appearance USE APP_2
 geometry DEF FACE_697 IndexedFaceSet {
  coord DEF COORD_697 Coordinate { point [
  -0.12598425 -30.874016 -1.1181102,-0.12598425 -30.874016 0.37401575,
  -0.12598425 -31.125984 -1.1181102,-0.12598425 -31.125984 0.37401575] }
 coordIndex [
  1,0,2,-1,1,2,3,-1]
  normalPerVertex TRUE
  normal DEF NORM_697 Normal { vector [
  -1 0 0,-1 0 0,
  -1 0 0,-1 0 0] }
}
}
DEF SHAPE_698 Shape {
 appearance USE APP_2
 geometry DEF FACE_698 IndexedFaceSet {
  coord DEF COORD_698 Coordinate { point [
  0.062992126 -30.937008 -1.1811024,-0.062992126 -30.937008 -1.1811024,
  -0.12598425 -30.874016 -1.1181102,0.12598425 -30.874016 -1.1181102] }
 coordIndex [
  0,1,2,-1,0,2,3,-1]
  normalPerVertex TRUE
  normal DEF NORM_698 Normal { vector [
  0 0.70710678 -0.70710678,0 0.70710678 -0.70710678,
  0 0.70710678 -0.70710678,0 0.70710678 -0.70710678] }
}
}
DEF SHAPE_699 Shape {
 appearance USE APP_2
 geometry DEF FACE_699 IndexedFaceSet {
  coord DEF COORD_699 Coordinate { point [
  0.12598425 -30.874016 0.37401575,0.12598425 -30.874016 -1.1181102,
  0.12598425 -31.125984 0.37401575,0.12598425 -31.125984 -1.1181102] }
 coordIndex [
  1,0,2,-1,1,2,3,-1]
  normalPerVertex TRUE
  normal DEF NORM_699 Normal { vector [
  1 0 0,1 0 0,
  1 0 0,1 0 0] }
}
}
DEF SHAPE_700 Shape {
 appearance USE APP_2
 geometry DEF FACE_700 IndexedFaceSet {
  coord DEF COORD_700 Coordinate { point [
  0.062992126 -31.062992 -1.1811024,0.12598425 -31.125984 -1.1181102,
  -0.062992126 -31.062992 -1.1811024,-0.12598425 -31.125984 -1.1181102] }
 coordIndex [
  3,0,1,-1,3,2,0,-1]
  normalPerVertex TRUE
  normal DEF NORM_700 Normal { vector [
  0 -0.70710678 -0.70710678,0 -0.70710678 -0.70710678,
  0 -0.70710678 -0.70710678,0 -0.70710678 -0.70710678] }
}
}
DEF SHAPE_701 Shape {
 appearance USE APP_2
 geometry DEF FACE_701 IndexedFaceSet {
  coord DEF COORD_701 Coordinate { point [
  -0.12598425 -31.874016 0.37401575,-0.12598425 -32.125984 0.37401575,
  -0.11739863 -32.125984 0.43923,-0.092226873 -32.125984 0.5,
  -0.052184386 -32.125984 0.55218439,0 -32.125984 0.59222687,
  0.060770004 -32.125984 0.61739863,0.12598425 -32.125984 0.62598425,
  0.12598425 -31.874016 0.62598425,-0.11739863 -31.874016 0.43923,
  -0.092226873 -31.874016 0.5,-0.052184386 -31.874016 0.55218439,
  0 -31.874016 0.59222687,0.060770004 -31.874016 0.61739863] }
 coordIndex [
  6,7,8,-1,6,8,13,-1,5,13,12,-1,5,6,13,-1,4,12,11,-1,4,5,12,-1,3,11,10,-1,3,4,11,-1,
  2,9,0,-1,2,10,9,-1,2,3,10,-1,1,2,0,-1]
  normalPerVertex TRUE
  normal DEF NORM_701 Normal { vector [
  -0.99144486 0 0.13052619,-0.99144486 0 0.13052619,
  -0.96592583 0 0.25881905,-0.84327172 0 0.5374875,
  -0.67542593 0 0.73742784,-0.46155098 0 0.88711369,
  -0.21622209 0 0.9763442,-0.13052619 0 0.99144486,
  -0.13052619 0 0.99144486,-0.96592583 0 0.25881905,
  -0.88711369 0 0.46155098,-0.73742784 0 0.67542593,
  -0.5374875 0 0.84327172,-0.30091828 0 0.95364993] }
}
}
DEF SHAPE_702 Shape {
 appearance USE APP_2
 geometry DEF FACE_702 IndexedFaceSet {
  coord DEF COORD_702 Coordinate { point [
  -0.12598425 -31.874016 -1.1181102,-0.12598425 -31.874016 0.37401575,
  -0.12598425 -32.125984 -1.1181102,-0.12598425 -32.125984 0.37401575] }
 coordIndex [
  1,0,2,-1,1,2,3,-1]
  normalPerVertex TRUE
  normal DEF NORM_702 Normal { vector [
  -1 0 0,-1 0 0,
  -1 0 0,-1 0 0] }
}
}
DEF SHAPE_703 Shape {
 appearance USE APP_2
 geometry DEF FACE_703 IndexedFaceSet {
  coord DEF COORD_703 Coordinate { point [
  0.062992126 -31.937008 -1.1811024,-0.062992126 -31.937008 -1.1811024,
  -0.12598425 -31.874016 -1.1181102,0.12598425 -31.874016 -1.1181102] }
 coordIndex [
  0,1,2,-1,0,2,3,-1]
  normalPerVertex TRUE
  normal DEF NORM_703 Normal { vector [
  0 0.70710678 -0.70710678,0 0.70710678 -0.70710678,
  0 0.70710678 -0.70710678,0 0.70710678 -0.70710678] }
}
}
DEF SHAPE_704 Shape {
 appearance USE APP_2
 geometry DEF FACE_704 IndexedFaceSet {
  coord DEF COORD_704 Coordinate { point [
  0.12598425 -31.874016 0.37401575,0.12598425 -31.874016 -1.1181102,
  0.12598425 -32.125984 0.37401575,0.12598425 -32.125984 -1.1181102] }
 coordIndex [
  1,0,2,-1,1,2,3,-1]
  normalPerVertex TRUE
  normal DEF NORM_704 Normal { vector [
  1 0 0,1 0 0,
  1 0 0,1 0 0] }
}
}
DEF SHAPE_705 Shape {
 appearance USE APP_2
 geometry DEF FACE_705 IndexedFaceSet {
  coord DEF COORD_705 Coordinate { point [
  0.062992126 -32.062992 -1.1811024,0.12598425 -32.125984 -1.1181102,
  -0.062992126 -32.062992 -1.1811024,-0.12598425 -32.125984 -1.1181102] }
 coordIndex [
  3,0,1,-1,3,2,0,-1]
  normalPerVertex TRUE
  normal DEF NORM_705 Normal { vector [
  0 -0.70710678 -0.70710678,0 -0.70710678 -0.70710678,
  0 -0.70710678 -0.70710678,0 -0.70710678 -0.70710678] }
}
}
DEF SHAPE_706 Shape {
 appearance USE APP_2
 geometry DEF FACE_706 IndexedFaceSet {
  coord DEF COORD_706 Coordinate { point [
  0.12598425 -1.8740157 0.37401575,0.12598425 -1.8740157 -1.1181102,
  0.12598425 -2.1259843 0.37401575,0.12598425 -2.1259843 -1.1181102] }
 coordIndex [
  1,0,2,-1,1,2,3,-1]
  normalPerVertex TRUE
  normal DEF NORM_706 Normal { vector [
  1 0 0,1 0 0,
  1 0 0,1 0 0] }
}
}
DEF SHAPE_707 Shape {
 appearance USE APP_2
 geometry DEF FACE_707 IndexedFaceSet {
  coord DEF COORD_707 Coordinate { point [
  -0.12598425 -1.8740157 0.37401575,-0.12598425 -2.1259843 0.37401575,
  -0.11739863 -2.1259843 0.43923,-0.092226873 -2.1259843 0.5,
  -0.052184386 -2.1259843 0.55218439,0 -2.1259843 0.59222687,
  0.060770004 -2.1259843 0.61739863,0.12598425 -2.1259843 0.62598425,
  0.12598425 -1.8740157 0.62598425,-0.11739863 -1.8740157 0.43923,
  -0.092226873 -1.8740157 0.5,-0.052184386 -1.8740157 0.55218439,
  0 -1.8740157 0.59222687,0.060770004 -1.8740157 0.61739863] }
 coordIndex [
  6,7,8,-1,6,8,13,-1,5,13,12,-1,5,6,13,-1,4,12,11,-1,4,5,12,-1,3,11,10,-1,3,4,11,-1,
  2,9,0,-1,2,10,9,-1,2,3,10,-1,1,2,0,-1]
  normalPerVertex TRUE
  normal DEF NORM_707 Normal { vector [
  -0.99144486 0 0.13052619,-0.99144486 0 0.13052619,
  -0.96592583 0 0.25881905,-0.84327172 0 0.5374875,
  -0.67542593 0 0.73742784,-0.46155098 0 0.88711369,
  -0.21622209 0 0.9763442,-0.13052619 0 0.99144486,
  -0.13052619 0 0.99144486,-0.96592583 0 0.25881905,
  -0.88711369 0 0.46155098,-0.73742784 0 0.67542593,
  -0.5374875 0 0.84327172,-0.30091828 0 0.95364993] }
}
}
DEF SHAPE_708 Shape {
 appearance USE APP_2
 geometry DEF FACE_708 IndexedFaceSet {
  coord DEF COORD_708 Coordinate { point [
  -0.12598425 -1.8740157 -1.1181102,-0.12598425 -1.8740157 0.37401575,
  -0.12598425 -2.1259843 -1.1181102,-0.12598425 -2.1259843 0.37401575] }
 coordIndex [
  1,0,2,-1,1,2,3,-1]
  normalPerVertex TRUE
  normal DEF NORM_708 Normal { vector [
  -1 0 0,-1 0 0,
  -1 0 0,-1 0 0] }
}
}
DEF SHAPE_709 Shape {
 appearance USE APP_2
 geometry DEF FACE_709 IndexedFaceSet {
  coord DEF COORD_709 Coordinate { point [
  0.062992126 -2.0629921 -1.1811024,0.12598425 -2.1259843 -1.1181102,
  -0.062992126 -2.0629921 -1.1811024,-0.12598425 -2.1259843 -1.1181102] }
 coordIndex [
  3,0,1,-1,3,2,0,-1]
  normalPerVertex TRUE
  normal DEF NORM_709 Normal { vector [
  0 -0.70710678 -0.70710678,0 -0.70710678 -0.70710678,
  0 -0.70710678 -0.70710678,0 -0.70710678 -0.70710678] }
}
}
DEF SHAPE_710 Shape {
 appearance USE APP_2
 geometry DEF FACE_710 IndexedFaceSet {
  coord DEF COORD_710 Coordinate { point [
  0.062992126 -1.9370079 -1.1811024,-0.062992126 -1.9370079 -1.1811024,
  -0.12598425 -1.8740157 -1.1181102,0.12598425 -1.8740157 -1.1181102] }
 coordIndex [
  0,1,2,-1,0,2,3,-1]
  normalPerVertex TRUE
  normal DEF NORM_710 Normal { vector [
  0 0.70710678 -0.70710678,0 0.70710678 -0.70710678,
  0 0.70710678 -0.70710678,0 0.70710678 -0.70710678] }
}
}
DEF SHAPE_711 Shape {
 appearance USE APP_2
 geometry DEF FACE_711 IndexedFaceSet {
  coord DEF COORD_711 Coordinate { point [
  -0.12598425 -2.8740157 0.37401575,-0.12598425 -3.1259843 0.37401575,
  -0.11739863 -3.1259843 0.43923,-0.092226873 -3.1259843 0.5,
  -0.052184386 -3.1259843 0.55218439,0 -3.1259843 0.59222687,
  0.060770004 -3.1259843 0.61739863,0.12598425 -3.1259843 0.62598425,
  0.12598425 -2.8740157 0.62598425,-0.11739863 -2.8740157 0.43923,
  -0.092226873 -2.8740157 0.5,-0.052184386 -2.8740157 0.55218439,
  0 -2.8740157 0.59222687,0.060770004 -2.8740157 0.61739863] }
 coordIndex [
  6,7,8,-1,6,8,13,-1,5,13,12,-1,5,6,13,-1,4,12,11,-1,4,5,12,-1,3,11,10,-1,3,4,11,-1,
  2,9,0,-1,2,10,9,-1,2,3,10,-1,1,2,0,-1]
  normalPerVertex TRUE
  normal DEF NORM_711 Normal { vector [
  -0.99144486 0 0.13052619,-0.99144486 0 0.13052619,
  -0.96592583 0 0.25881905,-0.84327172 0 0.5374875,
  -0.67542593 0 0.73742784,-0.46155098 0 0.88711369,
  -0.21622209 0 0.9763442,-0.13052619 0 0.99144486,
  -0.13052619 0 0.99144486,-0.96592583 0 0.25881905,
  -0.88711369 0 0.46155098,-0.73742784 0 0.67542593,
  -0.5374875 0 0.84327172,-0.30091828 0 0.95364993] }
}
}
DEF SHAPE_712 Shape {
 appearance USE APP_2
 geometry DEF FACE_712 IndexedFaceSet {
  coord DEF COORD_712 Coordinate { point [
  -0.12598425 -2.8740157 -1.1181102,-0.12598425 -2.8740157 0.37401575,
  -0.12598425 -3.1259843 -1.1181102,-0.12598425 -3.1259843 0.37401575] }
 coordIndex [
  1,0,2,-1,1,2,3,-1]
  normalPerVertex TRUE
  normal DEF NORM_712 Normal { vector [
  -1 0 0,-1 0 0,
  -1 0 0,-1 0 0] }
}
}
DEF SHAPE_713 Shape {
 appearance USE APP_2
 geometry DEF FACE_713 IndexedFaceSet {
  coord DEF COORD_713 Coordinate { point [
  0.062992126 -2.9370079 -1.1811024,-0.062992126 -2.9370079 -1.1811024,
  -0.12598425 -2.8740157 -1.1181102,0.12598425 -2.8740157 -1.1181102] }
 coordIndex [
  0,1,2,-1,0,2,3,-1]
  normalPerVertex TRUE
  normal DEF NORM_713 Normal { vector [
  0 0.70710678 -0.70710678,0 0.70710678 -0.70710678,
  0 0.70710678 -0.70710678,0 0.70710678 -0.70710678] }
}
}
DEF SHAPE_714 Shape {
 appearance USE APP_2
 geometry DEF FACE_714 IndexedFaceSet {
  coord DEF COORD_714 Coordinate { point [
  0.12598425 -2.8740157 0.37401575,0.12598425 -2.8740157 -1.1181102,
  0.12598425 -3.1259843 0.37401575,0.12598425 -3.1259843 -1.1181102] }
 coordIndex [
  1,0,2,-1,1,2,3,-1]
  normalPerVertex TRUE
  normal DEF NORM_714 Normal { vector [
  1 0 0,1 0 0,
  1 0 0,1 0 0] }
}
}
DEF SHAPE_715 Shape {
 appearance USE APP_2
 geometry DEF FACE_715 IndexedFaceSet {
  coord DEF COORD_715 Coordinate { point [
  0.062992126 -3.0629921 -1.1811024,0.12598425 -3.1259843 -1.1181102,
  -0.062992126 -3.0629921 -1.1811024,-0.12598425 -3.1259843 -1.1181102] }
 coordIndex [
  3,0,1,-1,3,2,0,-1]
  normalPerVertex TRUE
  normal DEF NORM_715 Normal { vector [
  0 -0.70710678 -0.70710678,0 -0.70710678 -0.70710678,
  0 -0.70710678 -0.70710678,0 -0.70710678 -0.70710678] }
}
}
DEF SHAPE_716 Shape {
 appearance USE APP_2
 geometry DEF FACE_716 IndexedFaceSet {
  coord DEF COORD_716 Coordinate { point [
  0.12598425 -3.8740157 0.37401575,0.12598425 -3.8740157 -1.1181102,
  0.12598425 -4.1259843 0.37401575,0.12598425 -4.1259843 -1.1181102] }
 coordIndex [
  1,0,2,-1,1,2,3,-1]
  normalPerVertex TRUE
  normal DEF NORM_716 Normal { vector [
  1 0 0,1 0 0,
  1 0 0,1 0 0] }
}
}
DEF SHAPE_717 Shape {
 appearance USE APP_2
 geometry DEF FACE_717 IndexedFaceSet {
  coord DEF COORD_717 Coordinate { point [
  -0.12598425 -3.8740157 0.37401575,-0.12598425 -4.1259843 0.37401575,
  -0.11739863 -4.1259843 0.43923,-0.092226873 -4.1259843 0.5,
  -0.052184386 -4.1259843 0.55218439,0 -4.1259843 0.59222687,
  0.060770004 -4.1259843 0.61739863,0.12598425 -4.1259843 0.62598425,
  0.12598425 -3.8740157 0.62598425,-0.11739863 -3.8740157 0.43923,
  -0.092226873 -3.8740157 0.5,-0.052184386 -3.8740157 0.55218439,
  0 -3.8740157 0.59222687,0.060770004 -3.8740157 0.61739863] }
 coordIndex [
  6,7,8,-1,6,8,13,-1,5,13,12,-1,5,6,13,-1,4,12,11,-1,4,5,12,-1,3,11,10,-1,3,4,11,-1,
  2,9,0,-1,2,10,9,-1,2,3,10,-1,1,2,0,-1]
  normalPerVertex TRUE
  normal DEF NORM_717 Normal { vector [
  -0.99144486 0 0.13052619,-0.99144486 0 0.13052619,
  -0.96592583 0 0.25881905,-0.84327172 0 0.5374875,
  -0.67542593 0 0.73742784,-0.46155098 0 0.88711369,
  -0.21622209 0 0.9763442,-0.13052619 0 0.99144486,
  -0.13052619 0 0.99144486,-0.96592583 0 0.25881905,
  -0.88711369 0 0.46155098,-0.73742784 0 0.67542593,
  -0.5374875 0 0.84327172,-0.30091828 0 0.95364993] }
}
}
DEF SHAPE_718 Shape {
 appearance USE APP_2
 geometry DEF FACE_718 IndexedFaceSet {
  coord DEF COORD_718 Coordinate { point [
  -0.12598425 -3.8740157 -1.1181102,-0.12598425 -3.8740157 0.37401575,
  -0.12598425 -4.1259843 -1.1181102,-0.12598425 -4.1259843 0.37401575] }
 coordIndex [
  1,0,2,-1,1,2,3,-1]
  normalPerVertex TRUE
  normal DEF NORM_718 Normal { vector [
  -1 0 0,-1 0 0,
  -1 0 0,-1 0 0] }
}
}
DEF SHAPE_719 Shape {
 appearance USE APP_2
 geometry DEF FACE_719 IndexedFaceSet {
  coord DEF COORD_719 Coordinate { point [
  0.062992126 -4.0629921 -1.1811024,0.12598425 -4.1259843 -1.1181102,
  -0.062992126 -4.0629921 -1.1811024,-0.12598425 -4.1259843 -1.1181102] }
 coordIndex [
  3,0,1,-1,3,2,0,-1]
  normalPerVertex TRUE
  normal DEF NORM_719 Normal { vector [
  0 -0.70710678 -0.70710678,0 -0.70710678 -0.70710678,
  0 -0.70710678 -0.70710678,0 -0.70710678 -0.70710678] }
}
}
DEF SHAPE_720 Shape {
 appearance USE APP_2
 geometry DEF FACE_720 IndexedFaceSet {
  coord DEF COORD_720 Coordinate { point [
  0.062992126 -3.9370079 -1.1811024,-0.062992126 -3.9370079 -1.1811024,
  -0.12598425 -3.8740157 -1.1181102,0.12598425 -3.8740157 -1.1181102] }
 coordIndex [
  0,1,2,-1,0,2,3,-1]
  normalPerVertex TRUE
  normal DEF NORM_720 Normal { vector [
  0 0.70710678 -0.70710678,0 0.70710678 -0.70710678,
  0 0.70710678 -0.70710678,0 0.70710678 -0.70710678] }
}
}
DEF SHAPE_721 Shape {
 appearance USE APP_2
 geometry DEF FACE_721 IndexedFaceSet {
  coord DEF COORD_721 Coordinate { point [
  -0.12598425 -0.87401575 0.37401575,-0.12598425 -1.1259843 0.37401575,
  -0.11739863 -1.1259843 0.43923,-0.092226873 -1.1259843 0.5,
  -0.052184386 -1.1259843 0.55218439,0 -1.1259843 0.59222687,
  0.060770004 -1.1259843 0.61739863,0.12598425 -1.1259843 0.62598425,
  0.12598425 -0.87401575 0.62598425,-0.11739863 -0.87401575 0.43923,
  -0.092226873 -0.87401575 0.5,-0.052184386 -0.87401575 0.55218439,
  0 -0.87401575 0.59222687,0.060770004 -0.87401575 0.61739863] }
 coordIndex [
  6,7,8,-1,6,8,13,-1,5,13,12,-1,5,6,13,-1,4,12,11,-1,4,5,12,-1,3,11,10,-1,3,4,11,-1,
  2,10,9,-1,2,3,10,-1,1,9,0,-1,1,2,9,-1]
  normalPerVertex TRUE
  normal DEF NORM_721 Normal { vector [
  -0.99144486 0 0.13052619,-0.99144486 0 0.13052619,
  -0.95364993 0 0.30091828,-0.84327172 0 0.5374875,
  -0.67542593 0 0.73742784,-0.46155098 0 0.88711369,
  -0.21622209 0 0.9763442,-0.13052619 0 0.99144486,
  -0.13052619 0 0.99144486,-0.9763442 0 0.21622209,
  -0.88711369 0 0.46155098,-0.73742784 0 0.67542593,
  -0.5374875 0 0.84327172,-0.30091828 0 0.95364993] }
}
}
DEF SHAPE_722 Shape {
 appearance USE APP_2
 geometry DEF FACE_722 IndexedFaceSet {
  coord DEF COORD_722 Coordinate { point [
  -0.12598425 -0.87401575 -1.1181102,-0.12598425 -0.87401575 0.37401575,
  -0.12598425 -1.1259843 -1.1181102,-0.12598425 -1.1259843 0.37401575] }
 coordIndex [
  1,0,2,-1,1,2,3,-1]
  normalPerVertex TRUE
  normal DEF NORM_722 Normal { vector [
  -1 0 0,-1 0 0,
  -1 0 0,-1 0 0] }
}
}
DEF SHAPE_723 Shape {
 appearance USE APP_2
 geometry DEF FACE_723 IndexedFaceSet {
  coord DEF COORD_723 Coordinate { point [
  0.062992126 -0.93700787 -1.1811024,-0.062992126 -0.93700787 -1.1811024,
  -0.12598425 -0.87401575 -1.1181102,0.12598425 -0.87401575 -1.1181102] }
 coordIndex [
  0,1,2,-1,0,2,3,-1]
  normalPerVertex TRUE
  normal DEF NORM_723 Normal { vector [
  0 0.70710678 -0.70710678,0 0.70710678 -0.70710678,
  0 0.70710678 -0.70710678,0 0.70710678 -0.70710678] }
}
}
DEF SHAPE_724 Shape {
 appearance USE APP_2
 geometry DEF FACE_724 IndexedFaceSet {
  coord DEF COORD_724 Coordinate { point [
  0.12598425 -0.87401575 0.37401575,0.12598425 -0.87401575 -1.1181102,
  0.12598425 -1.1259843 0.37401575,0.12598425 -1.1259843 -1.1181102] }
 coordIndex [
  1,0,2,-1,1,2,3,-1]
  normalPerVertex TRUE
  normal DEF NORM_724 Normal { vector [
  1 0 0,1 0 0,
  1 0 0,1 0 0] }
}
}
DEF SHAPE_725 Shape {
 appearance USE APP_2
 geometry DEF FACE_725 IndexedFaceSet {
  coord DEF COORD_725 Coordinate { point [
  0.062992126 -1.0629921 -1.1811024,0.12598425 -1.1259843 -1.1181102,
  -0.062992126 -1.0629921 -1.1811024,-0.12598425 -1.1259843 -1.1181102] }
 coordIndex [
  3,0,1,-1,3,2,0,-1]
  normalPerVertex TRUE
  normal DEF NORM_725 Normal { vector [
  0 -0.70710678 -0.70710678,0 -0.70710678 -0.70710678,
  0 -0.70710678 -0.70710678,0 -0.70710678 -0.70710678] }
}
}
DEF SHAPE_726 Shape {
 appearance USE APP_2
 geometry DEF FACE_726 IndexedFaceSet {
  coord DEF COORD_726 Coordinate { point [
  -0.12598425 -36.874016 0.37401575,-0.12598425 -37.125984 0.37401575,
  -0.11739863 -37.125984 0.43923,-0.092226873 -37.125984 0.5,
  -0.052184386 -37.125984 0.55218439,0 -37.125984 0.59222687,
  0.060770004 -37.125984 0.61739863,0.12598425 -37.125984 0.62598425,
  0.12598425 -36.874016 0.62598425,-0.11739863 -36.874016 0.43923,
  -0.092226873 -36.874016 0.5,-0.052184386 -36.874016 0.55218439,
  0 -36.874016 0.59222687,0.060770004 -36.874016 0.61739863] }
 coordIndex [
  6,7,8,-1,6,8,13,-1,5,13,12,-1,5,6,13,-1,4,12,11,-1,4,5,12,-1,3,11,10,-1,3,4,11,-1,
  2,9,0,-1,2,10,9,-1,2,3,10,-1,1,2,0,-1]
  normalPerVertex TRUE
  normal DEF NORM_726 Normal { vector [
  -0.99144486 0 0.13052619,-0.99144486 0 0.13052619,
  -0.96592583 0 0.25881905,-0.84327172 0 0.5374875,
  -0.67542593 0 0.73742784,-0.46155098 0 0.88711369,
  -0.21622209 0 0.9763442,-0.13052619 0 0.99144486,
  -0.13052619 0 0.99144486,-0.96592583 0 0.25881905,
  -0.88711369 0 0.46155098,-0.73742784 0 0.67542593,
  -0.5374875 0 0.84327172,-0.30091828 0 0.95364993] }
}
}
DEF SHAPE_727 Shape {
 appearance USE APP_2
 geometry DEF FACE_727 IndexedFaceSet {
  coord DEF COORD_727 Coordinate { point [
  -0.12598425 -36.874016 -1.1181102,-0.12598425 -36.874016 0.37401575,
  -0.12598425 -37.125984 -1.1181102,-0.12598425 -37.125984 0.37401575] }
 coordIndex [
  1,0,2,-1,1,2,3,-1]
  normalPerVertex TRUE
  normal DEF NORM_727 Normal { vector [
  -1 0 0,-1 0 0,
  -1 0 0,-1 0 0] }
}
}
DEF SHAPE_728 Shape {
 appearance USE APP_2
 geometry DEF FACE_728 IndexedFaceSet {
  coord DEF COORD_728 Coordinate { point [
  0.062992126 -36.937008 -1.1811024,-0.062992126 -36.937008 -1.1811024,
  -0.12598425 -36.874016 -1.1181102,0.12598425 -36.874016 -1.1181102] }
 coordIndex [
  0,1,2,-1,0,2,3,-1]
  normalPerVertex TRUE
  normal DEF NORM_728 Normal { vector [
  0 0.70710678 -0.70710678,0 0.70710678 -0.70710678,
  0 0.70710678 -0.70710678,0 0.70710678 -0.70710678] }
}
}
DEF SHAPE_729 Shape {
 appearance USE APP_2
 geometry DEF FACE_729 IndexedFaceSet {
  coord DEF COORD_729 Coordinate { point [
  0.12598425 -36.874016 0.37401575,0.12598425 -36.874016 -1.1181102,
  0.12598425 -37.125984 0.37401575,0.12598425 -37.125984 -1.1181102] }
 coordIndex [
  1,0,2,-1,1,2,3,-1]
  normalPerVertex TRUE
  normal DEF NORM_729 Normal { vector [
  1 0 0,1 0 0,
  1 0 0,1 0 0] }
}
}
DEF SHAPE_730 Shape {
 appearance USE APP_2
 geometry DEF FACE_730 IndexedFaceSet {
  coord DEF COORD_730 Coordinate { point [
  0.062992126 -37.062992 -1.1811024,0.12598425 -37.125984 -1.1181102,
  -0.062992126 -37.062992 -1.1811024,-0.12598425 -37.125984 -1.1181102] }
 coordIndex [
  3,0,1,-1,3,2,0,-1]
  normalPerVertex TRUE
  normal DEF NORM_730 Normal { vector [
  0 -0.70710678 -0.70710678,0 -0.70710678 -0.70710678,
  0 -0.70710678 -0.70710678,0 -0.70710678 -0.70710678] }
}
}
DEF SHAPE_731 Shape {
 appearance USE APP_2
 geometry DEF FACE_731 IndexedFaceSet {
  coord DEF COORD_731 Coordinate { point [
  -0.12598425 -35.874016 0.37401575,-0.12598425 -36.125984 0.37401575,
  -0.11739863 -36.125984 0.43923,-0.092226873 -36.125984 0.5,
  -0.052184386 -36.125984 0.55218439,0 -36.125984 0.59222687,
  0.060770004 -36.125984 0.61739863,0.12598425 -36.125984 0.62598425,
  0.12598425 -35.874016 0.62598425,-0.11739863 -35.874016 0.43923,
  -0.092226873 -35.874016 0.5,-0.052184386 -35.874016 0.55218439,
  0 -35.874016 0.59222687,0.060770004 -35.874016 0.61739863] }
 coordIndex [
  6,7,8,-1,6,8,13,-1,5,13,12,-1,5,6,13,-1,4,12,11,-1,4,5,12,-1,3,11,10,-1,3,4,11,-1,
  2,9,0,-1,2,10,9,-1,2,3,10,-1,1,2,0,-1]
  normalPerVertex TRUE
  normal DEF NORM_731 Normal { vector [
  -0.99144486 0 0.13052619,-0.99144486 0 0.13052619,
  -0.96592583 0 0.25881905,-0.84327172 0 0.5374875,
  -0.67542593 0 0.73742784,-0.46155098 0 0.88711369,
  -0.21622209 0 0.9763442,-0.13052619 0 0.99144486,
  -0.13052619 0 0.99144486,-0.96592583 0 0.25881905,
  -0.88711369 0 0.46155098,-0.73742784 0 0.67542593,
  -0.5374875 0 0.84327172,-0.30091828 0 0.95364993] }
}
}
DEF SHAPE_732 Shape {
 appearance USE APP_2
 geometry DEF FACE_732 IndexedFaceSet {
  coord DEF COORD_732 Coordinate { point [
  -0.12598425 -35.874016 -1.1181102,-0.12598425 -35.874016 0.37401575,
  -0.12598425 -36.125984 -1.1181102,-0.12598425 -36.125984 0.37401575] }
 coordIndex [
  1,0,2,-1,1,2,3,-1]
  normalPerVertex TRUE
  normal DEF NORM_732 Normal { vector [
  -1 0 0,-1 0 0,
  -1 0 0,-1 0 0] }
}
}
DEF SHAPE_733 Shape {
 appearance USE APP_2
 geometry DEF FACE_733 IndexedFaceSet {
  coord DEF COORD_733 Coordinate { point [
  0.062992126 -35.937008 -1.1811024,-0.062992126 -35.937008 -1.1811024,
  -0.12598425 -35.874016 -1.1181102,0.12598425 -35.874016 -1.1181102] }
 coordIndex [
  0,1,2,-1,0,2,3,-1]
  normalPerVertex TRUE
  normal DEF NORM_733 Normal { vector [
  0 0.70710678 -0.70710678,0 0.70710678 -0.70710678,
  0 0.70710678 -0.70710678,0 0.70710678 -0.70710678] }
}
}
DEF SHAPE_734 Shape {
 appearance USE APP_2
 geometry DEF FACE_734 IndexedFaceSet {
  coord DEF COORD_734 Coordinate { point [
  0.12598425 -35.874016 0.37401575,0.12598425 -35.874016 -1.1181102,
  0.12598425 -36.125984 0.37401575,0.12598425 -36.125984 -1.1181102] }
 coordIndex [
  1,0,2,-1,1,2,3,-1]
  normalPerVertex TRUE
  normal DEF NORM_734 Normal { vector [
  1 0 0,1 0 0,
  1 0 0,1 0 0] }
}
}
DEF SHAPE_735 Shape {
 appearance USE APP_2
 geometry DEF FACE_735 IndexedFaceSet {
  coord DEF COORD_735 Coordinate { point [
  0.062992126 -36.062992 -1.1811024,0.12598425 -36.125984 -1.1181102,
  -0.062992126 -36.062992 -1.1811024,-0.12598425 -36.125984 -1.1181102] }
 coordIndex [
  3,0,1,-1,3,2,0,-1]
  normalPerVertex TRUE
  normal DEF NORM_735 Normal { vector [
  0 -0.70710678 -0.70710678,0 -0.70710678 -0.70710678,
  0 -0.70710678 -0.70710678,0 -0.70710678 -0.70710678] }
}
}
DEF SHAPE_736 Shape {
 appearance USE APP_2
 geometry DEF FACE_736 IndexedFaceSet {
  coord DEF COORD_736 Coordinate { point [
  0.12598425 -37.874016 0.37401575,0.12598425 -37.874016 -1.1181102,
  0.12598425 -38.125984 0.37401575,0.12598425 -38.125984 -1.1181102] }
 coordIndex [
  1,0,2,-1,1,2,3,-1]
  normalPerVertex TRUE
  normal DEF NORM_736 Normal { vector [
  1 0 0,1 0 0,
  1 0 0,1 0 0] }
}
}
DEF SHAPE_737 Shape {
 appearance USE APP_2
 geometry DEF FACE_737 IndexedFaceSet {
  coord DEF COORD_737 Coordinate { point [
  -0.12598425 -37.874016 0.37401575,-0.12598425 -38.125984 0.37401575,
  -0.11739863 -38.125984 0.43923,-0.092226873 -38.125984 0.5,
  -0.052184386 -38.125984 0.55218439,0 -38.125984 0.59222687,
  0.060770004 -38.125984 0.61739863,0.12598425 -38.125984 0.62598425,
  0.12598425 -37.874016 0.62598425,-0.11739863 -37.874016 0.43923,
  -0.092226873 -37.874016 0.5,-0.052184386 -37.874016 0.55218439,
  0 -37.874016 0.59222687,0.060770004 -37.874016 0.61739863] }
 coordIndex [
  6,7,8,-1,6,8,13,-1,5,13,12,-1,5,6,13,-1,4,12,11,-1,4,5,12,-1,3,11,10,-1,3,4,11,-1,
  2,9,0,-1,2,10,9,-1,2,3,10,-1,1,2,0,-1]
  normalPerVertex TRUE
  normal DEF NORM_737 Normal { vector [
  -0.99144486 0 0.13052619,-0.99144486 0 0.13052619,
  -0.96592583 0 0.25881905,-0.84327172 0 0.5374875,
  -0.67542593 0 0.73742784,-0.46155098 0 0.88711369,
  -0.21622209 0 0.9763442,-0.13052619 0 0.99144486,
  -0.13052619 0 0.99144486,-0.96592583 0 0.25881905,
  -0.88711369 0 0.46155098,-0.73742784 0 0.67542593,
  -0.5374875 0 0.84327172,-0.30091828 0 0.95364993] }
}
}
DEF SHAPE_738 Shape {
 appearance USE APP_2
 geometry DEF FACE_738 IndexedFaceSet {
  coord DEF COORD_738 Coordinate { point [
  -0.12598425 -37.874016 -1.1181102,-0.12598425 -37.874016 0.37401575,
  -0.12598425 -38.125984 -1.1181102,-0.12598425 -38.125984 0.37401575] }
 coordIndex [
  1,0,2,-1,1,2,3,-1]
  normalPerVertex TRUE
  normal DEF NORM_738 Normal { vector [
  -1 0 0,-1 0 0,
  -1 0 0,-1 0 0] }
}
}
DEF SHAPE_739 Shape {
 appearance USE APP_2
 geometry DEF FACE_739 IndexedFaceSet {
  coord DEF COORD_739 Coordinate { point [
  0.062992126 -38.062992 -1.1811024,0.12598425 -38.125984 -1.1181102,
  -0.062992126 -38.062992 -1.1811024,-0.12598425 -38.125984 -1.1181102] }
 coordIndex [
  3,0,1,-1,3,2,0,-1]
  normalPerVertex TRUE
  normal DEF NORM_739 Normal { vector [
  0 -0.70710678 -0.70710678,0 -0.70710678 -0.70710678,
  0 -0.70710678 -0.70710678,0 -0.70710678 -0.70710678] }
}
}
DEF SHAPE_740 Shape {
 appearance USE APP_2
 geometry DEF FACE_740 IndexedFaceSet {
  coord DEF COORD_740 Coordinate { point [
  0.062992126 -37.937008 -1.1811024,-0.062992126 -37.937008 -1.1811024,
  -0.12598425 -37.874016 -1.1181102,0.12598425 -37.874016 -1.1181102] }
 coordIndex [
  0,1,2,-1,0,2,3,-1]
  normalPerVertex TRUE
  normal DEF NORM_740 Normal { vector [
  0 0.70710678 -0.70710678,0 0.70710678 -0.70710678,
  0 0.70710678 -0.70710678,0 0.70710678 -0.70710678] }
}
}
DEF SHAPE_741 Shape {
 appearance USE APP_2
 geometry DEF FACE_741 IndexedFaceSet {
  coord DEF COORD_741 Coordinate { point [
  -0.12598425 0.12598425 0.37401575,-0.12598425 -0.12598425 0.37401575,
  -0.11739863 -0.12598425 0.43923,-0.092226873 -0.12598425 0.5,
  -0.052184386 -0.12598425 0.55218439,0 -0.12598425 0.59222687,
  0.060770004 -0.12598425 0.61739863,0.12598425 -0.12598425 0.62598425,
  0.12598425 0.12598425 0.62598425,-0.11739863 0.12598425 0.43923,
  -0.092226873 0.12598425 0.5,-0.052184386 0.12598425 0.55218439,
  0 0.12598425 0.59222687,0.060770004 0.12598425 0.61739863] }
 coordIndex [
  6,7,8,-1,6,8,13,-1,5,13,12,-1,5,6,13,-1,4,12,11,-1,4,5,12,-1,3,11,10,-1,3,4,11,-1,
  2,10,9,-1,2,3,10,-1,1,9,0,-1,1,2,9,-1]
  normalPerVertex TRUE
  normal DEF NORM_741 Normal { vector [
  -0.99144486 0 0.13052619,-0.99144486 0 0.13052619,
  -0.95364993 0 0.30091828,-0.84327172 0 0.5374875,
  -0.67542593 0 0.73742784,-0.46155098 0 0.88711369,
  -0.21622209 0 0.9763442,-0.13052619 0 0.99144486,
  -0.13052619 0 0.99144486,-0.9763442 0 0.21622209,
  -0.88711369 0 0.46155098,-0.73742784 0 0.67542593,
  -0.5374875 0 0.84327172,-0.30091828 0 0.95364993] }
}
}
DEF SHAPE_742 Shape {
 appearance USE APP_2
 geometry DEF FACE_742 IndexedFaceSet {
  coord DEF COORD_742 Coordinate { point [
  -0.12598425 0.12598425 -1.1181102,-0.12598425 0.12598425 0.37401575,
  -0.12598425 -0.12598425 -1.1181102,-0.12598425 -0.12598425 0.37401575] }
 coordIndex [
  1,0,2,-1,1,2,3,-1]
  normalPerVertex TRUE
  normal DEF NORM_742 Normal { vector [
  -1 0 0,-1 0 0,
  -1 0 0,-1 0 0] }
}
}
DEF SHAPE_743 Shape {
 appearance USE APP_2
 geometry DEF FACE_743 IndexedFaceSet {
  coord DEF COORD_743 Coordinate { point [
  0.062992126 0.062992126 -1.1811024,-0.062992126 0.062992126 -1.1811024,
  -0.12598425 0.12598425 -1.1181102,0.12598425 0.12598425 -1.1181102] }
 coordIndex [
  0,1,2,-1,0,2,3,-1]
  normalPerVertex TRUE
  normal DEF NORM_743 Normal { vector [
  0 0.70710678 -0.70710678,0 0.70710678 -0.70710678,
  0 0.70710678 -0.70710678,0 0.70710678 -0.70710678] }
}
}
DEF SHAPE_744 Shape {
 appearance USE APP_2
 geometry DEF FACE_744 IndexedFaceSet {
  coord DEF COORD_744 Coordinate { point [
  0.12598425 0.12598425 0.37401575,0.12598425 0.12598425 -1.1181102,
  0.12598425 -0.12598425 0.37401575,0.12598425 -0.12598425 -1.1181102] }
 coordIndex [
  1,0,2,-1,1,2,3,-1]
  normalPerVertex TRUE
  normal DEF NORM_744 Normal { vector [
  1 0 0,1 0 0,
  1 0 0,1 0 0] }
}
}
DEF SHAPE_745 Shape {
 appearance USE APP_2
 geometry DEF FACE_745 IndexedFaceSet {
  coord DEF COORD_745 Coordinate { point [
  0.062992126 -0.062992126 -1.1811024,0.12598425 -0.12598425 -1.1181102,
  -0.062992126 -0.062992126 -1.1811024,-0.12598425 -0.12598425 -1.1181102] }
 coordIndex [
  3,0,1,-1,3,2,0,-1]
  normalPerVertex TRUE
  normal DEF NORM_745 Normal { vector [
  0 -0.70710678 -0.70710678,0 -0.70710678 -0.70710678,
  0 -0.70710678 -0.70710678,0 -0.70710678 -0.70710678] }
}
}
DEF SHAPE_746 Shape {
 appearance USE APP_2
 geometry DEF FACE_746 IndexedFaceSet {
  coord DEF COORD_746 Coordinate { point [
  3.8897638 -27.874016 0.62598425,3.9527559 -27.937008 0.56299213,
  3.8897638 -28.125984 0.62598425,3.9527559 -28.062992 0.56299213] }
 coordIndex [
  3,1,0,-1,3,0,2,-1]
  normalPerVertex TRUE
  normal DEF NORM_746 Normal { vector [
  0.70710678 0 0.70710678,0.70710678 0 0.70710678,
  0.70710678 0 0.70710678,0.70710678 0 0.70710678] }
}
}
DEF SHAPE_747 Shape {
 appearance USE APP_2
 geometry DEF FACE_747 IndexedFaceSet {
  coord DEF COORD_747 Coordinate { point [
  3.9527559 -27.937008 0.56299213,3.9527559 -27.937008 0.43700787,
  3.8897638 -27.874016 0.37401575,3.8897638 -27.874016 0.62598425] }
 coordIndex [
  0,1,2,-1,0,2,3,-1]
  normalPerVertex TRUE
  normal DEF NORM_747 Normal { vector [
  0.70710678 0.70710678 0,0.70710678 0.70710678 0,
  0.70710678 0.70710678 0,0.70710678 0.70710678 0] }
}
}
DEF SHAPE_748 Shape {
 appearance USE APP_2
 geometry DEF FACE_748 IndexedFaceSet {
  coord DEF COORD_748 Coordinate { point [
  3.9527559 -27.937008 0.43700787,3.9527559 -28.062992 0.43700787,
  3.8897638 -28.125984 0.37401575,3.8897638 -27.874016 0.37401575] }
 coordIndex [
  3,1,2,-1,0,1,3,-1]
  normalPerVertex TRUE
  normal DEF NORM_748 Normal { vector [
  0.70710678 0 -0.70710678,0.70710678 0 -0.70710678,
  0.70710678 0 -0.70710678,0.70710678 0 -0.70710678] }
}
}
DEF SHAPE_749 Shape {
 appearance USE APP_2
 geometry DEF FACE_749 IndexedFaceSet {
  coord DEF COORD_749 Coordinate { point [
  3.9527559 -28.062992 0.56299213,3.9527559 -28.062992 0.43700787,
  3.8897638 -28.125984 0.37401575,3.8897638 -28.125984 0.62598425] }
 coordIndex [
  0,2,1,-1,0,3,2,-1]
  normalPerVertex TRUE
  normal DEF NORM_749 Normal { vector [
  0.70710678 -0.70710678 0,0.70710678 -0.70710678 0,
  0.70710678 -0.70710678 0,0.70710678 -0.70710678 0] }
}
}
DEF SHAPE_750 Shape {
 appearance USE APP_2
 geometry DEF FACE_750 IndexedFaceSet {
  coord DEF COORD_750 Coordinate { point [
  3.8897638 -26.874016 0.62598425,3.9527559 -26.937008 0.56299213,
  3.8897638 -27.125984 0.62598425,3.9527559 -27.062992 0.56299213] }
 coordIndex [
  3,1,0,-1,3,0,2,-1]
  normalPerVertex TRUE
  normal DEF NORM_750 Normal { vector [
  0.70710678 0 0.70710678,0.70710678 0 0.70710678,
  0.70710678 0 0.70710678,0.70710678 0 0.70710678] }
}
}
DEF SHAPE_751 Shape {
 appearance USE APP_2
 geometry DEF FACE_751 IndexedFaceSet {
  coord DEF COORD_751 Coordinate { point [
  3.9527559 -26.937008 0.56299213,3.9527559 -26.937008 0.43700787,
  3.8897638 -26.874016 0.37401575,3.8897638 -26.874016 0.62598425] }
 coordIndex [
  0,1,2,-1,0,2,3,-1]
  normalPerVertex TRUE
  normal DEF NORM_751 Normal { vector [
  0.70710678 0.70710678 0,0.70710678 0.70710678 0,
  0.70710678 0.70710678 0,0.70710678 0.70710678 0] }
}
}
DEF SHAPE_752 Shape {
 appearance USE APP_2
 geometry DEF FACE_752 IndexedFaceSet {
  coord DEF COORD_752 Coordinate { point [
  3.9527559 -26.937008 0.43700787,3.9527559 -27.062992 0.43700787,
  3.8897638 -27.125984 0.37401575,3.8897638 -26.874016 0.37401575] }
 coordIndex [
  3,1,2,-1,0,1,3,-1]
  normalPerVertex TRUE
  normal DEF NORM_752 Normal { vector [
  0.70710678 0 -0.70710678,0.70710678 0 -0.70710678,
  0.70710678 0 -0.70710678,0.70710678 0 -0.70710678] }
}
}
DEF SHAPE_753 Shape {
 appearance USE APP_2
 geometry DEF FACE_753 IndexedFaceSet {
  coord DEF COORD_753 Coordinate { point [
  3.9527559 -27.062992 0.56299213,3.9527559 -27.062992 0.43700787,
  3.8897638 -27.125984 0.37401575,3.8897638 -27.125984 0.62598425] }
 coordIndex [
  0,2,1,-1,0,3,2,-1]
  normalPerVertex TRUE
  normal DEF NORM_753 Normal { vector [
  0.70710678 -0.70710678 0,0.70710678 -0.70710678 0,
  0.70710678 -0.70710678 0,0.70710678 -0.70710678 0] }
}
}
DEF SHAPE_754 Shape {
 appearance USE APP_2
 geometry DEF FACE_754 IndexedFaceSet {
  coord DEF COORD_754 Coordinate { point [
  3.8897638 -24.874016 0.62598425,3.9527559 -24.937008 0.56299213,
  3.8897638 -25.125984 0.62598425,3.9527559 -25.062992 0.56299213] }
 coordIndex [
  2,1,0,-1,3,1,2,-1]
  normalPerVertex TRUE
  normal DEF NORM_754 Normal { vector [
  0.70710678 0 0.70710678,0.70710678 0 0.70710678,
  0.70710678 0 0.70710678,0.70710678 0 0.70710678] }
}
}
DEF SHAPE_755 Shape {
 appearance USE APP_2
 geometry DEF FACE_755 IndexedFaceSet {
  coord DEF COORD_755 Coordinate { point [
  3.9527559 -24.937008 0.56299213,3.9527559 -24.937008 0.43700787,
  3.8897638 -24.874016 0.37401575,3.8897638 -24.874016 0.62598425] }
 coordIndex [
  0,1,2,-1,0,2,3,-1]
  normalPerVertex TRUE
  normal DEF NORM_755 Normal { vector [
  0.70710678 0.70710678 0,0.70710678 0.70710678 0,
  0.70710678 0.70710678 0,0.70710678 0.70710678 0] }
}
}
DEF SHAPE_756 Shape {
 appearance USE APP_2
 geometry DEF FACE_756 IndexedFaceSet {
  coord DEF COORD_756 Coordinate { point [
  3.9527559 -24.937008 0.43700787,3.9527559 -25.062992 0.43700787,
  3.8897638 -25.125984 0.37401575,3.8897638 -24.874016 0.37401575] }
 coordIndex [
  3,1,2,-1,0,1,3,-1]
  normalPerVertex TRUE
  normal DEF NORM_756 Normal { vector [
  0.70710678 0 -0.70710678,0.70710678 0 -0.70710678,
  0.70710678 0 -0.70710678,0.70710678 0 -0.70710678] }
}
}
DEF SHAPE_757 Shape {
 appearance USE APP_2
 geometry DEF FACE_757 IndexedFaceSet {
  coord DEF COORD_757 Coordinate { point [
  3.9527559 -25.062992 0.56299213,3.9527559 -25.062992 0.43700787,
  3.8897638 -25.125984 0.37401575,3.8897638 -25.125984 0.62598425] }
 coordIndex [
  0,2,1,-1,0,3,2,-1]
  normalPerVertex TRUE
  normal DEF NORM_757 Normal { vector [
  0.70710678 -0.70710678 0,0.70710678 -0.70710678 0,
  0.70710678 -0.70710678 0,0.70710678 -0.70710678 0] }
}
}
DEF SHAPE_758 Shape {
 appearance USE APP_2
 geometry DEF FACE_758 IndexedFaceSet {
  coord DEF COORD_758 Coordinate { point [
  3.8897638 -25.874016 0.62598425,3.9527559 -25.937008 0.56299213,
  3.8897638 -26.125984 0.62598425,3.9527559 -26.062992 0.56299213] }
 coordIndex [
  3,1,0,-1,3,0,2,-1]
  normalPerVertex TRUE
  normal DEF NORM_758 Normal { vector [
  0.70710678 0 0.70710678,0.70710678 0 0.70710678,
  0.70710678 0 0.70710678,0.70710678 0 0.70710678] }
}
}
DEF SHAPE_759 Shape {
 appearance USE APP_2
 geometry DEF FACE_759 IndexedFaceSet {
  coord DEF COORD_759 Coordinate { point [
  3.9527559 -25.937008 0.56299213,3.9527559 -25.937008 0.43700787,
  3.8897638 -25.874016 0.37401575,3.8897638 -25.874016 0.62598425] }
 coordIndex [
  0,1,2,-1,0,2,3,-1]
  normalPerVertex TRUE
  normal DEF NORM_759 Normal { vector [
  0.70710678 0.70710678 0,0.70710678 0.70710678 0,
  0.70710678 0.70710678 0,0.70710678 0.70710678 0] }
}
}
DEF SHAPE_760 Shape {
 appearance USE APP_2
 geometry DEF FACE_760 IndexedFaceSet {
  coord DEF COORD_760 Coordinate { point [
  3.9527559 -25.937008 0.43700787,3.9527559 -26.062992 0.43700787,
  3.8897638 -26.125984 0.37401575,3.8897638 -25.874016 0.37401575] }
 coordIndex [
  3,1,2,-1,0,1,3,-1]
  normalPerVertex TRUE
  normal DEF NORM_760 Normal { vector [
  0.70710678 0 -0.70710678,0.70710678 0 -0.70710678,
  0.70710678 0 -0.70710678,0.70710678 0 -0.70710678] }
}
}
DEF SHAPE_761 Shape {
 appearance USE APP_2
 geometry DEF FACE_761 IndexedFaceSet {
  coord DEF COORD_761 Coordinate { point [
  3.9527559 -26.062992 0.56299213,3.9527559 -26.062992 0.43700787,
  3.8897638 -26.125984 0.37401575,3.8897638 -26.125984 0.62598425] }
 coordIndex [
  0,2,1,-1,0,3,2,-1]
  normalPerVertex TRUE
  normal DEF NORM_761 Normal { vector [
  0.70710678 -0.70710678 0,0.70710678 -0.70710678 0,
  0.70710678 -0.70710678 0,0.70710678 -0.70710678 0] }
}
}
DEF SHAPE_762 Shape {
 appearance USE APP_2
 geometry DEF FACE_762 IndexedFaceSet {
  coord DEF COORD_762 Coordinate { point [
  3.8897638 -20.874016 0.62598425,3.9527559 -20.937008 0.56299213,
  3.8897638 -21.125984 0.62598425,3.9527559 -21.062992 0.56299213] }
 coordIndex [
  3,1,0,-1,3,0,2,-1]
  normalPerVertex TRUE
  normal DEF NORM_762 Normal { vector [
  0.70710678 0 0.70710678,0.70710678 0 0.70710678,
  0.70710678 0 0.70710678,0.70710678 0 0.70710678] }
}
}
DEF SHAPE_763 Shape {
 appearance USE APP_2
 geometry DEF FACE_763 IndexedFaceSet {
  coord DEF COORD_763 Coordinate { point [
  3.9527559 -20.937008 0.56299213,3.9527559 -20.937008 0.43700787,
  3.8897638 -20.874016 0.37401575,3.8897638 -20.874016 0.62598425] }
 coordIndex [
  0,1,2,-1,0,2,3,-1]
  normalPerVertex TRUE
  normal DEF NORM_763 Normal { vector [
  0.70710678 0.70710678 0,0.70710678 0.70710678 0,
  0.70710678 0.70710678 0,0.70710678 0.70710678 0] }
}
}
DEF SHAPE_764 Shape {
 appearance USE APP_2
 geometry DEF FACE_764 IndexedFaceSet {
  coord DEF COORD_764 Coordinate { point [
  3.9527559 -20.937008 0.43700787,3.9527559 -21.062992 0.43700787,
  3.8897638 -21.125984 0.37401575,3.8897638 -20.874016 0.37401575] }
 coordIndex [
  3,1,2,-1,0,1,3,-1]
  normalPerVertex TRUE
  normal DEF NORM_764 Normal { vector [
  0.70710678 0 -0.70710678,0.70710678 0 -0.70710678,
  0.70710678 0 -0.70710678,0.70710678 0 -0.70710678] }
}
}
DEF SHAPE_765 Shape {
 appearance USE APP_2
 geometry DEF FACE_765 IndexedFaceSet {
  coord DEF COORD_765 Coordinate { point [
  3.9527559 -21.062992 0.56299213,3.9527559 -21.062992 0.43700787,
  3.8897638 -21.125984 0.37401575,3.8897638 -21.125984 0.62598425] }
 coordIndex [
  0,2,1,-1,0,3,2,-1]
  normalPerVertex TRUE
  normal DEF NORM_765 Normal { vector [
  0.70710678 -0.70710678 0,0.70710678 -0.70710678 0,
  0.70710678 -0.70710678 0,0.70710678 -0.70710678 0] }
}
}
DEF SHAPE_766 Shape {
 appearance USE APP_2
 geometry DEF FACE_766 IndexedFaceSet {
  coord DEF COORD_766 Coordinate { point [
  3.9527559 -21.937008 0.43700787,3.9527559 -22.062992 0.43700787,
  3.8897638 -22.125984 0.37401575,3.8897638 -21.874016 0.37401575] }
 coordIndex [
  3,1,2,-1,0,1,3,-1]
  normalPerVertex TRUE
  normal DEF NORM_766 Normal { vector [
  0.70710678 0 -0.70710678,0.70710678 0 -0.70710678,
  0.70710678 0 -0.70710678,0.70710678 0 -0.70710678] }
}
}
DEF SHAPE_767 Shape {
 appearance USE APP_2
 geometry DEF FACE_767 IndexedFaceSet {
  coord DEF COORD_767 Coordinate { point [
  3.9527559 -22.062992 0.56299213,3.9527559 -22.062992 0.43700787,
  3.8897638 -22.125984 0.37401575,3.8897638 -22.125984 0.62598425] }
 coordIndex [
  0,2,1,-1,0,3,2,-1]
  normalPerVertex TRUE
  normal DEF NORM_767 Normal { vector [
  0.70710678 -0.70710678 0,0.70710678 -0.70710678 0,
  0.70710678 -0.70710678 0,0.70710678 -0.70710678 0] }
}
}
DEF SHAPE_768 Shape {
 appearance USE APP_2
 geometry DEF FACE_768 IndexedFaceSet {
  coord DEF COORD_768 Coordinate { point [
  3.8897638 -21.874016 0.62598425,3.9527559 -21.937008 0.56299213,
  3.8897638 -22.125984 0.62598425,3.9527559 -22.062992 0.56299213] }
 coordIndex [
  3,1,0,-1,3,0,2,-1]
  normalPerVertex TRUE
  normal DEF NORM_768 Normal { vector [
  0.70710678 0 0.70710678,0.70710678 0 0.70710678,
  0.70710678 0 0.70710678,0.70710678 0 0.70710678] }
}
}
DEF SHAPE_769 Shape {
 appearance USE APP_2
 geometry DEF FACE_769 IndexedFaceSet {
  coord DEF COORD_769 Coordinate { point [
  3.9527559 -21.937008 0.56299213,3.9527559 -21.937008 0.43700787,
  3.8897638 -21.874016 0.37401575,3.8897638 -21.874016 0.62598425] }
 coordIndex [
  0,1,2,-1,0,2,3,-1]
  normalPerVertex TRUE
  normal DEF NORM_769 Normal { vector [
  0.70710678 0.70710678 0,0.70710678 0.70710678 0,
  0.70710678 0.70710678 0,0.70710678 0.70710678 0] }
}
}
DEF SHAPE_770 Shape {
 appearance USE APP_2
 geometry DEF FACE_770 IndexedFaceSet {
  coord DEF COORD_770 Coordinate { point [
  3.8897638 -22.874016 0.62598425,3.9527559 -22.937008 0.56299213,
  3.8897638 -23.125984 0.62598425,3.9527559 -23.062992 0.56299213] }
 coordIndex [
  3,1,0,-1,3,0,2,-1]
  normalPerVertex TRUE
  normal DEF NORM_770 Normal { vector [
  0.70710678 0 0.70710678,0.70710678 0 0.70710678,
  0.70710678 0 0.70710678,0.70710678 0 0.70710678] }
}
}
DEF SHAPE_771 Shape {
 appearance USE APP_2
 geometry DEF FACE_771 IndexedFaceSet {
  coord DEF COORD_771 Coordinate { point [
  3.9527559 -22.937008 0.56299213,3.9527559 -22.937008 0.43700787,
  3.8897638 -22.874016 0.37401575,3.8897638 -22.874016 0.62598425] }
 coordIndex [
  0,1,2,-1,0,2,3,-1]
  normalPerVertex TRUE
  normal DEF NORM_771 Normal { vector [
  0.70710678 0.70710678 0,0.70710678 0.70710678 0,
  0.70710678 0.70710678 0,0.70710678 0.70710678 0] }
}
}
DEF SHAPE_772 Shape {
 appearance USE APP_2
 geometry DEF FACE_772 IndexedFaceSet {
  coord DEF COORD_772 Coordinate { point [
  3.9527559 -22.937008 0.43700787,3.9527559 -23.062992 0.43700787,
  3.8897638 -23.125984 0.37401575,3.8897638 -22.874016 0.37401575] }
 coordIndex [
  3,1,2,-1,0,1,3,-1]
  normalPerVertex TRUE
  normal DEF NORM_772 Normal { vector [
  0.70710678 0 -0.70710678,0.70710678 0 -0.70710678,
  0.70710678 0 -0.70710678,0.70710678 0 -0.70710678] }
}
}
DEF SHAPE_773 Shape {
 appearance USE APP_2
 geometry DEF FACE_773 IndexedFaceSet {
  coord DEF COORD_773 Coordinate { point [
  3.9527559 -23.062992 0.56299213,3.9527559 -23.062992 0.43700787,
  3.8897638 -23.125984 0.37401575,3.8897638 -23.125984 0.62598425] }
 coordIndex [
  0,2,1,-1,0,3,2,-1]
  normalPerVertex TRUE
  normal DEF NORM_773 Normal { vector [
  0.70710678 -0.70710678 0,0.70710678 -0.70710678 0,
  0.70710678 -0.70710678 0,0.70710678 -0.70710678 0] }
}
}
DEF SHAPE_774 Shape {
 appearance USE APP_2
 geometry DEF FACE_774 IndexedFaceSet {
  coord DEF COORD_774 Coordinate { point [
  3.8897638 -23.874016 0.62598425,3.9527559 -23.937008 0.56299213,
  3.8897638 -24.125984 0.62598425,3.9527559 -24.062992 0.56299213] }
 coordIndex [
  3,1,0,-1,3,0,2,-1]
  normalPerVertex TRUE
  normal DEF NORM_774 Normal { vector [
  0.70710678 0 0.70710678,0.70710678 0 0.70710678,
  0.70710678 0 0.70710678,0.70710678 0 0.70710678] }
}
}
DEF SHAPE_775 Shape {
 appearance USE APP_2
 geometry DEF FACE_775 IndexedFaceSet {
  coord DEF COORD_775 Coordinate { point [
  3.9527559 -23.937008 0.56299213,3.9527559 -23.937008 0.43700787,
  3.8897638 -23.874016 0.37401575,3.8897638 -23.874016 0.62598425] }
 coordIndex [
  0,1,2,-1,0,2,3,-1]
  normalPerVertex TRUE
  normal DEF NORM_775 Normal { vector [
  0.70710678 0.70710678 0,0.70710678 0.70710678 0,
  0.70710678 0.70710678 0,0.70710678 0.70710678 0] }
}
}
DEF SHAPE_776 Shape {
 appearance USE APP_2
 geometry DEF FACE_776 IndexedFaceSet {
  coord DEF COORD_776 Coordinate { point [
  3.9527559 -23.937008 0.43700787,3.9527559 -24.062992 0.43700787,
  3.8897638 -24.125984 0.37401575,3.8897638 -23.874016 0.37401575] }
 coordIndex [
  3,1,2,-1,0,1,3,-1]
  normalPerVertex TRUE
  normal DEF NORM_776 Normal { vector [
  0.70710678 0 -0.70710678,0.70710678 0 -0.70710678,
  0.70710678 0 -0.70710678,0.70710678 0 -0.70710678] }
}
}
DEF SHAPE_777 Shape {
 appearance USE APP_2
 geometry DEF FACE_777 IndexedFaceSet {
  coord DEF COORD_777 Coordinate { point [
  3.9527559 -24.062992 0.56299213,3.9527559 -24.062992 0.43700787,
  3.8897638 -24.125984 0.37401575,3.8897638 -24.125984 0.62598425] }
 coordIndex [
  0,2,1,-1,0,3,2,-1]
  normalPerVertex TRUE
  normal DEF NORM_777 Normal { vector [
  0.70710678 -0.70710678 0,0.70710678 -0.70710678 0,
  0.70710678 -0.70710678 0,0.70710678 -0.70710678 0] }
}
}
DEF SHAPE_778 Shape {
 appearance USE APP_2
 geometry DEF FACE_778 IndexedFaceSet {
  coord DEF COORD_778 Coordinate { point [
  3.9527559 -19.937008 0.43700787,3.9527559 -20.062992 0.43700787,
  3.8897638 -20.125984 0.37401575,3.8897638 -19.874016 0.37401575] }
 coordIndex [
  3,1,2,-1,0,1,3,-1]
  normalPerVertex TRUE
  normal DEF NORM_778 Normal { vector [
  0.70710678 0 -0.70710678,0.70710678 0 -0.70710678,
  0.70710678 0 -0.70710678,0.70710678 0 -0.70710678] }
}
}
DEF SHAPE_779 Shape {
 appearance USE APP_2
 geometry DEF FACE_779 IndexedFaceSet {
  coord DEF COORD_779 Coordinate { point [
  3.9527559 -20.062992 0.56299213,3.9527559 -20.062992 0.43700787,
  3.8897638 -20.125984 0.37401575,3.8897638 -20.125984 0.62598425] }
 coordIndex [
  0,2,1,-1,0,3,2,-1]
  normalPerVertex TRUE
  normal DEF NORM_779 Normal { vector [
  0.70710678 -0.70710678 0,0.70710678 -0.70710678 0,
  0.70710678 -0.70710678 0,0.70710678 -0.70710678 0] }
}
}
DEF SHAPE_780 Shape {
 appearance USE APP_2
 geometry DEF FACE_780 IndexedFaceSet {
  coord DEF COORD_780 Coordinate { point [
  3.8897638 -19.874016 0.62598425,3.9527559 -19.937008 0.56299213,
  3.8897638 -20.125984 0.62598425,3.9527559 -20.062992 0.56299213] }
 coordIndex [
  2,1,0,-1,3,1,2,-1]
  normalPerVertex TRUE
  normal DEF NORM_780 Normal { vector [
  0.70710678 0 0.70710678,0.70710678 0 0.70710678,
  0.70710678 0 0.70710678,0.70710678 0 0.70710678] }
}
}
DEF SHAPE_781 Shape {
 appearance USE APP_2
 geometry DEF FACE_781 IndexedFaceSet {
  coord DEF COORD_781 Coordinate { point [
  3.9527559 -19.937008 0.56299213,3.9527559 -19.937008 0.43700787,
  3.8897638 -19.874016 0.37401575,3.8897638 -19.874016 0.62598425] }
 coordIndex [
  0,1,2,-1,0,2,3,-1]
  normalPerVertex TRUE
  normal DEF NORM_781 Normal { vector [
  0.70710678 0.70710678 0,0.70710678 0.70710678 0,
  0.70710678 0.70710678 0,0.70710678 0.70710678 0] }
}
}
DEF SHAPE_782 Shape {
 appearance USE APP_2
 geometry DEF FACE_782 IndexedFaceSet {
  coord DEF COORD_782 Coordinate { point [
  3.9527559 -10.937008 0.43700787,3.9527559 -11.062992 0.43700787,
  3.8897638 -11.125984 0.37401575,3.8897638 -10.874016 0.37401575] }
 coordIndex [
  3,1,2,-1,0,1,3,-1]
  normalPerVertex TRUE
  normal DEF NORM_782 Normal { vector [
  0.70710678 0 -0.70710678,0.70710678 0 -0.70710678,
  0.70710678 0 -0.70710678,0.70710678 0 -0.70710678] }
}
}
DEF SHAPE_783 Shape {
 appearance USE APP_2
 geometry DEF FACE_783 IndexedFaceSet {
  coord DEF COORD_783 Coordinate { point [
  3.9527559 -11.062992 0.56299213,3.9527559 -11.062992 0.43700787,
  3.8897638 -11.125984 0.37401575,3.8897638 -11.125984 0.62598425] }
 coordIndex [
  0,2,1,-1,0,3,2,-1]
  normalPerVertex TRUE
  normal DEF NORM_783 Normal { vector [
  0.70710678 -0.70710678 0,0.70710678 -0.70710678 0,
  0.70710678 -0.70710678 0,0.70710678 -0.70710678 0] }
}
}
DEF SHAPE_784 Shape {
 appearance USE APP_2
 geometry DEF FACE_784 IndexedFaceSet {
  coord DEF COORD_784 Coordinate { point [
  3.8897638 -10.874016 0.62598425,3.9527559 -10.937008 0.56299213,
  3.8897638 -11.125984 0.62598425,3.9527559 -11.062992 0.56299213] }
 coordIndex [
  3,1,0,-1,3,0,2,-1]
  normalPerVertex TRUE
  normal DEF NORM_784 Normal { vector [
  0.70710678 0 0.70710678,0.70710678 0 0.70710678,
  0.70710678 0 0.70710678,0.70710678 0 0.70710678] }
}
}
DEF SHAPE_785 Shape {
 appearance USE APP_2
 geometry DEF FACE_785 IndexedFaceSet {
  coord DEF COORD_785 Coordinate { point [
  3.9527559 -10.937008 0.56299213,3.9527559 -10.937008 0.43700787,
  3.8897638 -10.874016 0.37401575,3.8897638 -10.874016 0.62598425] }
 coordIndex [
  0,1,2,-1,0,2,3,-1]
  normalPerVertex TRUE
  normal DEF NORM_785 Normal { vector [
  0.70710678 0.70710678 0,0.70710678 0.70710678 0,
  0.70710678 0.70710678 0,0.70710678 0.70710678 0] }
}
}
DEF SHAPE_786 Shape {
 appearance USE APP_2
 geometry DEF FACE_786 IndexedFaceSet {
  coord DEF COORD_786 Coordinate { point [
  3.8897638 -11.874016 0.62598425,3.9527559 -11.937008 0.56299213,
  3.8897638 -12.125984 0.62598425,3.9527559 -12.062992 0.56299213] }
 coordIndex [
  3,1,0,-1,3,0,2,-1]
  normalPerVertex TRUE
  normal DEF NORM_786 Normal { vector [
  0.70710678 0 0.70710678,0.70710678 0 0.70710678,
  0.70710678 0 0.70710678,0.70710678 0 0.70710678] }
}
}
DEF SHAPE_787 Shape {
 appearance USE APP_2
 geometry DEF FACE_787 IndexedFaceSet {
  coord DEF COORD_787 Coordinate { point [
  3.9527559 -11.937008 0.56299213,3.9527559 -11.937008 0.43700787,
  3.8897638 -11.874016 0.37401575,3.8897638 -11.874016 0.62598425] }
 coordIndex [
  0,1,2,-1,0,2,3,-1]
  normalPerVertex TRUE
  normal DEF NORM_787 Normal { vector [
  0.70710678 0.70710678 0,0.70710678 0.70710678 0,
  0.70710678 0.70710678 0,0.70710678 0.70710678 0] }
}
}
DEF SHAPE_788 Shape {
 appearance USE APP_2
 geometry DEF FACE_788 IndexedFaceSet {
  coord DEF COORD_788 Coordinate { point [
  3.9527559 -11.937008 0.43700787,3.9527559 -12.062992 0.43700787,
  3.8897638 -12.125984 0.37401575,3.8897638 -11.874016 0.37401575] }
 coordIndex [
  3,1,2,-1,0,1,3,-1]
  normalPerVertex TRUE
  normal DEF NORM_788 Normal { vector [
  0.70710678 0 -0.70710678,0.70710678 0 -0.70710678,
  0.70710678 0 -0.70710678,0.70710678 0 -0.70710678] }
}
}
DEF SHAPE_789 Shape {
 appearance USE APP_2
 geometry DEF FACE_789 IndexedFaceSet {
  coord DEF COORD_789 Coordinate { point [
  3.9527559 -12.062992 0.56299213,3.9527559 -12.062992 0.43700787,
  3.8897638 -12.125984 0.37401575,3.8897638 -12.125984 0.62598425] }
 coordIndex [
  0,2,1,-1,0,3,2,-1]
  normalPerVertex TRUE
  normal DEF NORM_789 Normal { vector [
  0.70710678 -0.70710678 0,0.70710678 -0.70710678 0,
  0.70710678 -0.70710678 0,0.70710678 -0.70710678 0] }
}
}
DEF SHAPE_790 Shape {
 appearance USE APP_2
 geometry DEF FACE_790 IndexedFaceSet {
  coord DEF COORD_790 Coordinate { point [
  3.8897638 -13.874016 0.62598425,3.9527559 -13.937008 0.56299213,
  3.8897638 -14.125984 0.62598425,3.9527559 -14.062992 0.56299213] }
 coordIndex [
  3,1,0,-1,3,0,2,-1]
  normalPerVertex TRUE
  normal DEF NORM_790 Normal { vector [
  0.70710678 0 0.70710678,0.70710678 0 0.70710678,
  0.70710678 0 0.70710678,0.70710678 0 0.70710678] }
}
}
DEF SHAPE_791 Shape {
 appearance USE APP_2
 geometry DEF FACE_791 IndexedFaceSet {
  coord DEF COORD_791 Coordinate { point [
  3.9527559 -13.937008 0.56299213,3.9527559 -13.937008 0.43700787,
  3.8897638 -13.874016 0.37401575,3.8897638 -13.874016 0.62598425] }
 coordIndex [
  0,1,2,-1,0,2,3,-1]
  normalPerVertex TRUE
  normal DEF NORM_791 Normal { vector [
  0.70710678 0.70710678 0,0.70710678 0.70710678 0,
  0.70710678 0.70710678 0,0.70710678 0.70710678 0] }
}
}
DEF SHAPE_792 Shape {
 appearance USE APP_2
 geometry DEF FACE_792 IndexedFaceSet {
  coord DEF COORD_792 Coordinate { point [
  3.9527559 -13.937008 0.43700787,3.9527559 -14.062992 0.43700787,
  3.8897638 -14.125984 0.37401575,3.8897638 -13.874016 0.37401575] }
 coordIndex [
  3,1,2,-1,0,1,3,-1]
  normalPerVertex TRUE
  normal DEF NORM_792 Normal { vector [
  0.70710678 0 -0.70710678,0.70710678 0 -0.70710678,
  0.70710678 0 -0.70710678,0.70710678 0 -0.70710678] }
}
}
DEF SHAPE_793 Shape {
 appearance USE APP_2
 geometry DEF FACE_793 IndexedFaceSet {
  coord DEF COORD_793 Coordinate { point [
  3.9527559 -14.062992 0.56299213,3.9527559 -14.062992 0.43700787,
  3.8897638 -14.125984 0.37401575,3.8897638 -14.125984 0.62598425] }
 coordIndex [
  0,2,1,-1,0,3,2,-1]
  normalPerVertex TRUE
  normal DEF NORM_793 Normal { vector [
  0.70710678 -0.70710678 0,0.70710678 -0.70710678 0,
  0.70710678 -0.70710678 0,0.70710678 -0.70710678 0] }
}
}
DEF SHAPE_794 Shape {
 appearance USE APP_2
 geometry DEF FACE_794 IndexedFaceSet {
  coord DEF COORD_794 Coordinate { point [
  3.9527559 -12.937008 0.43700787,3.9527559 -13.062992 0.43700787,
  3.8897638 -13.125984 0.37401575,3.8897638 -12.874016 0.37401575] }
 coordIndex [
  3,1,2,-1,0,1,3,-1]
  normalPerVertex TRUE
  normal DEF NORM_794 Normal { vector [
  0.70710678 0 -0.70710678,0.70710678 0 -0.70710678,
  0.70710678 0 -0.70710678,0.70710678 0 -0.70710678] }
}
}
DEF SHAPE_795 Shape {
 appearance USE APP_2
 geometry DEF FACE_795 IndexedFaceSet {
  coord DEF COORD_795 Coordinate { point [
  3.9527559 -13.062992 0.56299213,3.9527559 -13.062992 0.43700787,
  3.8897638 -13.125984 0.37401575,3.8897638 -13.125984 0.62598425] }
 coordIndex [
  0,2,1,-1,0,3,2,-1]
  normalPerVertex TRUE
  normal DEF NORM_795 Normal { vector [
  0.70710678 -0.70710678 0,0.70710678 -0.70710678 0,
  0.70710678 -0.70710678 0,0.70710678 -0.70710678 0] }
}
}
DEF SHAPE_796 Shape {
 appearance USE APP_2
 geometry DEF FACE_796 IndexedFaceSet {
  coord DEF COORD_796 Coordinate { point [
  3.8897638 -12.874016 0.62598425,3.9527559 -12.937008 0.56299213,
  3.8897638 -13.125984 0.62598425,3.9527559 -13.062992 0.56299213] }
 coordIndex [
  3,1,0,-1,3,0,2,-1]
  normalPerVertex TRUE
  normal DEF NORM_796 Normal { vector [
  0.70710678 0 0.70710678,0.70710678 0 0.70710678,
  0.70710678 0 0.70710678,0.70710678 0 0.70710678] }
}
}
DEF SHAPE_797 Shape {
 appearance USE APP_2
 geometry DEF FACE_797 IndexedFaceSet {
  coord DEF COORD_797 Coordinate { point [
  3.9527559 -12.937008 0.56299213,3.9527559 -12.937008 0.43700787,
  3.8897638 -12.874016 0.37401575,3.8897638 -12.874016 0.62598425] }
 coordIndex [
  0,1,2,-1,0,2,3,-1]
  normalPerVertex TRUE
  normal DEF NORM_797 Normal { vector [
  0.70710678 0.70710678 0,0.70710678 0.70710678 0,
  0.70710678 0.70710678 0,0.70710678 0.70710678 0] }
}
}
DEF SHAPE_798 Shape {
 appearance USE APP_2
 geometry DEF FACE_798 IndexedFaceSet {
  coord DEF COORD_798 Coordinate { point [
  3.8897638 -14.874016 0.62598425,3.9527559 -14.937008 0.56299213,
  3.8897638 -15.125984 0.62598425,3.9527559 -15.062992 0.56299213] }
 coordIndex [
  3,1,0,-1,3,0,2,-1]
  normalPerVertex TRUE
  normal DEF NORM_798 Normal { vector [
  0.70710678 0 0.70710678,0.70710678 0 0.70710678,
  0.70710678 0 0.70710678,0.70710678 0 0.70710678] }
}
}
DEF SHAPE_799 Shape {
 appearance USE APP_2
 geometry DEF FACE_799 IndexedFaceSet {
  coord DEF COORD_799 Coordinate { point [
  3.9527559 -14.937008 0.56299213,3.9527559 -14.937008 0.43700787,
  3.8897638 -14.874016 0.37401575,3.8897638 -14.874016 0.62598425] }
 coordIndex [
  0,1,2,-1,0,2,3,-1]
  normalPerVertex TRUE
  normal DEF NORM_799 Normal { vector [
  0.70710678 0.70710678 0,0.70710678 0.70710678 0,
  0.70710678 0.70710678 0,0.70710678 0.70710678 0] }
}
}
DEF SHAPE_800 Shape {
 appearance USE APP_2
 geometry DEF FACE_800 IndexedFaceSet {
  coord DEF COORD_800 Coordinate { point [
  3.9527559 -14.937008 0.43700787,3.9527559 -15.062992 0.43700787,
  3.8897638 -15.125984 0.37401575,3.8897638 -14.874016 0.37401575] }
 coordIndex [
  3,1,2,-1,0,1,3,-1]
  normalPerVertex TRUE
  normal DEF NORM_800 Normal { vector [
  0.70710678 0 -0.70710678,0.70710678 0 -0.70710678,
  0.70710678 0 -0.70710678,0.70710678 0 -0.70710678] }
}
}
DEF SHAPE_801 Shape {
 appearance USE APP_2
 geometry DEF FACE_801 IndexedFaceSet {
  coord DEF COORD_801 Coordinate { point [
  3.9527559 -15.062992 0.56299213,3.9527559 -15.062992 0.43700787,
  3.8897638 -15.125984 0.37401575,3.8897638 -15.125984 0.62598425] }
 coordIndex [
  0,2,1,-1,0,3,2,-1]
  normalPerVertex TRUE
  normal DEF NORM_801 Normal { vector [
  0.70710678 -0.70710678 0,0.70710678 -0.70710678 0,
  0.70710678 -0.70710678 0,0.70710678 -0.70710678 0] }
}
}
DEF SHAPE_802 Shape {
 appearance USE APP_2
 geometry DEF FACE_802 IndexedFaceSet {
  coord DEF COORD_802 Coordinate { point [
  3.9527559 -15.937008 0.56299213,3.9527559 -15.937008 0.43700787,
  3.8897638 -15.874016 0.37401575,3.8897638 -15.874016 0.62598425] }
 coordIndex [
  0,1,2,-1,0,2,3,-1]
  normalPerVertex TRUE
  normal DEF NORM_802 Normal { vector [
  0.70710678 0.70710678 0,0.70710678 0.70710678 0,
  0.70710678 0.70710678 0,0.70710678 0.70710678 0] }
}
}
DEF SHAPE_803 Shape {
 appearance USE APP_2
 geometry DEF FACE_803 IndexedFaceSet {
  coord DEF COORD_803 Coordinate { point [
  3.9527559 -15.937008 0.43700787,3.9527559 -16.062992 0.43700787,
  3.8897638 -16.125984 0.37401575,3.8897638 -15.874016 0.37401575] }
 coordIndex [
  3,1,2,-1,0,1,3,-1]
  normalPerVertex TRUE
  normal DEF NORM_803 Normal { vector [
  0.70710678 0 -0.70710678,0.70710678 0 -0.70710678,
  0.70710678 0 -0.70710678,0.70710678 0 -0.70710678] }
}
}
DEF SHAPE_804 Shape {
 appearance USE APP_2
 geometry DEF FACE_804 IndexedFaceSet {
  coord DEF COORD_804 Coordinate { point [
  3.9527559 -16.062992 0.56299213,3.9527559 -16.062992 0.43700787,
  3.8897638 -16.125984 0.37401575,3.8897638 -16.125984 0.62598425] }
 coordIndex [
  0,2,1,-1,0,3,2,-1]
  normalPerVertex TRUE
  normal DEF NORM_804 Normal { vector [
  0.70710678 -0.70710678 0,0.70710678 -0.70710678 0,
  0.70710678 -0.70710678 0,0.70710678 -0.70710678 0] }
}
}
DEF SHAPE_805 Shape {
 appearance USE APP_2
 geometry DEF FACE_805 IndexedFaceSet {
  coord DEF COORD_805 Coordinate { point [
  3.8897638 -15.874016 0.62598425,3.9527559 -15.937008 0.56299213,
  3.8897638 -16.125984 0.62598425,3.9527559 -16.062992 0.56299213] }
 coordIndex [
  3,1,0,-1,3,0,2,-1]
  normalPerVertex TRUE
  normal DEF NORM_805 Normal { vector [
  0.70710678 0 0.70710678,0.70710678 0 0.70710678,
  0.70710678 0 0.70710678,0.70710678 0 0.70710678] }
}
}
DEF SHAPE_806 Shape {
 appearance USE APP_2
 geometry DEF FACE_806 IndexedFaceSet {
  coord DEF COORD_806 Coordinate { point [
  3.9527559 -17.937008 0.56299213,3.9527559 -17.937008 0.43700787,
  3.8897638 -17.874016 0.37401575,3.8897638 -17.874016 0.62598425] }
 coordIndex [
  0,1,2,-1,0,2,3,-1]
  normalPerVertex TRUE
  normal DEF NORM_806 Normal { vector [
  0.70710678 0.70710678 0,0.70710678 0.70710678 0,
  0.70710678 0.70710678 0,0.70710678 0.70710678 0] }
}
}
DEF SHAPE_807 Shape {
 appearance USE APP_2
 geometry DEF FACE_807 IndexedFaceSet {
  coord DEF COORD_807 Coordinate { point [
  3.9527559 -17.937008 0.43700787,3.9527559 -18.062992 0.43700787,
  3.8897638 -18.125984 0.37401575,3.8897638 -17.874016 0.37401575] }
 coordIndex [
  3,1,2,-1,0,1,3,-1]
  normalPerVertex TRUE
  normal DEF NORM_807 Normal { vector [
  0.70710678 0 -0.70710678,0.70710678 0 -0.70710678,
  0.70710678 0 -0.70710678,0.70710678 0 -0.70710678] }
}
}
DEF SHAPE_808 Shape {
 appearance USE APP_2
 geometry DEF FACE_808 IndexedFaceSet {
  coord DEF COORD_808 Coordinate { point [
  3.9527559 -18.062992 0.56299213,3.9527559 -18.062992 0.43700787,
  3.8897638 -18.125984 0.37401575,3.8897638 -18.125984 0.62598425] }
 coordIndex [
  0,2,1,-1,0,3,2,-1]
  normalPerVertex TRUE
  normal DEF NORM_808 Normal { vector [
  0.70710678 -0.70710678 0,0.70710678 -0.70710678 0,
  0.70710678 -0.70710678 0,0.70710678 -0.70710678 0] }
}
}
DEF SHAPE_809 Shape {
 appearance USE APP_2
 geometry DEF FACE_809 IndexedFaceSet {
  coord DEF COORD_809 Coordinate { point [
  3.8897638 -17.874016 0.62598425,3.9527559 -17.937008 0.56299213,
  3.8897638 -18.125984 0.62598425,3.9527559 -18.062992 0.56299213] }
 coordIndex [
  2,1,0,-1,3,1,2,-1]
  normalPerVertex TRUE
  normal DEF NORM_809 Normal { vector [
  0.70710678 0 0.70710678,0.70710678 0 0.70710678,
  0.70710678 0 0.70710678,0.70710678 0 0.70710678] }
}
}
DEF SHAPE_810 Shape {
 appearance USE APP_2
 geometry DEF FACE_810 IndexedFaceSet {
  coord DEF COORD_810 Coordinate { point [
  3.8897638 -16.874016 0.62598425,3.9527559 -16.937008 0.56299213,
  3.8897638 -17.125984 0.62598425,3.9527559 -17.062992 0.56299213] }
 coordIndex [
  2,1,0,-1,3,1,2,-1]
  normalPerVertex TRUE
  normal DEF NORM_810 Normal { vector [
  0.70710678 0 0.70710678,0.70710678 0 0.70710678,
  0.70710678 0 0.70710678,0.70710678 0 0.70710678] }
}
}
DEF SHAPE_811 Shape {
 appearance USE APP_2
 geometry DEF FACE_811 IndexedFaceSet {
  coord DEF COORD_811 Coordinate { point [
  3.9527559 -16.937008 0.56299213,3.9527559 -16.937008 0.43700787,
  3.8897638 -16.874016 0.37401575,3.8897638 -16.874016 0.62598425] }
 coordIndex [
  0,1,2,-1,0,2,3,-1]
  normalPerVertex TRUE
  normal DEF NORM_811 Normal { vector [
  0.70710678 0.70710678 0,0.70710678 0.70710678 0,
  0.70710678 0.70710678 0,0.70710678 0.70710678 0] }
}
}
DEF SHAPE_812 Shape {
 appearance USE APP_2
 geometry DEF FACE_812 IndexedFaceSet {
  coord DEF COORD_812 Coordinate { point [
  3.9527559 -16.937008 0.43700787,3.9527559 -17.062992 0.43700787,
  3.8897638 -17.125984 0.37401575,3.8897638 -16.874016 0.37401575] }
 coordIndex [
  3,1,2,-1,0,1,3,-1]
  normalPerVertex TRUE
  normal DEF NORM_812 Normal { vector [
  0.70710678 0 -0.70710678,0.70710678 0 -0.70710678,
  0.70710678 0 -0.70710678,0.70710678 0 -0.70710678] }
}
}
DEF SHAPE_813 Shape {
 appearance USE APP_2
 geometry DEF FACE_813 IndexedFaceSet {
  coord DEF COORD_813 Coordinate { point [
  3.9527559 -17.062992 0.56299213,3.9527559 -17.062992 0.43700787,
  3.8897638 -17.125984 0.37401575,3.8897638 -17.125984 0.62598425] }
 coordIndex [
  0,2,1,-1,0,3,2,-1]
  normalPerVertex TRUE
  normal DEF NORM_813 Normal { vector [
  0.70710678 -0.70710678 0,0.70710678 -0.70710678 0,
  0.70710678 -0.70710678 0,0.70710678 -0.70710678 0] }
}
}
DEF SHAPE_814 Shape {
 appearance USE APP_2
 geometry DEF FACE_814 IndexedFaceSet {
  coord DEF COORD_814 Coordinate { point [
  3.9527559 -18.937008 0.56299213,3.9527559 -18.937008 0.43700787,
  3.8897638 -18.874016 0.37401575,3.8897638 -18.874016 0.62598425] }
 coordIndex [
  0,1,2,-1,0,2,3,-1]
  normalPerVertex TRUE
  normal DEF NORM_814 Normal { vector [
  0.70710678 0.70710678 0,0.70710678 0.70710678 0,
  0.70710678 0.70710678 0,0.70710678 0.70710678 0] }
}
}
DEF SHAPE_815 Shape {
 appearance USE APP_2
 geometry DEF FACE_815 IndexedFaceSet {
  coord DEF COORD_815 Coordinate { point [
  3.9527559 -18.937008 0.43700787,3.9527559 -19.062992 0.43700787,
  3.8897638 -19.125984 0.37401575,3.8897638 -18.874016 0.37401575] }
 coordIndex [
  3,1,2,-1,0,1,3,-1]
  normalPerVertex TRUE
  normal DEF NORM_815 Normal { vector [
  0.70710678 0 -0.70710678,0.70710678 0 -0.70710678,
  0.70710678 0 -0.70710678,0.70710678 0 -0.70710678] }
}
}
DEF SHAPE_816 Shape {
 appearance USE APP_2
 geometry DEF FACE_816 IndexedFaceSet {
  coord DEF COORD_816 Coordinate { point [
  3.9527559 -19.062992 0.56299213,3.9527559 -19.062992 0.43700787,
  3.8897638 -19.125984 0.37401575,3.8897638 -19.125984 0.62598425] }
 coordIndex [
  0,2,1,-1,0,3,2,-1]
  normalPerVertex TRUE
  normal DEF NORM_816 Normal { vector [
  0.70710678 -0.70710678 0,0.70710678 -0.70710678 0,
  0.70710678 -0.70710678 0,0.70710678 -0.70710678 0] }
}
}
DEF SHAPE_817 Shape {
 appearance USE APP_2
 geometry DEF FACE_817 IndexedFaceSet {
  coord DEF COORD_817 Coordinate { point [
  3.8897638 -18.874016 0.62598425,3.9527559 -18.937008 0.56299213,
  3.8897638 -19.125984 0.62598425,3.9527559 -19.062992 0.56299213] }
 coordIndex [
  2,1,0,-1,3,1,2,-1]
  normalPerVertex TRUE
  normal DEF NORM_817 Normal { vector [
  0.70710678 0 0.70710678,0.70710678 0 0.70710678,
  0.70710678 0 0.70710678,0.70710678 0 0.70710678] }
}
}
DEF SHAPE_818 Shape {
 appearance USE APP_2
 geometry DEF FACE_818 IndexedFaceSet {
  coord DEF COORD_818 Coordinate { point [
  3.9527559 -7.9370079 0.43700787,3.9527559 -8.0629921 0.43700787,
  3.8897638 -8.1259843 0.37401575,3.8897638 -7.8740157 0.37401575] }
 coordIndex [
  3,1,2,-1,0,1,3,-1]
  normalPerVertex TRUE
  normal DEF NORM_818 Normal { vector [
  0.70710678 0 -0.70710678,0.70710678 0 -0.70710678,
  0.70710678 0 -0.70710678,0.70710678 0 -0.70710678] }
}
}
DEF SHAPE_819 Shape {
 appearance USE APP_2
 geometry DEF FACE_819 IndexedFaceSet {
  coord DEF COORD_819 Coordinate { point [
  3.9527559 -8.0629921 0.56299213,3.9527559 -8.0629921 0.43700787,
  3.8897638 -8.1259843 0.37401575,3.8897638 -8.1259843 0.62598425] }
 coordIndex [
  0,2,1,-1,0,3,2,-1]
  normalPerVertex TRUE
  normal DEF NORM_819 Normal { vector [
  0.70710678 -0.70710678 0,0.70710678 -0.70710678 0,
  0.70710678 -0.70710678 0,0.70710678 -0.70710678 0] }
}
}
DEF SHAPE_820 Shape {
 appearance USE APP_2
 geometry DEF FACE_820 IndexedFaceSet {
  coord DEF COORD_820 Coordinate { point [
  3.8897638 -7.8740157 0.62598425,3.9527559 -7.9370079 0.56299213,
  3.8897638 -8.1259843 0.62598425,3.9527559 -8.0629921 0.56299213] }
 coordIndex [
  3,1,0,-1,3,0,2,-1]
  normalPerVertex TRUE
  normal DEF NORM_820 Normal { vector [
  0.70710678 0 0.70710678,0.70710678 0 0.70710678,
  0.70710678 0 0.70710678,0.70710678 0 0.70710678] }
}
}
DEF SHAPE_821 Shape {
 appearance USE APP_2
 geometry DEF FACE_821 IndexedFaceSet {
  coord DEF COORD_821 Coordinate { point [
  3.9527559 -7.9370079 0.56299213,3.9527559 -7.9370079 0.43700787,
  3.8897638 -7.8740157 0.37401575,3.8897638 -7.8740157 0.62598425] }
 coordIndex [
  0,1,2,-1,0,2,3,-1]
  normalPerVertex TRUE
  normal DEF NORM_821 Normal { vector [
  0.70710678 0.70710678 0,0.70710678 0.70710678 0,
  0.70710678 0.70710678 0,0.70710678 0.70710678 0] }
}
}
DEF SHAPE_822 Shape {
 appearance USE APP_2
 geometry DEF FACE_822 IndexedFaceSet {
  coord DEF COORD_822 Coordinate { point [
  3.8897638 -8.8740157 0.62598425,3.9527559 -8.9370079 0.56299213,
  3.8897638 -9.1259843 0.62598425,3.9527559 -9.0629921 0.56299213] }
 coordIndex [
  3,1,0,-1,3,0,2,-1]
  normalPerVertex TRUE
  normal DEF NORM_822 Normal { vector [
  0.70710678 0 0.70710678,0.70710678 0 0.70710678,
  0.70710678 0 0.70710678,0.70710678 0 0.70710678] }
}
}
DEF SHAPE_823 Shape {
 appearance USE APP_2
 geometry DEF FACE_823 IndexedFaceSet {
  coord DEF COORD_823 Coordinate { point [
  3.9527559 -8.9370079 0.56299213,3.9527559 -8.9370079 0.43700787,
  3.8897638 -8.8740157 0.37401575,3.8897638 -8.8740157 0.62598425] }
 coordIndex [
  0,1,2,-1,0,2,3,-1]
  normalPerVertex TRUE
  normal DEF NORM_823 Normal { vector [
  0.70710678 0.70710678 0,0.70710678 0.70710678 0,
  0.70710678 0.70710678 0,0.70710678 0.70710678 0] }
}
}
DEF SHAPE_824 Shape {
 appearance USE APP_2
 geometry DEF FACE_824 IndexedFaceSet {
  coord DEF COORD_824 Coordinate { point [
  3.9527559 -8.9370079 0.43700787,3.9527559 -9.0629921 0.43700787,
  3.8897638 -9.1259843 0.37401575,3.8897638 -8.8740157 0.37401575] }
 coordIndex [
  3,1,2,-1,0,1,3,-1]
  normalPerVertex TRUE
  normal DEF NORM_824 Normal { vector [
  0.70710678 0 -0.70710678,0.70710678 0 -0.70710678,
  0.70710678 0 -0.70710678,0.70710678 0 -0.70710678] }
}
}
DEF SHAPE_825 Shape {
 appearance USE APP_2
 geometry DEF FACE_825 IndexedFaceSet {
  coord DEF COORD_825 Coordinate { point [
  3.9527559 -9.0629921 0.56299213,3.9527559 -9.0629921 0.43700787,
  3.8897638 -9.1259843 0.37401575,3.8897638 -9.1259843 0.62598425] }
 coordIndex [
  0,2,1,-1,0,3,2,-1]
  normalPerVertex TRUE
  normal DEF NORM_825 Normal { vector [
  0.70710678 -0.70710678 0,0.70710678 -0.70710678 0,
  0.70710678 -0.70710678 0,0.70710678 -0.70710678 0] }
}
}
DEF SHAPE_826 Shape {
 appearance USE APP_2
 geometry DEF FACE_826 IndexedFaceSet {
  coord DEF COORD_826 Coordinate { point [
  3.8897638 -9.8740157 0.62598425,3.9527559 -9.9370079 0.56299213,
  3.8897638 -10.125984 0.62598425,3.9527559 -10.062992 0.56299213] }
 coordIndex [
  3,1,0,-1,3,0,2,-1]
  normalPerVertex TRUE
  normal DEF NORM_826 Normal { vector [
  0.70710678 0 0.70710678,0.70710678 0 0.70710678,
  0.70710678 0 0.70710678,0.70710678 0 0.70710678] }
}
}
DEF SHAPE_827 Shape {
 appearance USE APP_2
 geometry DEF FACE_827 IndexedFaceSet {
  coord DEF COORD_827 Coordinate { point [
  3.9527559 -9.9370079 0.56299213,3.9527559 -9.9370079 0.43700787,
  3.8897638 -9.8740157 0.37401575,3.8897638 -9.8740157 0.62598425] }
 coordIndex [
  0,1,2,-1,0,2,3,-1]
  normalPerVertex TRUE
  normal DEF NORM_827 Normal { vector [
  0.70710678 0.70710678 0,0.70710678 0.70710678 0,
  0.70710678 0.70710678 0,0.70710678 0.70710678 0] }
}
}
DEF SHAPE_828 Shape {
 appearance USE APP_2
 geometry DEF FACE_828 IndexedFaceSet {
  coord DEF COORD_828 Coordinate { point [
  3.9527559 -9.9370079 0.43700787,3.9527559 -10.062992 0.43700787,
  3.8897638 -10.125984 0.37401575,3.8897638 -9.8740157 0.37401575] }
 coordIndex [
  3,1,2,-1,0,1,3,-1]
  normalPerVertex TRUE
  normal DEF NORM_828 Normal { vector [
  0.70710678 0 -0.70710678,0.70710678 0 -0.70710678,
  0.70710678 0 -0.70710678,0.70710678 0 -0.70710678] }
}
}
DEF SHAPE_829 Shape {
 appearance USE APP_2
 geometry DEF FACE_829 IndexedFaceSet {
  coord DEF COORD_829 Coordinate { point [
  3.9527559 -10.062992 0.56299213,3.9527559 -10.062992 0.43700787,
  3.8897638 -10.125984 0.37401575,3.8897638 -10.125984 0.62598425] }
 coordIndex [
  0,2,1,-1,0,3,2,-1]
  normalPerVertex TRUE
  normal DEF NORM_829 Normal { vector [
  0.70710678 -0.70710678 0,0.70710678 -0.70710678 0,
  0.70710678 -0.70710678 0,0.70710678 -0.70710678 0] }
}
}
DEF SHAPE_830 Shape {
 appearance USE APP_2
 geometry DEF FACE_830 IndexedFaceSet {
  coord DEF COORD_830 Coordinate { point [
  3.9527559 -4.9370079 0.43700787,3.9527559 -5.0629921 0.43700787,
  3.8897638 -5.1259843 0.37401575,3.8897638 -4.8740157 0.37401575] }
 coordIndex [
  3,1,2,-1,0,1,3,-1]
  normalPerVertex TRUE
  normal DEF NORM_830 Normal { vector [
  0.70710678 0 -0.70710678,0.70710678 0 -0.70710678,
  0.70710678 0 -0.70710678,0.70710678 0 -0.70710678] }
}
}
DEF SHAPE_831 Shape {
 appearance USE APP_2
 geometry DEF FACE_831 IndexedFaceSet {
  coord DEF COORD_831 Coordinate { point [
  3.9527559 -5.0629921 0.56299213,3.9527559 -5.0629921 0.43700787,
  3.8897638 -5.1259843 0.37401575,3.8897638 -5.1259843 0.62598425] }
 coordIndex [
  0,2,1,-1,0,3,2,-1]
  normalPerVertex TRUE
  normal DEF NORM_831 Normal { vector [
  0.70710678 -0.70710678 0,0.70710678 -0.70710678 0,
  0.70710678 -0.70710678 0,0.70710678 -0.70710678 0] }
}
}
DEF SHAPE_832 Shape {
 appearance USE APP_2
 geometry DEF FACE_832 IndexedFaceSet {
  coord DEF COORD_832 Coordinate { point [
  3.8897638 -4.8740157 0.62598425,3.9527559 -4.9370079 0.56299213,
  3.8897638 -5.1259843 0.62598425,3.9527559 -5.0629921 0.56299213] }
 coordIndex [
  3,1,0,-1,3,0,2,-1]
  normalPerVertex TRUE
  normal DEF NORM_832 Normal { vector [
  0.70710678 0 0.70710678,0.70710678 0 0.70710678,
  0.70710678 0 0.70710678,0.70710678 0 0.70710678] }
}
}
DEF SHAPE_833 Shape {
 appearance USE APP_2
 geometry DEF FACE_833 IndexedFaceSet {
  coord DEF COORD_833 Coordinate { point [
  3.9527559 -4.9370079 0.56299213,3.9527559 -4.9370079 0.43700787,
  3.8897638 -4.8740157 0.37401575,3.8897638 -4.8740157 0.62598425] }
 coordIndex [
  0,1,2,-1,0,2,3,-1]
  normalPerVertex TRUE
  normal DEF NORM_833 Normal { vector [
  0.70710678 0.70710678 0,0.70710678 0.70710678 0,
  0.70710678 0.70710678 0,0.70710678 0.70710678 0] }
}
}
DEF SHAPE_834 Shape {
 appearance USE APP_2
 geometry DEF FACE_834 IndexedFaceSet {
  coord DEF COORD_834 Coordinate { point [
  3.9527559 -5.9370079 0.43700787,3.9527559 -6.0629921 0.43700787,
  3.8897638 -6.1259843 0.37401575,3.8897638 -5.8740157 0.37401575] }
 coordIndex [
  3,1,2,-1,0,1,3,-1]
  normalPerVertex TRUE
  normal DEF NORM_834 Normal { vector [
  0.70710678 0 -0.70710678,0.70710678 0 -0.70710678,
  0.70710678 0 -0.70710678,0.70710678 0 -0.70710678] }
}
}
DEF SHAPE_835 Shape {
 appearance USE APP_2
 geometry DEF FACE_835 IndexedFaceSet {
  coord DEF COORD_835 Coordinate { point [
  3.9527559 -6.0629921 0.56299213,3.9527559 -6.0629921 0.43700787,
  3.8897638 -6.1259843 0.37401575,3.8897638 -6.1259843 0.62598425] }
 coordIndex [
  0,2,1,-1,0,3,2,-1]
  normalPerVertex TRUE
  normal DEF NORM_835 Normal { vector [
  0.70710678 -0.70710678 0,0.70710678 -0.70710678 0,
  0.70710678 -0.70710678 0,0.70710678 -0.70710678 0] }
}
}
DEF SHAPE_836 Shape {
 appearance USE APP_2
 geometry DEF FACE_836 IndexedFaceSet {
  coord DEF COORD_836 Coordinate { point [
  3.8897638 -5.8740157 0.62598425,3.9527559 -5.9370079 0.56299213,
  3.8897638 -6.1259843 0.62598425,3.9527559 -6.0629921 0.56299213] }
 coordIndex [
  3,1,0,-1,3,0,2,-1]
  normalPerVertex TRUE
  normal DEF NORM_836 Normal { vector [
  0.70710678 0 0.70710678,0.70710678 0 0.70710678,
  0.70710678 0 0.70710678,0.70710678 0 0.70710678] }
}
}
DEF SHAPE_837 Shape {
 appearance USE APP_2
 geometry DEF FACE_837 IndexedFaceSet {
  coord DEF COORD_837 Coordinate { point [
  3.9527559 -5.9370079 0.56299213,3.9527559 -5.9370079 0.43700787,
  3.8897638 -5.8740157 0.37401575,3.8897638 -5.8740157 0.62598425] }
 coordIndex [
  0,1,2,-1,0,2,3,-1]
  normalPerVertex TRUE
  normal DEF NORM_837 Normal { vector [
  0.70710678 0.70710678 0,0.70710678 0.70710678 0,
  0.70710678 0.70710678 0,0.70710678 0.70710678 0] }
}
}
DEF SHAPE_838 Shape {
 appearance USE APP_2
 geometry DEF FACE_838 IndexedFaceSet {
  coord DEF COORD_838 Coordinate { point [
  3.8897638 -6.8740157 0.62598425,3.9527559 -6.9370079 0.56299213,
  3.8897638 -7.1259843 0.62598425,3.9527559 -7.0629921 0.56299213] }
 coordIndex [
  3,1,0,-1,3,0,2,-1]
  normalPerVertex TRUE
  normal DEF NORM_838 Normal { vector [
  0.70710678 0 0.70710678,0.70710678 0 0.70710678,
  0.70710678 0 0.70710678,0.70710678 0 0.70710678] }
}
}
DEF SHAPE_839 Shape {
 appearance USE APP_2
 geometry DEF FACE_839 IndexedFaceSet {
  coord DEF COORD_839 Coordinate { point [
  3.9527559 -6.9370079 0.56299213,3.9527559 -6.9370079 0.43700787,
  3.8897638 -6.8740157 0.37401575,3.8897638 -6.8740157 0.62598425] }
 coordIndex [
  0,1,2,-1,0,2,3,-1]
  normalPerVertex TRUE
  normal DEF NORM_839 Normal { vector [
  0.70710678 0.70710678 0,0.70710678 0.70710678 0,
  0.70710678 0.70710678 0,0.70710678 0.70710678 0] }
}
}
DEF SHAPE_840 Shape {
 appearance USE APP_2
 geometry DEF FACE_840 IndexedFaceSet {
  coord DEF COORD_840 Coordinate { point [
  3.9527559 -6.9370079 0.43700787,3.9527559 -7.0629921 0.43700787,
  3.8897638 -7.1259843 0.37401575,3.8897638 -6.8740157 0.37401575] }
 coordIndex [
  3,1,2,-1,0,1,3,-1]
  normalPerVertex TRUE
  normal DEF NORM_840 Normal { vector [
  0.70710678 0 -0.70710678,0.70710678 0 -0.70710678,
  0.70710678 0 -0.70710678,0.70710678 0 -0.70710678] }
}
}
DEF SHAPE_841 Shape {
 appearance USE APP_2
 geometry DEF FACE_841 IndexedFaceSet {
  coord DEF COORD_841 Coordinate { point [
  3.9527559 -7.0629921 0.56299213,3.9527559 -7.0629921 0.43700787,
  3.8897638 -7.1259843 0.37401575,3.8897638 -7.1259843 0.62598425] }
 coordIndex [
  0,2,1,-1,0,3,2,-1]
  normalPerVertex TRUE
  normal DEF NORM_841 Normal { vector [
  0.70710678 -0.70710678 0,0.70710678 -0.70710678 0,
  0.70710678 -0.70710678 0,0.70710678 -0.70710678 0] }
}
}
DEF SHAPE_842 Shape {
 appearance USE APP_2
 geometry DEF FACE_842 IndexedFaceSet {
  coord DEF COORD_842 Coordinate { point [
  3.8897638 -29.874016 0.62598425,3.9527559 -29.937008 0.56299213,
  3.8897638 -30.125984 0.62598425,3.9527559 -30.062992 0.56299213] }
 coordIndex [
  2,1,0,-1,3,1,2,-1]
  normalPerVertex TRUE
  normal DEF NORM_842 Normal { vector [
  0.70710678 0 0.70710678,0.70710678 0 0.70710678,
  0.70710678 0 0.70710678,0.70710678 0 0.70710678] }
}
}
DEF SHAPE_843 Shape {
 appearance USE APP_2
 geometry DEF FACE_843 IndexedFaceSet {
  coord DEF COORD_843 Coordinate { point [
  3.9527559 -29.937008 0.56299213,3.9527559 -29.937008 0.43700787,
  3.8897638 -29.874016 0.37401575,3.8897638 -29.874016 0.62598425] }
 coordIndex [
  0,1,2,-1,0,2,3,-1]
  normalPerVertex TRUE
  normal DEF NORM_843 Normal { vector [
  0.70710678 0.70710678 0,0.70710678 0.70710678 0,
  0.70710678 0.70710678 0,0.70710678 0.70710678 0] }
}
}
DEF SHAPE_844 Shape {
 appearance USE APP_2
 geometry DEF FACE_844 IndexedFaceSet {
  coord DEF COORD_844 Coordinate { point [
  3.9527559 -29.937008 0.43700787,3.9527559 -30.062992 0.43700787,
  3.8897638 -30.125984 0.37401575,3.8897638 -29.874016 0.37401575] }
 coordIndex [
  3,1,2,-1,0,1,3,-1]
  normalPerVertex TRUE
  normal DEF NORM_844 Normal { vector [
  0.70710678 0 -0.70710678,0.70710678 0 -0.70710678,
  0.70710678 0 -0.70710678,0.70710678 0 -0.70710678] }
}
}
DEF SHAPE_845 Shape {
 appearance USE APP_2
 geometry DEF FACE_845 IndexedFaceSet {
  coord DEF COORD_845 Coordinate { point [
  3.9527559 -30.062992 0.56299213,3.9527559 -30.062992 0.43700787,
  3.8897638 -30.125984 0.37401575,3.8897638 -30.125984 0.62598425] }
 coordIndex [
  0,2,1,-1,0,3,2,-1]
  normalPerVertex TRUE
  normal DEF NORM_845 Normal { vector [
  0.70710678 -0.70710678 0,0.70710678 -0.70710678 0,
  0.70710678 -0.70710678 0,0.70710678 -0.70710678 0] }
}
}
DEF SHAPE_846 Shape {
 appearance USE APP_2
 geometry DEF FACE_846 IndexedFaceSet {
  coord DEF COORD_846 Coordinate { point [
  3.8897638 -28.874016 0.62598425,3.9527559 -28.937008 0.56299213,
  3.8897638 -29.125984 0.62598425,3.9527559 -29.062992 0.56299213] }
 coordIndex [
  3,1,0,-1,3,0,2,-1]
  normalPerVertex TRUE
  normal DEF NORM_846 Normal { vector [
  0.70710678 0 0.70710678,0.70710678 0 0.70710678,
  0.70710678 0 0.70710678,0.70710678 0 0.70710678] }
}
}
DEF SHAPE_847 Shape {
 appearance USE APP_2
 geometry DEF FACE_847 IndexedFaceSet {
  coord DEF COORD_847 Coordinate { point [
  3.9527559 -28.937008 0.56299213,3.9527559 -28.937008 0.43700787,
  3.8897638 -28.874016 0.37401575,3.8897638 -28.874016 0.62598425] }
 coordIndex [
  0,1,2,-1,0,2,3,-1]
  normalPerVertex TRUE
  normal DEF NORM_847 Normal { vector [
  0.70710678 0.70710678 0,0.70710678 0.70710678 0,
  0.70710678 0.70710678 0,0.70710678 0.70710678 0] }
}
}
DEF SHAPE_848 Shape {
 appearance USE APP_2
 geometry DEF FACE_848 IndexedFaceSet {
  coord DEF COORD_848 Coordinate { point [
  3.9527559 -28.937008 0.43700787,3.9527559 -29.062992 0.43700787,
  3.8897638 -29.125984 0.37401575,3.8897638 -28.874016 0.37401575] }
 coordIndex [
  3,1,2,-1,0,1,3,-1]
  normalPerVertex TRUE
  normal DEF NORM_848 Normal { vector [
  0.70710678 0 -0.70710678,0.70710678 0 -0.70710678,
  0.70710678 0 -0.70710678,0.70710678 0 -0.70710678] }
}
}
DEF SHAPE_849 Shape {
 appearance USE APP_2
 geometry DEF FACE_849 IndexedFaceSet {
  coord DEF COORD_849 Coordinate { point [
  3.9527559 -29.062992 0.56299213,3.9527559 -29.062992 0.43700787,
  3.8897638 -29.125984 0.37401575,3.8897638 -29.125984 0.62598425] }
 coordIndex [
  0,2,1,-1,0,3,2,-1]
  normalPerVertex TRUE
  normal DEF NORM_849 Normal { vector [
  0.70710678 -0.70710678 0,0.70710678 -0.70710678 0,
  0.70710678 -0.70710678 0,0.70710678 -0.70710678 0] }
}
}
DEF SHAPE_850 Shape {
 appearance USE APP_2
 geometry DEF FACE_850 IndexedFaceSet {
  coord DEF COORD_850 Coordinate { point [
  3.9527559 -34.937008 0.56299213,3.9527559 -34.937008 0.43700787,
  3.8897638 -34.874016 0.37401575,3.8897638 -34.874016 0.62598425] }
 coordIndex [
  0,1,2,-1,0,2,3,-1]
  normalPerVertex TRUE
  normal DEF NORM_850 Normal { vector [
  0.70710678 0.70710678 0,0.70710678 0.70710678 0,
  0.70710678 0.70710678 0,0.70710678 0.70710678 0] }
}
}
DEF SHAPE_851 Shape {
 appearance USE APP_2
 geometry DEF FACE_851 IndexedFaceSet {
  coord DEF COORD_851 Coordinate { point [
  3.9527559 -34.937008 0.43700787,3.9527559 -35.062992 0.43700787,
  3.8897638 -35.125984 0.37401575,3.8897638 -34.874016 0.37401575] }
 coordIndex [
  3,1,2,-1,0,1,3,-1]
  normalPerVertex TRUE
  normal DEF NORM_851 Normal { vector [
  0.70710678 0 -0.70710678,0.70710678 0 -0.70710678,
  0.70710678 0 -0.70710678,0.70710678 0 -0.70710678] }
}
}
DEF SHAPE_852 Shape {
 appearance USE APP_2
 geometry DEF FACE_852 IndexedFaceSet {
  coord DEF COORD_852 Coordinate { point [
  3.9527559 -35.062992 0.56299213,3.9527559 -35.062992 0.43700787,
  3.8897638 -35.125984 0.37401575,3.8897638 -35.125984 0.62598425] }
 coordIndex [
  0,2,1,-1,0,3,2,-1]
  normalPerVertex TRUE
  normal DEF NORM_852 Normal { vector [
  0.70710678 -0.70710678 0,0.70710678 -0.70710678 0,
  0.70710678 -0.70710678 0,0.70710678 -0.70710678 0] }
}
}
DEF SHAPE_853 Shape {
 appearance USE APP_2
 geometry DEF FACE_853 IndexedFaceSet {
  coord DEF COORD_853 Coordinate { point [
  3.8897638 -34.874016 0.62598425,3.9527559 -34.937008 0.56299213,
  3.8897638 -35.125984 0.62598425,3.9527559 -35.062992 0.56299213] }
 coordIndex [
  3,1,0,-1,3,0,2,-1]
  normalPerVertex TRUE
  normal DEF NORM_853 Normal { vector [
  0.70710678 0 0.70710678,0.70710678 0 0.70710678,
  0.70710678 0 0.70710678,0.70710678 0 0.70710678] }
}
}
DEF SHAPE_854 Shape {
 appearance USE APP_2
 geometry DEF FACE_854 IndexedFaceSet {
  coord DEF COORD_854 Coordinate { point [
  3.9527559 -33.937008 0.43700787,3.9527559 -34.062992 0.43700787,
  3.8897638 -34.125984 0.37401575,3.8897638 -33.874016 0.37401575] }
 coordIndex [
  3,1,2,-1,0,1,3,-1]
  normalPerVertex TRUE
  normal DEF NORM_854 Normal { vector [
  0.70710678 0 -0.70710678,0.70710678 0 -0.70710678,
  0.70710678 0 -0.70710678,0.70710678 0 -0.70710678] }
}
}
DEF SHAPE_855 Shape {
 appearance USE APP_2
 geometry DEF FACE_855 IndexedFaceSet {
  coord DEF COORD_855 Coordinate { point [
  3.9527559 -34.062992 0.56299213,3.9527559 -34.062992 0.43700787,
  3.8897638 -34.125984 0.37401575,3.8897638 -34.125984 0.62598425] }
 coordIndex [
  0,2,1,-1,0,3,2,-1]
  normalPerVertex TRUE
  normal DEF NORM_855 Normal { vector [
  0.70710678 -0.70710678 0,0.70710678 -0.70710678 0,
  0.70710678 -0.70710678 0,0.70710678 -0.70710678 0] }
}
}
DEF SHAPE_856 Shape {
 appearance USE APP_2
 geometry DEF FACE_856 IndexedFaceSet {
  coord DEF COORD_856 Coordinate { point [
  3.8897638 -33.874016 0.62598425,3.9527559 -33.937008 0.56299213,
  3.8897638 -34.125984 0.62598425,3.9527559 -34.062992 0.56299213] }
 coordIndex [
  3,1,0,-1,3,0,2,-1]
  normalPerVertex TRUE
  normal DEF NORM_856 Normal { vector [
  0.70710678 0 0.70710678,0.70710678 0 0.70710678,
  0.70710678 0 0.70710678,0.70710678 0 0.70710678] }
}
}
DEF SHAPE_857 Shape {
 appearance USE APP_2
 geometry DEF FACE_857 IndexedFaceSet {
  coord DEF COORD_857 Coordinate { point [
  3.9527559 -33.937008 0.56299213,3.9527559 -33.937008 0.43700787,
  3.8897638 -33.874016 0.37401575,3.8897638 -33.874016 0.62598425] }
 coordIndex [
  0,1,2,-1,0,2,3,-1]
  normalPerVertex TRUE
  normal DEF NORM_857 Normal { vector [
  0.70710678 0.70710678 0,0.70710678 0.70710678 0,
  0.70710678 0.70710678 0,0.70710678 0.70710678 0] }
}
}
DEF SHAPE_858 Shape {
 appearance USE APP_2
 geometry DEF FACE_858 IndexedFaceSet {
  coord DEF COORD_858 Coordinate { point [
  3.8897638 -32.874016 0.62598425,3.9527559 -32.937008 0.56299213,
  3.8897638 -33.125984 0.62598425,3.9527559 -33.062992 0.56299213] }
 coordIndex [
  3,1,0,-1,3,0,2,-1]
  normalPerVertex TRUE
  normal DEF NORM_858 Normal { vector [
  0.70710678 0 0.70710678,0.70710678 0 0.70710678,
  0.70710678 0 0.70710678,0.70710678 0 0.70710678] }
}
}
DEF SHAPE_859 Shape {
 appearance USE APP_2
 geometry DEF FACE_859 IndexedFaceSet {
  coord DEF COORD_859 Coordinate { point [
  3.9527559 -32.937008 0.56299213,3.9527559 -32.937008 0.43700787,
  3.8897638 -32.874016 0.37401575,3.8897638 -32.874016 0.62598425] }
 coordIndex [
  0,1,2,-1,0,2,3,-1]
  normalPerVertex TRUE
  normal DEF NORM_859 Normal { vector [
  0.70710678 0.70710678 0,0.70710678 0.70710678 0,
  0.70710678 0.70710678 0,0.70710678 0.70710678 0] }
}
}
DEF SHAPE_860 Shape {
 appearance USE APP_2
 geometry DEF FACE_860 IndexedFaceSet {
  coord DEF COORD_860 Coordinate { point [
  3.9527559 -32.937008 0.43700787,3.9527559 -33.062992 0.43700787,
  3.8897638 -33.125984 0.37401575,3.8897638 -32.874016 0.37401575] }
 coordIndex [
  3,1,2,-1,0,1,3,-1]
  normalPerVertex TRUE
  normal DEF NORM_860 Normal { vector [
  0.70710678 0 -0.70710678,0.70710678 0 -0.70710678,
  0.70710678 0 -0.70710678,0.70710678 0 -0.70710678] }
}
}
DEF SHAPE_861 Shape {
 appearance USE APP_2
 geometry DEF FACE_861 IndexedFaceSet {
  coord DEF COORD_861 Coordinate { point [
  3.9527559 -33.062992 0.56299213,3.9527559 -33.062992 0.43700787,
  3.8897638 -33.125984 0.37401575,3.8897638 -33.125984 0.62598425] }
 coordIndex [
  0,2,1,-1,0,3,2,-1]
  normalPerVertex TRUE
  normal DEF NORM_861 Normal { vector [
  0.70710678 -0.70710678 0,0.70710678 -0.70710678 0,
  0.70710678 -0.70710678 0,0.70710678 -0.70710678 0] }
}
}
DEF SHAPE_862 Shape {
 appearance USE APP_2
 geometry DEF FACE_862 IndexedFaceSet {
  coord DEF COORD_862 Coordinate { point [
  3.8897638 -30.874016 0.62598425,3.9527559 -30.937008 0.56299213,
  3.8897638 -31.125984 0.62598425,3.9527559 -31.062992 0.56299213] }
 coordIndex [
  3,1,0,-1,3,0,2,-1]
  normalPerVertex TRUE
  normal DEF NORM_862 Normal { vector [
  0.70710678 0 0.70710678,0.70710678 0 0.70710678,
  0.70710678 0 0.70710678,0.70710678 0 0.70710678] }
}
}
DEF SHAPE_863 Shape {
 appearance USE APP_2
 geometry DEF FACE_863 IndexedFaceSet {
  coord DEF COORD_863 Coordinate { point [
  3.9527559 -30.937008 0.56299213,3.9527559 -30.937008 0.43700787,
  3.8897638 -30.874016 0.37401575,3.8897638 -30.874016 0.62598425] }
 coordIndex [
  0,1,2,-1,0,2,3,-1]
  normalPerVertex TRUE
  normal DEF NORM_863 Normal { vector [
  0.70710678 0.70710678 0,0.70710678 0.70710678 0,
  0.70710678 0.70710678 0,0.70710678 0.70710678 0] }
}
}
DEF SHAPE_864 Shape {
 appearance USE APP_2
 geometry DEF FACE_864 IndexedFaceSet {
  coord DEF COORD_864 Coordinate { point [
  3.9527559 -30.937008 0.43700787,3.9527559 -31.062992 0.43700787,
  3.8897638 -31.125984 0.37401575,3.8897638 -30.874016 0.37401575] }
 coordIndex [
  3,1,2,-1,0,1,3,-1]
  normalPerVertex TRUE
  normal DEF NORM_864 Normal { vector [
  0.70710678 0 -0.70710678,0.70710678 0 -0.70710678,
  0.70710678 0 -0.70710678,0.70710678 0 -0.70710678] }
}
}
DEF SHAPE_865 Shape {
 appearance USE APP_2
 geometry DEF FACE_865 IndexedFaceSet {
  coord DEF COORD_865 Coordinate { point [
  3.9527559 -31.062992 0.56299213,3.9527559 -31.062992 0.43700787,
  3.8897638 -31.125984 0.37401575,3.8897638 -31.125984 0.62598425] }
 coordIndex [
  0,2,1,-1,0,3,2,-1]
  normalPerVertex TRUE
  normal DEF NORM_865 Normal { vector [
  0.70710678 -0.70710678 0,0.70710678 -0.70710678 0,
  0.70710678 -0.70710678 0,0.70710678 -0.70710678 0] }
}
}
DEF SHAPE_866 Shape {
 appearance USE APP_2
 geometry DEF FACE_866 IndexedFaceSet {
  coord DEF COORD_866 Coordinate { point [
  3.9527559 -31.937008 0.56299213,3.9527559 -31.937008 0.43700787,
  3.8897638 -31.874016 0.37401575,3.8897638 -31.874016 0.62598425] }
 coordIndex [
  0,1,2,-1,0,2,3,-1]
  normalPerVertex TRUE
  normal DEF NORM_866 Normal { vector [
  0.70710678 0.70710678 0,0.70710678 0.70710678 0,
  0.70710678 0.70710678 0,0.70710678 0.70710678 0] }
}
}
DEF SHAPE_867 Shape {
 appearance USE APP_2
 geometry DEF FACE_867 IndexedFaceSet {
  coord DEF COORD_867 Coordinate { point [
  3.9527559 -31.937008 0.43700787,3.9527559 -32.062992 0.43700787,
  3.8897638 -32.125984 0.37401575,3.8897638 -31.874016 0.37401575] }
 coordIndex [
  3,1,2,-1,0,1,3,-1]
  normalPerVertex TRUE
  normal DEF NORM_867 Normal { vector [
  0.70710678 0 -0.70710678,0.70710678 0 -0.70710678,
  0.70710678 0 -0.70710678,0.70710678 0 -0.70710678] }
}
}
DEF SHAPE_868 Shape {
 appearance USE APP_2
 geometry DEF FACE_868 IndexedFaceSet {
  coord DEF COORD_868 Coordinate { point [
  3.9527559 -32.062992 0.56299213,3.9527559 -32.062992 0.43700787,
  3.8897638 -32.125984 0.37401575,3.8897638 -32.125984 0.62598425] }
 coordIndex [
  0,2,1,-1,0,3,2,-1]
  normalPerVertex TRUE
  normal DEF NORM_868 Normal { vector [
  0.70710678 -0.70710678 0,0.70710678 -0.70710678 0,
  0.70710678 -0.70710678 0,0.70710678 -0.70710678 0] }
}
}
DEF SHAPE_869 Shape {
 appearance USE APP_2
 geometry DEF FACE_869 IndexedFaceSet {
  coord DEF COORD_869 Coordinate { point [
  3.8897638 -31.874016 0.62598425,3.9527559 -31.937008 0.56299213,
  3.8897638 -32.125984 0.62598425,3.9527559 -32.062992 0.56299213] }
 coordIndex [
  2,1,0,-1,3,1,2,-1]
  normalPerVertex TRUE
  normal DEF NORM_869 Normal { vector [
  0.70710678 0 0.70710678,0.70710678 0 0.70710678,
  0.70710678 0 0.70710678,0.70710678 0 0.70710678] }
}
}
DEF SHAPE_870 Shape {
 appearance USE APP_2
 geometry DEF FACE_870 IndexedFaceSet {
  coord DEF COORD_870 Coordinate { point [
  3.9527559 -1.9370079 0.43700787,3.9527559 -2.0629921 0.43700787,
  3.8897638 -2.1259843 0.37401575,3.8897638 -1.8740157 0.37401575] }
 coordIndex [
  0,1,2,-1,0,2,3,-1]
  normalPerVertex TRUE
  normal DEF NORM_870 Normal { vector [
  0.70710678 0 -0.70710678,0.70710678 0 -0.70710678,
  0.70710678 0 -0.70710678,0.70710678 0 -0.70710678] }
}
}
DEF SHAPE_871 Shape {
 appearance USE APP_2
 geometry DEF FACE_871 IndexedFaceSet {
  coord DEF COORD_871 Coordinate { point [
  3.9527559 -2.0629921 0.56299213,3.9527559 -2.0629921 0.43700787,
  3.8897638 -2.1259843 0.37401575,3.8897638 -2.1259843 0.62598425] }
 coordIndex [
  0,2,1,-1,0,3,2,-1]
  normalPerVertex TRUE
  normal DEF NORM_871 Normal { vector [
  0.70710678 -0.70710678 0,0.70710678 -0.70710678 0,
  0.70710678 -0.70710678 0,0.70710678 -0.70710678 0] }
}
}
DEF SHAPE_872 Shape {
 appearance USE APP_2
 geometry DEF FACE_872 IndexedFaceSet {
  coord DEF COORD_872 Coordinate { point [
  3.8897638 -1.8740157 0.62598425,3.9527559 -1.9370079 0.56299213,
  3.8897638 -2.1259843 0.62598425,3.9527559 -2.0629921 0.56299213] }
 coordIndex [
  3,1,0,-1,3,0,2,-1]
  normalPerVertex TRUE
  normal DEF NORM_872 Normal { vector [
  0.70710678 0 0.70710678,0.70710678 0 0.70710678,
  0.70710678 0 0.70710678,0.70710678 0 0.70710678] }
}
}
DEF SHAPE_873 Shape {
 appearance USE APP_2
 geometry DEF FACE_873 IndexedFaceSet {
  coord DEF COORD_873 Coordinate { point [
  3.9527559 -1.9370079 0.56299213,3.9527559 -1.9370079 0.43700787,
  3.8897638 -1.8740157 0.37401575,3.8897638 -1.8740157 0.62598425] }
 coordIndex [
  3,1,2,-1,0,1,3,-1]
  normalPerVertex TRUE
  normal DEF NORM_873 Normal { vector [
  0.70710678 0.70710678 0,0.70710678 0.70710678 0,
  0.70710678 0.70710678 0,0.70710678 0.70710678 0] }
}
}
DEF SHAPE_874 Shape {
 appearance USE APP_2
 geometry DEF FACE_874 IndexedFaceSet {
  coord DEF COORD_874 Coordinate { point [
  3.8897638 -2.8740157 0.62598425,3.9527559 -2.9370079 0.56299213,
  3.8897638 -3.1259843 0.62598425,3.9527559 -3.0629921 0.56299213] }
 coordIndex [
  3,1,0,-1,3,0,2,-1]
  normalPerVertex TRUE
  normal DEF NORM_874 Normal { vector [
  0.70710678 0 0.70710678,0.70710678 0 0.70710678,
  0.70710678 0 0.70710678,0.70710678 0 0.70710678] }
}
}
DEF SHAPE_875 Shape {
 appearance USE APP_2
 geometry DEF FACE_875 IndexedFaceSet {
  coord DEF COORD_875 Coordinate { point [
  3.9527559 -2.9370079 0.56299213,3.9527559 -2.9370079 0.43700787,
  3.8897638 -2.8740157 0.37401575,3.8897638 -2.8740157 0.62598425] }
 coordIndex [
  3,1,2,-1,0,1,3,-1]
  normalPerVertex TRUE
  normal DEF NORM_875 Normal { vector [
  0.70710678 0.70710678 0,0.70710678 0.70710678 0,
  0.70710678 0.70710678 0,0.70710678 0.70710678 0] }
}
}
DEF SHAPE_876 Shape {
 appearance USE APP_2
 geometry DEF FACE_876 IndexedFaceSet {
  coord DEF COORD_876 Coordinate { point [
  3.9527559 -2.9370079 0.43700787,3.9527559 -3.0629921 0.43700787,
  3.8897638 -3.1259843 0.37401575,3.8897638 -2.8740157 0.37401575] }
 coordIndex [
  0,1,2,-1,0,2,3,-1]
  normalPerVertex TRUE
  normal DEF NORM_876 Normal { vector [
  0.70710678 0 -0.70710678,0.70710678 0 -0.70710678,
  0.70710678 0 -0.70710678,0.70710678 0 -0.70710678] }
}
}
DEF SHAPE_877 Shape {
 appearance USE APP_2
 geometry DEF FACE_877 IndexedFaceSet {
  coord DEF COORD_877 Coordinate { point [
  3.9527559 -3.0629921 0.56299213,3.9527559 -3.0629921 0.43700787,
  3.8897638 -3.1259843 0.37401575,3.8897638 -3.1259843 0.62598425] }
 coordIndex [
  0,2,1,-1,0,3,2,-1]
  normalPerVertex TRUE
  normal DEF NORM_877 Normal { vector [
  0.70710678 -0.70710678 0,0.70710678 -0.70710678 0,
  0.70710678 -0.70710678 0,0.70710678 -0.70710678 0] }
}
}
DEF SHAPE_878 Shape {
 appearance USE APP_2
 geometry DEF FACE_878 IndexedFaceSet {
  coord DEF COORD_878 Coordinate { point [
  3.9527559 -3.9370079 0.43700787,3.9527559 -4.0629921 0.43700787,
  3.8897638 -4.1259843 0.37401575,3.8897638 -3.8740157 0.37401575] }
 coordIndex [
  3,1,2,-1,0,1,3,-1]
  normalPerVertex TRUE
  normal DEF NORM_878 Normal { vector [
  0.70710678 0 -0.70710678,0.70710678 0 -0.70710678,
  0.70710678 0 -0.70710678,0.70710678 0 -0.70710678] }
}
}
DEF SHAPE_879 Shape {
 appearance USE APP_2
 geometry DEF FACE_879 IndexedFaceSet {
  coord DEF COORD_879 Coordinate { point [
  3.9527559 -4.0629921 0.56299213,3.9527559 -4.0629921 0.43700787,
  3.8897638 -4.1259843 0.37401575,3.8897638 -4.1259843 0.62598425] }
 coordIndex [
  0,2,1,-1,0,3,2,-1]
  normalPerVertex TRUE
  normal DEF NORM_879 Normal { vector [
  0.70710678 -0.70710678 0,0.70710678 -0.70710678 0,
  0.70710678 -0.70710678 0,0.70710678 -0.70710678 0] }
}
}
DEF SHAPE_880 Shape {
 appearance USE APP_2
 geometry DEF FACE_880 IndexedFaceSet {
  coord DEF COORD_880 Coordinate { point [
  3.8897638 -3.8740157 0.62598425,3.9527559 -3.9370079 0.56299213,
  3.8897638 -4.1259843 0.62598425,3.9527559 -4.0629921 0.56299213] }
 coordIndex [
  3,1,0,-1,3,0,2,-1]
  normalPerVertex TRUE
  normal DEF NORM_880 Normal { vector [
  0.70710678 0 0.70710678,0.70710678 0 0.70710678,
  0.70710678 0 0.70710678,0.70710678 0 0.70710678] }
}
}
DEF SHAPE_881 Shape {
 appearance USE APP_2
 geometry DEF FACE_881 IndexedFaceSet {
  coord DEF COORD_881 Coordinate { point [
  3.9527559 -3.9370079 0.56299213,3.9527559 -3.9370079 0.43700787,
  3.8897638 -3.8740157 0.37401575,3.8897638 -3.8740157 0.62598425] }
 coordIndex [
  3,1,2,-1,0,1,3,-1]
  normalPerVertex TRUE
  normal DEF NORM_881 Normal { vector [
  0.70710678 0.70710678 0,0.70710678 0.70710678 0,
  0.70710678 0.70710678 0,0.70710678 0.70710678 0] }
}
}
DEF SHAPE_882 Shape {
 appearance USE APP_2
 geometry DEF FACE_882 IndexedFaceSet {
  coord DEF COORD_882 Coordinate { point [
  3.9527559 -0.93700787 0.56299213,3.9527559 -0.93700787 0.43700787,
  3.8897638 -0.87401575 0.37401575,3.8897638 -0.87401575 0.62598425] }
 coordIndex [
  3,1,2,-1,0,1,3,-1]
  normalPerVertex TRUE
  normal DEF NORM_882 Normal { vector [
  0.70710678 0.70710678 0,0.70710678 0.70710678 0,
  0.70710678 0.70710678 0,0.70710678 0.70710678 0] }
}
}
DEF SHAPE_883 Shape {
 appearance USE APP_2
 geometry DEF FACE_883 IndexedFaceSet {
  coord DEF COORD_883 Coordinate { point [
  3.9527559 -0.93700787 0.43700787,3.9527559 -1.0629921 0.43700787,
  3.8897638 -1.1259843 0.37401575,3.8897638 -0.87401575 0.37401575] }
 coordIndex [
  0,1,2,-1,0,2,3,-1]
  normalPerVertex TRUE
  normal DEF NORM_883 Normal { vector [
  0.70710678 0 -0.70710678,0.70710678 0 -0.70710678,
  0.70710678 0 -0.70710678,0.70710678 0 -0.70710678] }
}
}
DEF SHAPE_884 Shape {
 appearance USE APP_2
 geometry DEF FACE_884 IndexedFaceSet {
  coord DEF COORD_884 Coordinate { point [
  3.9527559 -1.0629921 0.56299213,3.9527559 -1.0629921 0.43700787,
  3.8897638 -1.1259843 0.37401575,3.8897638 -1.1259843 0.62598425] }
 coordIndex [
  0,2,1,-1,0,3,2,-1]
  normalPerVertex TRUE
  normal DEF NORM_884 Normal { vector [
  0.70710678 -0.70710678 0,0.70710678 -0.70710678 0,
  0.70710678 -0.70710678 0,0.70710678 -0.70710678 0] }
}
}
DEF SHAPE_885 Shape {
 appearance USE APP_2
 geometry DEF FACE_885 IndexedFaceSet {
  coord DEF COORD_885 Coordinate { point [
  3.8897638 -0.87401575 0.62598425,3.9527559 -0.93700787 0.56299213,
  3.8897638 -1.1259843 0.62598425,3.9527559 -1.0629921 0.56299213] }
 coordIndex [
  3,1,0,-1,3,0,2,-1]
  normalPerVertex TRUE
  normal DEF NORM_885 Normal { vector [
  0.70710678 0 0.70710678,0.70710678 0 0.70710678,
  0.70710678 0 0.70710678,0.70710678 0 0.70710678] }
}
}
DEF SHAPE_886 Shape {
 appearance USE APP_2
 geometry DEF FACE_886 IndexedFaceSet {
  coord DEF COORD_886 Coordinate { point [
  3.8897638 -36.874016 0.62598425,3.9527559 -36.937008 0.56299213,
  3.8897638 -37.125984 0.62598425,3.9527559 -37.062992 0.56299213] }
 coordIndex [
  3,1,0,-1,3,0,2,-1]
  normalPerVertex TRUE
  normal DEF NORM_886 Normal { vector [
  0.70710678 0 0.70710678,0.70710678 0 0.70710678,
  0.70710678 0 0.70710678,0.70710678 0 0.70710678] }
}
}
DEF SHAPE_887 Shape {
 appearance USE APP_2
 geometry DEF FACE_887 IndexedFaceSet {
  coord DEF COORD_887 Coordinate { point [
  3.9527559 -36.937008 0.56299213,3.9527559 -36.937008 0.43700787,
  3.8897638 -36.874016 0.37401575,3.8897638 -36.874016 0.62598425] }
 coordIndex [
  0,1,2,-1,0,2,3,-1]
  normalPerVertex TRUE
  normal DEF NORM_887 Normal { vector [
  0.70710678 0.70710678 0,0.70710678 0.70710678 0,
  0.70710678 0.70710678 0,0.70710678 0.70710678 0] }
}
}
DEF SHAPE_888 Shape {
 appearance USE APP_2
 geometry DEF FACE_888 IndexedFaceSet {
  coord DEF COORD_888 Coordinate { point [
  3.9527559 -36.937008 0.43700787,3.9527559 -37.062992 0.43700787,
  3.8897638 -37.125984 0.37401575,3.8897638 -36.874016 0.37401575] }
 coordIndex [
  3,1,2,-1,0,1,3,-1]
  normalPerVertex TRUE
  normal DEF NORM_888 Normal { vector [
  0.70710678 0 -0.70710678,0.70710678 0 -0.70710678,
  0.70710678 0 -0.70710678,0.70710678 0 -0.70710678] }
}
}
DEF SHAPE_889 Shape {
 appearance USE APP_2
 geometry DEF FACE_889 IndexedFaceSet {
  coord DEF COORD_889 Coordinate { point [
  3.9527559 -37.062992 0.56299213,3.9527559 -37.062992 0.43700787,
  3.8897638 -37.125984 0.37401575,3.8897638 -37.125984 0.62598425] }
 coordIndex [
  0,2,1,-1,0,3,2,-1]
  normalPerVertex TRUE
  normal DEF NORM_889 Normal { vector [
  0.70710678 -0.70710678 0,0.70710678 -0.70710678 0,
  0.70710678 -0.70710678 0,0.70710678 -0.70710678 0] }
}
}
DEF SHAPE_890 Shape {
 appearance USE APP_2
 geometry DEF FACE_890 IndexedFaceSet {
  coord DEF COORD_890 Coordinate { point [
  3.8897638 -35.874016 0.62598425,3.9527559 -35.937008 0.56299213,
  3.8897638 -36.125984 0.62598425,3.9527559 -36.062992 0.56299213] }
 coordIndex [
  3,1,0,-1,3,0,2,-1]
  normalPerVertex TRUE
  normal DEF NORM_890 Normal { vector [
  0.70710678 0 0.70710678,0.70710678 0 0.70710678,
  0.70710678 0 0.70710678,0.70710678 0 0.70710678] }
}
}
DEF SHAPE_891 Shape {
 appearance USE APP_2
 geometry DEF FACE_891 IndexedFaceSet {
  coord DEF COORD_891 Coordinate { point [
  3.9527559 -35.937008 0.56299213,3.9527559 -35.937008 0.43700787,
  3.8897638 -35.874016 0.37401575,3.8897638 -35.874016 0.62598425] }
 coordIndex [
  0,1,2,-1,0,2,3,-1]
  normalPerVertex TRUE
  normal DEF NORM_891 Normal { vector [
  0.70710678 0.70710678 0,0.70710678 0.70710678 0,
  0.70710678 0.70710678 0,0.70710678 0.70710678 0] }
}
}
DEF SHAPE_892 Shape {
 appearance USE APP_2
 geometry DEF FACE_892 IndexedFaceSet {
  coord DEF COORD_892 Coordinate { point [
  3.9527559 -35.937008 0.43700787,3.9527559 -36.062992 0.43700787,
  3.8897638 -36.125984 0.37401575,3.8897638 -35.874016 0.37401575] }
 coordIndex [
  3,1,2,-1,0,1,3,-1]
  normalPerVertex TRUE
  normal DEF NORM_892 Normal { vector [
  0.70710678 0 -0.70710678,0.70710678 0 -0.70710678,
  0.70710678 0 -0.70710678,0.70710678 0 -0.70710678] }
}
}
DEF SHAPE_893 Shape {
 appearance USE APP_2
 geometry DEF FACE_893 IndexedFaceSet {
  coord DEF COORD_893 Coordinate { point [
  3.9527559 -36.062992 0.56299213,3.9527559 -36.062992 0.43700787,
  3.8897638 -36.125984 0.37401575,3.8897638 -36.125984 0.62598425] }
 coordIndex [
  0,2,1,-1,0,3,2,-1]
  normalPerVertex TRUE
  normal DEF NORM_893 Normal { vector [
  0.70710678 -0.70710678 0,0.70710678 -0.70710678 0,
  0.70710678 -0.70710678 0,0.70710678 -0.70710678 0] }
}
}
DEF SHAPE_894 Shape {
 appearance USE APP_2
 geometry DEF FACE_894 IndexedFaceSet {
  coord DEF COORD_894 Coordinate { point [
  3.9527559 -37.937008 0.43700787,3.9527559 -38.062992 0.43700787,
  3.8897638 -38.125984 0.37401575,3.8897638 -37.874016 0.37401575] }
 coordIndex [
  3,1,2,-1,0,1,3,-1]
  normalPerVertex TRUE
  normal DEF NORM_894 Normal { vector [
  0.70710678 0 -0.70710678,0.70710678 0 -0.70710678,
  0.70710678 0 -0.70710678,0.70710678 0 -0.70710678] }
}
}
DEF SHAPE_895 Shape {
 appearance USE APP_2
 geometry DEF FACE_895 IndexedFaceSet {
  coord DEF COORD_895 Coordinate { point [
  3.9527559 -38.062992 0.56299213,3.9527559 -38.062992 0.43700787,
  3.8897638 -38.125984 0.37401575,3.8897638 -38.125984 0.62598425] }
 coordIndex [
  0,2,1,-1,0,3,2,-1]
  normalPerVertex TRUE
  normal DEF NORM_895 Normal { vector [
  0.70710678 -0.70710678 0,0.70710678 -0.70710678 0,
  0.70710678 -0.70710678 0,0.70710678 -0.70710678 0] }
}
}
DEF SHAPE_896 Shape {
 appearance USE APP_2
 geometry DEF FACE_896 IndexedFaceSet {
  coord DEF COORD_896 Coordinate { point [
  3.8897638 -37.874016 0.62598425,3.9527559 -37.937008 0.56299213,
  3.8897638 -38.125984 0.62598425,3.9527559 -38.062992 0.56299213] }
 coordIndex [
  3,1,0,-1,3,0,2,-1]
  normalPerVertex TRUE
  normal DEF NORM_896 Normal { vector [
  0.70710678 0 0.70710678,0.70710678 0 0.70710678,
  0.70710678 0 0.70710678,0.70710678 0 0.70710678] }
}
}
DEF SHAPE_897 Shape {
 appearance USE APP_2
 geometry DEF FACE_897 IndexedFaceSet {
  coord DEF COORD_897 Coordinate { point [
  3.9527559 -37.937008 0.56299213,3.9527559 -37.937008 0.43700787,
  3.8897638 -37.874016 0.37401575,3.8897638 -37.874016 0.62598425] }
 coordIndex [
  0,1,2,-1,0,2,3,-1]
  normalPerVertex TRUE
  normal DEF NORM_897 Normal { vector [
  0.70710678 0.70710678 0,0.70710678 0.70710678 0,
  0.70710678 0.70710678 0,0.70710678 0.70710678 0] }
}
}
DEF SHAPE_898 Shape {
 appearance USE APP_2
 geometry DEF FACE_898 IndexedFaceSet {
  coord DEF COORD_898 Coordinate { point [
  3.9527559 0.062992126 0.56299213,3.9527559 0.062992126 0.43700787,
  3.8897638 0.12598425 0.37401575,3.8897638 0.12598425 0.62598425] }
 coordIndex [
  3,1,2,-1,0,1,3,-1]
  normalPerVertex TRUE
  normal DEF NORM_898 Normal { vector [
  0.70710678 0.70710678 0,0.70710678 0.70710678 0,
  0.70710678 0.70710678 0,0.70710678 0.70710678 0] }
}
}
DEF SHAPE_899 Shape {
 appearance USE APP_2
 geometry DEF FACE_899 IndexedFaceSet {
  coord DEF COORD_899 Coordinate { point [
  3.9527559 0.062992126 0.43700787,3.9527559 -0.062992126 0.43700787,
  3.8897638 -0.12598425 0.37401575,3.8897638 0.12598425 0.37401575] }
 coordIndex [
  0,1,2,-1,0,2,3,-1]
  normalPerVertex TRUE
  normal DEF NORM_899 Normal { vector [
  0.70710678 0 -0.70710678,0.70710678 0 -0.70710678,
  0.70710678 0 -0.70710678,0.70710678 0 -0.70710678] }
}
}
DEF SHAPE_900 Shape {
 appearance USE APP_2
 geometry DEF FACE_900 IndexedFaceSet {
  coord DEF COORD_900 Coordinate { point [
  3.9527559 -0.062992126 0.56299213,3.9527559 -0.062992126 0.43700787,
  3.8897638 -0.12598425 0.37401575,3.8897638 -0.12598425 0.62598425] }
 coordIndex [
  3,2,1,-1,0,3,1,-1]
  normalPerVertex TRUE
  normal DEF NORM_900 Normal { vector [
  0.70710678 -0.70710678 0,0.70710678 -0.70710678 0,
  0.70710678 -0.70710678 0,0.70710678 -0.70710678 0] }
}
}
DEF SHAPE_901 Shape {
 appearance USE APP_2
 geometry DEF FACE_901 IndexedFaceSet {
  coord DEF COORD_901 Coordinate { point [
  3.8897638 0.12598425 0.62598425,3.9527559 0.062992126 0.56299213,
  3.8897638 -0.12598425 0.62598425,3.9527559 -0.062992126 0.56299213] }
 coordIndex [
  3,1,0,-1,3,0,2,-1]
  normalPerVertex TRUE
  normal DEF NORM_901 Normal { vector [
  0.70710678 0 0.70710678,0.70710678 0 0.70710678,
  0.70710678 0 0.70710678,0.70710678 0 0.70710678] }
}
}
DEF SHAPE_902 Shape {
 appearance USE APP_2
 geometry DEF FACE_902 IndexedFaceSet {
  coord DEF COORD_902 Coordinate { point [
  -0.062992126 -27.937008 -1.1811024,-0.062992126 -28.062992 -1.1811024,
  -0.12598425 -28.125984 -1.1181102,-0.12598425 -27.874016 -1.1181102] }
 coordIndex [
  3,1,2,-1,0,1,3,-1]
  normalPerVertex TRUE
  normal DEF NORM_902 Normal { vector [
  -0.70710678 0 -0.70710678,-0.70710678 0 -0.70710678,
  -0.70710678 0 -0.70710678,-0.70710678 0 -0.70710678] }
}
}
DEF SHAPE_903 Shape {
 appearance USE APP_2
 geometry DEF FACE_903 IndexedFaceSet {
  coord DEF COORD_903 Coordinate { point [
  0.12598425 -27.874016 -1.1181102,0.12598425 -28.125984 -1.1181102,
  0.062992126 -28.062992 -1.1811024,0.062992126 -27.937008 -1.1811024] }
 coordIndex [
  0,1,2,-1,0,2,3,-1]
  normalPerVertex TRUE
  normal DEF NORM_903 Normal { vector [
  0.70710678 0 -0.70710678,0.70710678 0 -0.70710678,
  0.70710678 0 -0.70710678,0.70710678 0 -0.70710678] }
}
}
DEF SHAPE_904 Shape {
 appearance USE APP_2
 geometry DEF FACE_904 IndexedFaceSet {
  coord DEF COORD_904 Coordinate { point [
  0.062992126 -27.937008 -1.1811024,0.062992126 -28.062992 -1.1811024,
  -0.062992126 -28.062992 -1.1811024,-0.062992126 -27.937008 -1.1811024] }
 coordIndex [
  3,0,1,-1,3,1,2,-1]
  normalPerVertex TRUE
  normal DEF NORM_904 Normal { vector [
  0 0 -1,0 0 -1,
  0 0 -1,0 0 -1] }
}
}
DEF SHAPE_905 Shape {
 appearance USE APP_2
 geometry DEF FACE_905 IndexedFaceSet {
  coord DEF COORD_905 Coordinate { point [
  -0.062992126 -26.937008 -1.1811024,-0.062992126 -27.062992 -1.1811024,
  -0.12598425 -27.125984 -1.1181102,-0.12598425 -26.874016 -1.1181102] }
 coordIndex [
  3,1,2,-1,0,1,3,-1]
  normalPerVertex TRUE
  normal DEF NORM_905 Normal { vector [
  -0.70710678 0 -0.70710678,-0.70710678 0 -0.70710678,
  -0.70710678 0 -0.70710678,-0.70710678 0 -0.70710678] }
}
}
DEF SHAPE_906 Shape {
 appearance USE APP_2
 geometry DEF FACE_906 IndexedFaceSet {
  coord DEF COORD_906 Coordinate { point [
  0.12598425 -26.874016 -1.1181102,0.12598425 -27.125984 -1.1181102,
  0.062992126 -27.062992 -1.1811024,0.062992126 -26.937008 -1.1811024] }
 coordIndex [
  0,1,2,-1,0,2,3,-1]
  normalPerVertex TRUE
  normal DEF NORM_906 Normal { vector [
  0.70710678 0 -0.70710678,0.70710678 0 -0.70710678,
  0.70710678 0 -0.70710678,0.70710678 0 -0.70710678] }
}
}
DEF SHAPE_907 Shape {
 appearance USE APP_2
 geometry DEF FACE_907 IndexedFaceSet {
  coord DEF COORD_907 Coordinate { point [
  0.062992126 -26.937008 -1.1811024,0.062992126 -27.062992 -1.1811024,
  -0.062992126 -27.062992 -1.1811024,-0.062992126 -26.937008 -1.1811024] }
 coordIndex [
  3,0,1,-1,3,1,2,-1]
  normalPerVertex TRUE
  normal DEF NORM_907 Normal { vector [
  0 0 -1,0 0 -1,
  0 0 -1,0 0 -1] }
}
}
DEF SHAPE_908 Shape {
 appearance USE APP_2
 geometry DEF FACE_908 IndexedFaceSet {
  coord DEF COORD_908 Coordinate { point [
  -0.062992126 -24.937008 -1.1811024,-0.062992126 -25.062992 -1.1811024,
  -0.12598425 -25.125984 -1.1181102,-0.12598425 -24.874016 -1.1181102] }
 coordIndex [
  3,1,2,-1,0,1,3,-1]
  normalPerVertex TRUE
  normal DEF NORM_908 Normal { vector [
  -0.70710678 0 -0.70710678,-0.70710678 0 -0.70710678,
  -0.70710678 0 -0.70710678,-0.70710678 0 -0.70710678] }
}
}
DEF SHAPE_909 Shape {
 appearance USE APP_2
 geometry DEF FACE_909 IndexedFaceSet {
  coord DEF COORD_909 Coordinate { point [
  0.12598425 -24.874016 -1.1181102,0.12598425 -25.125984 -1.1181102,
  0.062992126 -25.062992 -1.1811024,0.062992126 -24.937008 -1.1811024] }
 coordIndex [
  0,1,2,-1,0,2,3,-1]
  normalPerVertex TRUE
  normal DEF NORM_909 Normal { vector [
  0.70710678 0 -0.70710678,0.70710678 0 -0.70710678,
  0.70710678 0 -0.70710678,0.70710678 0 -0.70710678] }
}
}
DEF SHAPE_910 Shape {
 appearance USE APP_2
 geometry DEF FACE_910 IndexedFaceSet {
  coord DEF COORD_910 Coordinate { point [
  0.062992126 -24.937008 -1.1811024,0.062992126 -25.062992 -1.1811024,
  -0.062992126 -25.062992 -1.1811024,-0.062992126 -24.937008 -1.1811024] }
 coordIndex [
  3,0,1,-1,3,1,2,-1]
  normalPerVertex TRUE
  normal DEF NORM_910 Normal { vector [
  0 0 -1,0 0 -1,
  0 0 -1,0 0 -1] }
}
}
DEF SHAPE_911 Shape {
 appearance USE APP_2
 geometry DEF FACE_911 IndexedFaceSet {
  coord DEF COORD_911 Coordinate { point [
  -0.062992126 -25.937008 -1.1811024,-0.062992126 -26.062992 -1.1811024,
  -0.12598425 -26.125984 -1.1181102,-0.12598425 -25.874016 -1.1181102] }
 coordIndex [
  3,1,2,-1,0,1,3,-1]
  normalPerVertex TRUE
  normal DEF NORM_911 Normal { vector [
  -0.70710678 0 -0.70710678,-0.70710678 0 -0.70710678,
  -0.70710678 0 -0.70710678,-0.70710678 0 -0.70710678] }
}
}
DEF SHAPE_912 Shape {
 appearance USE APP_2
 geometry DEF FACE_912 IndexedFaceSet {
  coord DEF COORD_912 Coordinate { point [
  0.12598425 -25.874016 -1.1181102,0.12598425 -26.125984 -1.1181102,
  0.062992126 -26.062992 -1.1811024,0.062992126 -25.937008 -1.1811024] }
 coordIndex [
  0,1,2,-1,0,2,3,-1]
  normalPerVertex TRUE
  normal DEF NORM_912 Normal { vector [
  0.70710678 0 -0.70710678,0.70710678 0 -0.70710678,
  0.70710678 0 -0.70710678,0.70710678 0 -0.70710678] }
}
}
DEF SHAPE_913 Shape {
 appearance USE APP_2
 geometry DEF FACE_913 IndexedFaceSet {
  coord DEF COORD_913 Coordinate { point [
  0.062992126 -25.937008 -1.1811024,0.062992126 -26.062992 -1.1811024,
  -0.062992126 -26.062992 -1.1811024,-0.062992126 -25.937008 -1.1811024] }
 coordIndex [
  3,0,1,-1,3,1,2,-1]
  normalPerVertex TRUE
  normal DEF NORM_913 Normal { vector [
  0 0 -1,0 0 -1,
  0 0 -1,0 0 -1] }
}
}
DEF SHAPE_914 Shape {
 appearance USE APP_2
 geometry DEF FACE_914 IndexedFaceSet {
  coord DEF COORD_914 Coordinate { point [
  -0.062992126 -20.937008 -1.1811024,-0.062992126 -21.062992 -1.1811024,
  -0.12598425 -21.125984 -1.1181102,-0.12598425 -20.874016 -1.1181102] }
 coordIndex [
  3,1,2,-1,0,1,3,-1]
  normalPerVertex TRUE
  normal DEF NORM_914 Normal { vector [
  -0.70710678 0 -0.70710678,-0.70710678 0 -0.70710678,
  -0.70710678 0 -0.70710678,-0.70710678 0 -0.70710678] }
}
}
DEF SHAPE_915 Shape {
 appearance USE APP_2
 geometry DEF FACE_915 IndexedFaceSet {
  coord DEF COORD_915 Coordinate { point [
  0.12598425 -20.874016 -1.1181102,0.12598425 -21.125984 -1.1181102,
  0.062992126 -21.062992 -1.1811024,0.062992126 -20.937008 -1.1811024] }
 coordIndex [
  0,1,2,-1,0,2,3,-1]
  normalPerVertex TRUE
  normal DEF NORM_915 Normal { vector [
  0.70710678 0 -0.70710678,0.70710678 0 -0.70710678,
  0.70710678 0 -0.70710678,0.70710678 0 -0.70710678] }
}
}
DEF SHAPE_916 Shape {
 appearance USE APP_2
 geometry DEF FACE_916 IndexedFaceSet {
  coord DEF COORD_916 Coordinate { point [
  0.062992126 -20.937008 -1.1811024,0.062992126 -21.062992 -1.1811024,
  -0.062992126 -21.062992 -1.1811024,-0.062992126 -20.937008 -1.1811024] }
 coordIndex [
  3,0,1,-1,3,1,2,-1]
  normalPerVertex TRUE
  normal DEF NORM_916 Normal { vector [
  0 0 -1,0 0 -1,
  0 0 -1,0 0 -1] }
}
}
DEF SHAPE_917 Shape {
 appearance USE APP_2
 geometry DEF FACE_917 IndexedFaceSet {
  coord DEF COORD_917 Coordinate { point [
  0.12598425 -21.874016 -1.1181102,0.12598425 -22.125984 -1.1181102,
  0.062992126 -22.062992 -1.1811024,0.062992126 -21.937008 -1.1811024] }
 coordIndex [
  0,1,2,-1,0,2,3,-1]
  normalPerVertex TRUE
  normal DEF NORM_917 Normal { vector [
  0.70710678 0 -0.70710678,0.70710678 0 -0.70710678,
  0.70710678 0 -0.70710678,0.70710678 0 -0.70710678] }
}
}
DEF SHAPE_918 Shape {
 appearance USE APP_2
 geometry DEF FACE_918 IndexedFaceSet {
  coord DEF COORD_918 Coordinate { point [
  -0.062992126 -21.937008 -1.1811024,-0.062992126 -22.062992 -1.1811024,
  -0.12598425 -22.125984 -1.1181102,-0.12598425 -21.874016 -1.1181102] }
 coordIndex [
  3,1,2,-1,0,1,3,-1]
  normalPerVertex TRUE
  normal DEF NORM_918 Normal { vector [
  -0.70710678 0 -0.70710678,-0.70710678 0 -0.70710678,
  -0.70710678 0 -0.70710678,-0.70710678 0 -0.70710678] }
}
}
DEF SHAPE_919 Shape {
 appearance USE APP_2
 geometry DEF FACE_919 IndexedFaceSet {
  coord DEF COORD_919 Coordinate { point [
  0.062992126 -21.937008 -1.1811024,0.062992126 -22.062992 -1.1811024,
  -0.062992126 -22.062992 -1.1811024,-0.062992126 -21.937008 -1.1811024] }
 coordIndex [
  3,0,1,-1,3,1,2,-1]
  normalPerVertex TRUE
  normal DEF NORM_919 Normal { vector [
  0 0 -1,0 0 -1,
  0 0 -1,0 0 -1] }
}
}
DEF SHAPE_920 Shape {
 appearance USE APP_2
 geometry DEF FACE_920 IndexedFaceSet {
  coord DEF COORD_920 Coordinate { point [
  -0.062992126 -22.937008 -1.1811024,-0.062992126 -23.062992 -1.1811024,
  -0.12598425 -23.125984 -1.1181102,-0.12598425 -22.874016 -1.1181102] }
 coordIndex [
  3,1,2,-1,0,1,3,-1]
  normalPerVertex TRUE
  normal DEF NORM_920 Normal { vector [
  -0.70710678 0 -0.70710678,-0.70710678 0 -0.70710678,
  -0.70710678 0 -0.70710678,-0.70710678 0 -0.70710678] }
}
}
DEF SHAPE_921 Shape {
 appearance USE APP_2
 geometry DEF FACE_921 IndexedFaceSet {
  coord DEF COORD_921 Coordinate { point [
  0.12598425 -22.874016 -1.1181102,0.12598425 -23.125984 -1.1181102,
  0.062992126 -23.062992 -1.1811024,0.062992126 -22.937008 -1.1811024] }
 coordIndex [
  0,1,2,-1,0,2,3,-1]
  normalPerVertex TRUE
  normal DEF NORM_921 Normal { vector [
  0.70710678 0 -0.70710678,0.70710678 0 -0.70710678,
  0.70710678 0 -0.70710678,0.70710678 0 -0.70710678] }
}
}
DEF SHAPE_922 Shape {
 appearance USE APP_2
 geometry DEF FACE_922 IndexedFaceSet {
  coord DEF COORD_922 Coordinate { point [
  0.062992126 -22.937008 -1.1811024,0.062992126 -23.062992 -1.1811024,
  -0.062992126 -23.062992 -1.1811024,-0.062992126 -22.937008 -1.1811024] }
 coordIndex [
  3,0,1,-1,3,1,2,-1]
  normalPerVertex TRUE
  normal DEF NORM_922 Normal { vector [
  0 0 -1,0 0 -1,
  0 0 -1,0 0 -1] }
}
}
DEF SHAPE_923 Shape {
 appearance USE APP_2
 geometry DEF FACE_923 IndexedFaceSet {
  coord DEF COORD_923 Coordinate { point [
  -0.062992126 -23.937008 -1.1811024,-0.062992126 -24.062992 -1.1811024,
  -0.12598425 -24.125984 -1.1181102,-0.12598425 -23.874016 -1.1181102] }
 coordIndex [
  3,1,2,-1,0,1,3,-1]
  normalPerVertex TRUE
  normal DEF NORM_923 Normal { vector [
  -0.70710678 0 -0.70710678,-0.70710678 0 -0.70710678,
  -0.70710678 0 -0.70710678,-0.70710678 0 -0.70710678] }
}
}
DEF SHAPE_924 Shape {
 appearance USE APP_2
 geometry DEF FACE_924 IndexedFaceSet {
  coord DEF COORD_924 Coordinate { point [
  0.12598425 -23.874016 -1.1181102,0.12598425 -24.125984 -1.1181102,
  0.062992126 -24.062992 -1.1811024,0.062992126 -23.937008 -1.1811024] }
 coordIndex [
  0,1,2,-1,0,2,3,-1]
  normalPerVertex TRUE
  normal DEF NORM_924 Normal { vector [
  0.70710678 0 -0.70710678,0.70710678 0 -0.70710678,
  0.70710678 0 -0.70710678,0.70710678 0 -0.70710678] }
}
}
DEF SHAPE_925 Shape {
 appearance USE APP_2
 geometry DEF FACE_925 IndexedFaceSet {
  coord DEF COORD_925 Coordinate { point [
  0.062992126 -23.937008 -1.1811024,0.062992126 -24.062992 -1.1811024,
  -0.062992126 -24.062992 -1.1811024,-0.062992126 -23.937008 -1.1811024] }
 coordIndex [
  3,0,1,-1,3,1,2,-1]
  normalPerVertex TRUE
  normal DEF NORM_925 Normal { vector [
  0 0 -1,0 0 -1,
  0 0 -1,0 0 -1] }
}
}
DEF SHAPE_926 Shape {
 appearance USE APP_2
 geometry DEF FACE_926 IndexedFaceSet {
  coord DEF COORD_926 Coordinate { point [
  0.12598425 -19.874016 -1.1181102,0.12598425 -20.125984 -1.1181102,
  0.062992126 -20.062992 -1.1811024,0.062992126 -19.937008 -1.1811024] }
 coordIndex [
  0,1,2,-1,0,2,3,-1]
  normalPerVertex TRUE
  normal DEF NORM_926 Normal { vector [
  0.70710678 0 -0.70710678,0.70710678 0 -0.70710678,
  0.70710678 0 -0.70710678,0.70710678 0 -0.70710678] }
}
}
DEF SHAPE_927 Shape {
 appearance USE APP_2
 geometry DEF FACE_927 IndexedFaceSet {
  coord DEF COORD_927 Coordinate { point [
  -0.062992126 -19.937008 -1.1811024,-0.062992126 -20.062992 -1.1811024,
  -0.12598425 -20.125984 -1.1181102,-0.12598425 -19.874016 -1.1181102] }
 coordIndex [
  3,1,2,-1,0,1,3,-1]
  normalPerVertex TRUE
  normal DEF NORM_927 Normal { vector [
  -0.70710678 0 -0.70710678,-0.70710678 0 -0.70710678,
  -0.70710678 0 -0.70710678,-0.70710678 0 -0.70710678] }
}
}
DEF SHAPE_928 Shape {
 appearance USE APP_2
 geometry DEF FACE_928 IndexedFaceSet {
  coord DEF COORD_928 Coordinate { point [
  0.062992126 -19.937008 -1.1811024,0.062992126 -20.062992 -1.1811024,
  -0.062992126 -20.062992 -1.1811024,-0.062992126 -19.937008 -1.1811024] }
 coordIndex [
  3,0,1,-1,3,1,2,-1]
  normalPerVertex TRUE
  normal DEF NORM_928 Normal { vector [
  0 0 -1,0 0 -1,
  0 0 -1,0 0 -1] }
}
}
DEF SHAPE_929 Shape {
 appearance USE APP_2
 geometry DEF FACE_929 IndexedFaceSet {
  coord DEF COORD_929 Coordinate { point [
  0.12598425 -10.874016 -1.1181102,0.12598425 -11.125984 -1.1181102,
  0.062992126 -11.062992 -1.1811024,0.062992126 -10.937008 -1.1811024] }
 coordIndex [
  0,1,2,-1,0,2,3,-1]
  normalPerVertex TRUE
  normal DEF NORM_929 Normal { vector [
  0.70710678 0 -0.70710678,0.70710678 0 -0.70710678,
  0.70710678 0 -0.70710678,0.70710678 0 -0.70710678] }
}
}
DEF SHAPE_930 Shape {
 appearance USE APP_2
 geometry DEF FACE_930 IndexedFaceSet {
  coord DEF COORD_930 Coordinate { point [
  -0.062992126 -10.937008 -1.1811024,-0.062992126 -11.062992 -1.1811024,
  -0.12598425 -11.125984 -1.1181102,-0.12598425 -10.874016 -1.1181102] }
 coordIndex [
  3,1,2,-1,0,1,3,-1]
  normalPerVertex TRUE
  normal DEF NORM_930 Normal { vector [
  -0.70710678 0 -0.70710678,-0.70710678 0 -0.70710678,
  -0.70710678 0 -0.70710678,-0.70710678 0 -0.70710678] }
}
}
DEF SHAPE_931 Shape {
 appearance USE APP_2
 geometry DEF FACE_931 IndexedFaceSet {
  coord DEF COORD_931 Coordinate { point [
  0.062992126 -10.937008 -1.1811024,0.062992126 -11.062992 -1.1811024,
  -0.062992126 -11.062992 -1.1811024,-0.062992126 -10.937008 -1.1811024] }
 coordIndex [
  3,0,1,-1,3,1,2,-1]
  normalPerVertex TRUE
  normal DEF NORM_931 Normal { vector [
  0 0 -1,0 0 -1,
  0 0 -1,0 0 -1] }
}
}
DEF SHAPE_932 Shape {
 appearance USE APP_2
 geometry DEF FACE_932 IndexedFaceSet {
  coord DEF COORD_932 Coordinate { point [
  -0.062992126 -11.937008 -1.1811024,-0.062992126 -12.062992 -1.1811024,
  -0.12598425 -12.125984 -1.1181102,-0.12598425 -11.874016 -1.1181102] }
 coordIndex [
  3,1,2,-1,0,1,3,-1]
  normalPerVertex TRUE
  normal DEF NORM_932 Normal { vector [
  -0.70710678 0 -0.70710678,-0.70710678 0 -0.70710678,
  -0.70710678 0 -0.70710678,-0.70710678 0 -0.70710678] }
}
}
DEF SHAPE_933 Shape {
 appearance USE APP_2
 geometry DEF FACE_933 IndexedFaceSet {
  coord DEF COORD_933 Coordinate { point [
  0.12598425 -11.874016 -1.1181102,0.12598425 -12.125984 -1.1181102,
  0.062992126 -12.062992 -1.1811024,0.062992126 -11.937008 -1.1811024] }
 coordIndex [
  0,1,2,-1,0,2,3,-1]
  normalPerVertex TRUE
  normal DEF NORM_933 Normal { vector [
  0.70710678 0 -0.70710678,0.70710678 0 -0.70710678,
  0.70710678 0 -0.70710678,0.70710678 0 -0.70710678] }
}
}
DEF SHAPE_934 Shape {
 appearance USE APP_2
 geometry DEF FACE_934 IndexedFaceSet {
  coord DEF COORD_934 Coordinate { point [
  0.062992126 -11.937008 -1.1811024,0.062992126 -12.062992 -1.1811024,
  -0.062992126 -12.062992 -1.1811024,-0.062992126 -11.937008 -1.1811024] }
 coordIndex [
  3,0,1,-1,3,1,2,-1]
  normalPerVertex TRUE
  normal DEF NORM_934 Normal { vector [
  0 0 -1,0 0 -1,
  0 0 -1,0 0 -1] }
}
}
DEF SHAPE_935 Shape {
 appearance USE APP_2
 geometry DEF FACE_935 IndexedFaceSet {
  coord DEF COORD_935 Coordinate { point [
  -0.062992126 -13.937008 -1.1811024,-0.062992126 -14.062992 -1.1811024,
  -0.12598425 -14.125984 -1.1181102,-0.12598425 -13.874016 -1.1181102] }
 coordIndex [
  3,1,2,-1,0,1,3,-1]
  normalPerVertex TRUE
  normal DEF NORM_935 Normal { vector [
  -0.70710678 0 -0.70710678,-0.70710678 0 -0.70710678,
  -0.70710678 0 -0.70710678,-0.70710678 0 -0.70710678] }
}
}
DEF SHAPE_936 Shape {
 appearance USE APP_2
 geometry DEF FACE_936 IndexedFaceSet {
  coord DEF COORD_936 Coordinate { point [
  0.12598425 -13.874016 -1.1181102,0.12598425 -14.125984 -1.1181102,
  0.062992126 -14.062992 -1.1811024,0.062992126 -13.937008 -1.1811024] }
 coordIndex [
  0,1,2,-1,0,2,3,-1]
  normalPerVertex TRUE
  normal DEF NORM_936 Normal { vector [
  0.70710678 0 -0.70710678,0.70710678 0 -0.70710678,
  0.70710678 0 -0.70710678,0.70710678 0 -0.70710678] }
}
}
DEF SHAPE_937 Shape {
 appearance USE APP_2
 geometry DEF FACE_937 IndexedFaceSet {
  coord DEF COORD_937 Coordinate { point [
  0.062992126 -13.937008 -1.1811024,0.062992126 -14.062992 -1.1811024,
  -0.062992126 -14.062992 -1.1811024,-0.062992126 -13.937008 -1.1811024] }
 coordIndex [
  3,0,1,-1,3,1,2,-1]
  normalPerVertex TRUE
  normal DEF NORM_937 Normal { vector [
  0 0 -1,0 0 -1,
  0 0 -1,0 0 -1] }
}
}
DEF SHAPE_938 Shape {
 appearance USE APP_2
 geometry DEF FACE_938 IndexedFaceSet {
  coord DEF COORD_938 Coordinate { point [
  0.12598425 -12.874016 -1.1181102,0.12598425 -13.125984 -1.1181102,
  0.062992126 -13.062992 -1.1811024,0.062992126 -12.937008 -1.1811024] }
 coordIndex [
  0,1,2,-1,0,2,3,-1]
  normalPerVertex TRUE
  normal DEF NORM_938 Normal { vector [
  0.70710678 0 -0.70710678,0.70710678 0 -0.70710678,
  0.70710678 0 -0.70710678,0.70710678 0 -0.70710678] }
}
}
DEF SHAPE_939 Shape {
 appearance USE APP_2
 geometry DEF FACE_939 IndexedFaceSet {
  coord DEF COORD_939 Coordinate { point [
  -0.062992126 -12.937008 -1.1811024,-0.062992126 -13.062992 -1.1811024,
  -0.12598425 -13.125984 -1.1181102,-0.12598425 -12.874016 -1.1181102] }
 coordIndex [
  3,1,2,-1,0,1,3,-1]
  normalPerVertex TRUE
  normal DEF NORM_939 Normal { vector [
  -0.70710678 0 -0.70710678,-0.70710678 0 -0.70710678,
  -0.70710678 0 -0.70710678,-0.70710678 0 -0.70710678] }
}
}
DEF SHAPE_940 Shape {
 appearance USE APP_2
 geometry DEF FACE_940 IndexedFaceSet {
  coord DEF COORD_940 Coordinate { point [
  0.062992126 -12.937008 -1.1811024,0.062992126 -13.062992 -1.1811024,
  -0.062992126 -13.062992 -1.1811024,-0.062992126 -12.937008 -1.1811024] }
 coordIndex [
  3,0,1,-1,3,1,2,-1]
  normalPerVertex TRUE
  normal DEF NORM_940 Normal { vector [
  0 0 -1,0 0 -1,
  0 0 -1,0 0 -1] }
}
}
DEF SHAPE_941 Shape {
 appearance USE APP_2
 geometry DEF FACE_941 IndexedFaceSet {
  coord DEF COORD_941 Coordinate { point [
  -0.062992126 -14.937008 -1.1811024,-0.062992126 -15.062992 -1.1811024,
  -0.12598425 -15.125984 -1.1181102,-0.12598425 -14.874016 -1.1181102] }
 coordIndex [
  3,1,2,-1,0,1,3,-1]
  normalPerVertex TRUE
  normal DEF NORM_941 Normal { vector [
  -0.70710678 0 -0.70710678,-0.70710678 0 -0.70710678,
  -0.70710678 0 -0.70710678,-0.70710678 0 -0.70710678] }
}
}
DEF SHAPE_942 Shape {
 appearance USE APP_2
 geometry DEF FACE_942 IndexedFaceSet {
  coord DEF COORD_942 Coordinate { point [
  0.12598425 -14.874016 -1.1181102,0.12598425 -15.125984 -1.1181102,
  0.062992126 -15.062992 -1.1811024,0.062992126 -14.937008 -1.1811024] }
 coordIndex [
  0,1,2,-1,0,2,3,-1]
  normalPerVertex TRUE
  normal DEF NORM_942 Normal { vector [
  0.70710678 0 -0.70710678,0.70710678 0 -0.70710678,
  0.70710678 0 -0.70710678,0.70710678 0 -0.70710678] }
}
}
DEF SHAPE_943 Shape {
 appearance USE APP_2
 geometry DEF FACE_943 IndexedFaceSet {
  coord DEF COORD_943 Coordinate { point [
  0.062992126 -14.937008 -1.1811024,0.062992126 -15.062992 -1.1811024,
  -0.062992126 -15.062992 -1.1811024,-0.062992126 -14.937008 -1.1811024] }
 coordIndex [
  3,0,1,-1,3,1,2,-1]
  normalPerVertex TRUE
  normal DEF NORM_943 Normal { vector [
  0 0 -1,0 0 -1,
  0 0 -1,0 0 -1] }
}
}
DEF SHAPE_944 Shape {
 appearance USE APP_2
 geometry DEF FACE_944 IndexedFaceSet {
  coord DEF COORD_944 Coordinate { point [
  -0.062992126 -15.937008 -1.1811024,-0.062992126 -16.062992 -1.1811024,
  -0.12598425 -16.125984 -1.1181102,-0.12598425 -15.874016 -1.1181102] }
 coordIndex [
  3,1,2,-1,0,1,3,-1]
  normalPerVertex TRUE
  normal DEF NORM_944 Normal { vector [
  -0.70710678 0 -0.70710678,-0.70710678 0 -0.70710678,
  -0.70710678 0 -0.70710678,-0.70710678 0 -0.70710678] }
}
}
DEF SHAPE_945 Shape {
 appearance USE APP_2
 geometry DEF FACE_945 IndexedFaceSet {
  coord DEF COORD_945 Coordinate { point [
  0.12598425 -15.874016 -1.1181102,0.12598425 -16.125984 -1.1181102,
  0.062992126 -16.062992 -1.1811024,0.062992126 -15.937008 -1.1811024] }
 coordIndex [
  0,1,2,-1,0,2,3,-1]
  normalPerVertex TRUE
  normal DEF NORM_945 Normal { vector [
  0.70710678 0 -0.70710678,0.70710678 0 -0.70710678,
  0.70710678 0 -0.70710678,0.70710678 0 -0.70710678] }
}
}
DEF SHAPE_946 Shape {
 appearance USE APP_2
 geometry DEF FACE_946 IndexedFaceSet {
  coord DEF COORD_946 Coordinate { point [
  0.062992126 -15.937008 -1.1811024,0.062992126 -16.062992 -1.1811024,
  -0.062992126 -16.062992 -1.1811024,-0.062992126 -15.937008 -1.1811024] }
 coordIndex [
  3,0,1,-1,3,1,2,-1]
  normalPerVertex TRUE
  normal DEF NORM_946 Normal { vector [
  0 0 -1,0 0 -1,
  0 0 -1,0 0 -1] }
}
}
DEF SHAPE_947 Shape {
 appearance USE APP_2
 geometry DEF FACE_947 IndexedFaceSet {
  coord DEF COORD_947 Coordinate { point [
  -0.062992126 -17.937008 -1.1811024,-0.062992126 -18.062992 -1.1811024,
  -0.12598425 -18.125984 -1.1181102,-0.12598425 -17.874016 -1.1181102] }
 coordIndex [
  3,1,2,-1,0,1,3,-1]
  normalPerVertex TRUE
  normal DEF NORM_947 Normal { vector [
  -0.70710678 0 -0.70710678,-0.70710678 0 -0.70710678,
  -0.70710678 0 -0.70710678,-0.70710678 0 -0.70710678] }
}
}
DEF SHAPE_948 Shape {
 appearance USE APP_2
 geometry DEF FACE_948 IndexedFaceSet {
  coord DEF COORD_948 Coordinate { point [
  0.12598425 -17.874016 -1.1181102,0.12598425 -18.125984 -1.1181102,
  0.062992126 -18.062992 -1.1811024,0.062992126 -17.937008 -1.1811024] }
 coordIndex [
  0,1,2,-1,0,2,3,-1]
  normalPerVertex TRUE
  normal DEF NORM_948 Normal { vector [
  0.70710678 0 -0.70710678,0.70710678 0 -0.70710678,
  0.70710678 0 -0.70710678,0.70710678 0 -0.70710678] }
}
}
DEF SHAPE_949 Shape {
 appearance USE APP_2
 geometry DEF FACE_949 IndexedFaceSet {
  coord DEF COORD_949 Coordinate { point [
  0.062992126 -17.937008 -1.1811024,0.062992126 -18.062992 -1.1811024,
  -0.062992126 -18.062992 -1.1811024,-0.062992126 -17.937008 -1.1811024] }
 coordIndex [
  3,0,1,-1,3,1,2,-1]
  normalPerVertex TRUE
  normal DEF NORM_949 Normal { vector [
  0 0 -1,0 0 -1,
  0 0 -1,0 0 -1] }
}
}
DEF SHAPE_950 Shape {
 appearance USE APP_2
 geometry DEF FACE_950 IndexedFaceSet {
  coord DEF COORD_950 Coordinate { point [
  -0.062992126 -16.937008 -1.1811024,-0.062992126 -17.062992 -1.1811024,
  -0.12598425 -17.125984 -1.1181102,-0.12598425 -16.874016 -1.1181102] }
 coordIndex [
  3,1,2,-1,0,1,3,-1]
  normalPerVertex TRUE
  normal DEF NORM_950 Normal { vector [
  -0.70710678 0 -0.70710678,-0.70710678 0 -0.70710678,
  -0.70710678 0 -0.70710678,-0.70710678 0 -0.70710678] }
}
}
DEF SHAPE_951 Shape {
 appearance USE APP_2
 geometry DEF FACE_951 IndexedFaceSet {
  coord DEF COORD_951 Coordinate { point [
  0.12598425 -16.874016 -1.1181102,0.12598425 -17.125984 -1.1181102,
  0.062992126 -17.062992 -1.1811024,0.062992126 -16.937008 -1.1811024] }
 coordIndex [
  0,1,2,-1,0,2,3,-1]
  normalPerVertex TRUE
  normal DEF NORM_951 Normal { vector [
  0.70710678 0 -0.70710678,0.70710678 0 -0.70710678,
  0.70710678 0 -0.70710678,0.70710678 0 -0.70710678] }
}
}
DEF SHAPE_952 Shape {
 appearance USE APP_2
 geometry DEF FACE_952 IndexedFaceSet {
  coord DEF COORD_952 Coordinate { point [
  0.062992126 -16.937008 -1.1811024,0.062992126 -17.062992 -1.1811024,
  -0.062992126 -17.062992 -1.1811024,-0.062992126 -16.937008 -1.1811024] }
 coordIndex [
  3,0,1,-1,3,1,2,-1]
  normalPerVertex TRUE
  normal DEF NORM_952 Normal { vector [
  0 0 -1,0 0 -1,
  0 0 -1,0 0 -1] }
}
}
DEF SHAPE_953 Shape {
 appearance USE APP_2
 geometry DEF FACE_953 IndexedFaceSet {
  coord DEF COORD_953 Coordinate { point [
  -0.062992126 -18.937008 -1.1811024,-0.062992126 -19.062992 -1.1811024,
  -0.12598425 -19.125984 -1.1181102,-0.12598425 -18.874016 -1.1181102] }
 coordIndex [
  3,1,2,-1,0,1,3,-1]
  normalPerVertex TRUE
  normal DEF NORM_953 Normal { vector [
  -0.70710678 0 -0.70710678,-0.70710678 0 -0.70710678,
  -0.70710678 0 -0.70710678,-0.70710678 0 -0.70710678] }
}
}
DEF SHAPE_954 Shape {
 appearance USE APP_2
 geometry DEF FACE_954 IndexedFaceSet {
  coord DEF COORD_954 Coordinate { point [
  0.12598425 -18.874016 -1.1181102,0.12598425 -19.125984 -1.1181102,
  0.062992126 -19.062992 -1.1811024,0.062992126 -18.937008 -1.1811024] }
 coordIndex [
  0,1,2,-1,0,2,3,-1]
  normalPerVertex TRUE
  normal DEF NORM_954 Normal { vector [
  0.70710678 0 -0.70710678,0.70710678 0 -0.70710678,
  0.70710678 0 -0.70710678,0.70710678 0 -0.70710678] }
}
}
DEF SHAPE_955 Shape {
 appearance USE APP_2
 geometry DEF FACE_955 IndexedFaceSet {
  coord DEF COORD_955 Coordinate { point [
  0.062992126 -18.937008 -1.1811024,0.062992126 -19.062992 -1.1811024,
  -0.062992126 -19.062992 -1.1811024,-0.062992126 -18.937008 -1.1811024] }
 coordIndex [
  3,0,1,-1,3,1,2,-1]
  normalPerVertex TRUE
  normal DEF NORM_955 Normal { vector [
  0 0 -1,0 0 -1,
  0 0 -1,0 0 -1] }
}
}
DEF SHAPE_956 Shape {
 appearance USE APP_2
 geometry DEF FACE_956 IndexedFaceSet {
  coord DEF COORD_956 Coordinate { point [
  0.12598425 -7.8740157 -1.1181102,0.12598425 -8.1259843 -1.1181102,
  0.062992126 -8.0629921 -1.1811024,0.062992126 -7.9370079 -1.1811024] }
 coordIndex [
  0,1,2,-1,0,2,3,-1]
  normalPerVertex TRUE
  normal DEF NORM_956 Normal { vector [
  0.70710678 0 -0.70710678,0.70710678 0 -0.70710678,
  0.70710678 0 -0.70710678,0.70710678 0 -0.70710678] }
}
}
DEF SHAPE_957 Shape {
 appearance USE APP_2
 geometry DEF FACE_957 IndexedFaceSet {
  coord DEF COORD_957 Coordinate { point [
  -0.062992126 -7.9370079 -1.1811024,-0.062992126 -8.0629921 -1.1811024,
  -0.12598425 -8.1259843 -1.1181102,-0.12598425 -7.8740157 -1.1181102] }
 coordIndex [
  3,1,2,-1,0,1,3,-1]
  normalPerVertex TRUE
  normal DEF NORM_957 Normal { vector [
  -0.70710678 0 -0.70710678,-0.70710678 0 -0.70710678,
  -0.70710678 0 -0.70710678,-0.70710678 0 -0.70710678] }
}
}
DEF SHAPE_958 Shape {
 appearance USE APP_2
 geometry DEF FACE_958 IndexedFaceSet {
  coord DEF COORD_958 Coordinate { point [
  0.062992126 -7.9370079 -1.1811024,0.062992126 -8.0629921 -1.1811024,
  -0.062992126 -8.0629921 -1.1811024,-0.062992126 -7.9370079 -1.1811024] }
 coordIndex [
  3,0,1,-1,3,1,2,-1]
  normalPerVertex TRUE
  normal DEF NORM_958 Normal { vector [
  0 0 -1,0 0 -1,
  0 0 -1,0 0 -1] }
}
}
DEF SHAPE_959 Shape {
 appearance USE APP_2
 geometry DEF FACE_959 IndexedFaceSet {
  coord DEF COORD_959 Coordinate { point [
  -0.062992126 -8.9370079 -1.1811024,-0.062992126 -9.0629921 -1.1811024,
  -0.12598425 -9.1259843 -1.1181102,-0.12598425 -8.8740157 -1.1181102] }
 coordIndex [
  3,1,2,-1,0,1,3,-1]
  normalPerVertex TRUE
  normal DEF NORM_959 Normal { vector [
  -0.70710678 0 -0.70710678,-0.70710678 0 -0.70710678,
  -0.70710678 0 -0.70710678,-0.70710678 0 -0.70710678] }
}
}
DEF SHAPE_960 Shape {
 appearance USE APP_2
 geometry DEF FACE_960 IndexedFaceSet {
  coord DEF COORD_960 Coordinate { point [
  0.12598425 -8.8740157 -1.1181102,0.12598425 -9.1259843 -1.1181102,
  0.062992126 -9.0629921 -1.1811024,0.062992126 -8.9370079 -1.1811024] }
 coordIndex [
  0,1,2,-1,0,2,3,-1]
  normalPerVertex TRUE
  normal DEF NORM_960 Normal { vector [
  0.70710678 0 -0.70710678,0.70710678 0 -0.70710678,
  0.70710678 0 -0.70710678,0.70710678 0 -0.70710678] }
}
}
DEF SHAPE_961 Shape {
 appearance USE APP_2
 geometry DEF FACE_961 IndexedFaceSet {
  coord DEF COORD_961 Coordinate { point [
  0.062992126 -8.9370079 -1.1811024,0.062992126 -9.0629921 -1.1811024,
  -0.062992126 -9.0629921 -1.1811024,-0.062992126 -8.9370079 -1.1811024] }
 coordIndex [
  3,0,1,-1,3,1,2,-1]
  normalPerVertex TRUE
  normal DEF NORM_961 Normal { vector [
  0 0 -1,0 0 -1,
  0 0 -1,0 0 -1] }
}
}
DEF SHAPE_962 Shape {
 appearance USE APP_2
 geometry DEF FACE_962 IndexedFaceSet {
  coord DEF COORD_962 Coordinate { point [
  -0.062992126 -9.9370079 -1.1811024,-0.062992126 -10.062992 -1.1811024,
  -0.12598425 -10.125984 -1.1181102,-0.12598425 -9.8740157 -1.1181102] }
 coordIndex [
  3,1,2,-1,0,1,3,-1]
  normalPerVertex TRUE
  normal DEF NORM_962 Normal { vector [
  -0.70710678 0 -0.70710678,-0.70710678 0 -0.70710678,
  -0.70710678 0 -0.70710678,-0.70710678 0 -0.70710678] }
}
}
DEF SHAPE_963 Shape {
 appearance USE APP_2
 geometry DEF FACE_963 IndexedFaceSet {
  coord DEF COORD_963 Coordinate { point [
  0.12598425 -9.8740157 -1.1181102,0.12598425 -10.125984 -1.1181102,
  0.062992126 -10.062992 -1.1811024,0.062992126 -9.9370079 -1.1811024] }
 coordIndex [
  0,1,2,-1,0,2,3,-1]
  normalPerVertex TRUE
  normal DEF NORM_963 Normal { vector [
  0.70710678 0 -0.70710678,0.70710678 0 -0.70710678,
  0.70710678 0 -0.70710678,0.70710678 0 -0.70710678] }
}
}
DEF SHAPE_964 Shape {
 appearance USE APP_2
 geometry DEF FACE_964 IndexedFaceSet {
  coord DEF COORD_964 Coordinate { point [
  0.062992126 -9.9370079 -1.1811024,0.062992126 -10.062992 -1.1811024,
  -0.062992126 -10.062992 -1.1811024,-0.062992126 -9.9370079 -1.1811024] }
 coordIndex [
  3,0,1,-1,3,1,2,-1]
  normalPerVertex TRUE
  normal DEF NORM_964 Normal { vector [
  0 0 -1,0 0 -1,
  0 0 -1,0 0 -1] }
}
}
DEF SHAPE_965 Shape {
 appearance USE APP_2
 geometry DEF FACE_965 IndexedFaceSet {
  coord DEF COORD_965 Coordinate { point [
  0.12598425 -4.8740157 -1.1181102,0.12598425 -5.1259843 -1.1181102,
  0.062992126 -5.0629921 -1.1811024,0.062992126 -4.9370079 -1.1811024] }
 coordIndex [
  0,1,2,-1,0,2,3,-1]
  normalPerVertex TRUE
  normal DEF NORM_965 Normal { vector [
  0.70710678 0 -0.70710678,0.70710678 0 -0.70710678,
  0.70710678 0 -0.70710678,0.70710678 0 -0.70710678] }
}
}
DEF SHAPE_966 Shape {
 appearance USE APP_2
 geometry DEF FACE_966 IndexedFaceSet {
  coord DEF COORD_966 Coordinate { point [
  -0.062992126 -4.9370079 -1.1811024,-0.062992126 -5.0629921 -1.1811024,
  -0.12598425 -5.1259843 -1.1181102,-0.12598425 -4.8740157 -1.1181102] }
 coordIndex [
  3,1,2,-1,0,1,3,-1]
  normalPerVertex TRUE
  normal DEF NORM_966 Normal { vector [
  -0.70710678 0 -0.70710678,-0.70710678 0 -0.70710678,
  -0.70710678 0 -0.70710678,-0.70710678 0 -0.70710678] }
}
}
DEF SHAPE_967 Shape {
 appearance USE APP_2
 geometry DEF FACE_967 IndexedFaceSet {
  coord DEF COORD_967 Coordinate { point [
  0.062992126 -4.9370079 -1.1811024,0.062992126 -5.0629921 -1.1811024,
  -0.062992126 -5.0629921 -1.1811024,-0.062992126 -4.9370079 -1.1811024] }
 coordIndex [
  3,0,1,-1,3,1,2,-1]
  normalPerVertex TRUE
  normal DEF NORM_967 Normal { vector [
  0 0 -1,0 0 -1,
  0 0 -1,0 0 -1] }
}
}
DEF SHAPE_968 Shape {
 appearance USE APP_2
 geometry DEF FACE_968 IndexedFaceSet {
  coord DEF COORD_968 Coordinate { point [
  0.12598425 -5.8740157 -1.1181102,0.12598425 -6.1259843 -1.1181102,
  0.062992126 -6.0629921 -1.1811024,0.062992126 -5.9370079 -1.1811024] }
 coordIndex [
  0,1,2,-1,0,2,3,-1]
  normalPerVertex TRUE
  normal DEF NORM_968 Normal { vector [
  0.70710678 0 -0.70710678,0.70710678 0 -0.70710678,
  0.70710678 0 -0.70710678,0.70710678 0 -0.70710678] }
}
}
DEF SHAPE_969 Shape {
 appearance USE APP_2
 geometry DEF FACE_969 IndexedFaceSet {
  coord DEF COORD_969 Coordinate { point [
  -0.062992126 -5.9370079 -1.1811024,-0.062992126 -6.0629921 -1.1811024,
  -0.12598425 -6.1259843 -1.1181102,-0.12598425 -5.8740157 -1.1181102] }
 coordIndex [
  3,1,2,-1,0,1,3,-1]
  normalPerVertex TRUE
  normal DEF NORM_969 Normal { vector [
  -0.70710678 0 -0.70710678,-0.70710678 0 -0.70710678,
  -0.70710678 0 -0.70710678,-0.70710678 0 -0.70710678] }
}
}
DEF SHAPE_970 Shape {
 appearance USE APP_2
 geometry DEF FACE_970 IndexedFaceSet {
  coord DEF COORD_970 Coordinate { point [
  0.062992126 -5.9370079 -1.1811024,0.062992126 -6.0629921 -1.1811024,
  -0.062992126 -6.0629921 -1.1811024,-0.062992126 -5.9370079 -1.1811024] }
 coordIndex [
  3,0,1,-1,3,1,2,-1]
  normalPerVertex TRUE
  normal DEF NORM_970 Normal { vector [
  0 0 -1,0 0 -1,
  0 0 -1,0 0 -1] }
}
}
DEF SHAPE_971 Shape {
 appearance USE APP_2
 geometry DEF FACE_971 IndexedFaceSet {
  coord DEF COORD_971 Coordinate { point [
  -0.062992126 -6.9370079 -1.1811024,-0.062992126 -7.0629921 -1.1811024,
  -0.12598425 -7.1259843 -1.1181102,-0.12598425 -6.8740157 -1.1181102] }
 coordIndex [
  3,1,2,-1,0,1,3,-1]
  normalPerVertex TRUE
  normal DEF NORM_971 Normal { vector [
  -0.70710678 0 -0.70710678,-0.70710678 0 -0.70710678,
  -0.70710678 0 -0.70710678,-0.70710678 0 -0.70710678] }
}
}
DEF SHAPE_972 Shape {
 appearance USE APP_2
 geometry DEF FACE_972 IndexedFaceSet {
  coord DEF COORD_972 Coordinate { point [
  0.12598425 -6.8740157 -1.1181102,0.12598425 -7.1259843 -1.1181102,
  0.062992126 -7.0629921 -1.1811024,0.062992126 -6.9370079 -1.1811024] }
 coordIndex [
  0,1,2,-1,0,2,3,-1]
  normalPerVertex TRUE
  normal DEF NORM_972 Normal { vector [
  0.70710678 0 -0.70710678,0.70710678 0 -0.70710678,
  0.70710678 0 -0.70710678,0.70710678 0 -0.70710678] }
}
}
DEF SHAPE_973 Shape {
 appearance USE APP_2
 geometry DEF FACE_973 IndexedFaceSet {
  coord DEF COORD_973 Coordinate { point [
  0.062992126 -6.9370079 -1.1811024,0.062992126 -7.0629921 -1.1811024,
  -0.062992126 -7.0629921 -1.1811024,-0.062992126 -6.9370079 -1.1811024] }
 coordIndex [
  3,0,1,-1,3,1,2,-1]
  normalPerVertex TRUE
  normal DEF NORM_973 Normal { vector [
  0 0 -1,0 0 -1,
  0 0 -1,0 0 -1] }
}
}
DEF SHAPE_974 Shape {
 appearance USE APP_2
 geometry DEF FACE_974 IndexedFaceSet {
  coord DEF COORD_974 Coordinate { point [
  -0.062992126 -29.937008 -1.1811024,-0.062992126 -30.062992 -1.1811024,
  -0.12598425 -30.125984 -1.1181102,-0.12598425 -29.874016 -1.1181102] }
 coordIndex [
  3,1,2,-1,0,1,3,-1]
  normalPerVertex TRUE
  normal DEF NORM_974 Normal { vector [
  -0.70710678 0 -0.70710678,-0.70710678 0 -0.70710678,
  -0.70710678 0 -0.70710678,-0.70710678 0 -0.70710678] }
}
}
DEF SHAPE_975 Shape {
 appearance USE APP_2
 geometry DEF FACE_975 IndexedFaceSet {
  coord DEF COORD_975 Coordinate { point [
  0.12598425 -29.874016 -1.1181102,0.12598425 -30.125984 -1.1181102,
  0.062992126 -30.062992 -1.1811024,0.062992126 -29.937008 -1.1811024] }
 coordIndex [
  0,1,2,-1,0,2,3,-1]
  normalPerVertex TRUE
  normal DEF NORM_975 Normal { vector [
  0.70710678 0 -0.70710678,0.70710678 0 -0.70710678,
  0.70710678 0 -0.70710678,0.70710678 0 -0.70710678] }
}
}
DEF SHAPE_976 Shape {
 appearance USE APP_2
 geometry DEF FACE_976 IndexedFaceSet {
  coord DEF COORD_976 Coordinate { point [
  0.062992126 -29.937008 -1.1811024,0.062992126 -30.062992 -1.1811024,
  -0.062992126 -30.062992 -1.1811024,-0.062992126 -29.937008 -1.1811024] }
 coordIndex [
  3,0,1,-1,3,1,2,-1]
  normalPerVertex TRUE
  normal DEF NORM_976 Normal { vector [
  0 0 -1,0 0 -1,
  0 0 -1,0 0 -1] }
}
}
DEF SHAPE_977 Shape {
 appearance USE APP_2
 geometry DEF FACE_977 IndexedFaceSet {
  coord DEF COORD_977 Coordinate { point [
  -0.062992126 -28.937008 -1.1811024,-0.062992126 -29.062992 -1.1811024,
  -0.12598425 -29.125984 -1.1181102,-0.12598425 -28.874016 -1.1181102] }
 coordIndex [
  3,1,2,-1,0,1,3,-1]
  normalPerVertex TRUE
  normal DEF NORM_977 Normal { vector [
  -0.70710678 0 -0.70710678,-0.70710678 0 -0.70710678,
  -0.70710678 0 -0.70710678,-0.70710678 0 -0.70710678] }
}
}
DEF SHAPE_978 Shape {
 appearance USE APP_2
 geometry DEF FACE_978 IndexedFaceSet {
  coord DEF COORD_978 Coordinate { point [
  0.12598425 -28.874016 -1.1181102,0.12598425 -29.125984 -1.1181102,
  0.062992126 -29.062992 -1.1811024,0.062992126 -28.937008 -1.1811024] }
 coordIndex [
  0,1,2,-1,0,2,3,-1]
  normalPerVertex TRUE
  normal DEF NORM_978 Normal { vector [
  0.70710678 0 -0.70710678,0.70710678 0 -0.70710678,
  0.70710678 0 -0.70710678,0.70710678 0 -0.70710678] }
}
}
DEF SHAPE_979 Shape {
 appearance USE APP_2
 geometry DEF FACE_979 IndexedFaceSet {
  coord DEF COORD_979 Coordinate { point [
  0.062992126 -28.937008 -1.1811024,0.062992126 -29.062992 -1.1811024,
  -0.062992126 -29.062992 -1.1811024,-0.062992126 -28.937008 -1.1811024] }
 coordIndex [
  3,0,1,-1,3,1,2,-1]
  normalPerVertex TRUE
  normal DEF NORM_979 Normal { vector [
  0 0 -1,0 0 -1,
  0 0 -1,0 0 -1] }
}
}
DEF SHAPE_980 Shape {
 appearance USE APP_2
 geometry DEF FACE_980 IndexedFaceSet {
  coord DEF COORD_980 Coordinate { point [
  -0.062992126 -34.937008 -1.1811024,-0.062992126 -35.062992 -1.1811024,
  -0.12598425 -35.125984 -1.1181102,-0.12598425 -34.874016 -1.1181102] }
 coordIndex [
  3,1,2,-1,0,1,3,-1]
  normalPerVertex TRUE
  normal DEF NORM_980 Normal { vector [
  -0.70710678 0 -0.70710678,-0.70710678 0 -0.70710678,
  -0.70710678 0 -0.70710678,-0.70710678 0 -0.70710678] }
}
}
DEF SHAPE_981 Shape {
 appearance USE APP_2
 geometry DEF FACE_981 IndexedFaceSet {
  coord DEF COORD_981 Coordinate { point [
  0.12598425 -34.874016 -1.1181102,0.12598425 -35.125984 -1.1181102,
  0.062992126 -35.062992 -1.1811024,0.062992126 -34.937008 -1.1811024] }
 coordIndex [
  0,1,2,-1,0,2,3,-1]
  normalPerVertex TRUE
  normal DEF NORM_981 Normal { vector [
  0.70710678 0 -0.70710678,0.70710678 0 -0.70710678,
  0.70710678 0 -0.70710678,0.70710678 0 -0.70710678] }
}
}
DEF SHAPE_982 Shape {
 appearance USE APP_2
 geometry DEF FACE_982 IndexedFaceSet {
  coord DEF COORD_982 Coordinate { point [
  0.062992126 -34.937008 -1.1811024,0.062992126 -35.062992 -1.1811024,
  -0.062992126 -35.062992 -1.1811024,-0.062992126 -34.937008 -1.1811024] }
 coordIndex [
  3,0,1,-1,3,1,2,-1]
  normalPerVertex TRUE
  normal DEF NORM_982 Normal { vector [
  0 0 -1,0 0 -1,
  0 0 -1,0 0 -1] }
}
}
DEF SHAPE_983 Shape {
 appearance USE APP_2
 geometry DEF FACE_983 IndexedFaceSet {
  coord DEF COORD_983 Coordinate { point [
  0.12598425 -33.874016 -1.1181102,0.12598425 -34.125984 -1.1181102,
  0.062992126 -34.062992 -1.1811024,0.062992126 -33.937008 -1.1811024] }
 coordIndex [
  0,1,2,-1,0,2,3,-1]
  normalPerVertex TRUE
  normal DEF NORM_983 Normal { vector [
  0.70710678 0 -0.70710678,0.70710678 0 -0.70710678,
  0.70710678 0 -0.70710678,0.70710678 0 -0.70710678] }
}
}
DEF SHAPE_984 Shape {
 appearance USE APP_2
 geometry DEF FACE_984 IndexedFaceSet {
  coord DEF COORD_984 Coordinate { point [
  -0.062992126 -33.937008 -1.1811024,-0.062992126 -34.062992 -1.1811024,
  -0.12598425 -34.125984 -1.1181102,-0.12598425 -33.874016 -1.1181102] }
 coordIndex [
  3,1,2,-1,0,1,3,-1]
  normalPerVertex TRUE
  normal DEF NORM_984 Normal { vector [
  -0.70710678 0 -0.70710678,-0.70710678 0 -0.70710678,
  -0.70710678 0 -0.70710678,-0.70710678 0 -0.70710678] }
}
}
DEF SHAPE_985 Shape {
 appearance USE APP_2
 geometry DEF FACE_985 IndexedFaceSet {
  coord DEF COORD_985 Coordinate { point [
  0.062992126 -33.937008 -1.1811024,0.062992126 -34.062992 -1.1811024,
  -0.062992126 -34.062992 -1.1811024,-0.062992126 -33.937008 -1.1811024] }
 coordIndex [
  3,0,1,-1,3,1,2,-1]
  normalPerVertex TRUE
  normal DEF NORM_985 Normal { vector [
  0 0 -1,0 0 -1,
  0 0 -1,0 0 -1] }
}
}
DEF SHAPE_986 Shape {
 appearance USE APP_2
 geometry DEF FACE_986 IndexedFaceSet {
  coord DEF COORD_986 Coordinate { point [
  -0.062992126 -32.937008 -1.1811024,-0.062992126 -33.062992 -1.1811024,
  -0.12598425 -33.125984 -1.1181102,-0.12598425 -32.874016 -1.1181102] }
 coordIndex [
  3,1,2,-1,0,1,3,-1]
  normalPerVertex TRUE
  normal DEF NORM_986 Normal { vector [
  -0.70710678 0 -0.70710678,-0.70710678 0 -0.70710678,
  -0.70710678 0 -0.70710678,-0.70710678 0 -0.70710678] }
}
}
DEF SHAPE_987 Shape {
 appearance USE APP_2
 geometry DEF FACE_987 IndexedFaceSet {
  coord DEF COORD_987 Coordinate { point [
  0.12598425 -32.874016 -1.1181102,0.12598425 -33.125984 -1.1181102,
  0.062992126 -33.062992 -1.1811024,0.062992126 -32.937008 -1.1811024] }
 coordIndex [
  0,1,2,-1,0,2,3,-1]
  normalPerVertex TRUE
  normal DEF NORM_987 Normal { vector [
  0.70710678 0 -0.70710678,0.70710678 0 -0.70710678,
  0.70710678 0 -0.70710678,0.70710678 0 -0.70710678] }
}
}
DEF SHAPE_988 Shape {
 appearance USE APP_2
 geometry DEF FACE_988 IndexedFaceSet {
  coord DEF COORD_988 Coordinate { point [
  0.062992126 -32.937008 -1.1811024,0.062992126 -33.062992 -1.1811024,
  -0.062992126 -33.062992 -1.1811024,-0.062992126 -32.937008 -1.1811024] }
 coordIndex [
  3,0,1,-1,3,1,2,-1]
  normalPerVertex TRUE
  normal DEF NORM_988 Normal { vector [
  0 0 -1,0 0 -1,
  0 0 -1,0 0 -1] }
}
}
DEF SHAPE_989 Shape {
 appearance USE APP_2
 geometry DEF FACE_989 IndexedFaceSet {
  coord DEF COORD_989 Coordinate { point [
  -0.062992126 -30.937008 -1.1811024,-0.062992126 -31.062992 -1.1811024,
  -0.12598425 -31.125984 -1.1181102,-0.12598425 -30.874016 -1.1181102] }
 coordIndex [
  3,1,2,-1,0,1,3,-1]
  normalPerVertex TRUE
  normal DEF NORM_989 Normal { vector [
  -0.70710678 0 -0.70710678,-0.70710678 0 -0.70710678,
  -0.70710678 0 -0.70710678,-0.70710678 0 -0.70710678] }
}
}
DEF SHAPE_990 Shape {
 appearance USE APP_2
 geometry DEF FACE_990 IndexedFaceSet {
  coord DEF COORD_990 Coordinate { point [
  0.12598425 -30.874016 -1.1181102,0.12598425 -31.125984 -1.1181102,
  0.062992126 -31.062992 -1.1811024,0.062992126 -30.937008 -1.1811024] }
 coordIndex [
  0,1,2,-1,0,2,3,-1]
  normalPerVertex TRUE
  normal DEF NORM_990 Normal { vector [
  0.70710678 0 -0.70710678,0.70710678 0 -0.70710678,
  0.70710678 0 -0.70710678,0.70710678 0 -0.70710678] }
}
}
DEF SHAPE_991 Shape {
 appearance USE APP_2
 geometry DEF FACE_991 IndexedFaceSet {
  coord DEF COORD_991 Coordinate { point [
  0.062992126 -30.937008 -1.1811024,0.062992126 -31.062992 -1.1811024,
  -0.062992126 -31.062992 -1.1811024,-0.062992126 -30.937008 -1.1811024] }
 coordIndex [
  3,0,1,-1,3,1,2,-1]
  normalPerVertex TRUE
  normal DEF NORM_991 Normal { vector [
  0 0 -1,0 0 -1,
  0 0 -1,0 0 -1] }
}
}
DEF SHAPE_992 Shape {
 appearance USE APP_2
 geometry DEF FACE_992 IndexedFaceSet {
  coord DEF COORD_992 Coordinate { point [
  -0.062992126 -31.937008 -1.1811024,-0.062992126 -32.062992 -1.1811024,
  -0.12598425 -32.125984 -1.1181102,-0.12598425 -31.874016 -1.1181102] }
 coordIndex [
  3,1,2,-1,0,1,3,-1]
  normalPerVertex TRUE
  normal DEF NORM_992 Normal { vector [
  -0.70710678 0 -0.70710678,-0.70710678 0 -0.70710678,
  -0.70710678 0 -0.70710678,-0.70710678 0 -0.70710678] }
}
}
DEF SHAPE_993 Shape {
 appearance USE APP_2
 geometry DEF FACE_993 IndexedFaceSet {
  coord DEF COORD_993 Coordinate { point [
  0.12598425 -31.874016 -1.1181102,0.12598425 -32.125984 -1.1181102,
  0.062992126 -32.062992 -1.1811024,0.062992126 -31.937008 -1.1811024] }
 coordIndex [
  0,1,2,-1,0,2,3,-1]
  normalPerVertex TRUE
  normal DEF NORM_993 Normal { vector [
  0.70710678 0 -0.70710678,0.70710678 0 -0.70710678,
  0.70710678 0 -0.70710678,0.70710678 0 -0.70710678] }
}
}
DEF SHAPE_994 Shape {
 appearance USE APP_2
 geometry DEF FACE_994 IndexedFaceSet {
  coord DEF COORD_994 Coordinate { point [
  0.062992126 -31.937008 -1.1811024,0.062992126 -32.062992 -1.1811024,
  -0.062992126 -32.062992 -1.1811024,-0.062992126 -31.937008 -1.1811024] }
 coordIndex [
  3,0,1,-1,3,1,2,-1]
  normalPerVertex TRUE
  normal DEF NORM_994 Normal { vector [
  0 0 -1,0 0 -1,
  0 0 -1,0 0 -1] }
}
}
DEF SHAPE_995 Shape {
 appearance USE APP_2
 geometry DEF FACE_995 IndexedFaceSet {
  coord DEF COORD_995 Coordinate { point [
  0.12598425 -1.8740157 -1.1181102,0.12598425 -2.1259843 -1.1181102,
  0.062992126 -2.0629921 -1.1811024,0.062992126 -1.9370079 -1.1811024] }
 coordIndex [
  0,1,2,-1,0,2,3,-1]
  normalPerVertex TRUE
  normal DEF NORM_995 Normal { vector [
  0.70710678 0 -0.70710678,0.70710678 0 -0.70710678,
  0.70710678 0 -0.70710678,0.70710678 0 -0.70710678] }
}
}
DEF SHAPE_996 Shape {
 appearance USE APP_2
 geometry DEF FACE_996 IndexedFaceSet {
  coord DEF COORD_996 Coordinate { point [
  -0.062992126 -1.9370079 -1.1811024,-0.062992126 -2.0629921 -1.1811024,
  -0.12598425 -2.1259843 -1.1181102,-0.12598425 -1.8740157 -1.1181102] }
 coordIndex [
  3,1,2,-1,0,1,3,-1]
  normalPerVertex TRUE
  normal DEF NORM_996 Normal { vector [
  -0.70710678 0 -0.70710678,-0.70710678 0 -0.70710678,
  -0.70710678 0 -0.70710678,-0.70710678 0 -0.70710678] }
}
}
DEF SHAPE_997 Shape {
 appearance USE APP_2
 geometry DEF FACE_997 IndexedFaceSet {
  coord DEF COORD_997 Coordinate { point [
  0.062992126 -1.9370079 -1.1811024,0.062992126 -2.0629921 -1.1811024,
  -0.062992126 -2.0629921 -1.1811024,-0.062992126 -1.9370079 -1.1811024] }
 coordIndex [
  3,0,1,-1,3,1,2,-1]
  normalPerVertex TRUE
  normal DEF NORM_997 Normal { vector [
  0 0 -1,0 0 -1,
  0 0 -1,0 0 -1] }
}
}
DEF SHAPE_998 Shape {
 appearance USE APP_2
 geometry DEF FACE_998 IndexedFaceSet {
  coord DEF COORD_998 Coordinate { point [
  -0.062992126 -2.9370079 -1.1811024,-0.062992126 -3.0629921 -1.1811024,
  -0.12598425 -3.1259843 -1.1181102,-0.12598425 -2.8740157 -1.1181102] }
 coordIndex [
  3,1,2,-1,0,1,3,-1]
  normalPerVertex TRUE
  normal DEF NORM_998 Normal { vector [
  -0.70710678 0 -0.70710678,-0.70710678 0 -0.70710678,
  -0.70710678 0 -0.70710678,-0.70710678 0 -0.70710678] }
}
}
DEF SHAPE_999 Shape {
 appearance USE APP_2
 geometry DEF FACE_999 IndexedFaceSet {
  coord DEF COORD_999 Coordinate { point [
  0.12598425 -2.8740157 -1.1181102,0.12598425 -3.1259843 -1.1181102,
  0.062992126 -3.0629921 -1.1811024,0.062992126 -2.9370079 -1.1811024] }
 coordIndex [
  0,1,2,-1,0,2,3,-1]
  normalPerVertex TRUE
  normal DEF NORM_999 Normal { vector [
  0.70710678 0 -0.70710678,0.70710678 0 -0.70710678,
  0.70710678 0 -0.70710678,0.70710678 0 -0.70710678] }
}
}
DEF SHAPE_1000 Shape {
 appearance USE APP_2
 geometry DEF FACE_1000 IndexedFaceSet {
  coord DEF COORD_1000 Coordinate { point [
  0.062992126 -2.9370079 -1.1811024,0.062992126 -3.0629921 -1.1811024,
  -0.062992126 -3.0629921 -1.1811024,-0.062992126 -2.9370079 -1.1811024] }
 coordIndex [
  3,0,1,-1,3,1,2,-1]
  normalPerVertex TRUE
  normal DEF NORM_1000 Normal { vector [
  0 0 -1,0 0 -1,
  0 0 -1,0 0 -1] }
}
}
DEF SHAPE_1001 Shape {
 appearance USE APP_2
 geometry DEF FACE_1001 IndexedFaceSet {
  coord DEF COORD_1001 Coordinate { point [
  0.12598425 -3.8740157 -1.1181102,0.12598425 -4.1259843 -1.1181102,
  0.062992126 -4.0629921 -1.1811024,0.062992126 -3.9370079 -1.1811024] }
 coordIndex [
  0,1,2,-1,0,2,3,-1]
  normalPerVertex TRUE
  normal DEF NORM_1001 Normal { vector [
  0.70710678 0 -0.70710678,0.70710678 0 -0.70710678,
  0.70710678 0 -0.70710678,0.70710678 0 -0.70710678] }
}
}
DEF SHAPE_1002 Shape {
 appearance USE APP_2
 geometry DEF FACE_1002 IndexedFaceSet {
  coord DEF COORD_1002 Coordinate { point [
  -0.062992126 -3.9370079 -1.1811024,-0.062992126 -4.0629921 -1.1811024,
  -0.12598425 -4.1259843 -1.1181102,-0.12598425 -3.8740157 -1.1181102] }
 coordIndex [
  3,1,2,-1,0,1,3,-1]
  normalPerVertex TRUE
  normal DEF NORM_1002 Normal { vector [
  -0.70710678 0 -0.70710678,-0.70710678 0 -0.70710678,
  -0.70710678 0 -0.70710678,-0.70710678 0 -0.70710678] }
}
}
DEF SHAPE_1003 Shape {
 appearance USE APP_2
 geometry DEF FACE_1003 IndexedFaceSet {
  coord DEF COORD_1003 Coordinate { point [
  0.062992126 -3.9370079 -1.1811024,0.062992126 -4.0629921 -1.1811024,
  -0.062992126 -4.0629921 -1.1811024,-0.062992126 -3.9370079 -1.1811024] }
 coordIndex [
  3,0,1,-1,3,1,2,-1]
  normalPerVertex TRUE
  normal DEF NORM_1003 Normal { vector [
  0 0 -1,0 0 -1,
  0 0 -1,0 0 -1] }
}
}
DEF SHAPE_1004 Shape {
 appearance USE APP_2
 geometry DEF FACE_1004 IndexedFaceSet {
  coord DEF COORD_1004 Coordinate { point [
  -0.062992126 -0.93700787 -1.1811024,-0.062992126 -1.0629921 -1.1811024,
  -0.12598425 -1.1259843 -1.1181102,-0.12598425 -0.87401575 -1.1181102] }
 coordIndex [
  3,1,2,-1,0,1,3,-1]
  normalPerVertex TRUE
  normal DEF NORM_1004 Normal { vector [
  -0.70710678 0 -0.70710678,-0.70710678 0 -0.70710678,
  -0.70710678 0 -0.70710678,-0.70710678 0 -0.70710678] }
}
}
DEF SHAPE_1005 Shape {
 appearance USE APP_2
 geometry DEF FACE_1005 IndexedFaceSet {
  coord DEF COORD_1005 Coordinate { point [
  0.12598425 -0.87401575 -1.1181102,0.12598425 -1.1259843 -1.1181102,
  0.062992126 -1.0629921 -1.1811024,0.062992126 -0.93700787 -1.1811024] }
 coordIndex [
  0,1,2,-1,0,2,3,-1]
  normalPerVertex TRUE
  normal DEF NORM_1005 Normal { vector [
  0.70710678 0 -0.70710678,0.70710678 0 -0.70710678,
  0.70710678 0 -0.70710678,0.70710678 0 -0.70710678] }
}
}
DEF SHAPE_1006 Shape {
 appearance USE APP_2
 geometry DEF FACE_1006 IndexedFaceSet {
  coord DEF COORD_1006 Coordinate { point [
  0.062992126 -0.93700787 -1.1811024,0.062992126 -1.0629921 -1.1811024,
  -0.062992126 -1.0629921 -1.1811024,-0.062992126 -0.93700787 -1.1811024] }
 coordIndex [
  3,0,1,-1,3,1,2,-1]
  normalPerVertex TRUE
  normal DEF NORM_1006 Normal { vector [
  0 0 -1,0 0 -1,
  0 0 -1,0 0 -1] }
}
}
DEF SHAPE_1007 Shape {
 appearance USE APP_2
 geometry DEF FACE_1007 IndexedFaceSet {
  coord DEF COORD_1007 Coordinate { point [
  -0.062992126 -36.937008 -1.1811024,-0.062992126 -37.062992 -1.1811024,
  -0.12598425 -37.125984 -1.1181102,-0.12598425 -36.874016 -1.1181102] }
 coordIndex [
  3,1,2,-1,0,1,3,-1]
  normalPerVertex TRUE
  normal DEF NORM_1007 Normal { vector [
  -0.70710678 0 -0.70710678,-0.70710678 0 -0.70710678,
  -0.70710678 0 -0.70710678,-0.70710678 0 -0.70710678] }
}
}
DEF SHAPE_1008 Shape {
 appearance USE APP_2
 geometry DEF FACE_1008 IndexedFaceSet {
  coord DEF COORD_1008 Coordinate { point [
  0.12598425 -36.874016 -1.1181102,0.12598425 -37.125984 -1.1181102,
  0.062992126 -37.062992 -1.1811024,0.062992126 -36.937008 -1.1811024] }
 coordIndex [
  0,1,2,-1,0,2,3,-1]
  normalPerVertex TRUE
  normal DEF NORM_1008 Normal { vector [
  0.70710678 0 -0.70710678,0.70710678 0 -0.70710678,
  0.70710678 0 -0.70710678,0.70710678 0 -0.70710678] }
}
}
DEF SHAPE_1009 Shape {
 appearance USE APP_2
 geometry DEF FACE_1009 IndexedFaceSet {
  coord DEF COORD_1009 Coordinate { point [
  0.062992126 -36.937008 -1.1811024,0.062992126 -37.062992 -1.1811024,
  -0.062992126 -37.062992 -1.1811024,-0.062992126 -36.937008 -1.1811024] }
 coordIndex [
  3,0,1,-1,3,1,2,-1]
  normalPerVertex TRUE
  normal DEF NORM_1009 Normal { vector [
  0 0 -1,0 0 -1,
  0 0 -1,0 0 -1] }
}
}
DEF SHAPE_1010 Shape {
 appearance USE APP_2
 geometry DEF FACE_1010 IndexedFaceSet {
  coord DEF COORD_1010 Coordinate { point [
  -0.062992126 -35.937008 -1.1811024,-0.062992126 -36.062992 -1.1811024,
  -0.12598425 -36.125984 -1.1181102,-0.12598425 -35.874016 -1.1181102] }
 coordIndex [
  3,1,2,-1,0,1,3,-1]
  normalPerVertex TRUE
  normal DEF NORM_1010 Normal { vector [
  -0.70710678 0 -0.70710678,-0.70710678 0 -0.70710678,
  -0.70710678 0 -0.70710678,-0.70710678 0 -0.70710678] }
}
}
DEF SHAPE_1011 Shape {
 appearance USE APP_2
 geometry DEF FACE_1011 IndexedFaceSet {
  coord DEF COORD_1011 Coordinate { point [
  0.12598425 -35.874016 -1.1181102,0.12598425 -36.125984 -1.1181102,
  0.062992126 -36.062992 -1.1811024,0.062992126 -35.937008 -1.1811024] }
 coordIndex [
  0,1,2,-1,0,2,3,-1]
  normalPerVertex TRUE
  normal DEF NORM_1011 Normal { vector [
  0.70710678 0 -0.70710678,0.70710678 0 -0.70710678,
  0.70710678 0 -0.70710678,0.70710678 0 -0.70710678] }
}
}
DEF SHAPE_1012 Shape {
 appearance USE APP_2
 geometry DEF FACE_1012 IndexedFaceSet {
  coord DEF COORD_1012 Coordinate { point [
  0.062992126 -35.937008 -1.1811024,0.062992126 -36.062992 -1.1811024,
  -0.062992126 -36.062992 -1.1811024,-0.062992126 -35.937008 -1.1811024] }
 coordIndex [
  3,0,1,-1,3,1,2,-1]
  normalPerVertex TRUE
  normal DEF NORM_1012 Normal { vector [
  0 0 -1,0 0 -1,
  0 0 -1,0 0 -1] }
}
}
DEF SHAPE_1013 Shape {
 appearance USE APP_2
 geometry DEF FACE_1013 IndexedFaceSet {
  coord DEF COORD_1013 Coordinate { point [
  0.12598425 -37.874016 -1.1181102,0.12598425 -38.125984 -1.1181102,
  0.062992126 -38.062992 -1.1811024,0.062992126 -37.937008 -1.1811024] }
 coordIndex [
  0,1,2,-1,0,2,3,-1]
  normalPerVertex TRUE
  normal DEF NORM_1013 Normal { vector [
  0.70710678 0 -0.70710678,0.70710678 0 -0.70710678,
  0.70710678 0 -0.70710678,0.70710678 0 -0.70710678] }
}
}
DEF SHAPE_1014 Shape {
 appearance USE APP_2
 geometry DEF FACE_1014 IndexedFaceSet {
  coord DEF COORD_1014 Coordinate { point [
  -0.062992126 -37.937008 -1.1811024,-0.062992126 -38.062992 -1.1811024,
  -0.12598425 -38.125984 -1.1181102,-0.12598425 -37.874016 -1.1181102] }
 coordIndex [
  3,1,2,-1,0,1,3,-1]
  normalPerVertex TRUE
  normal DEF NORM_1014 Normal { vector [
  -0.70710678 0 -0.70710678,-0.70710678 0 -0.70710678,
  -0.70710678 0 -0.70710678,-0.70710678 0 -0.70710678] }
}
}
DEF SHAPE_1015 Shape {
 appearance USE APP_2
 geometry DEF FACE_1015 IndexedFaceSet {
  coord DEF COORD_1015 Coordinate { point [
  0.062992126 -37.937008 -1.1811024,0.062992126 -38.062992 -1.1811024,
  -0.062992126 -38.062992 -1.1811024,-0.062992126 -37.937008 -1.1811024] }
 coordIndex [
  3,0,1,-1,3,1,2,-1]
  normalPerVertex TRUE
  normal DEF NORM_1015 Normal { vector [
  0 0 -1,0 0 -1,
  0 0 -1,0 0 -1] }
}
}
DEF SHAPE_1016 Shape {
 appearance USE APP_2
 geometry DEF FACE_1016 IndexedFaceSet {
  coord DEF COORD_1016 Coordinate { point [
  -0.062992126 0.062992126 -1.1811024,-0.062992126 -0.062992126 -1.1811024,
  -0.12598425 -0.12598425 -1.1181102,-0.12598425 0.12598425 -1.1181102] }
 coordIndex [
  0,1,2,-1,0,2,3,-1]
  normalPerVertex TRUE
  normal DEF NORM_1016 Normal { vector [
  -0.70710678 0 -0.70710678,-0.70710678 0 -0.70710678,
  -0.70710678 0 -0.70710678,-0.70710678 0 -0.70710678] }
}
}
DEF SHAPE_1017 Shape {
 appearance USE APP_2
 geometry DEF FACE_1017 IndexedFaceSet {
  coord DEF COORD_1017 Coordinate { point [
  0.12598425 0.12598425 -1.1181102,0.12598425 -0.12598425 -1.1181102,
  0.062992126 -0.062992126 -1.1811024,0.062992126 0.062992126 -1.1811024] }
 coordIndex [
  0,1,2,-1,0,2,3,-1]
  normalPerVertex TRUE
  normal DEF NORM_1017 Normal { vector [
  0.70710678 0 -0.70710678,0.70710678 0 -0.70710678,
  0.70710678 0 -0.70710678,0.70710678 0 -0.70710678] }
}
}
DEF SHAPE_1018 Shape {
 appearance USE APP_2
 geometry DEF FACE_1018 IndexedFaceSet {
  coord DEF COORD_1018 Coordinate { point [
  0.062992126 0.062992126 -1.1811024,0.062992126 -0.062992126 -1.1811024,
  -0.062992126 -0.062992126 -1.1811024,-0.062992126 0.062992126 -1.1811024] }
 coordIndex [
  3,0,1,-1,3,1,2,-1]
  normalPerVertex TRUE
  normal DEF NORM_1018 Normal { vector [
  0 0 -1,0 0 -1,
  0 0 -1,0 0 -1] }
}
}
DEF SHAPE_1019 Shape {
 appearance USE APP_2
 geometry DEF FACE_1019 IndexedFaceSet {
  coord DEF COORD_1019 Coordinate { point [
  3.9527559 -27.937008 0.56299213,3.9527559 -28.062992 0.56299213,
  3.9527559 -28.062992 0.43700787,3.9527559 -27.937008 0.43700787] }
 coordIndex [
  3,0,1,-1,3,1,2,-1]
  normalPerVertex TRUE
  normal DEF NORM_1019 Normal { vector [
  1 0 0,1 0 0,
  1 0 0,1 0 0] }
}
}
DEF SHAPE_1020 Shape {
 appearance USE APP_2
 geometry DEF FACE_1020 IndexedFaceSet {
  coord DEF COORD_1020 Coordinate { point [
  3.9527559 -26.937008 0.56299213,3.9527559 -27.062992 0.56299213,
  3.9527559 -27.062992 0.43700787,3.9527559 -26.937008 0.43700787] }
 coordIndex [
  3,0,1,-1,3,1,2,-1]
  normalPerVertex TRUE
  normal DEF NORM_1020 Normal { vector [
  1 0 0,1 0 0,
  1 0 0,1 0 0] }
}
}
DEF SHAPE_1021 Shape {
 appearance USE APP_2
 geometry DEF FACE_1021 IndexedFaceSet {
  coord DEF COORD_1021 Coordinate { point [
  3.9527559 -24.937008 0.56299213,3.9527559 -25.062992 0.56299213,
  3.9527559 -25.062992 0.43700787,3.9527559 -24.937008 0.43700787] }
 coordIndex [
  3,0,1,-1,3,1,2,-1]
  normalPerVertex TRUE
  normal DEF NORM_1021 Normal { vector [
  1 0 0,1 0 0,
  1 0 0,1 0 0] }
}
}
DEF SHAPE_1022 Shape {
 appearance USE APP_2
 geometry DEF FACE_1022 IndexedFaceSet {
  coord DEF COORD_1022 Coordinate { point [
  3.9527559 -25.937008 0.56299213,3.9527559 -26.062992 0.56299213,
  3.9527559 -26.062992 0.43700787,3.9527559 -25.937008 0.43700787] }
 coordIndex [
  3,0,1,-1,3,1,2,-1]
  normalPerVertex TRUE
  normal DEF NORM_1022 Normal { vector [
  1 0 0,1 0 0,
  1 0 0,1 0 0] }
}
}
DEF SHAPE_1023 Shape {
 appearance USE APP_2
 geometry DEF FACE_1023 IndexedFaceSet {
  coord DEF COORD_1023 Coordinate { point [
  3.9527559 -20.937008 0.56299213,3.9527559 -21.062992 0.56299213,
  3.9527559 -21.062992 0.43700787,3.9527559 -20.937008 0.43700787] }
 coordIndex [
  3,0,1,-1,3,1,2,-1]
  normalPerVertex TRUE
  normal DEF NORM_1023 Normal { vector [
  1 0 0,1 0 0,
  1 0 0,1 0 0] }
}
}
DEF SHAPE_1024 Shape {
 appearance USE APP_2
 geometry DEF FACE_1024 IndexedFaceSet {
  coord DEF COORD_1024 Coordinate { point [
  3.9527559 -21.937008 0.56299213,3.9527559 -22.062992 0.56299213,
  3.9527559 -22.062992 0.43700787,3.9527559 -21.937008 0.43700787] }
 coordIndex [
  3,0,1,-1,3,1,2,-1]
  normalPerVertex TRUE
  normal DEF NORM_1024 Normal { vector [
  1 0 0,1 0 0,
  1 0 0,1 0 0] }
}
}
DEF SHAPE_1025 Shape {
 appearance USE APP_2
 geometry DEF FACE_1025 IndexedFaceSet {
  coord DEF COORD_1025 Coordinate { point [
  3.9527559 -22.937008 0.56299213,3.9527559 -23.062992 0.56299213,
  3.9527559 -23.062992 0.43700787,3.9527559 -22.937008 0.43700787] }
 coordIndex [
  3,0,1,-1,3,1,2,-1]
  normalPerVertex TRUE
  normal DEF NORM_1025 Normal { vector [
  1 0 0,1 0 0,
  1 0 0,1 0 0] }
}
}
DEF SHAPE_1026 Shape {
 appearance USE APP_2
 geometry DEF FACE_1026 IndexedFaceSet {
  coord DEF COORD_1026 Coordinate { point [
  3.9527559 -23.937008 0.56299213,3.9527559 -24.062992 0.56299213,
  3.9527559 -24.062992 0.43700787,3.9527559 -23.937008 0.43700787] }
 coordIndex [
  3,0,1,-1,3,1,2,-1]
  normalPerVertex TRUE
  normal DEF NORM_1026 Normal { vector [
  1 0 0,1 0 0,
  1 0 0,1 0 0] }
}
}
DEF SHAPE_1027 Shape {
 appearance USE APP_2
 geometry DEF FACE_1027 IndexedFaceSet {
  coord DEF COORD_1027 Coordinate { point [
  3.9527559 -19.937008 0.56299213,3.9527559 -20.062992 0.56299213,
  3.9527559 -20.062992 0.43700787,3.9527559 -19.937008 0.43700787] }
 coordIndex [
  3,0,1,-1,3,1,2,-1]
  normalPerVertex TRUE
  normal DEF NORM_1027 Normal { vector [
  1 0 0,1 0 0,
  1 0 0,1 0 0] }
}
}
DEF SHAPE_1028 Shape {
 appearance USE APP_2
 geometry DEF FACE_1028 IndexedFaceSet {
  coord DEF COORD_1028 Coordinate { point [
  3.9527559 -10.937008 0.56299213,3.9527559 -11.062992 0.56299213,
  3.9527559 -11.062992 0.43700787,3.9527559 -10.937008 0.43700787] }
 coordIndex [
  3,0,1,-1,3,1,2,-1]
  normalPerVertex TRUE
  normal DEF NORM_1028 Normal { vector [
  1 0 0,1 0 0,
  1 0 0,1 0 0] }
}
}
DEF SHAPE_1029 Shape {
 appearance USE APP_2
 geometry DEF FACE_1029 IndexedFaceSet {
  coord DEF COORD_1029 Coordinate { point [
  3.9527559 -11.937008 0.56299213,3.9527559 -12.062992 0.56299213,
  3.9527559 -12.062992 0.43700787,3.9527559 -11.937008 0.43700787] }
 coordIndex [
  3,0,1,-1,3,1,2,-1]
  normalPerVertex TRUE
  normal DEF NORM_1029 Normal { vector [
  1 0 0,1 0 0,
  1 0 0,1 0 0] }
}
}
DEF SHAPE_1030 Shape {
 appearance USE APP_2
 geometry DEF FACE_1030 IndexedFaceSet {
  coord DEF COORD_1030 Coordinate { point [
  3.9527559 -13.937008 0.56299213,3.9527559 -14.062992 0.56299213,
  3.9527559 -14.062992 0.43700787,3.9527559 -13.937008 0.43700787] }
 coordIndex [
  3,0,1,-1,3,1,2,-1]
  normalPerVertex TRUE
  normal DEF NORM_1030 Normal { vector [
  1 0 0,1 0 0,
  1 0 0,1 0 0] }
}
}
DEF SHAPE_1031 Shape {
 appearance USE APP_2
 geometry DEF FACE_1031 IndexedFaceSet {
  coord DEF COORD_1031 Coordinate { point [
  3.9527559 -12.937008 0.56299213,3.9527559 -13.062992 0.56299213,
  3.9527559 -13.062992 0.43700787,3.9527559 -12.937008 0.43700787] }
 coordIndex [
  3,0,1,-1,3,1,2,-1]
  normalPerVertex TRUE
  normal DEF NORM_1031 Normal { vector [
  1 0 0,1 0 0,
  1 0 0,1 0 0] }
}
}
DEF SHAPE_1032 Shape {
 appearance USE APP_2
 geometry DEF FACE_1032 IndexedFaceSet {
  coord DEF COORD_1032 Coordinate { point [
  3.9527559 -14.937008 0.56299213,3.9527559 -15.062992 0.56299213,
  3.9527559 -15.062992 0.43700787,3.9527559 -14.937008 0.43700787] }
 coordIndex [
  3,0,1,-1,3,1,2,-1]
  normalPerVertex TRUE
  normal DEF NORM_1032 Normal { vector [
  1 0 0,1 0 0,
  1 0 0,1 0 0] }
}
}
DEF SHAPE_1033 Shape {
 appearance USE APP_2
 geometry DEF FACE_1033 IndexedFaceSet {
  coord DEF COORD_1033 Coordinate { point [
  3.9527559 -15.937008 0.56299213,3.9527559 -16.062992 0.56299213,
  3.9527559 -16.062992 0.43700787,3.9527559 -15.937008 0.43700787] }
 coordIndex [
  3,0,1,-1,3,1,2,-1]
  normalPerVertex TRUE
  normal DEF NORM_1033 Normal { vector [
  1 0 0,1 0 0,
  1 0 0,1 0 0] }
}
}
DEF SHAPE_1034 Shape {
 appearance USE APP_2
 geometry DEF FACE_1034 IndexedFaceSet {
  coord DEF COORD_1034 Coordinate { point [
  3.9527559 -17.937008 0.56299213,3.9527559 -18.062992 0.56299213,
  3.9527559 -18.062992 0.43700787,3.9527559 -17.937008 0.43700787] }
 coordIndex [
  3,0,1,-1,3,1,2,-1]
  normalPerVertex TRUE
  normal DEF NORM_1034 Normal { vector [
  1 0 0,1 0 0,
  1 0 0,1 0 0] }
}
}
DEF SHAPE_1035 Shape {
 appearance USE APP_2
 geometry DEF FACE_1035 IndexedFaceSet {
  coord DEF COORD_1035 Coordinate { point [
  3.9527559 -16.937008 0.56299213,3.9527559 -17.062992 0.56299213,
  3.9527559 -17.062992 0.43700787,3.9527559 -16.937008 0.43700787] }
 coordIndex [
  3,0,1,-1,3,1,2,-1]
  normalPerVertex TRUE
  normal DEF NORM_1035 Normal { vector [
  1 0 0,1 0 0,
  1 0 0,1 0 0] }
}
}
DEF SHAPE_1036 Shape {
 appearance USE APP_2
 geometry DEF FACE_1036 IndexedFaceSet {
  coord DEF COORD_1036 Coordinate { point [
  3.9527559 -18.937008 0.56299213,3.9527559 -19.062992 0.56299213,
  3.9527559 -19.062992 0.43700787,3.9527559 -18.937008 0.43700787] }
 coordIndex [
  3,0,1,-1,3,1,2,-1]
  normalPerVertex TRUE
  normal DEF NORM_1036 Normal { vector [
  1 0 0,1 0 0,
  1 0 0,1 0 0] }
}
}
DEF SHAPE_1037 Shape {
 appearance USE APP_2
 geometry DEF FACE_1037 IndexedFaceSet {
  coord DEF COORD_1037 Coordinate { point [
  3.9527559 -7.9370079 0.56299213,3.9527559 -8.0629921 0.56299213,
  3.9527559 -8.0629921 0.43700787,3.9527559 -7.9370079 0.43700787] }
 coordIndex [
  3,0,1,-1,3,1,2,-1]
  normalPerVertex TRUE
  normal DEF NORM_1037 Normal { vector [
  1 0 0,1 0 0,
  1 0 0,1 0 0] }
}
}
DEF SHAPE_1038 Shape {
 appearance USE APP_2
 geometry DEF FACE_1038 IndexedFaceSet {
  coord DEF COORD_1038 Coordinate { point [
  3.9527559 -8.9370079 0.56299213,3.9527559 -9.0629921 0.56299213,
  3.9527559 -9.0629921 0.43700787,3.9527559 -8.9370079 0.43700787] }
 coordIndex [
  3,0,1,-1,3,1,2,-1]
  normalPerVertex TRUE
  normal DEF NORM_1038 Normal { vector [
  1 0 0,1 0 0,
  1 0 0,1 0 0] }
}
}
DEF SHAPE_1039 Shape {
 appearance USE APP_2
 geometry DEF FACE_1039 IndexedFaceSet {
  coord DEF COORD_1039 Coordinate { point [
  3.9527559 -9.9370079 0.56299213,3.9527559 -10.062992 0.56299213,
  3.9527559 -10.062992 0.43700787,3.9527559 -9.9370079 0.43700787] }
 coordIndex [
  3,0,1,-1,3,1,2,-1]
  normalPerVertex TRUE
  normal DEF NORM_1039 Normal { vector [
  1 0 0,1 0 0,
  1 0 0,1 0 0] }
}
}
DEF SHAPE_1040 Shape {
 appearance USE APP_2
 geometry DEF FACE_1040 IndexedFaceSet {
  coord DEF COORD_1040 Coordinate { point [
  3.9527559 -4.9370079 0.56299213,3.9527559 -5.0629921 0.56299213,
  3.9527559 -5.0629921 0.43700787,3.9527559 -4.9370079 0.43700787] }
 coordIndex [
  3,0,1,-1,3,1,2,-1]
  normalPerVertex TRUE
  normal DEF NORM_1040 Normal { vector [
  1 0 0,1 0 0,
  1 0 0,1 0 0] }
}
}
DEF SHAPE_1041 Shape {
 appearance USE APP_2
 geometry DEF FACE_1041 IndexedFaceSet {
  coord DEF COORD_1041 Coordinate { point [
  3.9527559 -5.9370079 0.56299213,3.9527559 -6.0629921 0.56299213,
  3.9527559 -6.0629921 0.43700787,3.9527559 -5.9370079 0.43700787] }
 coordIndex [
  3,0,1,-1,3,1,2,-1]
  normalPerVertex TRUE
  normal DEF NORM_1041 Normal { vector [
  1 0 0,1 0 0,
  1 0 0,1 0 0] }
}
}
DEF SHAPE_1042 Shape {
 appearance USE APP_2
 geometry DEF FACE_1042 IndexedFaceSet {
  coord DEF COORD_1042 Coordinate { point [
  3.9527559 -6.9370079 0.56299213,3.9527559 -7.0629921 0.56299213,
  3.9527559 -7.0629921 0.43700787,3.9527559 -6.9370079 0.43700787] }
 coordIndex [
  3,0,1,-1,3,1,2,-1]
  normalPerVertex TRUE
  normal DEF NORM_1042 Normal { vector [
  1 0 0,1 0 0,
  1 0 0,1 0 0] }
}
}
DEF SHAPE_1043 Shape {
 appearance USE APP_2
 geometry DEF FACE_1043 IndexedFaceSet {
  coord DEF COORD_1043 Coordinate { point [
  3.9527559 -29.937008 0.56299213,3.9527559 -30.062992 0.56299213,
  3.9527559 -30.062992 0.43700787,3.9527559 -29.937008 0.43700787] }
 coordIndex [
  3,0,1,-1,3,1,2,-1]
  normalPerVertex TRUE
  normal DEF NORM_1043 Normal { vector [
  1 0 0,1 0 0,
  1 0 0,1 0 0] }
}
}
DEF SHAPE_1044 Shape {
 appearance USE APP_2
 geometry DEF FACE_1044 IndexedFaceSet {
  coord DEF COORD_1044 Coordinate { point [
  3.9527559 -28.937008 0.56299213,3.9527559 -29.062992 0.56299213,
  3.9527559 -29.062992 0.43700787,3.9527559 -28.937008 0.43700787] }
 coordIndex [
  3,0,1,-1,3,1,2,-1]
  normalPerVertex TRUE
  normal DEF NORM_1044 Normal { vector [
  1 0 0,1 0 0,
  1 0 0,1 0 0] }
}
}
DEF SHAPE_1045 Shape {
 appearance USE APP_2
 geometry DEF FACE_1045 IndexedFaceSet {
  coord DEF COORD_1045 Coordinate { point [
  3.9527559 -34.937008 0.56299213,3.9527559 -35.062992 0.56299213,
  3.9527559 -35.062992 0.43700787,3.9527559 -34.937008 0.43700787] }
 coordIndex [
  3,0,1,-1,3,1,2,-1]
  normalPerVertex TRUE
  normal DEF NORM_1045 Normal { vector [
  1 0 0,1 0 0,
  1 0 0,1 0 0] }
}
}
DEF SHAPE_1046 Shape {
 appearance USE APP_2
 geometry DEF FACE_1046 IndexedFaceSet {
  coord DEF COORD_1046 Coordinate { point [
  3.9527559 -33.937008 0.56299213,3.9527559 -34.062992 0.56299213,
  3.9527559 -34.062992 0.43700787,3.9527559 -33.937008 0.43700787] }
 coordIndex [
  3,0,1,-1,3,1,2,-1]
  normalPerVertex TRUE
  normal DEF NORM_1046 Normal { vector [
  1 0 0,1 0 0,
  1 0 0,1 0 0] }
}
}
DEF SHAPE_1047 Shape {
 appearance USE APP_2
 geometry DEF FACE_1047 IndexedFaceSet {
  coord DEF COORD_1047 Coordinate { point [
  3.9527559 -32.937008 0.56299213,3.9527559 -33.062992 0.56299213,
  3.9527559 -33.062992 0.43700787,3.9527559 -32.937008 0.43700787] }
 coordIndex [
  3,0,1,-1,3,1,2,-1]
  normalPerVertex TRUE
  normal DEF NORM_1047 Normal { vector [
  1 0 0,1 0 0,
  1 0 0,1 0 0] }
}
}
DEF SHAPE_1048 Shape {
 appearance USE APP_2
 geometry DEF FACE_1048 IndexedFaceSet {
  coord DEF COORD_1048 Coordinate { point [
  3.9527559 -30.937008 0.56299213,3.9527559 -31.062992 0.56299213,
  3.9527559 -31.062992 0.43700787,3.9527559 -30.937008 0.43700787] }
 coordIndex [
  3,0,1,-1,3,1,2,-1]
  normalPerVertex TRUE
  normal DEF NORM_1048 Normal { vector [
  1 0 0,1 0 0,
  1 0 0,1 0 0] }
}
}
DEF SHAPE_1049 Shape {
 appearance USE APP_2
 geometry DEF FACE_1049 IndexedFaceSet {
  coord DEF COORD_1049 Coordinate { point [
  3.9527559 -31.937008 0.56299213,3.9527559 -32.062992 0.56299213,
  3.9527559 -32.062992 0.43700787,3.9527559 -31.937008 0.43700787] }
 coordIndex [
  3,0,1,-1,3,1,2,-1]
  normalPerVertex TRUE
  normal DEF NORM_1049 Normal { vector [
  1 0 0,1 0 0,
  1 0 0,1 0 0] }
}
}
DEF SHAPE_1050 Shape {
 appearance USE APP_2
 geometry DEF FACE_1050 IndexedFaceSet {
  coord DEF COORD_1050 Coordinate { point [
  3.9527559 -1.9370079 0.56299213,3.9527559 -2.0629921 0.56299213,
  3.9527559 -2.0629921 0.43700787,3.9527559 -1.9370079 0.43700787] }
 coordIndex [
  3,0,1,-1,3,1,2,-1]
  normalPerVertex TRUE
  normal DEF NORM_1050 Normal { vector [
  1 0 0,1 0 0,
  1 0 0,1 0 0] }
}
}
DEF SHAPE_1051 Shape {
 appearance USE APP_2
 geometry DEF FACE_1051 IndexedFaceSet {
  coord DEF COORD_1051 Coordinate { point [
  3.9527559 -2.9370079 0.56299213,3.9527559 -3.0629921 0.56299213,
  3.9527559 -3.0629921 0.43700787,3.9527559 -2.9370079 0.43700787] }
 coordIndex [
  3,0,1,-1,3,1,2,-1]
  normalPerVertex TRUE
  normal DEF NORM_1051 Normal { vector [
  1 0 0,1 0 0,
  1 0 0,1 0 0] }
}
}
DEF SHAPE_1052 Shape {
 appearance USE APP_2
 geometry DEF FACE_1052 IndexedFaceSet {
  coord DEF COORD_1052 Coordinate { point [
  3.9527559 -3.9370079 0.56299213,3.9527559 -4.0629921 0.56299213,
  3.9527559 -4.0629921 0.43700787,3.9527559 -3.9370079 0.43700787] }
 coordIndex [
  3,0,1,-1,3,1,2,-1]
  normalPerVertex TRUE
  normal DEF NORM_1052 Normal { vector [
  1 0 0,1 0 0,
  1 0 0,1 0 0] }
}
}
DEF SHAPE_1053 Shape {
 appearance USE APP_2
 geometry DEF FACE_1053 IndexedFaceSet {
  coord DEF COORD_1053 Coordinate { point [
  3.9527559 -0.93700787 0.56299213,3.9527559 -1.0629921 0.56299213,
  3.9527559 -1.0629921 0.43700787,3.9527559 -0.93700787 0.43700787] }
 coordIndex [
  3,0,1,-1,3,1,2,-1]
  normalPerVertex TRUE
  normal DEF NORM_1053 Normal { vector [
  1 0 0,1 0 0,
  1 0 0,1 0 0] }
}
}
DEF SHAPE_1054 Shape {
 appearance USE APP_2
 geometry DEF FACE_1054 IndexedFaceSet {
  coord DEF COORD_1054 Coordinate { point [
  3.9527559 -36.937008 0.56299213,3.9527559 -37.062992 0.56299213,
  3.9527559 -37.062992 0.43700787,3.9527559 -36.937008 0.43700787] }
 coordIndex [
  3,0,1,-1,3,1,2,-1]
  normalPerVertex TRUE
  normal DEF NORM_1054 Normal { vector [
  1 0 0,1 0 0,
  1 0 0,1 0 0] }
}
}
DEF SHAPE_1055 Shape {
 appearance USE APP_2
 geometry DEF FACE_1055 IndexedFaceSet {
  coord DEF COORD_1055 Coordinate { point [
  3.9527559 -35.937008 0.56299213,3.9527559 -36.062992 0.56299213,
  3.9527559 -36.062992 0.43700787,3.9527559 -35.937008 0.43700787] }
 coordIndex [
  3,0,1,-1,3,1,2,-1]
  normalPerVertex TRUE
  normal DEF NORM_1055 Normal { vector [
  1 0 0,1 0 0,
  1 0 0,1 0 0] }
}
}
DEF SHAPE_1056 Shape {
 appearance USE APP_2
 geometry DEF FACE_1056 IndexedFaceSet {
  coord DEF COORD_1056 Coordinate { point [
  3.9527559 -37.937008 0.56299213,3.9527559 -38.062992 0.56299213,
  3.9527559 -38.062992 0.43700787,3.9527559 -37.937008 0.43700787] }
 coordIndex [
  3,0,1,-1,3,1,2,-1]
  normalPerVertex TRUE
  normal DEF NORM_1056 Normal { vector [
  1 0 0,1 0 0,
  1 0 0,1 0 0] }
}
}
DEF SHAPE_1057 Shape {
 appearance USE APP_2
 geometry DEF FACE_1057 IndexedFaceSet {
  coord DEF COORD_1057 Coordinate { point [
  3.9527559 0.062992126 0.56299213,3.9527559 -0.062992126 0.56299213,
  3.9527559 -0.062992126 0.43700787,3.9527559 0.062992126 0.43700787] }
 coordIndex [
  3,0,1,-1,3,1,2,-1]
  normalPerVertex TRUE
  normal DEF NORM_1057 Normal { vector [
  1 0 0,1 0 0,
  1 0 0,1 0 0] }
}
}
] }
] }
] }
